kafka-1-1  | 2026-09-25T22:48:39.795100661Z ===> User
kafka-1-1  | 2026-09-25T22:48:39.801549469Z uid=1000(appuser) gid=1000(appuser) groups=1000(appuser)
kafka-1-1  | 2026-09-25T22:48:39.804240607Z ===> Setting default values of environment variables if not already set.
kafka-1-1  | 2026-09-25T22:48:39.804295425Z ===> Configuring ...
kafka-1-1  | 2026-09-25T22:48:39.804301693Z Running in KRaft mode...
kafka-1-1  | 2026-09-25T22:48:39.804305576Z ===> Launching ... 
kafka-1-1  | 2026-09-25T22:48:39.808691764Z ===> Using provided cluster id 5L6g3nShT-eMCtK--X86sw ...
kafka-1-1  | 2026-09-25T22:48:44.358438144Z [2026-09-25 22:48:44,357] INFO Registered kafka:type=kafka.Log4jController MBean (kafka.utils.Log4jControllerRegistration$)
kafka-1-1  | 2026-09-25T22:48:44.736357781Z [2026-09-25 22:48:44,735] INFO Registered signal handlers for TERM, INT, HUP (org.apache.kafka.common.utils.LoggingSignalHandler)
kafka-1-1  | 2026-09-25T22:48:44.763969870Z [2026-09-25 22:48:44,746] INFO [ControllerServer id=1] Starting controller (kafka.server.ControllerServer)
kafka-1-1  | 2026-09-25T22:48:45.159680881Z [2026-09-25 22:48:45,159] INFO Updated connection-accept-rate max connection creation rate to 2147483647 (kafka.network.ConnectionQuotas)
kafka-1-1  | 2026-09-25T22:48:45.243632303Z [2026-09-25 22:48:45,240] INFO [SocketServer listenerType=CONTROLLER, nodeId=1] Created data-plane acceptor and processors for endpoint : ListenerName(CONTROLLER) (kafka.network.SocketServer)
kafka-1-1  | 2026-09-25T22:48:45.259088863Z [2026-09-25 22:48:45,258] INFO CONTROLLER: resolved wildcard host to kafka-1 (org.apache.kafka.metadata.ListenerInfo)
kafka-1-1  | 2026-09-25T22:48:45.273210757Z [2026-09-25 22:48:45,272] INFO authorizerStart completed for endpoint CONTROLLER. Endpoint is now READY. (org.apache.kafka.server.network.EndpointReadyFutures)
kafka-1-1  | 2026-09-25T22:48:45.276828487Z [2026-09-25 22:48:45,276] INFO [SharedServer id=1] Starting SharedServer (kafka.server.SharedServer)
kafka-1-1  | 2026-09-25T22:48:45.397271250Z [2026-09-25 22:48:45,396] INFO [LogLoader partition=__cluster_metadata-0, dir=/var/lib/kafka/data] Loading producer state till offset 0 (org.apache.kafka.storage.internals.log.UnifiedLog)
kafka-1-1  | 2026-09-25T22:48:45.398844165Z [2026-09-25 22:48:45,398] INFO [LogLoader partition=__cluster_metadata-0, dir=/var/lib/kafka/data] Reloading from producer snapshot and rebuilding producer state from offset 0 (org.apache.kafka.storage.internals.log.UnifiedLog)
kafka-1-1  | 2026-09-25T22:48:45.415573541Z [2026-09-25 22:48:45,414] INFO [LogLoader partition=__cluster_metadata-0, dir=/var/lib/kafka/data] Producer state recovery took 0ms for snapshot load and 0ms for segment recovery from offset 0 (org.apache.kafka.storage.internals.log.UnifiedLog)
kafka-1-1  | 2026-09-25T22:48:45.442142590Z [2026-09-25 22:48:45,441] INFO Initialized snapshots with IDs SortedSet() from /var/lib/kafka/data/__cluster_metadata-0 (kafka.raft.KafkaMetadataLog$)
kafka-1-1  | 2026-09-25T22:48:45.460001990Z [2026-09-25 22:48:45,459] INFO [raft-expiration-reaper]: Starting (kafka.raft.TimingWheelExpirationService$ExpiredOperationReaper)
kafka-1-1  | 2026-09-25T22:48:45.466631084Z [2026-09-25 22:48:45,466] INFO [RaftManager id=1] Reading KRaft snapshot and log as part of the initialization (org.apache.kafka.raft.KafkaRaftClient)
kafka-1-1  | 2026-09-25T22:48:45.474060533Z [2026-09-25 22:48:45,473] INFO [RaftManager id=1] Starting voters are VoterSet(voters={1=VoterNode(voterKey=ReplicaKey(id=1, directoryId=<undefined>), listeners=Endpoints(endpoints={ListenerName(CONTROLLER)=kafka-1/172.18.0.4:9093}), supportedKRaftVersion=SupportedVersionRange[min_version:0, max_version:0]), 2=VoterNode(voterKey=ReplicaKey(id=2, directoryId=<undefined>), listeners=Endpoints(endpoints={ListenerName(CONTROLLER)=kafka-2/172.18.0.2:9093}), supportedKRaftVersion=SupportedVersionRange[min_version:0, max_version:0]), 3=VoterNode(voterKey=ReplicaKey(id=3, directoryId=<undefined>), listeners=Endpoints(endpoints={ListenerName(CONTROLLER)=kafka-3/172.18.0.3:9093}), supportedKRaftVersion=SupportedVersionRange[min_version:0, max_version:0])}) (org.apache.kafka.raft.KafkaRaftClient)
kafka-1-1  | 2026-09-25T22:48:45.476769880Z [2026-09-25 22:48:45,475] INFO [RaftManager id=1] Starting request manager with static voters: [kafka-1:9093 (id: 1 rack: null isFenced: false), kafka-2:9093 (id: 2 rack: null isFenced: false), kafka-3:9093 (id: 3 rack: null isFenced: false)] (org.apache.kafka.raft.KafkaRaftClient)
kafka-1-1  | 2026-09-25T22:48:45.492138240Z [2026-09-25 22:48:45,491] INFO [RaftManager id=1] Attempting durable transition to UnattachedState(epoch=0, leaderId=OptionalInt.empty, votedKey=Optional.empty, voters=[1, 2, 3], electionTimeoutMs=1282, highWatermark=Optional.empty) from null (org.apache.kafka.raft.QuorumState)
kafka-1-1  | 2026-09-25T22:48:45.514617636Z [2026-09-25 22:48:45,513] INFO [RaftManager id=1] Completed transition to UnattachedState(epoch=0, leaderId=OptionalInt.empty, votedKey=Optional.empty, voters=[1, 2, 3], electionTimeoutMs=1282, highWatermark=Optional.empty) from null (org.apache.kafka.raft.QuorumState)
kafka-1-1  | 2026-09-25T22:48:45.524661130Z [2026-09-25 22:48:45,524] INFO [kafka-1-raft-outbound-request-thread]: Starting (org.apache.kafka.raft.KafkaNetworkChannel$SendThread)
kafka-1-1  | 2026-09-25T22:48:45.528882629Z [2026-09-25 22:48:45,528] INFO [kafka-1-raft-io-thread]: Starting (org.apache.kafka.raft.KafkaRaftClientDriver)
kafka-1-1  | 2026-09-25T22:48:45.556395200Z [2026-09-25 22:48:45,555] INFO [MetadataLoader id=1] initializeNewPublishers: the loader is still catching up because we still don't know the high water mark yet. (org.apache.kafka.image.loader.MetadataLoader)
kafka-1-1  | 2026-09-25T22:48:45.556692614Z [2026-09-25 22:48:45,556] INFO [RaftManager id=1] Registered the listener org.apache.kafka.image.loader.MetadataLoader@1025196378 (org.apache.kafka.raft.KafkaRaftClient)
kafka-1-1  | 2026-09-25T22:48:45.557185432Z [2026-09-25 22:48:45,556] INFO [ControllerServer id=1] Waiting for controller quorum voters future (kafka.server.ControllerServer)
kafka-1-1  | 2026-09-25T22:48:45.558425781Z [2026-09-25 22:48:45,557] INFO [ControllerServer id=1] Finished waiting for controller quorum voters future (kafka.server.ControllerServer)
kafka-1-1  | 2026-09-25T22:48:45.565920082Z [2026-09-25 22:48:45,565] INFO [RaftManager id=1] Node 3 disconnected. (org.apache.kafka.clients.NetworkClient)
kafka-1-1  | 2026-09-25T22:48:45.567087652Z [2026-09-25 22:48:45,566] WARN [RaftManager id=1] Connection to node 3 (kafka-3/172.18.0.3:9093) could not be established. Node may not be available. (org.apache.kafka.clients.NetworkClient)
kafka-1-1  | 2026-09-25T22:48:45.580175679Z [2026-09-25 22:48:45,579] INFO [RaftManager id=1] Node 1 disconnected. (org.apache.kafka.clients.NetworkClient)
kafka-1-1  | 2026-09-25T22:48:45.580580381Z [2026-09-25 22:48:45,580] WARN [RaftManager id=1] Connection to node 1 (kafka-1/172.18.0.4:9093) could not be established. Node may not be available. (org.apache.kafka.clients.NetworkClient)
kafka-1-1  | 2026-09-25T22:48:45.583718022Z [2026-09-25 22:48:45,583] INFO [RaftManager id=1] Node 2 disconnected. (org.apache.kafka.clients.NetworkClient)
kafka-1-1  | 2026-09-25T22:48:45.584165933Z [2026-09-25 22:48:45,583] WARN [RaftManager id=1] Connection to node 2 (kafka-2/172.18.0.2:9093) could not be established. Node may not be available. (org.apache.kafka.clients.NetworkClient)
kafka-1-1  | 2026-09-25T22:48:45.607662190Z [2026-09-25 22:48:45,605] INFO [RaftManager id=1] Registered the listener org.apache.kafka.controller.QuorumController$QuorumMetaLogListener@894242588 (org.apache.kafka.raft.KafkaRaftClient)
kafka-1-1  | 2026-09-25T22:48:45.621806650Z [2026-09-25 22:48:45,613] INFO [controller-1-ThrottledChannelReaper-Fetch]: Starting (kafka.server.ClientQuotaManager$ThrottledChannelReaper)
kafka-1-1  | 2026-09-25T22:48:45.623199542Z [2026-09-25 22:48:45,622] INFO [controller-1-ThrottledChannelReaper-Produce]: Starting (kafka.server.ClientQuotaManager$ThrottledChannelReaper)
kafka-1-1  | 2026-09-25T22:48:45.631479080Z [2026-09-25 22:48:45,630] INFO [controller-1-ThrottledChannelReaper-Request]: Starting (kafka.server.ClientQuotaManager$ThrottledChannelReaper)
kafka-1-1  | 2026-09-25T22:48:45.640453782Z [2026-09-25 22:48:45,640] INFO [controller-1-ThrottledChannelReaper-ControllerMutation]: Starting (kafka.server.ClientQuotaManager$ThrottledChannelReaper)
kafka-1-1  | 2026-09-25T22:48:45.647750580Z [2026-09-25 22:48:45,646] INFO [RaftManager id=1] Node 3 disconnected. (org.apache.kafka.clients.NetworkClient)
kafka-1-1  | 2026-09-25T22:48:45.648244889Z [2026-09-25 22:48:45,647] WARN [RaftManager id=1] Connection to node 3 (kafka-3/172.18.0.3:9093) could not be established. Node may not be available. (org.apache.kafka.clients.NetworkClient)
kafka-1-1  | 2026-09-25T22:48:45.648510004Z [2026-09-25 22:48:45,648] INFO [ExpirationReaper-0-null]: Starting (org.apache.kafka.server.purgatory.DelayedOperationPurgatory$ExpiredOperationReaper)
kafka-1-1  | 2026-09-25T22:48:45.650444677Z [2026-09-25 22:48:45,649] INFO [RaftManager id=1] Node 1 disconnected. (org.apache.kafka.clients.NetworkClient)
kafka-1-1  | 2026-09-25T22:48:45.650872826Z [2026-09-25 22:48:45,650] WARN [RaftManager id=1] Connection to node 1 (kafka-1/172.18.0.4:9093) could not be established. Node may not be available. (org.apache.kafka.clients.NetworkClient)
kafka-1-1  | 2026-09-25T22:48:45.654043832Z [2026-09-25 22:48:45,653] INFO [RaftManager id=1] Node 2 disconnected. (org.apache.kafka.clients.NetworkClient)
kafka-1-1  | 2026-09-25T22:48:45.654445690Z [2026-09-25 22:48:45,654] WARN [RaftManager id=1] Connection to node 2 (kafka-2/172.18.0.2:9093) could not be established. Node may not be available. (org.apache.kafka.clients.NetworkClient)
kafka-1-1  | 2026-09-25T22:48:45.658917664Z [2026-09-25 22:48:45,658] INFO [MetadataLoader id=1] initializeNewPublishers: the loader is still catching up because we still don't know the high water mark yet. (org.apache.kafka.image.loader.MetadataLoader)
kafka-1-1  | 2026-09-25T22:48:45.691308585Z [2026-09-25 22:48:45,690] INFO [ControllerServer id=1] Waiting for the controller metadata publishers to be installed (kafka.server.ControllerServer)
kafka-1-1  | 2026-09-25T22:48:45.691348097Z [2026-09-25 22:48:45,690] INFO [MetadataLoader id=1] initializeNewPublishers: the loader is still catching up because we still don't know the high water mark yet. (org.apache.kafka.image.loader.MetadataLoader)
kafka-1-1  | 2026-09-25T22:48:45.691465643Z [2026-09-25 22:48:45,691] INFO [ControllerServer id=1] Finished waiting for the controller metadata publishers to be installed (kafka.server.ControllerServer)
kafka-1-1  | 2026-09-25T22:48:45.692954417Z [2026-09-25 22:48:45,692] INFO [SocketServer listenerType=CONTROLLER, nodeId=1] Enabling request processing. (kafka.network.SocketServer)
kafka-1-1  | 2026-09-25T22:48:45.697964953Z [2026-09-25 22:48:45,697] INFO Awaiting socket connections on 0.0.0.0:9093. (kafka.network.DataPlaneAcceptor)
kafka-1-1  | 2026-09-25T22:48:45.718824527Z [2026-09-25 22:48:45,717] INFO [controller-1-to-controller-registration-channel-manager]: Starting (kafka.server.NodeToControllerRequestThread)
kafka-1-1  | 2026-09-25T22:48:45.719350083Z [2026-09-25 22:48:45,718] INFO [ControllerServer id=1] Waiting for all of the authorizer futures to be completed (kafka.server.ControllerServer)
kafka-1-1  | 2026-09-25T22:48:45.719381342Z [2026-09-25 22:48:45,719] INFO [ControllerRegistrationManager id=1 incarnation=44a3lHGRSMiI1312u-3Cdw] initialized channel manager. (kafka.server.ControllerRegistrationManager)
kafka-1-1  | 2026-09-25T22:48:45.719586841Z [2026-09-25 22:48:45,719] INFO [ControllerServer id=1] Finished waiting for all of the authorizer futures to be completed (kafka.server.ControllerServer)
kafka-1-1  | 2026-09-25T22:48:45.719815950Z [2026-09-25 22:48:45,719] INFO [ControllerServer id=1] Waiting for all of the SocketServer Acceptors to be started (kafka.server.ControllerServer)
kafka-1-1  | 2026-09-25T22:48:45.720332104Z [2026-09-25 22:48:45,719] INFO [ControllerServer id=1] Finished waiting for all of the SocketServer Acceptors to be started (kafka.server.ControllerServer)
kafka-1-1  | 2026-09-25T22:48:45.720510164Z [2026-09-25 22:48:45,720] INFO [ControllerRegistrationManager id=1 incarnation=44a3lHGRSMiI1312u-3Cdw] maybeSendControllerRegistration: cannot register yet because the metadata.version is not known yet. (kafka.server.ControllerRegistrationManager)
kafka-1-1  | 2026-09-25T22:48:45.723066003Z [2026-09-25 22:48:45,722] INFO [BrokerServer id=1] Transition from SHUTDOWN to STARTING (kafka.server.BrokerServer)
kafka-1-1  | 2026-09-25T22:48:45.725680269Z [2026-09-25 22:48:45,724] INFO [BrokerServer id=1] Starting broker (kafka.server.BrokerServer)
kafka-1-1  | 2026-09-25T22:48:45.746526470Z [2026-09-25 22:48:45,745] INFO [broker-1-ThrottledChannelReaper-Fetch]: Starting (kafka.server.ClientQuotaManager$ThrottledChannelReaper)
kafka-1-1  | 2026-09-25T22:48:45.749250504Z [2026-09-25 22:48:45,748] INFO [broker-1-ThrottledChannelReaper-Produce]: Starting (kafka.server.ClientQuotaManager$ThrottledChannelReaper)
kafka-1-1  | 2026-09-25T22:48:45.751698779Z [2026-09-25 22:48:45,750] INFO [broker-1-ThrottledChannelReaper-Request]: Starting (kafka.server.ClientQuotaManager$ThrottledChannelReaper)
kafka-1-1  | 2026-09-25T22:48:45.818467675Z [2026-09-25 22:48:45,817] INFO [MetadataLoader id=1] initializeNewPublishers: the loader is still catching up because we still don't know the high water mark yet. (org.apache.kafka.image.loader.MetadataLoader)
kafka-1-1  | 2026-09-25T22:48:45.818544305Z [2026-09-25 22:48:45,817] INFO [broker-1-ThrottledChannelReaper-ControllerMutation]: Starting (kafka.server.ClientQuotaManager$ThrottledChannelReaper)
kafka-1-1  | 2026-09-25T22:48:45.870782450Z [2026-09-25 22:48:45,870] INFO [BrokerServer id=1] Waiting for controller quorum voters future (kafka.server.BrokerServer)
kafka-1-1  | 2026-09-25T22:48:45.871594883Z [2026-09-25 22:48:45,871] INFO [BrokerServer id=1] Finished waiting for controller quorum voters future (kafka.server.BrokerServer)
kafka-1-1  | 2026-09-25T22:48:45.881458502Z [2026-09-25 22:48:45,880] INFO [broker-1-to-controller-forwarding-channel-manager]: Starting (kafka.server.NodeToControllerRequestThread)
kafka-1-1  | 2026-09-25T22:48:45.919129256Z [2026-09-25 22:48:45,912] INFO [client-metrics-reaper]: Starting (org.apache.kafka.server.util.timer.SystemTimerReaper$Reaper)
kafka-1-1  | 2026-09-25T22:48:45.924476333Z [2026-09-25 22:48:45,922] INFO [MetadataLoader id=1] initializeNewPublishers: the loader is still catching up because we still don't know the high water mark yet. (org.apache.kafka.image.loader.MetadataLoader)
kafka-1-1  | 2026-09-25T22:48:45.986514810Z [2026-09-25 22:48:45,985] INFO [RaftManager id=1] Node 3 disconnected. (org.apache.kafka.clients.NetworkClient)
kafka-1-1  | 2026-09-25T22:48:45.986968985Z [2026-09-25 22:48:45,986] WARN [RaftManager id=1] Connection to node 3 (kafka-3/172.18.0.3:9093) could not be established. Node may not be available. (org.apache.kafka.clients.NetworkClient)
kafka-1-1  | 2026-09-25T22:48:46.023647592Z [2026-09-25 22:48:46,023] INFO [MetadataLoader id=1] initializeNewPublishers: the loader is still catching up because we still don't know the high water mark yet. (org.apache.kafka.image.loader.MetadataLoader)
kafka-1-1  | 2026-09-25T22:48:46.057028117Z [2026-09-25 22:48:46,056] INFO Updated connection-accept-rate max connection creation rate to 2147483647 (kafka.network.ConnectionQuotas)
kafka-1-1  | 2026-09-25T22:48:46.076917991Z [2026-09-25 22:48:46,076] INFO [SocketServer listenerType=BROKER, nodeId=1] Created data-plane acceptor and processors for endpoint : ListenerName(PLAINTEXT) (kafka.network.SocketServer)
kafka-1-1  | 2026-09-25T22:48:46.086723104Z [2026-09-25 22:48:46,086] INFO [broker-1-to-controller-alter-partition-channel-manager]: Starting (kafka.server.NodeToControllerRequestThread)
kafka-1-1  | 2026-09-25T22:48:46.112096598Z [2026-09-25 22:48:46,110] INFO [broker-1-to-controller-directory-assignments-channel-manager]: Starting (kafka.server.NodeToControllerRequestThread)
kafka-1-1  | 2026-09-25T22:48:46.122835724Z [2026-09-25 22:48:46,121] INFO [ExpirationReaper-0-null]: Starting (org.apache.kafka.server.purgatory.DelayedOperationPurgatory$ExpiredOperationReaper)
kafka-1-1  | 2026-09-25T22:48:46.129857713Z [2026-09-25 22:48:46,125] INFO [ExpirationReaper-0-null]: Starting (org.apache.kafka.server.purgatory.DelayedOperationPurgatory$ExpiredOperationReaper)
kafka-1-1  | 2026-09-25T22:48:46.129894913Z [2026-09-25 22:48:46,128] INFO [MetadataLoader id=1] initializeNewPublishers: the loader is still catching up because we still don't know the high water mark yet. (org.apache.kafka.image.loader.MetadataLoader)
kafka-1-1  | 2026-09-25T22:48:46.136898271Z [2026-09-25 22:48:46,136] INFO [ExpirationReaper-0-null]: Starting (org.apache.kafka.server.purgatory.DelayedOperationPurgatory$ExpiredOperationReaper)
kafka-1-1  | 2026-09-25T22:48:46.138044447Z [2026-09-25 22:48:46,137] INFO [ExpirationReaper-0-null]: Starting (org.apache.kafka.server.purgatory.DelayedOperationPurgatory$ExpiredOperationReaper)
kafka-1-1  | 2026-09-25T22:48:46.140796616Z [2026-09-25 22:48:46,140] INFO [ExpirationReaper-0-null]: Starting (org.apache.kafka.server.purgatory.DelayedOperationPurgatory$ExpiredOperationReaper)
kafka-1-1  | 2026-09-25T22:48:46.148121587Z [2026-09-25 22:48:46,147] INFO [ExpirationReaper-0-null]: Starting (org.apache.kafka.server.purgatory.DelayedOperationPurgatory$ExpiredOperationReaper)
kafka-1-1  | 2026-09-25T22:48:46.174244690Z [2026-09-25 22:48:46,173] INFO [BrokerServer id=1] Using no op persister (kafka.server.BrokerServer)
kafka-1-1  | 2026-09-25T22:48:46.177686799Z [2026-09-25 22:48:46,176] INFO [group-coordinator-reaper]: Starting (org.apache.kafka.server.util.timer.SystemTimerReaper$Reaper)
kafka-1-1  | 2026-09-25T22:48:46.201891875Z [2026-09-25 22:48:46,200] INFO [group-coordinator-event-processor-1]: Starting (org.apache.kafka.coordinator.common.runtime.MultiThreadedEventProcessor$EventProcessorThread)
kafka-1-1  | 2026-09-25T22:48:46.201947943Z [2026-09-25 22:48:46,201] INFO [group-coordinator-event-processor-0]: Starting (org.apache.kafka.coordinator.common.runtime.MultiThreadedEventProcessor$EventProcessorThread)
kafka-1-1  | 2026-09-25T22:48:46.202643310Z [2026-09-25 22:48:46,202] INFO [group-coordinator-event-processor-2]: Starting (org.apache.kafka.coordinator.common.runtime.MultiThreadedEventProcessor$EventProcessorThread)
kafka-1-1  | 2026-09-25T22:48:46.203349961Z [2026-09-25 22:48:46,202] INFO [group-coordinator-event-processor-3]: Starting (org.apache.kafka.coordinator.common.runtime.MultiThreadedEventProcessor$EventProcessorThread)
kafka-1-1  | 2026-09-25T22:48:46.224700597Z [2026-09-25 22:48:46,224] INFO Unable to read the broker epoch in /var/lib/kafka/data. (kafka.log.LogManager)
kafka-1-1  | 2026-09-25T22:48:46.236814863Z [2026-09-25 22:48:46,227] INFO [broker-1-to-controller-heartbeat-channel-manager]: Starting (kafka.server.NodeToControllerRequestThread)
kafka-1-1  | 2026-09-25T22:48:46.238011340Z [2026-09-25 22:48:46,234] INFO [MetadataLoader id=1] initializeNewPublishers: the loader is still catching up because we still don't know the high water mark yet. (org.apache.kafka.image.loader.MetadataLoader)
kafka-1-1  | 2026-09-25T22:48:46.243288703Z [2026-09-25 22:48:46,240] INFO [BrokerLifecycleManager id=1] Incarnation pKGalwKuSOyH2NCj3ggqrw of broker 1 in cluster 5L6g3nShT-eMCtK--X86sw is now STARTING. (kafka.server.BrokerLifecycleManager)
kafka-1-1  | 2026-09-25T22:48:46.255294812Z [2026-09-25 22:48:46,254] INFO [share-group-lock-timeout-reaper]: Starting (org.apache.kafka.server.util.timer.SystemTimerReaper$Reaper)
kafka-1-1  | 2026-09-25T22:48:46.259564264Z [2026-09-25 22:48:46,258] INFO [ExpirationReaper-0-null]: Starting (org.apache.kafka.server.purgatory.DelayedOperationPurgatory$ExpiredOperationReaper)
kafka-1-1  | 2026-09-25T22:48:46.298148703Z [2026-09-25 22:48:46,297] INFO [BrokerServer id=1] Waiting for the broker metadata publishers to be installed (kafka.server.BrokerServer)
kafka-1-1  | 2026-09-25T22:48:46.302003012Z [2026-09-25 22:48:46,301] INFO [MetadataLoader id=1] initializeNewPublishers: the loader is still catching up because we still don't know the high water mark yet. (org.apache.kafka.image.loader.MetadataLoader)
kafka-1-1  | 2026-09-25T22:48:46.308958588Z [2026-09-25 22:48:46,305] INFO [BrokerServer id=1] Finished waiting for the broker metadata publishers to be installed (kafka.server.BrokerServer)
kafka-1-1  | 2026-09-25T22:48:46.309315947Z [2026-09-25 22:48:46,309] INFO [BrokerServer id=1] Waiting for the controller to acknowledge that we are caught up (kafka.server.BrokerServer)
kafka-1-1  | 2026-09-25T22:48:46.406500882Z [2026-09-25 22:48:46,405] INFO [MetadataLoader id=1] initializeNewPublishers: the loader is still catching up because we still don't know the high water mark yet. (org.apache.kafka.image.loader.MetadataLoader)
kafka-1-1  | 2026-09-25T22:48:46.508202846Z [2026-09-25 22:48:46,507] INFO [MetadataLoader id=1] initializeNewPublishers: the loader is still catching up because we still don't know the high water mark yet. (org.apache.kafka.image.loader.MetadataLoader)
kafka-1-1  | 2026-09-25T22:48:46.609679775Z [2026-09-25 22:48:46,609] INFO [MetadataLoader id=1] initializeNewPublishers: the loader is still catching up because we still don't know the high water mark yet. (org.apache.kafka.image.loader.MetadataLoader)
kafka-1-1  | 2026-09-25T22:48:46.710374859Z [2026-09-25 22:48:46,709] INFO [MetadataLoader id=1] initializeNewPublishers: the loader is still catching up because we still don't know the high water mark yet. (org.apache.kafka.image.loader.MetadataLoader)
kafka-1-1  | 2026-09-25T22:48:46.777276037Z [2026-09-25 22:48:46,776] INFO [RaftManager id=1] Completed transition to ProspectiveState(epoch=0, leaderId=OptionalInt.empty, retries=1, votedKey=Optional.empty, epochElection=EpochElection(voterStates={1=VoterState(replicaKey=ReplicaKey(id=1, directoryId=<undefined>), state=GRANTED), 2=VoterState(replicaKey=ReplicaKey(id=2, directoryId=<undefined>), state=UNRECORDED), 3=VoterState(replicaKey=ReplicaKey(id=3, directoryId=<undefined>), state=UNRECORDED)}), electionTimeoutMs=1482, highWatermark=Optional.empty) from UnattachedState(epoch=0, leaderId=OptionalInt.empty, votedKey=Optional.empty, voters=[1, 2, 3], electionTimeoutMs=1282, highWatermark=Optional.empty) (org.apache.kafka.raft.QuorumState)
kafka-1-1  | 2026-09-25T22:48:46.803423991Z [2026-09-25 22:48:46,802] INFO [RaftManager id=1] Vote request VoteRequestData(clusterId='5L6g3nShT-eMCtK--X86sw', voterId=1, topics=[TopicData(topicName='__cluster_metadata', partitions=[PartitionData(partitionIndex=0, replicaEpoch=0, replicaId=2, replicaDirectoryId=zeqLTh4jufRaNO71n4EJ_g, voterDirectoryId=AAAAAAAAAAAAAAAAAAAAAA, lastOffsetEpoch=0, lastOffset=0, preVote=true)])]) with epoch 0 is granted (org.apache.kafka.raft.KafkaRaftClient)
kafka-1-1  | 2026-09-25T22:48:46.811335966Z [2026-09-25 22:48:46,810] INFO [MetadataLoader id=1] initializeNewPublishers: the loader is still catching up because we still don't know the high water mark yet. (org.apache.kafka.image.loader.MetadataLoader)
kafka-1-1  | 2026-09-25T22:48:46.818065142Z [2026-09-25 22:48:46,817] INFO [RaftManager id=1] Attempting durable transition to CandidateState(localId=1, localDirectoryId=wTaYJkC9-g6QI1prbVCnFQ, epoch=1, retries=1, epochElection=EpochElection(voterStates={1=VoterState(replicaKey=ReplicaKey(id=1, directoryId=<undefined>), state=GRANTED), 2=VoterState(replicaKey=ReplicaKey(id=2, directoryId=<undefined>), state=UNRECORDED), 3=VoterState(replicaKey=ReplicaKey(id=3, directoryId=<undefined>), state=UNRECORDED)}), highWatermark=Optional.empty, electionTimeoutMs=1651) from ProspectiveState(epoch=0, leaderId=OptionalInt.empty, retries=1, votedKey=Optional.empty, epochElection=EpochElection(voterStates={1=VoterState(replicaKey=ReplicaKey(id=1, directoryId=<undefined>), state=GRANTED), 2=VoterState(replicaKey=ReplicaKey(id=2, directoryId=<undefined>), state=UNRECORDED), 3=VoterState(replicaKey=ReplicaKey(id=3, directoryId=<undefined>), state=GRANTED)}), electionTimeoutMs=1482, highWatermark=Optional.empty) (org.apache.kafka.raft.QuorumState)
kafka-1-1  | 2026-09-25T22:48:46.830357025Z [2026-09-25 22:48:46,829] INFO [RaftManager id=1] Completed transition to CandidateState(localId=1, localDirectoryId=wTaYJkC9-g6QI1prbVCnFQ, epoch=1, retries=1, epochElection=EpochElection(voterStates={1=VoterState(replicaKey=ReplicaKey(id=1, directoryId=<undefined>), state=GRANTED), 2=VoterState(replicaKey=ReplicaKey(id=2, directoryId=<undefined>), state=UNRECORDED), 3=VoterState(replicaKey=ReplicaKey(id=3, directoryId=<undefined>), state=UNRECORDED)}), highWatermark=Optional.empty, electionTimeoutMs=1651) from ProspectiveState(epoch=0, leaderId=OptionalInt.empty, retries=1, votedKey=Optional.empty, epochElection=EpochElection(voterStates={1=VoterState(replicaKey=ReplicaKey(id=1, directoryId=<undefined>), state=GRANTED), 2=VoterState(replicaKey=ReplicaKey(id=2, directoryId=<undefined>), state=UNRECORDED), 3=VoterState(replicaKey=ReplicaKey(id=3, directoryId=<undefined>), state=GRANTED)}), electionTimeoutMs=1482, highWatermark=Optional.empty) (org.apache.kafka.raft.QuorumState)
kafka-1-1  | 2026-09-25T22:48:46.837756014Z [2026-09-25 22:48:46,837] INFO [RaftManager id=1] Vote request VoteRequestData(clusterId='5L6g3nShT-eMCtK--X86sw', voterId=1, topics=[TopicData(topicName='__cluster_metadata', partitions=[PartitionData(partitionIndex=0, replicaEpoch=1, replicaId=2, replicaDirectoryId=zeqLTh4jufRaNO71n4EJ_g, voterDirectoryId=AAAAAAAAAAAAAAAAAAAAAA, lastOffsetEpoch=0, lastOffset=0, preVote=false)])]) with epoch 1 is rejected (org.apache.kafka.raft.KafkaRaftClient)
kafka-1-1  | 2026-09-25T22:48:46.875278346Z [2026-09-25 22:48:46,874] INFO [RaftManager id=1] Insufficient remaining votes to become leader. We will backoff before retrying election again. Current epoch election state is EpochElection(voterStates={1=VoterState(replicaKey=ReplicaKey(id=1, directoryId=<undefined>), state=GRANTED), 2=VoterState(replicaKey=ReplicaKey(id=2, directoryId=<undefined>), state=REJECTED), 3=VoterState(replicaKey=ReplicaKey(id=3, directoryId=<undefined>), state=REJECTED)}). (org.apache.kafka.raft.KafkaRaftClient)
kafka-1-1  | 2026-09-25T22:48:46.875878788Z [2026-09-25 22:48:46,875] INFO [RaftManager id=1] Transition to prospective after election backoff has completed (org.apache.kafka.raft.KafkaRaftClient)
kafka-1-1  | 2026-09-25T22:48:46.878162711Z [2026-09-25 22:48:46,877] INFO [RaftManager id=1] Completed transition to ProspectiveState(epoch=1, leaderId=OptionalInt.empty, retries=2, votedKey=Optional[ReplicaKey(id=1, directoryId=wTaYJkC9-g6QI1prbVCnFQ)], epochElection=EpochElection(voterStates={1=VoterState(replicaKey=ReplicaKey(id=1, directoryId=<undefined>), state=GRANTED), 2=VoterState(replicaKey=ReplicaKey(id=2, directoryId=<undefined>), state=UNRECORDED), 3=VoterState(replicaKey=ReplicaKey(id=3, directoryId=<undefined>), state=UNRECORDED)}), electionTimeoutMs=1086, highWatermark=Optional.empty) from CandidateState(localId=1, localDirectoryId=wTaYJkC9-g6QI1prbVCnFQ, epoch=1, retries=1, epochElection=EpochElection(voterStates={1=VoterState(replicaKey=ReplicaKey(id=1, directoryId=<undefined>), state=GRANTED), 2=VoterState(replicaKey=ReplicaKey(id=2, directoryId=<undefined>), state=REJECTED), 3=VoterState(replicaKey=ReplicaKey(id=3, directoryId=<undefined>), state=REJECTED)}), highWatermark=Optional.empty, electionTimeoutMs=1651) (org.apache.kafka.raft.QuorumState)
kafka-1-1  | 2026-09-25T22:48:46.885477717Z [2026-09-25 22:48:46,884] INFO [RaftManager id=1] Attempting durable transition to CandidateState(localId=1, localDirectoryId=wTaYJkC9-g6QI1prbVCnFQ, epoch=2, retries=2, epochElection=EpochElection(voterStates={1=VoterState(replicaKey=ReplicaKey(id=1, directoryId=<undefined>), state=GRANTED), 2=VoterState(replicaKey=ReplicaKey(id=2, directoryId=<undefined>), state=UNRECORDED), 3=VoterState(replicaKey=ReplicaKey(id=3, directoryId=<undefined>), state=UNRECORDED)}), highWatermark=Optional.empty, electionTimeoutMs=1336) from ProspectiveState(epoch=1, leaderId=OptionalInt.empty, retries=2, votedKey=Optional[ReplicaKey(id=1, directoryId=wTaYJkC9-g6QI1prbVCnFQ)], epochElection=EpochElection(voterStates={1=VoterState(replicaKey=ReplicaKey(id=1, directoryId=<undefined>), state=GRANTED), 2=VoterState(replicaKey=ReplicaKey(id=2, directoryId=<undefined>), state=UNRECORDED), 3=VoterState(replicaKey=ReplicaKey(id=3, directoryId=<undefined>), state=GRANTED)}), electionTimeoutMs=1086, highWatermark=Optional.empty) (org.apache.kafka.raft.QuorumState)
kafka-1-1  | 2026-09-25T22:48:46.895092689Z [2026-09-25 22:48:46,894] INFO [RaftManager id=1] Completed transition to CandidateState(localId=1, localDirectoryId=wTaYJkC9-g6QI1prbVCnFQ, epoch=2, retries=2, epochElection=EpochElection(voterStates={1=VoterState(replicaKey=ReplicaKey(id=1, directoryId=<undefined>), state=GRANTED), 2=VoterState(replicaKey=ReplicaKey(id=2, directoryId=<undefined>), state=UNRECORDED), 3=VoterState(replicaKey=ReplicaKey(id=3, directoryId=<undefined>), state=UNRECORDED)}), highWatermark=Optional.empty, electionTimeoutMs=1336) from ProspectiveState(epoch=1, leaderId=OptionalInt.empty, retries=2, votedKey=Optional[ReplicaKey(id=1, directoryId=wTaYJkC9-g6QI1prbVCnFQ)], epochElection=EpochElection(voterStates={1=VoterState(replicaKey=ReplicaKey(id=1, directoryId=<undefined>), state=GRANTED), 2=VoterState(replicaKey=ReplicaKey(id=2, directoryId=<undefined>), state=UNRECORDED), 3=VoterState(replicaKey=ReplicaKey(id=3, directoryId=<undefined>), state=GRANTED)}), electionTimeoutMs=1086, highWatermark=Optional.empty) (org.apache.kafka.raft.QuorumState)
kafka-1-1  | 2026-09-25T22:48:46.912504097Z [2026-09-25 22:48:46,911] INFO [MetadataLoader id=1] initializeNewPublishers: the loader is still catching up because we still don't know the high water mark yet. (org.apache.kafka.image.loader.MetadataLoader)
kafka-1-1  | 2026-09-25T22:48:46.964075380Z [2026-09-25 22:48:46,962] INFO [RaftManager id=1] Attempting durable transition to Leader(localReplicaKey=ReplicaKey(id=1, directoryId=wTaYJkC9-g6QI1prbVCnFQ), epoch=2, epochStartOffset=0, highWatermark=Optional.empty, voterStates={1=ReplicaState(replicaKey=ReplicaKey(id=1, directoryId=<undefined>), endOffset=Optional.empty, lastFetchTimestamp=-1, lastCaughtUpTimestamp=-1, hasAcknowledgedLeader=true), 2=ReplicaState(replicaKey=ReplicaKey(id=2, directoryId=<undefined>), endOffset=Optional.empty, lastFetchTimestamp=-1, lastCaughtUpTimestamp=-1, hasAcknowledgedLeader=false), 3=ReplicaState(replicaKey=ReplicaKey(id=3, directoryId=<undefined>), endOffset=Optional.empty, lastFetchTimestamp=-1, lastCaughtUpTimestamp=-1, hasAcknowledgedLeader=false)}) from CandidateState(localId=1, localDirectoryId=wTaYJkC9-g6QI1prbVCnFQ, epoch=2, retries=2, epochElection=EpochElection(voterStates={1=VoterState(replicaKey=ReplicaKey(id=1, directoryId=<undefined>), state=GRANTED), 2=VoterState(replicaKey=ReplicaKey(id=2, directoryId=<undefined>), state=UNRECORDED), 3=VoterState(replicaKey=ReplicaKey(id=3, directoryId=<undefined>), state=GRANTED)}), highWatermark=Optional.empty, electionTimeoutMs=1336) (org.apache.kafka.raft.QuorumState)
kafka-1-1  | 2026-09-25T22:48:46.976479872Z [2026-09-25 22:48:46,975] INFO [RaftManager id=1] Completed transition to Leader(localReplicaKey=ReplicaKey(id=1, directoryId=wTaYJkC9-g6QI1prbVCnFQ), epoch=2, epochStartOffset=0, highWatermark=Optional.empty, voterStates={1=ReplicaState(replicaKey=ReplicaKey(id=1, directoryId=<undefined>), endOffset=Optional.empty, lastFetchTimestamp=-1, lastCaughtUpTimestamp=-1, hasAcknowledgedLeader=true), 2=ReplicaState(replicaKey=ReplicaKey(id=2, directoryId=<undefined>), endOffset=Optional.empty, lastFetchTimestamp=-1, lastCaughtUpTimestamp=-1, hasAcknowledgedLeader=false), 3=ReplicaState(replicaKey=ReplicaKey(id=3, directoryId=<undefined>), endOffset=Optional.empty, lastFetchTimestamp=-1, lastCaughtUpTimestamp=-1, hasAcknowledgedLeader=false)}) from CandidateState(localId=1, localDirectoryId=wTaYJkC9-g6QI1prbVCnFQ, epoch=2, retries=2, epochElection=EpochElection(voterStates={1=VoterState(replicaKey=ReplicaKey(id=1, directoryId=<undefined>), state=GRANTED), 2=VoterState(replicaKey=ReplicaKey(id=2, directoryId=<undefined>), state=UNRECORDED), 3=VoterState(replicaKey=ReplicaKey(id=3, directoryId=<undefined>), state=GRANTED)}), highWatermark=Optional.empty, electionTimeoutMs=1336) (org.apache.kafka.raft.QuorumState)
kafka-1-1  | 2026-09-25T22:48:46.992157048Z [2026-09-25 22:48:46,991] INFO [broker-1-to-controller-forwarding-channel-manager]: Recorded new KRaft controller, from now on will use node kafka-1:9093 (id: 1 rack: null isFenced: false) (kafka.server.NodeToControllerRequestThread)
kafka-1-1  | 2026-09-25T22:48:46.995109796Z [2026-09-25 22:48:46,994] INFO [broker-1-to-controller-alter-partition-channel-manager]: Recorded new KRaft controller, from now on will use node kafka-1:9093 (id: 1 rack: null isFenced: false) (kafka.server.NodeToControllerRequestThread)
kafka-1-1  | 2026-09-25T22:48:47.013960222Z [2026-09-25 22:48:47,013] INFO [MetadataLoader id=1] initializeNewPublishers: the loader is still catching up because we still don't know the high water mark yet. (org.apache.kafka.image.loader.MetadataLoader)
kafka-1-1  | 2026-09-25T22:48:47.023948106Z [2026-09-25 22:48:47,023] INFO [broker-1-to-controller-directory-assignments-channel-manager]: Recorded new KRaft controller, from now on will use node kafka-1:9093 (id: 1 rack: null isFenced: false) (kafka.server.NodeToControllerRequestThread)
kafka-1-1  | 2026-09-25T22:48:47.041469948Z [2026-09-25 22:48:47,040] INFO [broker-1-to-controller-heartbeat-channel-manager]: Recorded new KRaft controller, from now on will use node kafka-1:9093 (id: 1 rack: null isFenced: false) (kafka.server.NodeToControllerRequestThread)
kafka-1-1  | 2026-09-25T22:48:47.046178962Z [2026-09-25 22:48:47,045] INFO [controller-1-to-controller-registration-channel-manager]: Recorded new KRaft controller, from now on will use node kafka-1:9093 (id: 1 rack: null isFenced: false) (kafka.server.NodeToControllerRequestThread)
kafka-1-1  | 2026-09-25T22:48:47.056005699Z [2026-09-25 22:48:47,055] INFO [NodeToControllerChannelManager id=1 name=heartbeat] Client requested disconnect from node 1 (org.apache.kafka.clients.NetworkClient)
kafka-1-1  | 2026-09-25T22:48:47.060536937Z [2026-09-25 22:48:47,059] INFO [broker-1-to-controller-heartbeat-channel-manager]: Recorded new KRaft controller, from now on will use node kafka-1:9093 (id: 1 rack: null isFenced: false) (kafka.server.NodeToControllerRequestThread)
kafka-1-1  | 2026-09-25T22:48:47.108266320Z [2026-09-25 22:48:47,107] INFO [broker-1-to-controller-heartbeat-channel-manager]: Recorded new KRaft controller, from now on will use node kafka-1:9093 (id: 1 rack: null isFenced: false) (kafka.server.NodeToControllerRequestThread)
kafka-1-1  | 2026-09-25T22:48:47.114595374Z [2026-09-25 22:48:47,114] INFO [MetadataLoader id=1] initializeNewPublishers: the loader is still catching up because we still don't know the high water mark yet. (org.apache.kafka.image.loader.MetadataLoader)
kafka-1-1  | 2026-09-25T22:48:47.115073848Z [2026-09-25 22:48:47,114] INFO [NodeToControllerChannelManager id=1 name=heartbeat] Client requested disconnect from node 1 (org.apache.kafka.clients.NetworkClient)
kafka-1-1  | 2026-09-25T22:48:47.116771492Z [2026-09-25 22:48:47,116] INFO [broker-1-to-controller-heartbeat-channel-manager]: Recorded new KRaft controller, from now on will use node kafka-1:9093 (id: 1 rack: null isFenced: false) (kafka.server.NodeToControllerRequestThread)
kafka-1-1  | 2026-09-25T22:48:47.167461010Z [2026-09-25 22:48:47,166] INFO [broker-1-to-controller-heartbeat-channel-manager]: Recorded new KRaft controller, from now on will use node kafka-1:9093 (id: 1 rack: null isFenced: false) (kafka.server.NodeToControllerRequestThread)
kafka-1-1  | 2026-09-25T22:48:47.175888269Z [2026-09-25 22:48:47,175] INFO [NodeToControllerChannelManager id=1 name=heartbeat] Client requested disconnect from node 1 (org.apache.kafka.clients.NetworkClient)
kafka-1-1  | 2026-09-25T22:48:47.177276628Z [2026-09-25 22:48:47,176] INFO [broker-1-to-controller-heartbeat-channel-manager]: Recorded new KRaft controller, from now on will use node kafka-1:9093 (id: 1 rack: null isFenced: false) (kafka.server.NodeToControllerRequestThread)
kafka-1-1  | 2026-09-25T22:48:47.212075801Z [2026-09-25 22:48:47,211] INFO [RaftManager id=1] High watermark set to LogOffsetMetadata(offset=1, metadata=Optional[(segmentBaseOffset=0,relativePositionInSegment=106)]) for the first time for epoch 2 based on indexOfHw 1 and voters [ReplicaState(replicaKey=ReplicaKey(id=1, directoryId=<undefined>), endOffset=Optional[LogOffsetMetadata(offset=1, metadata=Optional[(segmentBaseOffset=0,relativePositionInSegment=106)])], lastFetchTimestamp=-1, lastCaughtUpTimestamp=-1, hasAcknowledgedLeader=true), ReplicaState(replicaKey=ReplicaKey(id=3, directoryId=<undefined>), endOffset=Optional[LogOffsetMetadata(offset=1, metadata=Optional[(segmentBaseOffset=0,relativePositionInSegment=106)])], lastFetchTimestamp=1790376527200, lastCaughtUpTimestamp=1790376527200, hasAcknowledgedLeader=true), ReplicaState(replicaKey=ReplicaKey(id=2, directoryId=<undefined>), endOffset=Optional[LogOffsetMetadata(offset=0, metadata=Optional[(segmentBaseOffset=0,relativePositionInSegment=0)])], lastFetchTimestamp=1790376527183, lastCaughtUpTimestamp=-1, hasAcknowledgedLeader=true)] (org.apache.kafka.raft.LeaderState)
kafka-1-1  | 2026-09-25T22:48:47.215736523Z [2026-09-25 22:48:47,215] INFO [MetadataLoader id=1] initializeNewPublishers: The loader is still catching up because we have loaded up to offset -1, but the high water mark is 1 (org.apache.kafka.image.loader.MetadataLoader)
kafka-1-1  | 2026-09-25T22:48:47.217460901Z [2026-09-25 22:48:47,216] INFO [RaftManager id=1] Setting the next offset of org.apache.kafka.image.loader.MetadataLoader@1025196378 to 0 since there are no snapshots (org.apache.kafka.raft.KafkaRaftClient)
kafka-1-1  | 2026-09-25T22:48:47.218958989Z [2026-09-25 22:48:47,218] INFO [RaftManager id=1] Setting the next offset of org.apache.kafka.controller.QuorumController$QuorumMetaLogListener@894242588 to 0 since there are no snapshots (org.apache.kafka.raft.KafkaRaftClient)
kafka-1-1  | 2026-09-25T22:48:47.220402066Z [2026-09-25 22:48:47,219] INFO [MetadataLoader id=1] maybePublishMetadata(LOG_DELTA): The loader is still catching up because we have not loaded a controller record as of offset 0 and high water mark is 1 (org.apache.kafka.image.loader.MetadataLoader)
kafka-1-1  | 2026-09-25T22:48:47.227540139Z [2026-09-25 22:48:47,226] INFO [broker-1-to-controller-heartbeat-channel-manager]: Recorded new KRaft controller, from now on will use node kafka-1:9093 (id: 1 rack: null isFenced: false) (kafka.server.NodeToControllerRequestThread)
kafka-1-1  | 2026-09-25T22:48:47.296540733Z [2026-09-25 22:48:47,295] INFO [MetadataLoader id=1] maybePublishMetadata(LOG_DELTA): The loader finished catching up to the current high water mark of 7 (org.apache.kafka.image.loader.MetadataLoader)
kafka-1-1  | 2026-09-25T22:48:47.300223732Z [2026-09-25 22:48:47,299] INFO [MetadataLoader id=1] InitializeNewPublishers: initializing SnapshotGenerator with a snapshot at offset 6 (org.apache.kafka.image.loader.MetadataLoader)
kafka-1-1  | 2026-09-25T22:48:47.300893250Z [2026-09-25 22:48:47,300] INFO [MetadataLoader id=1] InitializeNewPublishers: initializing KRaftMetadataCachePublisher with a snapshot at offset 6 (org.apache.kafka.image.loader.MetadataLoader)
kafka-1-1  | 2026-09-25T22:48:47.300997033Z [2026-09-25 22:48:47,300] INFO [MetadataLoader id=1] InitializeNewPublishers: initializing FeaturesPublisher with a snapshot at offset 6 (org.apache.kafka.image.loader.MetadataLoader)
kafka-1-1  | 2026-09-25T22:48:47.309237386Z [2026-09-25 22:48:47,307] INFO [ControllerServer id=1] Loaded new metadata Features(metadataVersion=4.0-IV3, finalizedFeatures={group.version=1, transaction.version=2, metadata.version=25}, finalizedFeaturesEpoch=6). (org.apache.kafka.metadata.publisher.FeaturesPublisher)
kafka-1-1  | 2026-09-25T22:48:47.309660942Z [2026-09-25 22:48:47,309] INFO [MetadataLoader id=1] InitializeNewPublishers: initializing ControllerRegistrationsPublisher with a snapshot at offset 6 (org.apache.kafka.image.loader.MetadataLoader)
kafka-1-1  | 2026-09-25T22:48:47.309957883Z [2026-09-25 22:48:47,309] INFO [MetadataLoader id=1] InitializeNewPublishers: initializing ControllerRegistrationManager with a snapshot at offset 6 (org.apache.kafka.image.loader.MetadataLoader)
kafka-1-1  | 2026-09-25T22:48:47.310479192Z [2026-09-25 22:48:47,310] INFO [MetadataLoader id=1] InitializeNewPublishers: initializing DynamicConfigPublisher controller id=1 with a snapshot at offset 6 (org.apache.kafka.image.loader.MetadataLoader)
kafka-1-1  | 2026-09-25T22:48:47.314864337Z [2026-09-25 22:48:47,312] INFO [MetadataLoader id=1] InitializeNewPublishers: initializing DynamicClientQuotaPublisher controller id=1 with a snapshot at offset 6 (org.apache.kafka.image.loader.MetadataLoader)
kafka-1-1  | 2026-09-25T22:48:47.318206755Z [2026-09-25 22:48:47,317] INFO [MetadataLoader id=1] InitializeNewPublishers: initializing DynamicTopicClusterQuotaPublisher controller id=1 with a snapshot at offset 6 (org.apache.kafka.image.loader.MetadataLoader)
kafka-1-1  | 2026-09-25T22:48:47.320334073Z [2026-09-25 22:48:47,319] INFO [MetadataLoader id=1] InitializeNewPublishers: initializing ScramPublisher controller id=1 with a snapshot at offset 6 (org.apache.kafka.image.loader.MetadataLoader)
kafka-1-1  | 2026-09-25T22:48:47.324188878Z [2026-09-25 22:48:47,322] INFO [ControllerRegistrationManager id=1 incarnation=44a3lHGRSMiI1312u-3Cdw] sendControllerRegistration: attempting to send ControllerRegistrationRequestData(controllerId=1, incarnationId=44a3lHGRSMiI1312u-3Cdw, zkMigrationReady=false, listeners=[Listener(name='CONTROLLER', host='kafka-1', port=9093, securityProtocol=0)], features=[Feature(name='group.version', minSupportedVersion=0, maxSupportedVersion=1), Feature(name='transaction.version', minSupportedVersion=0, maxSupportedVersion=2), Feature(name='eligible.leader.replicas.version', minSupportedVersion=0, maxSupportedVersion=1), Feature(name='kraft.version', minSupportedVersion=0, maxSupportedVersion=1), Feature(name='metadata.version', minSupportedVersion=7, maxSupportedVersion=25)]) (kafka.server.ControllerRegistrationManager)
kafka-1-1  | 2026-09-25T22:48:47.324981863Z [2026-09-25 22:48:47,324] INFO [MetadataLoader id=1] InitializeNewPublishers: initializing DelegationTokenPublisher controller id=1 with a snapshot at offset 6 (org.apache.kafka.image.loader.MetadataLoader)
kafka-1-1  | 2026-09-25T22:48:47.333999867Z [2026-09-25 22:48:47,328] INFO [MetadataLoader id=1] InitializeNewPublishers: initializing ControllerMetadataMetricsPublisher with a snapshot at offset 6 (org.apache.kafka.image.loader.MetadataLoader)
kafka-1-1  | 2026-09-25T22:48:47.334017807Z [2026-09-25 22:48:47,329] INFO [MetadataLoader id=1] InitializeNewPublishers: initializing AclPublisher controller id=1 with a snapshot at offset 6 (org.apache.kafka.image.loader.MetadataLoader)
kafka-1-1  | 2026-09-25T22:48:47.334022071Z [2026-09-25 22:48:47,332] INFO [MetadataLoader id=1] InitializeNewPublishers: initializing MetadataVersionPublisher(id=1) with a snapshot at offset 6 (org.apache.kafka.image.loader.MetadataLoader)
kafka-1-1  | 2026-09-25T22:48:47.334025863Z [2026-09-25 22:48:47,332] INFO [MetadataLoader id=1] InitializeNewPublishers: initializing BrokerMetadataPublisher with a snapshot at offset 6 (org.apache.kafka.image.loader.MetadataLoader)
kafka-1-1  | 2026-09-25T22:48:47.357005861Z [2026-09-25 22:48:47,344] INFO [BrokerMetadataPublisher id=1] Publishing initial metadata at offset OffsetAndEpoch(offset=6, epoch=2) with metadata.version Optional[4.0-IV3]. (kafka.server.metadata.BrokerMetadataPublisher)
kafka-1-1  | 2026-09-25T22:48:47.357013571Z [2026-09-25 22:48:47,349] INFO Loading logs from log dirs ArrayBuffer(/var/lib/kafka/data) (kafka.log.LogManager)
kafka-1-1  | 2026-09-25T22:48:47.367497973Z [2026-09-25 22:48:47,366] INFO No logs found to be loaded in /var/lib/kafka/data (kafka.log.LogManager)
kafka-1-1  | 2026-09-25T22:48:47.377367492Z [2026-09-25 22:48:47,377] INFO [BrokerLifecycleManager id=1] Successfully registered broker 1 with broker epoch 7 (kafka.server.BrokerLifecycleManager)
kafka-1-1  | 2026-09-25T22:48:47.406138006Z [2026-09-25 22:48:47,405] INFO Loaded 0 logs in 40ms (kafka.log.LogManager)
kafka-1-1  | 2026-09-25T22:48:47.407755205Z [2026-09-25 22:48:47,407] INFO Starting log cleanup with a period of 300000 ms. (kafka.log.LogManager)
kafka-1-1  | 2026-09-25T22:48:47.417806211Z [2026-09-25 22:48:47,417] INFO Starting log flusher with a default period of 9223372036854775807 ms. (kafka.log.LogManager)
kafka-1-1  | 2026-09-25T22:48:47.426483758Z [2026-09-25 22:48:47,424] INFO [ControllerRegistrationManager id=1 incarnation=44a3lHGRSMiI1312u-3Cdw] RegistrationResponseHandler: controller acknowledged ControllerRegistrationRequest. (kafka.server.ControllerRegistrationManager)
kafka-1-1  | 2026-09-25T22:48:47.861660816Z [2026-09-25 22:48:47,860] INFO [kafka-log-cleaner-thread-0]: Starting (kafka.log.LogCleaner$CleanerThread)
kafka-1-1  | 2026-09-25T22:48:47.873805829Z [2026-09-25 22:48:47,873] INFO [LogDirFailureHandler]: Starting (kafka.server.ReplicaManager$LogDirFailureHandler)
kafka-1-1  | 2026-09-25T22:48:47.874005872Z [2026-09-25 22:48:47,873] INFO [AddPartitionsToTxnSenderThread-1]: Starting (kafka.server.AddPartitionsToTxnManager)
kafka-1-1  | 2026-09-25T22:48:47.875518449Z [2026-09-25 22:48:47,875] INFO [GroupCoordinator id=1] Starting up. (org.apache.kafka.coordinator.group.GroupCoordinatorService)
kafka-1-1  | 2026-09-25T22:48:47.881329498Z [2026-09-25 22:48:47,879] INFO [GroupCoordinator id=1] Startup complete. (org.apache.kafka.coordinator.group.GroupCoordinatorService)
kafka-1-1  | 2026-09-25T22:48:47.885082269Z [2026-09-25 22:48:47,884] INFO [TransactionCoordinator id=1] Starting up. (kafka.coordinator.transaction.TransactionCoordinator)
kafka-1-1  | 2026-09-25T22:48:47.899663416Z [2026-09-25 22:48:47,898] INFO [TransactionCoordinator id=1] Startup complete. (kafka.coordinator.transaction.TransactionCoordinator)
kafka-1-1  | 2026-09-25T22:48:47.899939219Z [2026-09-25 22:48:47,899] INFO [TxnMarkerSenderThread-1]: Starting (kafka.coordinator.transaction.TransactionMarkerChannelManager)
kafka-1-1  | 2026-09-25T22:48:47.923856168Z [2026-09-25 22:48:47,922] INFO [MetadataLoader id=1] InitializeNewPublishers: initializing BrokerRegistrationTracker(id=1) with a snapshot at offset 6 (org.apache.kafka.image.loader.MetadataLoader)
kafka-1-1  | 2026-09-25T22:48:47.940543860Z [2026-09-25 22:48:47,940] INFO [ControllerRegistrationManager id=1 incarnation=44a3lHGRSMiI1312u-3Cdw] Our registration has been persisted to the metadata log. (kafka.server.ControllerRegistrationManager)
kafka-1-1  | 2026-09-25T22:48:48.006107384Z [2026-09-25 22:48:48,000] INFO [BrokerLifecycleManager id=1] The broker has caught up. Transitioning from STARTING to RECOVERY. (kafka.server.BrokerLifecycleManager)
kafka-1-1  | 2026-09-25T22:48:48.006137552Z [2026-09-25 22:48:48,001] INFO [BrokerServer id=1] Finished waiting for the controller to acknowledge that we are caught up (kafka.server.BrokerServer)
kafka-1-1  | 2026-09-25T22:48:48.006143585Z [2026-09-25 22:48:48,001] INFO [BrokerServer id=1] Waiting for the initial broker metadata update to be published (kafka.server.BrokerServer)
kafka-1-1  | 2026-09-25T22:48:48.006148116Z [2026-09-25 22:48:48,001] INFO [BrokerServer id=1] Finished waiting for the initial broker metadata update to be published (kafka.server.BrokerServer)
kafka-1-1  | 2026-09-25T22:48:48.014590521Z [2026-09-25 22:48:48,007] INFO KafkaConfig values: 
kafka-1-1  | 2026-09-25T22:48:48.014627565Z 	add.partitions.to.txn.retry.backoff.max.ms = 100
kafka-1-1  | 2026-09-25T22:48:48.014631564Z 	add.partitions.to.txn.retry.backoff.ms = 20
kafka-1-1  | 2026-09-25T22:48:48.014634601Z 	advertised.listeners = PLAINTEXT://kafka-1:9092
kafka-1-1  | 2026-09-25T22:48:48.014637433Z 	alter.config.policy.class.name = null
kafka-1-1  | 2026-09-25T22:48:48.014642879Z 	alter.log.dirs.replication.quota.window.num = 11
kafka-1-1  | 2026-09-25T22:48:48.014645421Z 	alter.log.dirs.replication.quota.window.size.seconds = 1
kafka-1-1  | 2026-09-25T22:48:48.014648091Z 	authorizer.class.name = 
kafka-1-1  | 2026-09-25T22:48:48.014651178Z 	auto.create.topics.enable = false
kafka-1-1  | 2026-09-25T22:48:48.014653935Z 	auto.leader.rebalance.enable = true
kafka-1-1  | 2026-09-25T22:48:48.014656790Z 	background.threads = 10
kafka-1-1  | 2026-09-25T22:48:48.014659720Z 	broker.heartbeat.interval.ms = 1000
kafka-1-1  | 2026-09-25T22:48:48.014662673Z 	broker.id = 1
kafka-1-1  | 2026-09-25T22:48:48.014665481Z 	broker.rack = null
kafka-1-1  | 2026-09-25T22:48:48.014668288Z 	broker.session.timeout.ms = 4000
kafka-1-1  | 2026-09-25T22:48:48.014671141Z 	client.quota.callback.class = null
kafka-1-1  | 2026-09-25T22:48:48.014674128Z 	compression.gzip.level = -1
kafka-1-1  | 2026-09-25T22:48:48.014676878Z 	compression.lz4.level = 9
kafka-1-1  | 2026-09-25T22:48:48.014679292Z 	compression.type = producer
kafka-1-1  | 2026-09-25T22:48:48.014681929Z 	compression.zstd.level = 3
kafka-1-1  | 2026-09-25T22:48:48.014684506Z 	connection.failed.authentication.delay.ms = 100
kafka-1-1  | 2026-09-25T22:48:48.014687138Z 	connections.max.idle.ms = 600000
kafka-1-1  | 2026-09-25T22:48:48.014690107Z 	connections.max.reauth.ms = 0
kafka-1-1  | 2026-09-25T22:48:48.014692731Z 	controlled.shutdown.enable = true
kafka-1-1  | 2026-09-25T22:48:48.014695439Z 	controller.listener.names = CONTROLLER
kafka-1-1  | 2026-09-25T22:48:48.014698066Z 	controller.performance.always.log.threshold.ms = 2000
kafka-1-1  | 2026-09-25T22:48:48.014701034Z 	controller.performance.sample.period.ms = 60000
kafka-1-1  | 2026-09-25T22:48:48.014703706Z 	controller.quorum.append.linger.ms = 25
kafka-1-1  | 2026-09-25T22:48:48.014706731Z 	controller.quorum.bootstrap.servers = []
kafka-1-1  | 2026-09-25T22:48:48.014709428Z 	controller.quorum.election.backoff.max.ms = 1000
kafka-1-1  | 2026-09-25T22:48:48.014712015Z 	controller.quorum.election.timeout.ms = 1000
kafka-1-1  | 2026-09-25T22:48:48.014714726Z 	controller.quorum.fetch.timeout.ms = 2000
kafka-1-1  | 2026-09-25T22:48:48.014717366Z 	controller.quorum.request.timeout.ms = 2000
kafka-1-1  | 2026-09-25T22:48:48.014720240Z 	controller.quorum.retry.backoff.ms = 20
kafka-1-1  | 2026-09-25T22:48:48.014722977Z 	controller.quorum.voters = [1@kafka-1:9093, 2@kafka-2:9093, 3@kafka-3:9093]
kafka-1-1  | 2026-09-25T22:48:48.014754011Z 	controller.quota.window.num = 11
kafka-1-1  | 2026-09-25T22:48:48.014758843Z 	controller.quota.window.size.seconds = 1
kafka-1-1  | 2026-09-25T22:48:48.014761931Z 	controller.socket.timeout.ms = 30000
kafka-1-1  | 2026-09-25T22:48:48.014764978Z 	create.topic.policy.class.name = null
kafka-1-1  | 2026-09-25T22:48:48.014767856Z 	default.replication.factor = 3
kafka-1-1  | 2026-09-25T22:48:48.014770872Z 	delegation.token.expiry.check.interval.ms = 3600000
kafka-1-1  | 2026-09-25T22:48:48.014799487Z 	delegation.token.expiry.time.ms = 86400000
kafka-1-1  | 2026-09-25T22:48:48.014802336Z 	delegation.token.max.lifetime.ms = 604800000
kafka-1-1  | 2026-09-25T22:48:48.014805193Z 	delegation.token.secret.key = null
kafka-1-1  | 2026-09-25T22:48:48.014807994Z 	delete.records.purgatory.purge.interval.requests = 1
kafka-1-1  | 2026-09-25T22:48:48.014810772Z 	delete.topic.enable = true
kafka-1-1  | 2026-09-25T22:48:48.014813663Z 	early.start.listeners = null
kafka-1-1  | 2026-09-25T22:48:48.014816534Z 	fetch.max.bytes = 57671680
kafka-1-1  | 2026-09-25T22:48:48.014819325Z 	fetch.purgatory.purge.interval.requests = 1000
kafka-1-1  | 2026-09-25T22:48:48.014822180Z 	group.consumer.assignors = [uniform, range]
kafka-1-1  | 2026-09-25T22:48:48.014825091Z 	group.consumer.heartbeat.interval.ms = 5000
kafka-1-1  | 2026-09-25T22:48:48.014830909Z 	group.consumer.max.heartbeat.interval.ms = 15000
kafka-1-1  | 2026-09-25T22:48:48.014834511Z 	group.consumer.max.session.timeout.ms = 60000
kafka-1-1  | 2026-09-25T22:48:48.014837644Z 	group.consumer.max.size = 2147483647
kafka-1-1  | 2026-09-25T22:48:48.014840705Z 	group.consumer.migration.policy = bidirectional
kafka-1-1  | 2026-09-25T22:48:48.014843517Z 	group.consumer.min.heartbeat.interval.ms = 5000
kafka-1-1  | 2026-09-25T22:48:48.014846393Z 	group.consumer.min.session.timeout.ms = 45000
kafka-1-1  | 2026-09-25T22:48:48.014849095Z 	group.consumer.session.timeout.ms = 45000
kafka-1-1  | 2026-09-25T22:48:48.014851879Z 	group.coordinator.append.linger.ms = 5
kafka-1-1  | 2026-09-25T22:48:48.014854777Z 	group.coordinator.new.enable = true
kafka-1-1  | 2026-09-25T22:48:48.014857642Z 	group.coordinator.rebalance.protocols = [classic, consumer]
kafka-1-1  | 2026-09-25T22:48:48.014867069Z 	group.coordinator.threads = 4
kafka-1-1  | 2026-09-25T22:48:48.014870901Z 	group.initial.rebalance.delay.ms = 0
kafka-1-1  | 2026-09-25T22:48:48.014873818Z 	group.max.session.timeout.ms = 1800000
kafka-1-1  | 2026-09-25T22:48:48.014876882Z 	group.max.size = 2147483647
kafka-1-1  | 2026-09-25T22:48:48.014880290Z 	group.min.session.timeout.ms = 6000
kafka-1-1  | 2026-09-25T22:48:48.014882930Z 	group.share.delivery.count.limit = 5
kafka-1-1  | 2026-09-25T22:48:48.014885961Z 	group.share.enable = false
kafka-1-1  | 2026-09-25T22:48:48.014888605Z 	group.share.heartbeat.interval.ms = 5000
kafka-1-1  | 2026-09-25T22:48:48.014891298Z 	group.share.max.groups = 10
kafka-1-1  | 2026-09-25T22:48:48.014899918Z 	group.share.max.heartbeat.interval.ms = 15000
kafka-1-1  | 2026-09-25T22:48:48.014903209Z 	group.share.max.record.lock.duration.ms = 60000
kafka-1-1  | 2026-09-25T22:48:48.014905973Z 	group.share.max.session.timeout.ms = 60000
kafka-1-1  | 2026-09-25T22:48:48.014908678Z 	group.share.max.size = 200
kafka-1-1  | 2026-09-25T22:48:48.014911278Z 	group.share.min.heartbeat.interval.ms = 5000
kafka-1-1  | 2026-09-25T22:48:48.014913998Z 	group.share.min.record.lock.duration.ms = 15000
kafka-1-1  | 2026-09-25T22:48:48.014916901Z 	group.share.min.session.timeout.ms = 45000
kafka-1-1  | 2026-09-25T22:48:48.015097730Z 	group.share.partition.max.record.locks = 200
kafka-1-1  | 2026-09-25T22:48:48.015103113Z 	group.share.persister.class.name = org.apache.kafka.server.share.persister.DefaultStatePersister
kafka-1-1  | 2026-09-25T22:48:48.015106558Z 	group.share.record.lock.duration.ms = 30000
kafka-1-1  | 2026-09-25T22:48:48.015109737Z 	group.share.session.timeout.ms = 45000
kafka-1-1  | 2026-09-25T22:48:48.015112478Z 	initial.broker.registration.timeout.ms = 60000
kafka-1-1  | 2026-09-25T22:48:48.015115505Z 	inter.broker.listener.name = PLAINTEXT
kafka-1-1  | 2026-09-25T22:48:48.015119346Z 	kafka.metrics.polling.interval.secs = 10
kafka-1-1  | 2026-09-25T22:48:48.015122227Z 	kafka.metrics.reporters = []
kafka-1-1  | 2026-09-25T22:48:48.015125044Z 	leader.imbalance.check.interval.seconds = 300
kafka-1-1  | 2026-09-25T22:48:48.015128084Z 	listener.security.protocol.map = PLAINTEXT:PLAINTEXT,CONTROLLER:PLAINTEXT
kafka-1-1  | 2026-09-25T22:48:48.015131047Z 	listeners = PLAINTEXT://0.0.0.0:9092,CONTROLLER://0.0.0.0:9093
kafka-1-1  | 2026-09-25T22:48:48.015133761Z 	log.cleaner.backoff.ms = 15000
kafka-1-1  | 2026-09-25T22:48:48.015136763Z 	log.cleaner.dedupe.buffer.size = 134217728
kafka-1-1  | 2026-09-25T22:48:48.015139621Z 	log.cleaner.delete.retention.ms = 86400000
kafka-1-1  | 2026-09-25T22:48:48.015142888Z 	log.cleaner.enable = true
kafka-1-1  | 2026-09-25T22:48:48.015145904Z 	log.cleaner.io.buffer.load.factor = 0.9
kafka-1-1  | 2026-09-25T22:48:48.015149452Z 	log.cleaner.io.buffer.size = 524288
kafka-1-1  | 2026-09-25T22:48:48.015152364Z 	log.cleaner.io.max.bytes.per.second = 1.7976931348623157E308
kafka-1-1  | 2026-09-25T22:48:48.015155445Z 	log.cleaner.max.compaction.lag.ms = 9223372036854775807
kafka-1-1  | 2026-09-25T22:48:48.015158669Z 	log.cleaner.min.cleanable.ratio = 0.5
kafka-1-1  | 2026-09-25T22:48:48.015162843Z 	log.cleaner.min.compaction.lag.ms = 0
kafka-1-1  | 2026-09-25T22:48:48.015167999Z 	log.cleaner.threads = 1
kafka-1-1  | 2026-09-25T22:48:48.015170934Z 	log.cleanup.policy = [delete]
kafka-1-1  | 2026-09-25T22:48:48.015173838Z 	log.dir = /tmp/kafka-logs
kafka-1-1  | 2026-09-25T22:48:48.015176691Z 	log.dir.failure.timeout.ms = 30000
kafka-1-1  | 2026-09-25T22:48:48.015179423Z 	log.dirs = /var/lib/kafka/data
kafka-1-1  | 2026-09-25T22:48:48.015182103Z 	log.flush.interval.messages = 9223372036854775807
kafka-1-1  | 2026-09-25T22:48:48.015185458Z 	log.flush.interval.ms = null
kafka-1-1  | 2026-09-25T22:48:48.015194036Z 	log.flush.offset.checkpoint.interval.ms = 60000
kafka-1-1  | 2026-09-25T22:48:48.015197112Z 	log.flush.scheduler.interval.ms = 9223372036854775807
kafka-1-1  | 2026-09-25T22:48:48.015200075Z 	log.flush.start.offset.checkpoint.interval.ms = 60000
kafka-1-1  | 2026-09-25T22:48:48.015203150Z 	log.index.interval.bytes = 4096
kafka-1-1  | 2026-09-25T22:48:48.015205995Z 	log.index.size.max.bytes = 10485760
kafka-1-1  | 2026-09-25T22:48:48.015209182Z 	log.initial.task.delay.ms = 30000
kafka-1-1  | 2026-09-25T22:48:48.015212130Z 	log.local.retention.bytes = -2
kafka-1-1  | 2026-09-25T22:48:48.015215078Z 	log.local.retention.ms = -2
kafka-1-1  | 2026-09-25T22:48:48.015217922Z 	log.message.timestamp.after.max.ms = 3600000
kafka-1-1  | 2026-09-25T22:48:48.015220789Z 	log.message.timestamp.before.max.ms = 9223372036854775807
kafka-1-1  | 2026-09-25T22:48:48.015223614Z 	log.message.timestamp.type = CreateTime
kafka-1-1  | 2026-09-25T22:48:48.015226547Z 	log.preallocate = false
kafka-1-1  | 2026-09-25T22:48:48.015229438Z 	log.retention.bytes = -1
kafka-1-1  | 2026-09-25T22:48:48.015232540Z 	log.retention.check.interval.ms = 300000
kafka-1-1  | 2026-09-25T22:48:48.015235810Z 	log.retention.hours = 168
kafka-1-1  | 2026-09-25T22:48:48.015238769Z 	log.retention.minutes = null
kafka-1-1  | 2026-09-25T22:48:48.015241927Z 	log.retention.ms = null
kafka-1-1  | 2026-09-25T22:48:48.015244860Z 	log.roll.hours = 168
kafka-1-1  | 2026-09-25T22:48:48.015247630Z 	log.roll.jitter.hours = 0
kafka-1-1  | 2026-09-25T22:48:48.015250566Z 	log.roll.jitter.ms = null
kafka-1-1  | 2026-09-25T22:48:48.015253461Z 	log.roll.ms = null
kafka-1-1  | 2026-09-25T22:48:48.015256377Z 	log.segment.bytes = 1073741824
kafka-1-1  | 2026-09-25T22:48:48.015259208Z 	log.segment.delete.delay.ms = 60000
kafka-1-1  | 2026-09-25T22:48:48.015262283Z 	max.connection.creation.rate = 2147483647
kafka-1-1  | 2026-09-25T22:48:48.015265265Z 	max.connections = 2147483647
kafka-1-1  | 2026-09-25T22:48:48.015268105Z 	max.connections.per.ip = 2147483647
kafka-1-1  | 2026-09-25T22:48:48.015270942Z 	max.connections.per.ip.overrides = 
kafka-1-1  | 2026-09-25T22:48:48.015273645Z 	max.incremental.fetch.session.cache.slots = 1000
kafka-1-1  | 2026-09-25T22:48:48.015276575Z 	max.request.partition.size.limit = 2000
kafka-1-1  | 2026-09-25T22:48:48.015279428Z 	message.max.bytes = 1048588
kafka-1-1  | 2026-09-25T22:48:48.015282128Z 	metadata.log.dir = null
kafka-1-1  | 2026-09-25T22:48:48.015285604Z 	metadata.log.max.record.bytes.between.snapshots = 20971520
kafka-1-1  | 2026-09-25T22:48:48.015288344Z 	metadata.log.max.snapshot.interval.ms = 3600000
kafka-1-1  | 2026-09-25T22:48:48.015291529Z 	metadata.log.segment.bytes = 1073741824
kafka-1-1  | 2026-09-25T22:48:48.015294507Z 	metadata.log.segment.min.bytes = 8388608
kafka-1-1  | 2026-09-25T22:48:48.015297284Z 	metadata.log.segment.ms = 604800000
kafka-1-1  | 2026-09-25T22:48:48.015304561Z 	metadata.max.idle.interval.ms = 500
kafka-1-1  | 2026-09-25T22:48:48.015307752Z 	metadata.max.retention.bytes = 104857600
kafka-1-1  | 2026-09-25T22:48:48.015310641Z 	metadata.max.retention.ms = 604800000
kafka-1-1  | 2026-09-25T22:48:48.015313608Z 	metric.reporters = [org.apache.kafka.common.metrics.JmxReporter]
kafka-1-1  | 2026-09-25T22:48:48.015316712Z 	metrics.num.samples = 2
kafka-1-1  | 2026-09-25T22:48:48.015319508Z 	metrics.recording.level = INFO
kafka-1-1  | 2026-09-25T22:48:48.015322708Z 	metrics.sample.window.ms = 30000
kafka-1-1  | 2026-09-25T22:48:48.015325755Z 	min.insync.replicas = 2
kafka-1-1  | 2026-09-25T22:48:48.015328847Z 	node.id = 1
kafka-1-1  | 2026-09-25T22:48:48.015331463Z 	num.io.threads = 8
kafka-1-1  | 2026-09-25T22:48:48.015334225Z 	num.network.threads = 3
kafka-1-1  | 2026-09-25T22:48:48.015336833Z 	num.partitions = 1
kafka-1-1  | 2026-09-25T22:48:48.015339643Z 	num.recovery.threads.per.data.dir = 2
kafka-1-1  | 2026-09-25T22:48:48.015342664Z 	num.replica.alter.log.dirs.threads = null
kafka-1-1  | 2026-09-25T22:48:48.015347206Z 	num.replica.fetchers = 1
kafka-1-1  | 2026-09-25T22:48:48.015350090Z 	offset.metadata.max.bytes = 4096
kafka-1-1  | 2026-09-25T22:48:48.015353434Z 	offsets.commit.timeout.ms = 5000
kafka-1-1  | 2026-09-25T22:48:48.015356088Z 	offsets.load.buffer.size = 5242880
kafka-1-1  | 2026-09-25T22:48:48.015359095Z 	offsets.retention.check.interval.ms = 600000
kafka-1-1  | 2026-09-25T22:48:48.015362039Z 	offsets.retention.minutes = 10080
kafka-1-1  | 2026-09-25T22:48:48.015364885Z 	offsets.topic.compression.codec = 0
kafka-1-1  | 2026-09-25T22:48:48.015367534Z 	offsets.topic.num.partitions = 50
kafka-1-1  | 2026-09-25T22:48:48.015370408Z 	offsets.topic.replication.factor = 3
kafka-1-1  | 2026-09-25T22:48:48.015373215Z 	offsets.topic.segment.bytes = 104857600
kafka-1-1  | 2026-09-25T22:48:48.015376214Z 	principal.builder.class = class org.apache.kafka.common.security.authenticator.DefaultKafkaPrincipalBuilder
kafka-1-1  | 2026-09-25T22:48:48.015379550Z 	process.roles = [broker, controller]
kafka-1-1  | 2026-09-25T22:48:48.015382319Z 	producer.id.expiration.check.interval.ms = 600000
kafka-1-1  | 2026-09-25T22:48:48.015385426Z 	producer.id.expiration.ms = 86400000
kafka-1-1  | 2026-09-25T22:48:48.015388018Z 	producer.purgatory.purge.interval.requests = 1000
kafka-1-1  | 2026-09-25T22:48:48.015391120Z 	queued.max.request.bytes = -1
kafka-1-1  | 2026-09-25T22:48:48.015393724Z 	queued.max.requests = 500
kafka-1-1  | 2026-09-25T22:48:48.015396319Z 	quota.window.num = 11
kafka-1-1  | 2026-09-25T22:48:48.015399021Z 	quota.window.size.seconds = 1
kafka-1-1  | 2026-09-25T22:48:48.015401843Z 	remote.fetch.max.wait.ms = 500
kafka-1-1  | 2026-09-25T22:48:48.015404596Z 	remote.list.offsets.request.timeout.ms = 30000
kafka-1-1  | 2026-09-25T22:48:48.015407194Z 	remote.log.index.file.cache.total.size.bytes = 1073741824
kafka-1-1  | 2026-09-25T22:48:48.015409971Z 	remote.log.manager.copier.thread.pool.size = 10
kafka-1-1  | 2026-09-25T22:48:48.015417218Z 	remote.log.manager.copy.max.bytes.per.second = 9223372036854775807
kafka-1-1  | 2026-09-25T22:48:48.015421186Z 	remote.log.manager.copy.quota.window.num = 11
kafka-1-1  | 2026-09-25T22:48:48.015424106Z 	remote.log.manager.copy.quota.window.size.seconds = 1
kafka-1-1  | 2026-09-25T22:48:48.015426828Z 	remote.log.manager.expiration.thread.pool.size = 10
kafka-1-1  | 2026-09-25T22:48:48.015429632Z 	remote.log.manager.fetch.max.bytes.per.second = 9223372036854775807
kafka-1-1  | 2026-09-25T22:48:48.015432302Z 	remote.log.manager.fetch.quota.window.num = 11
kafka-1-1  | 2026-09-25T22:48:48.015434703Z 	remote.log.manager.fetch.quota.window.size.seconds = 1
kafka-1-1  | 2026-09-25T22:48:48.015437323Z 	remote.log.manager.task.interval.ms = 30000
kafka-1-1  | 2026-09-25T22:48:48.015439973Z 	remote.log.manager.task.retry.backoff.max.ms = 30000
kafka-1-1  | 2026-09-25T22:48:48.015443599Z 	remote.log.manager.task.retry.backoff.ms = 500
kafka-1-1  | 2026-09-25T22:48:48.015446385Z 	remote.log.manager.task.retry.jitter = 0.2
kafka-1-1  | 2026-09-25T22:48:48.015449208Z 	remote.log.manager.thread.pool.size = 2
kafka-1-1  | 2026-09-25T22:48:48.015452563Z 	remote.log.metadata.custom.metadata.max.bytes = 128
kafka-1-1  | 2026-09-25T22:48:48.015455078Z 	remote.log.metadata.manager.class.name = org.apache.kafka.server.log.remote.metadata.storage.TopicBasedRemoteLogMetadataManager
kafka-1-1  | 2026-09-25T22:48:48.015457963Z 	remote.log.metadata.manager.class.path = null
kafka-1-1  | 2026-09-25T22:48:48.015460693Z 	remote.log.metadata.manager.impl.prefix = rlmm.config.
kafka-1-1  | 2026-09-25T22:48:48.015463552Z 	remote.log.metadata.manager.listener.name = null
kafka-1-1  | 2026-09-25T22:48:48.015466366Z 	remote.log.reader.max.pending.tasks = 100
kafka-1-1  | 2026-09-25T22:48:48.015468880Z 	remote.log.reader.threads = 10
kafka-1-1  | 2026-09-25T22:48:48.015471919Z 	remote.log.storage.manager.class.name = null
kafka-1-1  | 2026-09-25T22:48:48.015475745Z 	remote.log.storage.manager.class.path = null
kafka-1-1  | 2026-09-25T22:48:48.015478444Z 	remote.log.storage.manager.impl.prefix = rsm.config.
kafka-1-1  | 2026-09-25T22:48:48.015481136Z 	remote.log.storage.system.enable = false
kafka-1-1  | 2026-09-25T22:48:48.015483798Z 	replica.fetch.backoff.ms = 1000
kafka-1-1  | 2026-09-25T22:48:48.015486542Z 	replica.fetch.max.bytes = 1048576
kafka-1-1  | 2026-09-25T22:48:48.015489320Z 	replica.fetch.min.bytes = 1
kafka-1-1  | 2026-09-25T22:48:48.015492024Z 	replica.fetch.response.max.bytes = 10485760
kafka-1-1  | 2026-09-25T22:48:48.015494543Z 	replica.fetch.wait.max.ms = 500
kafka-1-1  | 2026-09-25T22:48:48.015497386Z 	replica.high.watermark.checkpoint.interval.ms = 5000
kafka-1-1  | 2026-09-25T22:48:48.015500041Z 	replica.lag.time.max.ms = 30000
kafka-1-1  | 2026-09-25T22:48:48.015502732Z 	replica.selector.class = null
kafka-1-1  | 2026-09-25T22:48:48.015505440Z 	replica.socket.receive.buffer.bytes = 65536
kafka-1-1  | 2026-09-25T22:48:48.015508325Z 	replica.socket.timeout.ms = 30000
kafka-1-1  | 2026-09-25T22:48:48.015514353Z 	replication.quota.window.num = 11
kafka-1-1  | 2026-09-25T22:48:48.015517136Z 	replication.quota.window.size.seconds = 1
kafka-1-1  | 2026-09-25T22:48:48.015519834Z 	request.timeout.ms = 30000
kafka-1-1  | 2026-09-25T22:48:48.015522494Z 	sasl.client.callback.handler.class = null
kafka-1-1  | 2026-09-25T22:48:48.015525750Z 	sasl.enabled.mechanisms = [GSSAPI]
kafka-1-1  | 2026-09-25T22:48:48.015528714Z 	sasl.jaas.config = null
kafka-1-1  | 2026-09-25T22:48:48.015531640Z 	sasl.kerberos.kinit.cmd = /usr/bin/kinit
kafka-1-1  | 2026-09-25T22:48:48.015534865Z 	sasl.kerberos.min.time.before.relogin = 60000
kafka-1-1  | 2026-09-25T22:48:48.015537711Z 	sasl.kerberos.principal.to.local.rules = [DEFAULT]
kafka-1-1  | 2026-09-25T22:48:48.015545057Z 	sasl.kerberos.service.name = null
kafka-1-1  | 2026-09-25T22:48:48.015548148Z 	sasl.kerberos.ticket.renew.jitter = 0.05
kafka-1-1  | 2026-09-25T22:48:48.015551327Z 	sasl.kerberos.ticket.renew.window.factor = 0.8
kafka-1-1  | 2026-09-25T22:48:48.015554370Z 	sasl.login.callback.handler.class = null
kafka-1-1  | 2026-09-25T22:48:48.015557743Z 	sasl.login.class = null
kafka-1-1  | 2026-09-25T22:48:48.015576883Z 	sasl.login.connect.timeout.ms = null
kafka-1-1  | 2026-09-25T22:48:48.015580892Z 	sasl.login.read.timeout.ms = null
kafka-1-1  | 2026-09-25T22:48:48.015583547Z 	sasl.login.refresh.buffer.seconds = 300
kafka-1-1  | 2026-09-25T22:48:48.015586102Z 	sasl.login.refresh.min.period.seconds = 60
kafka-1-1  | 2026-09-25T22:48:48.015589125Z 	sasl.login.refresh.window.factor = 0.8
kafka-1-1  | 2026-09-25T22:48:48.015591666Z 	sasl.login.refresh.window.jitter = 0.05
kafka-1-1  | 2026-09-25T22:48:48.015594590Z 	sasl.login.retry.backoff.max.ms = 10000
kafka-1-1  | 2026-09-25T22:48:48.015597408Z 	sasl.login.retry.backoff.ms = 100
kafka-1-1  | 2026-09-25T22:48:48.015600338Z 	sasl.mechanism.controller.protocol = GSSAPI
kafka-1-1  | 2026-09-25T22:48:48.015603156Z 	sasl.mechanism.inter.broker.protocol = GSSAPI
kafka-1-1  | 2026-09-25T22:48:48.015605957Z 	sasl.oauthbearer.clock.skew.seconds = 30
kafka-1-1  | 2026-09-25T22:48:48.015608624Z 	sasl.oauthbearer.expected.audience = null
kafka-1-1  | 2026-09-25T22:48:48.015611654Z 	sasl.oauthbearer.expected.issuer = null
kafka-1-1  | 2026-09-25T22:48:48.015614886Z 	sasl.oauthbearer.jwks.endpoint.refresh.ms = 3600000
kafka-1-1  | 2026-09-25T22:48:48.015617969Z 	sasl.oauthbearer.jwks.endpoint.retry.backoff.max.ms = 10000
kafka-1-1  | 2026-09-25T22:48:48.015620548Z 	sasl.oauthbearer.jwks.endpoint.retry.backoff.ms = 100
kafka-1-1  | 2026-09-25T22:48:48.015623325Z 	sasl.oauthbearer.jwks.endpoint.url = null
kafka-1-1  | 2026-09-25T22:48:48.015626215Z 	sasl.oauthbearer.scope.claim.name = scope
kafka-1-1  | 2026-09-25T22:48:48.015629108Z 	sasl.oauthbearer.sub.claim.name = sub
kafka-1-1  | 2026-09-25T22:48:48.015631769Z 	sasl.oauthbearer.token.endpoint.url = null
kafka-1-1  | 2026-09-25T22:48:48.015634473Z 	sasl.server.callback.handler.class = null
kafka-1-1  | 2026-09-25T22:48:48.015641682Z 	sasl.server.max.receive.size = 524288
kafka-1-1  | 2026-09-25T22:48:48.015644450Z 	security.inter.broker.protocol = PLAINTEXT
kafka-1-1  | 2026-09-25T22:48:48.015648444Z 	security.providers = null
kafka-1-1  | 2026-09-25T22:48:48.015651471Z 	server.max.startup.time.ms = 9223372036854775807
kafka-1-1  | 2026-09-25T22:48:48.015654217Z 	share.coordinator.append.linger.ms = 10
kafka-1-1  | 2026-09-25T22:48:48.015657699Z 	share.coordinator.load.buffer.size = 5242880
kafka-1-1  | 2026-09-25T22:48:48.015660461Z 	share.coordinator.snapshot.update.records.per.snapshot = 500
kafka-1-1  | 2026-09-25T22:48:48.015663286Z 	share.coordinator.state.topic.compression.codec = 0
kafka-1-1  | 2026-09-25T22:48:48.015666172Z 	share.coordinator.state.topic.min.isr = 2
kafka-1-1  | 2026-09-25T22:48:48.015668791Z 	share.coordinator.state.topic.num.partitions = 50
kafka-1-1  | 2026-09-25T22:48:48.015671674Z 	share.coordinator.state.topic.prune.interval.ms = 300000
kafka-1-1  | 2026-09-25T22:48:48.015674547Z 	share.coordinator.state.topic.replication.factor = 3
kafka-1-1  | 2026-09-25T22:48:48.015678736Z 	share.coordinator.state.topic.segment.bytes = 104857600
kafka-1-1  | 2026-09-25T22:48:48.015681896Z 	share.coordinator.threads = 1
kafka-1-1  | 2026-09-25T22:48:48.015684506Z 	share.coordinator.write.timeout.ms = 5000
kafka-1-1  | 2026-09-25T22:48:48.015686962Z 	share.fetch.max.fetch.records = 2147483647
kafka-1-1  | 2026-09-25T22:48:48.015689660Z 	share.fetch.purgatory.purge.interval.requests = 1000
kafka-1-1  | 2026-09-25T22:48:48.015692708Z 	socket.connection.setup.timeout.max.ms = 30000
kafka-1-1  | 2026-09-25T22:48:48.015695733Z 	socket.connection.setup.timeout.ms = 10000
kafka-1-1  | 2026-09-25T22:48:48.015698647Z 	socket.listen.backlog.size = 50
kafka-1-1  | 2026-09-25T22:48:48.015701445Z 	socket.receive.buffer.bytes = 102400
kafka-1-1  | 2026-09-25T22:48:48.015704514Z 	socket.request.max.bytes = 104857600
kafka-1-1  | 2026-09-25T22:48:48.015707757Z 	socket.send.buffer.bytes = 102400
kafka-1-1  | 2026-09-25T22:48:48.015710479Z 	ssl.allow.dn.changes = false
kafka-1-1  | 2026-09-25T22:48:48.015713541Z 	ssl.allow.san.changes = false
kafka-1-1  | 2026-09-25T22:48:48.015717266Z 	ssl.cipher.suites = []
kafka-1-1  | 2026-09-25T22:48:48.015720534Z 	ssl.client.auth = none
kafka-1-1  | 2026-09-25T22:48:48.015723296Z 	ssl.enabled.protocols = [TLSv1.2, TLSv1.3]
kafka-1-1  | 2026-09-25T22:48:48.015726176Z 	ssl.endpoint.identification.algorithm = https
kafka-1-1  | 2026-09-25T22:48:48.015728825Z 	ssl.engine.factory.class = null
kafka-1-1  | 2026-09-25T22:48:48.015731764Z 	ssl.key.password = null
kafka-1-1  | 2026-09-25T22:48:48.015734443Z 	ssl.keymanager.algorithm = SunX509
kafka-1-1  | 2026-09-25T22:48:48.015737050Z 	ssl.keystore.certificate.chain = null
kafka-1-1  | 2026-09-25T22:48:48.015740187Z 	ssl.keystore.key = null
kafka-1-1  | 2026-09-25T22:48:48.015742995Z 	ssl.keystore.location = null
kafka-1-1  | 2026-09-25T22:48:48.015751155Z 	ssl.keystore.password = null
kafka-1-1  | 2026-09-25T22:48:48.015754764Z 	ssl.keystore.type = JKS
kafka-1-1  | 2026-09-25T22:48:48.015757668Z 	ssl.principal.mapping.rules = DEFAULT
kafka-1-1  | 2026-09-25T22:48:48.015760479Z 	ssl.protocol = TLSv1.3
kafka-1-1  | 2026-09-25T22:48:48.015763247Z 	ssl.provider = null
kafka-1-1  | 2026-09-25T22:48:48.015765671Z 	ssl.secure.random.implementation = null
kafka-1-1  | 2026-09-25T22:48:48.015768696Z 	ssl.trustmanager.algorithm = PKIX
kafka-1-1  | 2026-09-25T22:48:48.015771494Z 	ssl.truststore.certificates = null
kafka-1-1  | 2026-09-25T22:48:48.015774450Z 	ssl.truststore.location = null
kafka-1-1  | 2026-09-25T22:48:48.015777195Z 	ssl.truststore.password = null
kafka-1-1  | 2026-09-25T22:48:48.015780073Z 	ssl.truststore.type = JKS
kafka-1-1  | 2026-09-25T22:48:48.015783229Z 	telemetry.max.bytes = 1048576
kafka-1-1  | 2026-09-25T22:48:48.015785974Z 	transaction.abort.timed.out.transaction.cleanup.interval.ms = 10000
kafka-1-1  | 2026-09-25T22:48:48.015788716Z 	transaction.max.timeout.ms = 900000
kafka-1-1  | 2026-09-25T22:48:48.015791370Z 	transaction.partition.verification.enable = true
kafka-1-1  | 2026-09-25T22:48:48.015793970Z 	transaction.remove.expired.transaction.cleanup.interval.ms = 3600000
kafka-1-1  | 2026-09-25T22:48:48.015796999Z 	transaction.state.log.load.buffer.size = 5242880
kafka-1-1  | 2026-09-25T22:48:48.015799995Z 	transaction.state.log.min.isr = 2
kafka-1-1  | 2026-09-25T22:48:48.015804300Z 	transaction.state.log.num.partitions = 50
kafka-1-1  | 2026-09-25T22:48:48.015807565Z 	transaction.state.log.replication.factor = 3
kafka-1-1  | 2026-09-25T22:48:48.015810102Z 	transaction.state.log.segment.bytes = 104857600
kafka-1-1  | 2026-09-25T22:48:48.015812913Z 	transactional.id.expiration.ms = 604800000
kafka-1-1  | 2026-09-25T22:48:48.015815414Z 	unclean.leader.election.enable = false
kafka-1-1  | 2026-09-25T22:48:48.015818332Z 	unclean.leader.election.interval.ms = 300000
kafka-1-1  | 2026-09-25T22:48:48.015821961Z 	unstable.api.versions.enable = false
kafka-1-1  | 2026-09-25T22:48:48.015825040Z 	unstable.feature.versions.enable = false
kafka-1-1  | 2026-09-25T22:48:48.015828218Z  (org.apache.kafka.common.config.AbstractConfig)
kafka-1-1  | 2026-09-25T22:48:48.021795688Z [2026-09-25 22:48:48,019] INFO [BrokerServer id=1] Waiting for the broker to be unfenced (kafka.server.BrokerServer)
kafka-1-1  | 2026-09-25T22:48:48.023862674Z [2026-09-25 22:48:48,023] INFO [BrokerLifecycleManager id=1] The broker is in RECOVERY. (kafka.server.BrokerLifecycleManager)
kafka-1-1  | 2026-09-25T22:48:48.115959575Z [2026-09-25 22:48:48,115] INFO [BrokerLifecycleManager id=1] The broker has been unfenced. Transitioning from RECOVERY to RUNNING. (kafka.server.BrokerLifecycleManager)
kafka-1-1  | 2026-09-25T22:48:48.116564945Z [2026-09-25 22:48:48,116] INFO [BrokerServer id=1] Finished waiting for the broker to be unfenced (kafka.server.BrokerServer)
kafka-1-1  | 2026-09-25T22:48:48.119353975Z [2026-09-25 22:48:48,118] INFO authorizerStart completed for endpoint PLAINTEXT. Endpoint is now READY. (org.apache.kafka.server.network.EndpointReadyFutures)
kafka-1-1  | 2026-09-25T22:48:48.119948546Z [2026-09-25 22:48:48,119] INFO [SocketServer listenerType=BROKER, nodeId=1] Enabling request processing. (kafka.network.SocketServer)
kafka-1-1  | 2026-09-25T22:48:48.121634551Z [2026-09-25 22:48:48,121] INFO Awaiting socket connections on 0.0.0.0:9092. (kafka.network.DataPlaneAcceptor)
kafka-1-1  | 2026-09-25T22:48:48.134202469Z [2026-09-25 22:48:48,133] INFO [BrokerServer id=1] Waiting for all of the authorizer futures to be completed (kafka.server.BrokerServer)
kafka-1-1  | 2026-09-25T22:48:48.134398717Z [2026-09-25 22:48:48,134] INFO [BrokerServer id=1] Finished waiting for all of the authorizer futures to be completed (kafka.server.BrokerServer)
kafka-1-1  | 2026-09-25T22:48:48.134757942Z [2026-09-25 22:48:48,134] INFO [BrokerServer id=1] Waiting for all of the SocketServer Acceptors to be started (kafka.server.BrokerServer)
kafka-1-1  | 2026-09-25T22:48:48.135020079Z [2026-09-25 22:48:48,134] INFO [BrokerServer id=1] Finished waiting for all of the SocketServer Acceptors to be started (kafka.server.BrokerServer)
kafka-1-1  | 2026-09-25T22:48:48.135307754Z [2026-09-25 22:48:48,134] INFO [BrokerServer id=1] Transition from STARTING to STARTED (kafka.server.BrokerServer)
kafka-1-1  | 2026-09-25T22:48:48.137938313Z [2026-09-25 22:48:48,137] INFO Kafka version: 4.0.0 (org.apache.kafka.common.utils.AppInfoParser)
kafka-1-1  | 2026-09-25T22:48:48.137971048Z [2026-09-25 22:48:48,137] INFO Kafka commitId: 985bc99521dd22bb (org.apache.kafka.common.utils.AppInfoParser)
kafka-1-1  | 2026-09-25T22:48:48.138523207Z [2026-09-25 22:48:48,138] INFO Kafka startTimeMs: 1790376528135 (org.apache.kafka.common.utils.AppInfoParser)
kafka-1-1  | 2026-09-25T22:48:48.149722954Z [2026-09-25 22:48:48,149] INFO [KafkaRaftServer nodeId=1] Kafka Server started (kafka.server.KafkaRaftServer)
kafka-1-1  | 2026-09-25T22:48:52.272795786Z [2026-09-25 22:48:52,272] INFO [ReplicaFetcherManager on broker 1] Removed fetcher for partitions Set(dados-sensores-4, dados-sensores-2) (kafka.server.ReplicaFetcherManager)
kafka-1-1  | 2026-09-25T22:48:52.295455029Z [2026-09-25 22:48:52,294] INFO [LogLoader partition=dados-sensores-4, dir=/var/lib/kafka/data] Loading producer state till offset 0 (org.apache.kafka.storage.internals.log.UnifiedLog)
kafka-1-1  | 2026-09-25T22:48:52.304570540Z [2026-09-25 22:48:52,303] INFO Created log for partition dados-sensores-4 in /var/lib/kafka/data/dados-sensores-4 with properties {min.insync.replicas=2} (kafka.log.LogManager)
kafka-1-1  | 2026-09-25T22:48:52.307389326Z [2026-09-25 22:48:52,306] INFO [Partition dados-sensores-4 broker=1] No checkpointed highwatermark is found for partition dados-sensores-4 (kafka.cluster.Partition)
kafka-1-1  | 2026-09-25T22:48:52.311271805Z [2026-09-25 22:48:52,310] INFO [Partition dados-sensores-4 broker=1] Log loaded for partition dados-sensores-4 with initial high watermark 0 (kafka.cluster.Partition)
kafka-1-1  | 2026-09-25T22:48:52.336604394Z [2026-09-25 22:48:52,335] INFO [LogLoader partition=dados-sensores-2, dir=/var/lib/kafka/data] Loading producer state till offset 0 (org.apache.kafka.storage.internals.log.UnifiedLog)
kafka-1-1  | 2026-09-25T22:48:52.339646325Z [2026-09-25 22:48:52,339] INFO Created log for partition dados-sensores-2 in /var/lib/kafka/data/dados-sensores-2 with properties {min.insync.replicas=2} (kafka.log.LogManager)
kafka-1-1  | 2026-09-25T22:48:52.340454827Z [2026-09-25 22:48:52,339] INFO [Partition dados-sensores-2 broker=1] No checkpointed highwatermark is found for partition dados-sensores-2 (kafka.cluster.Partition)
kafka-1-1  | 2026-09-25T22:48:52.341514480Z [2026-09-25 22:48:52,340] INFO [Partition dados-sensores-2 broker=1] Log loaded for partition dados-sensores-2 with initial high watermark 0 (kafka.cluster.Partition)
kafka-1-1  | 2026-09-25T22:48:52.371177351Z [2026-09-25 22:48:52,370] INFO [LogLoader partition=dados-sensores-5, dir=/var/lib/kafka/data] Loading producer state till offset 0 (org.apache.kafka.storage.internals.log.UnifiedLog)
kafka-1-1  | 2026-09-25T22:48:52.373165295Z [2026-09-25 22:48:52,372] INFO Created log for partition dados-sensores-5 in /var/lib/kafka/data/dados-sensores-5 with properties {min.insync.replicas=2} (kafka.log.LogManager)
kafka-1-1  | 2026-09-25T22:48:52.374161143Z [2026-09-25 22:48:52,373] INFO [Partition dados-sensores-5 broker=1] No checkpointed highwatermark is found for partition dados-sensores-5 (kafka.cluster.Partition)
kafka-1-1  | 2026-09-25T22:48:52.374185871Z [2026-09-25 22:48:52,374] INFO [Partition dados-sensores-5 broker=1] Log loaded for partition dados-sensores-5 with initial high watermark 0 (kafka.cluster.Partition)
kafka-1-1  | 2026-09-25T22:48:52.383167872Z [2026-09-25 22:48:52,382] INFO [LogLoader partition=dados-sensores-1, dir=/var/lib/kafka/data] Loading producer state till offset 0 (org.apache.kafka.storage.internals.log.UnifiedLog)
kafka-1-1  | 2026-09-25T22:48:52.384996739Z [2026-09-25 22:48:52,384] INFO Created log for partition dados-sensores-1 in /var/lib/kafka/data/dados-sensores-1 with properties {min.insync.replicas=2} (kafka.log.LogManager)
kafka-1-1  | 2026-09-25T22:48:52.385809094Z [2026-09-25 22:48:52,385] INFO [Partition dados-sensores-1 broker=1] No checkpointed highwatermark is found for partition dados-sensores-1 (kafka.cluster.Partition)
kafka-1-1  | 2026-09-25T22:48:52.387648191Z [2026-09-25 22:48:52,387] INFO [Partition dados-sensores-1 broker=1] Log loaded for partition dados-sensores-1 with initial high watermark 0 (kafka.cluster.Partition)
kafka-1-1  | 2026-09-25T22:48:52.404914836Z [2026-09-25 22:48:52,398] INFO [LogLoader partition=dados-sensores-0, dir=/var/lib/kafka/data] Loading producer state till offset 0 (org.apache.kafka.storage.internals.log.UnifiedLog)
kafka-1-1  | 2026-09-25T22:48:52.404978559Z [2026-09-25 22:48:52,401] INFO Created log for partition dados-sensores-0 in /var/lib/kafka/data/dados-sensores-0 with properties {min.insync.replicas=2} (kafka.log.LogManager)
kafka-1-1  | 2026-09-25T22:48:52.404984220Z [2026-09-25 22:48:52,401] INFO [Partition dados-sensores-0 broker=1] No checkpointed highwatermark is found for partition dados-sensores-0 (kafka.cluster.Partition)
kafka-1-1  | 2026-09-25T22:48:52.405393449Z [2026-09-25 22:48:52,402] INFO [Partition dados-sensores-0 broker=1] Log loaded for partition dados-sensores-0 with initial high watermark 0 (kafka.cluster.Partition)
kafka-1-1  | 2026-09-25T22:48:52.424934046Z [2026-09-25 22:48:52,424] INFO [LogLoader partition=dados-sensores-3, dir=/var/lib/kafka/data] Loading producer state till offset 0 (org.apache.kafka.storage.internals.log.UnifiedLog)
kafka-1-1  | 2026-09-25T22:48:52.428615474Z [2026-09-25 22:48:52,426] INFO Created log for partition dados-sensores-3 in /var/lib/kafka/data/dados-sensores-3 with properties {min.insync.replicas=2} (kafka.log.LogManager)
kafka-1-1  | 2026-09-25T22:48:52.428655253Z [2026-09-25 22:48:52,427] INFO [Partition dados-sensores-3 broker=1] No checkpointed highwatermark is found for partition dados-sensores-3 (kafka.cluster.Partition)
kafka-1-1  | 2026-09-25T22:48:52.430045572Z [2026-09-25 22:48:52,427] INFO [Partition dados-sensores-3 broker=1] Log loaded for partition dados-sensores-3 with initial high watermark 0 (kafka.cluster.Partition)
kafka-1-1  | 2026-09-25T22:48:52.430120936Z [2026-09-25 22:48:52,429] INFO [ReplicaFetcherManager on broker 1] Removed fetcher for partitions Set(dados-sensores-5, dados-sensores-1, dados-sensores-0, dados-sensores-3) (kafka.server.ReplicaFetcherManager)
kafka-1-1  | 2026-09-25T22:48:52.498045715Z [2026-09-25 22:48:52,497] INFO [ReplicaFetcherThread-0-2]: Starting (kafka.server.ReplicaFetcherThread)
kafka-1-1  | 2026-09-25T22:48:52.512961542Z [2026-09-25 22:48:52,512] INFO [ReplicaFetcherManager on broker 1] Added fetcher to broker 2 for partitions HashMap(dados-sensores-5 -> InitialFetchState(Some(bpNag2Q4SrSHzixJwrCS8Q),BrokerEndPoint(id=2, host=kafka-2:9092),0,0), dados-sensores-0 -> InitialFetchState(Some(bpNag2Q4SrSHzixJwrCS8Q),BrokerEndPoint(id=2, host=kafka-2:9092),0,0)) (kafka.server.ReplicaFetcherManager)
kafka-1-1  | 2026-09-25T22:48:52.522146826Z [2026-09-25 22:48:52,520] INFO [ReplicaFetcherThread-0-3]: Starting (kafka.server.ReplicaFetcherThread)
kafka-1-1  | 2026-09-25T22:48:52.523060309Z [2026-09-25 22:48:52,521] INFO [ReplicaFetcherManager on broker 1] Added fetcher to broker 3 for partitions HashMap(dados-sensores-1 -> InitialFetchState(Some(bpNag2Q4SrSHzixJwrCS8Q),BrokerEndPoint(id=3, host=kafka-3:9092),0,0), dados-sensores-3 -> InitialFetchState(Some(bpNag2Q4SrSHzixJwrCS8Q),BrokerEndPoint(id=3, host=kafka-3:9092),0,0)) (kafka.server.ReplicaFetcherManager)
kafka-1-1  | 2026-09-25T22:48:52.523282536Z [2026-09-25 22:48:52,522] INFO [ReplicaFetcher replicaId=1, leaderId=3, fetcherId=0] Truncating partition dados-sensores-1 with TruncationState(offset=0, completed=true) due to local high watermark 0 (kafka.server.ReplicaFetcherThread)
kafka-1-1  | 2026-09-25T22:48:52.523790685Z [2026-09-25 22:48:52,523] INFO [ReplicaFetcher replicaId=1, leaderId=2, fetcherId=0] Truncating partition dados-sensores-5 with TruncationState(offset=0, completed=true) due to local high watermark 0 (kafka.server.ReplicaFetcherThread)
kafka-1-1  | 2026-09-25T22:48:52.535556193Z [2026-09-25 22:48:52,534] INFO [UnifiedLog partition=dados-sensores-5, dir=/var/lib/kafka/data] Truncating to 0 has no effect as the largest offset in the log is -1 (kafka.log.UnifiedLog)
kafka-1-1  | 2026-09-25T22:48:52.536691667Z [2026-09-25 22:48:52,534] INFO [UnifiedLog partition=dados-sensores-1, dir=/var/lib/kafka/data] Truncating to 0 has no effect as the largest offset in the log is -1 (kafka.log.UnifiedLog)
kafka-1-1  | 2026-09-25T22:48:52.540146622Z [2026-09-25 22:48:52,539] INFO [ReplicaFetcher replicaId=1, leaderId=3, fetcherId=0] Truncating partition dados-sensores-3 with TruncationState(offset=0, completed=true) due to local high watermark 0 (kafka.server.ReplicaFetcherThread)
kafka-1-1  | 2026-09-25T22:48:52.540174618Z [2026-09-25 22:48:52,539] INFO [ReplicaFetcher replicaId=1, leaderId=2, fetcherId=0] Truncating partition dados-sensores-0 with TruncationState(offset=0, completed=true) due to local high watermark 0 (kafka.server.ReplicaFetcherThread)
kafka-1-1  | 2026-09-25T22:48:52.541990598Z [2026-09-25 22:48:52,541] INFO [UnifiedLog partition=dados-sensores-3, dir=/var/lib/kafka/data] Truncating to 0 has no effect as the largest offset in the log is -1 (kafka.log.UnifiedLog)
kafka-1-1  | 2026-09-25T22:48:52.542029701Z [2026-09-25 22:48:52,541] INFO [UnifiedLog partition=dados-sensores-0, dir=/var/lib/kafka/data] Truncating to 0 has no effect as the largest offset in the log is -1 (kafka.log.UnifiedLog)
kafka-1-1  | 2026-09-25T22:48:52.574227085Z [2026-09-25 22:48:52,573] INFO [DynamicConfigPublisher broker id=1] Updating topic dados-sensores with new configuration : min.insync.replicas -> 2 (kafka.server.metadata.DynamicConfigPublisher)
kafka-1-1  | 2026-09-25T22:48:56.087790481Z [2026-09-25 22:48:56,087] INFO [ReplicaFetcherManager on broker 1] Removed fetcher for partitions Set(__consumer_offsets-47, __consumer_offsets-48, __consumer_offsets-11, __consumer_offsets-43, __consumer_offsets-12, __consumer_offsets-24, __consumer_offsets-21, __consumer_offsets-17, __consumer_offsets-18, __consumer_offsets-31, __consumer_offsets-0, __consumer_offsets-29, __consumer_offsets-7, __consumer_offsets-40, __consumer_offsets-37, __consumer_offsets-3, __consumer_offsets-35) (kafka.server.ReplicaFetcherManager)
kafka-1-1  | 2026-09-25T22:48:56.091257545Z [2026-09-25 22:48:56,090] INFO [LogLoader partition=__consumer_offsets-47, dir=/var/lib/kafka/data] Loading producer state till offset 0 (org.apache.kafka.storage.internals.log.UnifiedLog)
kafka-1-1  | 2026-09-25T22:48:56.092101245Z [2026-09-25 22:48:56,091] INFO Created log for partition __consumer_offsets-47 in /var/lib/kafka/data/__consumer_offsets-47 with properties {cleanup.policy=compact, compression.type="producer", segment.bytes=104857600} (kafka.log.LogManager)
kafka-1-1  | 2026-09-25T22:48:56.092829372Z [2026-09-25 22:48:56,092] INFO [Partition __consumer_offsets-47 broker=1] No checkpointed highwatermark is found for partition __consumer_offsets-47 (kafka.cluster.Partition)
kafka-1-1  | 2026-09-25T22:48:56.093098566Z [2026-09-25 22:48:56,092] INFO [Partition __consumer_offsets-47 broker=1] Log loaded for partition __consumer_offsets-47 with initial high watermark 0 (kafka.cluster.Partition)
kafka-1-1  | 2026-09-25T22:48:56.109338432Z [2026-09-25 22:48:56,108] INFO [LogLoader partition=__consumer_offsets-48, dir=/var/lib/kafka/data] Loading producer state till offset 0 (org.apache.kafka.storage.internals.log.UnifiedLog)
kafka-1-1  | 2026-09-25T22:48:56.113670504Z [2026-09-25 22:48:56,112] INFO Created log for partition __consumer_offsets-48 in /var/lib/kafka/data/__consumer_offsets-48 with properties {cleanup.policy=compact, compression.type="producer", segment.bytes=104857600} (kafka.log.LogManager)
kafka-1-1  | 2026-09-25T22:48:56.115547315Z [2026-09-25 22:48:56,114] INFO [Partition __consumer_offsets-48 broker=1] No checkpointed highwatermark is found for partition __consumer_offsets-48 (kafka.cluster.Partition)
kafka-1-1  | 2026-09-25T22:48:56.116492605Z [2026-09-25 22:48:56,115] INFO [Partition __consumer_offsets-48 broker=1] Log loaded for partition __consumer_offsets-48 with initial high watermark 0 (kafka.cluster.Partition)
kafka-1-1  | 2026-09-25T22:48:56.134210478Z [2026-09-25 22:48:56,133] INFO [LogLoader partition=__consumer_offsets-11, dir=/var/lib/kafka/data] Loading producer state till offset 0 (org.apache.kafka.storage.internals.log.UnifiedLog)
kafka-1-1  | 2026-09-25T22:48:56.135667338Z [2026-09-25 22:48:56,135] INFO Created log for partition __consumer_offsets-11 in /var/lib/kafka/data/__consumer_offsets-11 with properties {cleanup.policy=compact, compression.type="producer", segment.bytes=104857600} (kafka.log.LogManager)
kafka-1-1  | 2026-09-25T22:48:56.136944487Z [2026-09-25 22:48:56,136] INFO [Partition __consumer_offsets-11 broker=1] No checkpointed highwatermark is found for partition __consumer_offsets-11 (kafka.cluster.Partition)
kafka-1-1  | 2026-09-25T22:48:56.137155840Z [2026-09-25 22:48:56,136] INFO [Partition __consumer_offsets-11 broker=1] Log loaded for partition __consumer_offsets-11 with initial high watermark 0 (kafka.cluster.Partition)
kafka-1-1  | 2026-09-25T22:48:56.152508530Z [2026-09-25 22:48:56,151] INFO [LogLoader partition=__consumer_offsets-43, dir=/var/lib/kafka/data] Loading producer state till offset 0 (org.apache.kafka.storage.internals.log.UnifiedLog)
kafka-1-1  | 2026-09-25T22:48:56.154057880Z [2026-09-25 22:48:56,153] INFO Created log for partition __consumer_offsets-43 in /var/lib/kafka/data/__consumer_offsets-43 with properties {cleanup.policy=compact, compression.type="producer", segment.bytes=104857600} (kafka.log.LogManager)
kafka-1-1  | 2026-09-25T22:48:56.154320649Z [2026-09-25 22:48:56,154] INFO [Partition __consumer_offsets-43 broker=1] No checkpointed highwatermark is found for partition __consumer_offsets-43 (kafka.cluster.Partition)
kafka-1-1  | 2026-09-25T22:48:56.155526731Z [2026-09-25 22:48:56,154] INFO [Partition __consumer_offsets-43 broker=1] Log loaded for partition __consumer_offsets-43 with initial high watermark 0 (kafka.cluster.Partition)
kafka-1-1  | 2026-09-25T22:48:56.174106696Z [2026-09-25 22:48:56,173] INFO [LogLoader partition=__consumer_offsets-12, dir=/var/lib/kafka/data] Loading producer state till offset 0 (org.apache.kafka.storage.internals.log.UnifiedLog)
kafka-1-1  | 2026-09-25T22:48:56.175240485Z [2026-09-25 22:48:56,174] INFO Created log for partition __consumer_offsets-12 in /var/lib/kafka/data/__consumer_offsets-12 with properties {cleanup.policy=compact, compression.type="producer", segment.bytes=104857600} (kafka.log.LogManager)
kafka-1-1  | 2026-09-25T22:48:56.175640684Z [2026-09-25 22:48:56,175] INFO [Partition __consumer_offsets-12 broker=1] No checkpointed highwatermark is found for partition __consumer_offsets-12 (kafka.cluster.Partition)
kafka-1-1  | 2026-09-25T22:48:56.176670944Z [2026-09-25 22:48:56,175] INFO [Partition __consumer_offsets-12 broker=1] Log loaded for partition __consumer_offsets-12 with initial high watermark 0 (kafka.cluster.Partition)
kafka-1-1  | 2026-09-25T22:48:56.191040261Z [2026-09-25 22:48:56,190] INFO [LogLoader partition=__consumer_offsets-24, dir=/var/lib/kafka/data] Loading producer state till offset 0 (org.apache.kafka.storage.internals.log.UnifiedLog)
kafka-1-1  | 2026-09-25T22:48:56.192099185Z [2026-09-25 22:48:56,191] INFO Created log for partition __consumer_offsets-24 in /var/lib/kafka/data/__consumer_offsets-24 with properties {cleanup.policy=compact, compression.type="producer", segment.bytes=104857600} (kafka.log.LogManager)
kafka-1-1  | 2026-09-25T22:48:56.192503631Z [2026-09-25 22:48:56,192] INFO [Partition __consumer_offsets-24 broker=1] No checkpointed highwatermark is found for partition __consumer_offsets-24 (kafka.cluster.Partition)
kafka-1-1  | 2026-09-25T22:48:56.194306492Z [2026-09-25 22:48:56,193] INFO [Partition __consumer_offsets-24 broker=1] Log loaded for partition __consumer_offsets-24 with initial high watermark 0 (kafka.cluster.Partition)
kafka-1-1  | 2026-09-25T22:48:56.210912107Z [2026-09-25 22:48:56,210] INFO [LogLoader partition=__consumer_offsets-21, dir=/var/lib/kafka/data] Loading producer state till offset 0 (org.apache.kafka.storage.internals.log.UnifiedLog)
kafka-1-1  | 2026-09-25T22:48:56.212211748Z [2026-09-25 22:48:56,211] INFO Created log for partition __consumer_offsets-21 in /var/lib/kafka/data/__consumer_offsets-21 with properties {cleanup.policy=compact, compression.type="producer", segment.bytes=104857600} (kafka.log.LogManager)
kafka-1-1  | 2026-09-25T22:48:56.212608394Z [2026-09-25 22:48:56,212] INFO [Partition __consumer_offsets-21 broker=1] No checkpointed highwatermark is found for partition __consumer_offsets-21 (kafka.cluster.Partition)
kafka-1-1  | 2026-09-25T22:48:56.214071512Z [2026-09-25 22:48:56,212] INFO [Partition __consumer_offsets-21 broker=1] Log loaded for partition __consumer_offsets-21 with initial high watermark 0 (kafka.cluster.Partition)
kafka-1-1  | 2026-09-25T22:48:56.232935589Z [2026-09-25 22:48:56,232] INFO [LogLoader partition=__consumer_offsets-17, dir=/var/lib/kafka/data] Loading producer state till offset 0 (org.apache.kafka.storage.internals.log.UnifiedLog)
kafka-1-1  | 2026-09-25T22:48:56.234031001Z [2026-09-25 22:48:56,233] INFO Created log for partition __consumer_offsets-17 in /var/lib/kafka/data/__consumer_offsets-17 with properties {cleanup.policy=compact, compression.type="producer", segment.bytes=104857600} (kafka.log.LogManager)
kafka-1-1  | 2026-09-25T22:48:56.234315189Z [2026-09-25 22:48:56,234] INFO [Partition __consumer_offsets-17 broker=1] No checkpointed highwatermark is found for partition __consumer_offsets-17 (kafka.cluster.Partition)
kafka-1-1  | 2026-09-25T22:48:56.235703856Z [2026-09-25 22:48:56,234] INFO [Partition __consumer_offsets-17 broker=1] Log loaded for partition __consumer_offsets-17 with initial high watermark 0 (kafka.cluster.Partition)
kafka-1-1  | 2026-09-25T22:48:56.260625706Z [2026-09-25 22:48:56,260] INFO [LogLoader partition=__consumer_offsets-18, dir=/var/lib/kafka/data] Loading producer state till offset 0 (org.apache.kafka.storage.internals.log.UnifiedLog)
kafka-1-1  | 2026-09-25T22:48:56.262605484Z [2026-09-25 22:48:56,262] INFO Created log for partition __consumer_offsets-18 in /var/lib/kafka/data/__consumer_offsets-18 with properties {cleanup.policy=compact, compression.type="producer", segment.bytes=104857600} (kafka.log.LogManager)
kafka-1-1  | 2026-09-25T22:48:56.263116778Z [2026-09-25 22:48:56,262] INFO [Partition __consumer_offsets-18 broker=1] No checkpointed highwatermark is found for partition __consumer_offsets-18 (kafka.cluster.Partition)
kafka-1-1  | 2026-09-25T22:48:56.265452999Z [2026-09-25 22:48:56,264] INFO [Partition __consumer_offsets-18 broker=1] Log loaded for partition __consumer_offsets-18 with initial high watermark 0 (kafka.cluster.Partition)
kafka-1-1  | 2026-09-25T22:48:56.316214756Z [2026-09-25 22:48:56,309] INFO [LogLoader partition=__consumer_offsets-31, dir=/var/lib/kafka/data] Loading producer state till offset 0 (org.apache.kafka.storage.internals.log.UnifiedLog)
kafka-1-1  | 2026-09-25T22:48:56.316358166Z [2026-09-25 22:48:56,313] INFO Created log for partition __consumer_offsets-31 in /var/lib/kafka/data/__consumer_offsets-31 with properties {cleanup.policy=compact, compression.type="producer", segment.bytes=104857600} (kafka.log.LogManager)
kafka-1-1  | 2026-09-25T22:48:56.316375654Z [2026-09-25 22:48:56,315] INFO [Partition __consumer_offsets-31 broker=1] No checkpointed highwatermark is found for partition __consumer_offsets-31 (kafka.cluster.Partition)
kafka-1-1  | 2026-09-25T22:48:56.316381866Z [2026-09-25 22:48:56,315] INFO [Partition __consumer_offsets-31 broker=1] Log loaded for partition __consumer_offsets-31 with initial high watermark 0 (kafka.cluster.Partition)
kafka-1-1  | 2026-09-25T22:48:56.347774834Z [2026-09-25 22:48:56,343] INFO [LogLoader partition=__consumer_offsets-0, dir=/var/lib/kafka/data] Loading producer state till offset 0 (org.apache.kafka.storage.internals.log.UnifiedLog)
kafka-1-1  | 2026-09-25T22:48:56.347809284Z [2026-09-25 22:48:56,345] INFO Created log for partition __consumer_offsets-0 in /var/lib/kafka/data/__consumer_offsets-0 with properties {cleanup.policy=compact, compression.type="producer", segment.bytes=104857600} (kafka.log.LogManager)
kafka-1-1  | 2026-09-25T22:48:56.347816899Z [2026-09-25 22:48:56,345] INFO [Partition __consumer_offsets-0 broker=1] No checkpointed highwatermark is found for partition __consumer_offsets-0 (kafka.cluster.Partition)
kafka-1-1  | 2026-09-25T22:48:56.347939398Z [2026-09-25 22:48:56,345] INFO [Partition __consumer_offsets-0 broker=1] Log loaded for partition __consumer_offsets-0 with initial high watermark 0 (kafka.cluster.Partition)
kafka-1-1  | 2026-09-25T22:48:56.372985565Z [2026-09-25 22:48:56,372] INFO [LogLoader partition=__consumer_offsets-29, dir=/var/lib/kafka/data] Loading producer state till offset 0 (org.apache.kafka.storage.internals.log.UnifiedLog)
kafka-1-1  | 2026-09-25T22:48:56.374472817Z [2026-09-25 22:48:56,373] INFO Created log for partition __consumer_offsets-29 in /var/lib/kafka/data/__consumer_offsets-29 with properties {cleanup.policy=compact, compression.type="producer", segment.bytes=104857600} (kafka.log.LogManager)
kafka-1-1  | 2026-09-25T22:48:56.374500388Z [2026-09-25 22:48:56,374] INFO [Partition __consumer_offsets-29 broker=1] No checkpointed highwatermark is found for partition __consumer_offsets-29 (kafka.cluster.Partition)
kafka-1-1  | 2026-09-25T22:48:56.375056073Z [2026-09-25 22:48:56,374] INFO [Partition __consumer_offsets-29 broker=1] Log loaded for partition __consumer_offsets-29 with initial high watermark 0 (kafka.cluster.Partition)
kafka-1-1  | 2026-09-25T22:48:56.410795114Z [2026-09-25 22:48:56,403] INFO [LogLoader partition=__consumer_offsets-7, dir=/var/lib/kafka/data] Loading producer state till offset 0 (org.apache.kafka.storage.internals.log.UnifiedLog)
kafka-1-1  | 2026-09-25T22:48:56.410850156Z [2026-09-25 22:48:56,406] INFO Created log for partition __consumer_offsets-7 in /var/lib/kafka/data/__consumer_offsets-7 with properties {cleanup.policy=compact, compression.type="producer", segment.bytes=104857600} (kafka.log.LogManager)
kafka-1-1  | 2026-09-25T22:48:56.410857615Z [2026-09-25 22:48:56,406] INFO [Partition __consumer_offsets-7 broker=1] No checkpointed highwatermark is found for partition __consumer_offsets-7 (kafka.cluster.Partition)
kafka-1-1  | 2026-09-25T22:48:56.410862747Z [2026-09-25 22:48:56,408] INFO [Partition __consumer_offsets-7 broker=1] Log loaded for partition __consumer_offsets-7 with initial high watermark 0 (kafka.cluster.Partition)
kafka-1-1  | 2026-09-25T22:48:56.444915229Z [2026-09-25 22:48:56,443] INFO [LogLoader partition=__consumer_offsets-40, dir=/var/lib/kafka/data] Loading producer state till offset 0 (org.apache.kafka.storage.internals.log.UnifiedLog)
kafka-1-1  | 2026-09-25T22:48:56.446659192Z [2026-09-25 22:48:56,446] INFO Created log for partition __consumer_offsets-40 in /var/lib/kafka/data/__consumer_offsets-40 with properties {cleanup.policy=compact, compression.type="producer", segment.bytes=104857600} (kafka.log.LogManager)
kafka-1-1  | 2026-09-25T22:48:56.448259387Z [2026-09-25 22:48:56,447] INFO [Partition __consumer_offsets-40 broker=1] No checkpointed highwatermark is found for partition __consumer_offsets-40 (kafka.cluster.Partition)
kafka-1-1  | 2026-09-25T22:48:56.448646954Z [2026-09-25 22:48:56,448] INFO [Partition __consumer_offsets-40 broker=1] Log loaded for partition __consumer_offsets-40 with initial high watermark 0 (kafka.cluster.Partition)
kafka-1-1  | 2026-09-25T22:48:56.476703163Z [2026-09-25 22:48:56,476] INFO [LogLoader partition=__consumer_offsets-37, dir=/var/lib/kafka/data] Loading producer state till offset 0 (org.apache.kafka.storage.internals.log.UnifiedLog)
kafka-1-1  | 2026-09-25T22:48:56.486084794Z [2026-09-25 22:48:56,484] INFO Created log for partition __consumer_offsets-37 in /var/lib/kafka/data/__consumer_offsets-37 with properties {cleanup.policy=compact, compression.type="producer", segment.bytes=104857600} (kafka.log.LogManager)
kafka-1-1  | 2026-09-25T22:48:56.486358212Z [2026-09-25 22:48:56,485] INFO [Partition __consumer_offsets-37 broker=1] No checkpointed highwatermark is found for partition __consumer_offsets-37 (kafka.cluster.Partition)
kafka-1-1  | 2026-09-25T22:48:56.486366809Z [2026-09-25 22:48:56,485] INFO [Partition __consumer_offsets-37 broker=1] Log loaded for partition __consumer_offsets-37 with initial high watermark 0 (kafka.cluster.Partition)
kafka-1-1  | 2026-09-25T22:48:56.545021095Z [2026-09-25 22:48:56,543] INFO [LogLoader partition=__consumer_offsets-3, dir=/var/lib/kafka/data] Loading producer state till offset 0 (org.apache.kafka.storage.internals.log.UnifiedLog)
kafka-1-1  | 2026-09-25T22:48:56.549689753Z [2026-09-25 22:48:56,549] INFO Created log for partition __consumer_offsets-3 in /var/lib/kafka/data/__consumer_offsets-3 with properties {cleanup.policy=compact, compression.type="producer", segment.bytes=104857600} (kafka.log.LogManager)
kafka-1-1  | 2026-09-25T22:48:56.553031774Z [2026-09-25 22:48:56,552] INFO [Partition __consumer_offsets-3 broker=1] No checkpointed highwatermark is found for partition __consumer_offsets-3 (kafka.cluster.Partition)
kafka-1-1  | 2026-09-25T22:48:56.553074277Z [2026-09-25 22:48:56,552] INFO [Partition __consumer_offsets-3 broker=1] Log loaded for partition __consumer_offsets-3 with initial high watermark 0 (kafka.cluster.Partition)
kafka-1-1  | 2026-09-25T22:48:56.599717470Z [2026-09-25 22:48:56,598] INFO [LogLoader partition=__consumer_offsets-35, dir=/var/lib/kafka/data] Loading producer state till offset 0 (org.apache.kafka.storage.internals.log.UnifiedLog)
kafka-1-1  | 2026-09-25T22:48:56.606615532Z [2026-09-25 22:48:56,605] INFO Created log for partition __consumer_offsets-35 in /var/lib/kafka/data/__consumer_offsets-35 with properties {cleanup.policy=compact, compression.type="producer", segment.bytes=104857600} (kafka.log.LogManager)
kafka-1-1  | 2026-09-25T22:48:56.606807502Z [2026-09-25 22:48:56,606] INFO [Partition __consumer_offsets-35 broker=1] No checkpointed highwatermark is found for partition __consumer_offsets-35 (kafka.cluster.Partition)
kafka-1-1  | 2026-09-25T22:48:56.607092311Z [2026-09-25 22:48:56,606] INFO [Partition __consumer_offsets-35 broker=1] Log loaded for partition __consumer_offsets-35 with initial high watermark 0 (kafka.cluster.Partition)
kafka-1-1  | 2026-09-25T22:48:56.664283600Z [2026-09-25 22:48:56,656] INFO [LogLoader partition=__consumer_offsets-15, dir=/var/lib/kafka/data] Loading producer state till offset 0 (org.apache.kafka.storage.internals.log.UnifiedLog)
kafka-1-1  | 2026-09-25T22:48:56.664548326Z [2026-09-25 22:48:56,662] INFO Created log for partition __consumer_offsets-15 in /var/lib/kafka/data/__consumer_offsets-15 with properties {cleanup.policy=compact, compression.type="producer", segment.bytes=104857600} (kafka.log.LogManager)
kafka-1-1  | 2026-09-25T22:48:56.664576818Z [2026-09-25 22:48:56,663] INFO [Partition __consumer_offsets-15 broker=1] No checkpointed highwatermark is found for partition __consumer_offsets-15 (kafka.cluster.Partition)
kafka-1-1  | 2026-09-25T22:48:56.664901701Z [2026-09-25 22:48:56,664] INFO [Partition __consumer_offsets-15 broker=1] Log loaded for partition __consumer_offsets-15 with initial high watermark 0 (kafka.cluster.Partition)
kafka-1-1  | 2026-09-25T22:48:56.674227732Z [2026-09-25 22:48:56,673] INFO [LogLoader partition=__consumer_offsets-13, dir=/var/lib/kafka/data] Loading producer state till offset 0 (org.apache.kafka.storage.internals.log.UnifiedLog)
kafka-1-1  | 2026-09-25T22:48:56.678558042Z [2026-09-25 22:48:56,675] INFO Created log for partition __consumer_offsets-13 in /var/lib/kafka/data/__consumer_offsets-13 with properties {cleanup.policy=compact, compression.type="producer", segment.bytes=104857600} (kafka.log.LogManager)
kafka-1-1  | 2026-09-25T22:48:56.681573595Z [2026-09-25 22:48:56,679] INFO [Partition __consumer_offsets-13 broker=1] No checkpointed highwatermark is found for partition __consumer_offsets-13 (kafka.cluster.Partition)
kafka-1-1  | 2026-09-25T22:48:56.681725350Z [2026-09-25 22:48:56,680] INFO [Partition __consumer_offsets-13 broker=1] Log loaded for partition __consumer_offsets-13 with initial high watermark 0 (kafka.cluster.Partition)
kafka-1-1  | 2026-09-25T22:48:56.692271037Z [2026-09-25 22:48:56,691] INFO [LogLoader partition=__consumer_offsets-46, dir=/var/lib/kafka/data] Loading producer state till offset 0 (org.apache.kafka.storage.internals.log.UnifiedLog)
kafka-1-1  | 2026-09-25T22:48:56.694521546Z [2026-09-25 22:48:56,693] INFO Created log for partition __consumer_offsets-46 in /var/lib/kafka/data/__consumer_offsets-46 with properties {cleanup.policy=compact, compression.type="producer", segment.bytes=104857600} (kafka.log.LogManager)
kafka-1-1  | 2026-09-25T22:48:56.701701978Z [2026-09-25 22:48:56,699] INFO [Partition __consumer_offsets-46 broker=1] No checkpointed highwatermark is found for partition __consumer_offsets-46 (kafka.cluster.Partition)
kafka-1-1  | 2026-09-25T22:48:56.705625001Z [2026-09-25 22:48:56,703] INFO [Partition __consumer_offsets-46 broker=1] Log loaded for partition __consumer_offsets-46 with initial high watermark 0 (kafka.cluster.Partition)
kafka-1-1  | 2026-09-25T22:48:56.713517920Z [2026-09-25 22:48:56,712] INFO [LogLoader partition=__consumer_offsets-44, dir=/var/lib/kafka/data] Loading producer state till offset 0 (org.apache.kafka.storage.internals.log.UnifiedLog)
kafka-1-1  | 2026-09-25T22:48:56.728326652Z [2026-09-25 22:48:56,724] INFO Created log for partition __consumer_offsets-44 in /var/lib/kafka/data/__consumer_offsets-44 with properties {cleanup.policy=compact, compression.type="producer", segment.bytes=104857600} (kafka.log.LogManager)
kafka-1-1  | 2026-09-25T22:48:56.728366747Z [2026-09-25 22:48:56,725] INFO [Partition __consumer_offsets-44 broker=1] No checkpointed highwatermark is found for partition __consumer_offsets-44 (kafka.cluster.Partition)
kafka-1-1  | 2026-09-25T22:48:56.728373883Z [2026-09-25 22:48:56,725] INFO [Partition __consumer_offsets-44 broker=1] Log loaded for partition __consumer_offsets-44 with initial high watermark 0 (kafka.cluster.Partition)
kafka-1-1  | 2026-09-25T22:48:56.746278692Z [2026-09-25 22:48:56,745] INFO [LogLoader partition=__consumer_offsets-9, dir=/var/lib/kafka/data] Loading producer state till offset 0 (org.apache.kafka.storage.internals.log.UnifiedLog)
kafka-1-1  | 2026-09-25T22:48:56.748148273Z [2026-09-25 22:48:56,747] INFO Created log for partition __consumer_offsets-9 in /var/lib/kafka/data/__consumer_offsets-9 with properties {cleanup.policy=compact, compression.type="producer", segment.bytes=104857600} (kafka.log.LogManager)
kafka-1-1  | 2026-09-25T22:48:56.748640707Z [2026-09-25 22:48:56,748] INFO [Partition __consumer_offsets-9 broker=1] No checkpointed highwatermark is found for partition __consumer_offsets-9 (kafka.cluster.Partition)
kafka-1-1  | 2026-09-25T22:48:56.749011163Z [2026-09-25 22:48:56,748] INFO [Partition __consumer_offsets-9 broker=1] Log loaded for partition __consumer_offsets-9 with initial high watermark 0 (kafka.cluster.Partition)
kafka-1-1  | 2026-09-25T22:48:56.786466505Z [2026-09-25 22:48:56,785] INFO [LogLoader partition=__consumer_offsets-42, dir=/var/lib/kafka/data] Loading producer state till offset 0 (org.apache.kafka.storage.internals.log.UnifiedLog)
kafka-1-1  | 2026-09-25T22:48:56.788106260Z [2026-09-25 22:48:56,787] INFO Created log for partition __consumer_offsets-42 in /var/lib/kafka/data/__consumer_offsets-42 with properties {cleanup.policy=compact, compression.type="producer", segment.bytes=104857600} (kafka.log.LogManager)
kafka-1-1  | 2026-09-25T22:48:56.788606788Z [2026-09-25 22:48:56,788] INFO [Partition __consumer_offsets-42 broker=1] No checkpointed highwatermark is found for partition __consumer_offsets-42 (kafka.cluster.Partition)
kafka-1-1  | 2026-09-25T22:48:56.791514727Z [2026-09-25 22:48:56,788] INFO [Partition __consumer_offsets-42 broker=1] Log loaded for partition __consumer_offsets-42 with initial high watermark 0 (kafka.cluster.Partition)
kafka-1-1  | 2026-09-25T22:48:56.806940565Z [2026-09-25 22:48:56,806] INFO [LogLoader partition=__consumer_offsets-23, dir=/var/lib/kafka/data] Loading producer state till offset 0 (org.apache.kafka.storage.internals.log.UnifiedLog)
kafka-1-1  | 2026-09-25T22:48:56.808726528Z [2026-09-25 22:48:56,808] INFO Created log for partition __consumer_offsets-23 in /var/lib/kafka/data/__consumer_offsets-23 with properties {cleanup.policy=compact, compression.type="producer", segment.bytes=104857600} (kafka.log.LogManager)
kafka-1-1  | 2026-09-25T22:48:56.809157252Z [2026-09-25 22:48:56,808] INFO [Partition __consumer_offsets-23 broker=1] No checkpointed highwatermark is found for partition __consumer_offsets-23 (kafka.cluster.Partition)
kafka-1-1  | 2026-09-25T22:48:56.809620079Z [2026-09-25 22:48:56,809] INFO [Partition __consumer_offsets-23 broker=1] Log loaded for partition __consumer_offsets-23 with initial high watermark 0 (kafka.cluster.Partition)
kafka-1-1  | 2026-09-25T22:48:56.836438721Z [2026-09-25 22:48:56,833] INFO [LogLoader partition=__consumer_offsets-19, dir=/var/lib/kafka/data] Loading producer state till offset 0 (org.apache.kafka.storage.internals.log.UnifiedLog)
kafka-1-1  | 2026-09-25T22:48:56.838778141Z [2026-09-25 22:48:56,835] INFO Created log for partition __consumer_offsets-19 in /var/lib/kafka/data/__consumer_offsets-19 with properties {cleanup.policy=compact, compression.type="producer", segment.bytes=104857600} (kafka.log.LogManager)
kafka-1-1  | 2026-09-25T22:48:56.838807478Z [2026-09-25 22:48:56,837] INFO [Partition __consumer_offsets-19 broker=1] No checkpointed highwatermark is found for partition __consumer_offsets-19 (kafka.cluster.Partition)
kafka-1-1  | 2026-09-25T22:48:56.838812132Z [2026-09-25 22:48:56,837] INFO [Partition __consumer_offsets-19 broker=1] Log loaded for partition __consumer_offsets-19 with initial high watermark 0 (kafka.cluster.Partition)
kafka-1-1  | 2026-09-25T22:48:56.863064777Z [2026-09-25 22:48:56,853] INFO [LogLoader partition=__consumer_offsets-32, dir=/var/lib/kafka/data] Loading producer state till offset 0 (org.apache.kafka.storage.internals.log.UnifiedLog)
kafka-1-1  | 2026-09-25T22:48:56.863102617Z [2026-09-25 22:48:56,855] INFO Created log for partition __consumer_offsets-32 in /var/lib/kafka/data/__consumer_offsets-32 with properties {cleanup.policy=compact, compression.type="producer", segment.bytes=104857600} (kafka.log.LogManager)
kafka-1-1  | 2026-09-25T22:48:56.866252591Z [2026-09-25 22:48:56,865] INFO [Partition __consumer_offsets-32 broker=1] No checkpointed highwatermark is found for partition __consumer_offsets-32 (kafka.cluster.Partition)
kafka-1-1  | 2026-09-25T22:48:56.873828794Z [2026-09-25 22:48:56,873] INFO [Partition __consumer_offsets-32 broker=1] Log loaded for partition __consumer_offsets-32 with initial high watermark 0 (kafka.cluster.Partition)
kafka-1-1  | 2026-09-25T22:48:56.892329290Z [2026-09-25 22:48:56,890] INFO [LogLoader partition=__consumer_offsets-30, dir=/var/lib/kafka/data] Loading producer state till offset 0 (org.apache.kafka.storage.internals.log.UnifiedLog)
kafka-1-1  | 2026-09-25T22:48:56.893316994Z [2026-09-25 22:48:56,892] INFO Created log for partition __consumer_offsets-30 in /var/lib/kafka/data/__consumer_offsets-30 with properties {cleanup.policy=compact, compression.type="producer", segment.bytes=104857600} (kafka.log.LogManager)
kafka-1-1  | 2026-09-25T22:48:56.906911166Z [2026-09-25 22:48:56,899] INFO [Partition __consumer_offsets-30 broker=1] No checkpointed highwatermark is found for partition __consumer_offsets-30 (kafka.cluster.Partition)
kafka-1-1  | 2026-09-25T22:48:56.906977033Z [2026-09-25 22:48:56,900] INFO [Partition __consumer_offsets-30 broker=1] Log loaded for partition __consumer_offsets-30 with initial high watermark 0 (kafka.cluster.Partition)
kafka-1-1  | 2026-09-25T22:48:56.923650213Z [2026-09-25 22:48:56,919] INFO [LogLoader partition=__consumer_offsets-28, dir=/var/lib/kafka/data] Loading producer state till offset 0 (org.apache.kafka.storage.internals.log.UnifiedLog)
kafka-1-1  | 2026-09-25T22:48:56.923687395Z [2026-09-25 22:48:56,922] INFO Created log for partition __consumer_offsets-28 in /var/lib/kafka/data/__consumer_offsets-28 with properties {cleanup.policy=compact, compression.type="producer", segment.bytes=104857600} (kafka.log.LogManager)
kafka-1-1  | 2026-09-25T22:48:56.935401899Z [2026-09-25 22:48:56,935] INFO [Partition __consumer_offsets-28 broker=1] No checkpointed highwatermark is found for partition __consumer_offsets-28 (kafka.cluster.Partition)
kafka-1-1  | 2026-09-25T22:48:56.954436328Z [2026-09-25 22:48:56,951] INFO [Partition __consumer_offsets-28 broker=1] Log loaded for partition __consumer_offsets-28 with initial high watermark 0 (kafka.cluster.Partition)
kafka-1-1  | 2026-09-25T22:48:56.984843777Z [2026-09-25 22:48:56,984] INFO [LogLoader partition=__consumer_offsets-26, dir=/var/lib/kafka/data] Loading producer state till offset 0 (org.apache.kafka.storage.internals.log.UnifiedLog)
kafka-1-1  | 2026-09-25T22:48:56.986516313Z [2026-09-25 22:48:56,986] INFO Created log for partition __consumer_offsets-26 in /var/lib/kafka/data/__consumer_offsets-26 with properties {cleanup.policy=compact, compression.type="producer", segment.bytes=104857600} (kafka.log.LogManager)
kafka-1-1  | 2026-09-25T22:48:57.004067369Z [2026-09-25 22:48:56,986] INFO [Partition __consumer_offsets-26 broker=1] No checkpointed highwatermark is found for partition __consumer_offsets-26 (kafka.cluster.Partition)
kafka-1-1  | 2026-09-25T22:48:57.004134424Z [2026-09-25 22:48:56,998] INFO [Partition __consumer_offsets-26 broker=1] Log loaded for partition __consumer_offsets-26 with initial high watermark 0 (kafka.cluster.Partition)
kafka-1-1  | 2026-09-25T22:48:57.042422025Z [2026-09-25 22:48:57,038] INFO [LogLoader partition=__consumer_offsets-5, dir=/var/lib/kafka/data] Loading producer state till offset 0 (org.apache.kafka.storage.internals.log.UnifiedLog)
kafka-1-1  | 2026-09-25T22:48:57.051479675Z [2026-09-25 22:48:57,050] INFO Created log for partition __consumer_offsets-5 in /var/lib/kafka/data/__consumer_offsets-5 with properties {cleanup.policy=compact, compression.type="producer", segment.bytes=104857600} (kafka.log.LogManager)
kafka-1-1  | 2026-09-25T22:48:57.051533388Z [2026-09-25 22:48:57,050] INFO [Partition __consumer_offsets-5 broker=1] No checkpointed highwatermark is found for partition __consumer_offsets-5 (kafka.cluster.Partition)
kafka-1-1  | 2026-09-25T22:48:57.055735139Z [2026-09-25 22:48:57,054] INFO [Partition __consumer_offsets-5 broker=1] Log loaded for partition __consumer_offsets-5 with initial high watermark 0 (kafka.cluster.Partition)
kafka-1-1  | 2026-09-25T22:48:57.072047889Z [2026-09-25 22:48:57,069] INFO [LogLoader partition=__consumer_offsets-38, dir=/var/lib/kafka/data] Loading producer state till offset 0 (org.apache.kafka.storage.internals.log.UnifiedLog)
kafka-1-1  | 2026-09-25T22:48:57.075178021Z [2026-09-25 22:48:57,074] INFO Created log for partition __consumer_offsets-38 in /var/lib/kafka/data/__consumer_offsets-38 with properties {cleanup.policy=compact, compression.type="producer", segment.bytes=104857600} (kafka.log.LogManager)
kafka-1-1  | 2026-09-25T22:48:57.075208925Z [2026-09-25 22:48:57,074] INFO [Partition __consumer_offsets-38 broker=1] No checkpointed highwatermark is found for partition __consumer_offsets-38 (kafka.cluster.Partition)
kafka-1-1  | 2026-09-25T22:48:57.076319927Z [2026-09-25 22:48:57,075] INFO [Partition __consumer_offsets-38 broker=1] Log loaded for partition __consumer_offsets-38 with initial high watermark 0 (kafka.cluster.Partition)
kafka-1-1  | 2026-09-25T22:48:57.097901223Z [2026-09-25 22:48:57,097] INFO [LogLoader partition=__consumer_offsets-36, dir=/var/lib/kafka/data] Loading producer state till offset 0 (org.apache.kafka.storage.internals.log.UnifiedLog)
kafka-1-1  | 2026-09-25T22:48:57.111447057Z [2026-09-25 22:48:57,110] INFO Created log for partition __consumer_offsets-36 in /var/lib/kafka/data/__consumer_offsets-36 with properties {cleanup.policy=compact, compression.type="producer", segment.bytes=104857600} (kafka.log.LogManager)
kafka-1-1  | 2026-09-25T22:48:57.112709254Z [2026-09-25 22:48:57,112] INFO [Partition __consumer_offsets-36 broker=1] No checkpointed highwatermark is found for partition __consumer_offsets-36 (kafka.cluster.Partition)
kafka-1-1  | 2026-09-25T22:48:57.113086429Z [2026-09-25 22:48:57,112] INFO [Partition __consumer_offsets-36 broker=1] Log loaded for partition __consumer_offsets-36 with initial high watermark 0 (kafka.cluster.Partition)
kafka-1-1  | 2026-09-25T22:48:57.120055076Z [2026-09-25 22:48:57,119] INFO [LogLoader partition=__consumer_offsets-1, dir=/var/lib/kafka/data] Loading producer state till offset 0 (org.apache.kafka.storage.internals.log.UnifiedLog)
kafka-1-1  | 2026-09-25T22:48:57.132973691Z [2026-09-25 22:48:57,128] INFO Created log for partition __consumer_offsets-1 in /var/lib/kafka/data/__consumer_offsets-1 with properties {cleanup.policy=compact, compression.type="producer", segment.bytes=104857600} (kafka.log.LogManager)
kafka-1-1  | 2026-09-25T22:48:57.133023434Z [2026-09-25 22:48:57,129] INFO [Partition __consumer_offsets-1 broker=1] No checkpointed highwatermark is found for partition __consumer_offsets-1 (kafka.cluster.Partition)
kafka-1-1  | 2026-09-25T22:48:57.133028094Z [2026-09-25 22:48:57,130] INFO [Partition __consumer_offsets-1 broker=1] Log loaded for partition __consumer_offsets-1 with initial high watermark 0 (kafka.cluster.Partition)
kafka-1-1  | 2026-09-25T22:48:57.145637446Z [2026-09-25 22:48:57,136] INFO [LogLoader partition=__consumer_offsets-34, dir=/var/lib/kafka/data] Loading producer state till offset 0 (org.apache.kafka.storage.internals.log.UnifiedLog)
kafka-1-1  | 2026-09-25T22:48:57.145672227Z [2026-09-25 22:48:57,144] INFO Created log for partition __consumer_offsets-34 in /var/lib/kafka/data/__consumer_offsets-34 with properties {cleanup.policy=compact, compression.type="producer", segment.bytes=104857600} (kafka.log.LogManager)
kafka-1-1  | 2026-09-25T22:48:57.146775951Z [2026-09-25 22:48:57,146] INFO [Partition __consumer_offsets-34 broker=1] No checkpointed highwatermark is found for partition __consumer_offsets-34 (kafka.cluster.Partition)
kafka-1-1  | 2026-09-25T22:48:57.147395508Z [2026-09-25 22:48:57,147] INFO [Partition __consumer_offsets-34 broker=1] Log loaded for partition __consumer_offsets-34 with initial high watermark 0 (kafka.cluster.Partition)
kafka-1-1  | 2026-09-25T22:48:57.155440770Z [2026-09-25 22:48:57,154] INFO [LogLoader partition=__consumer_offsets-16, dir=/var/lib/kafka/data] Loading producer state till offset 0 (org.apache.kafka.storage.internals.log.UnifiedLog)
kafka-1-1  | 2026-09-25T22:48:57.164669396Z [2026-09-25 22:48:57,156] INFO Created log for partition __consumer_offsets-16 in /var/lib/kafka/data/__consumer_offsets-16 with properties {cleanup.policy=compact, compression.type="producer", segment.bytes=104857600} (kafka.log.LogManager)
kafka-1-1  | 2026-09-25T22:48:57.168525333Z [2026-09-25 22:48:57,167] INFO [Partition __consumer_offsets-16 broker=1] No checkpointed highwatermark is found for partition __consumer_offsets-16 (kafka.cluster.Partition)
kafka-1-1  | 2026-09-25T22:48:57.169247111Z [2026-09-25 22:48:57,168] INFO [Partition __consumer_offsets-16 broker=1] Log loaded for partition __consumer_offsets-16 with initial high watermark 0 (kafka.cluster.Partition)
kafka-1-1  | 2026-09-25T22:48:57.176009598Z [2026-09-25 22:48:57,175] INFO [LogLoader partition=__consumer_offsets-45, dir=/var/lib/kafka/data] Loading producer state till offset 0 (org.apache.kafka.storage.internals.log.UnifiedLog)
kafka-1-1  | 2026-09-25T22:48:57.178064750Z [2026-09-25 22:48:57,177] INFO Created log for partition __consumer_offsets-45 in /var/lib/kafka/data/__consumer_offsets-45 with properties {cleanup.policy=compact, compression.type="producer", segment.bytes=104857600} (kafka.log.LogManager)
kafka-1-1  | 2026-09-25T22:48:57.178270631Z [2026-09-25 22:48:57,177] INFO [Partition __consumer_offsets-45 broker=1] No checkpointed highwatermark is found for partition __consumer_offsets-45 (kafka.cluster.Partition)
kafka-1-1  | 2026-09-25T22:48:57.180434941Z [2026-09-25 22:48:57,178] INFO [Partition __consumer_offsets-45 broker=1] Log loaded for partition __consumer_offsets-45 with initial high watermark 0 (kafka.cluster.Partition)
kafka-1-1  | 2026-09-25T22:48:57.198862215Z [2026-09-25 22:48:57,198] INFO [LogLoader partition=__consumer_offsets-14, dir=/var/lib/kafka/data] Loading producer state till offset 0 (org.apache.kafka.storage.internals.log.UnifiedLog)
kafka-1-1  | 2026-09-25T22:48:57.201190351Z [2026-09-25 22:48:57,200] INFO Created log for partition __consumer_offsets-14 in /var/lib/kafka/data/__consumer_offsets-14 with properties {cleanup.policy=compact, compression.type="producer", segment.bytes=104857600} (kafka.log.LogManager)
kafka-1-1  | 2026-09-25T22:48:57.201519786Z [2026-09-25 22:48:57,201] INFO [Partition __consumer_offsets-14 broker=1] No checkpointed highwatermark is found for partition __consumer_offsets-14 (kafka.cluster.Partition)
kafka-1-1  | 2026-09-25T22:48:57.201784905Z [2026-09-25 22:48:57,201] INFO [Partition __consumer_offsets-14 broker=1] Log loaded for partition __consumer_offsets-14 with initial high watermark 0 (kafka.cluster.Partition)
kafka-1-1  | 2026-09-25T22:48:57.211654361Z [2026-09-25 22:48:57,210] INFO [LogLoader partition=__consumer_offsets-41, dir=/var/lib/kafka/data] Loading producer state till offset 0 (org.apache.kafka.storage.internals.log.UnifiedLog)
kafka-1-1  | 2026-09-25T22:48:57.213453030Z [2026-09-25 22:48:57,213] INFO Created log for partition __consumer_offsets-41 in /var/lib/kafka/data/__consumer_offsets-41 with properties {cleanup.policy=compact, compression.type="producer", segment.bytes=104857600} (kafka.log.LogManager)
kafka-1-1  | 2026-09-25T22:48:57.213689473Z [2026-09-25 22:48:57,213] INFO [Partition __consumer_offsets-41 broker=1] No checkpointed highwatermark is found for partition __consumer_offsets-41 (kafka.cluster.Partition)
kafka-1-1  | 2026-09-25T22:48:57.213992960Z [2026-09-25 22:48:57,213] INFO [Partition __consumer_offsets-41 broker=1] Log loaded for partition __consumer_offsets-41 with initial high watermark 0 (kafka.cluster.Partition)
kafka-1-1  | 2026-09-25T22:48:57.225435120Z [2026-09-25 22:48:57,224] INFO [LogLoader partition=__consumer_offsets-10, dir=/var/lib/kafka/data] Loading producer state till offset 0 (org.apache.kafka.storage.internals.log.UnifiedLog)
kafka-1-1  | 2026-09-25T22:48:57.226703737Z [2026-09-25 22:48:57,226] INFO Created log for partition __consumer_offsets-10 in /var/lib/kafka/data/__consumer_offsets-10 with properties {cleanup.policy=compact, compression.type="producer", segment.bytes=104857600} (kafka.log.LogManager)
kafka-1-1  | 2026-09-25T22:48:57.226735949Z [2026-09-25 22:48:57,226] INFO [Partition __consumer_offsets-10 broker=1] No checkpointed highwatermark is found for partition __consumer_offsets-10 (kafka.cluster.Partition)
kafka-1-1  | 2026-09-25T22:48:57.227070849Z [2026-09-25 22:48:57,226] INFO [Partition __consumer_offsets-10 broker=1] Log loaded for partition __consumer_offsets-10 with initial high watermark 0 (kafka.cluster.Partition)
kafka-1-1  | 2026-09-25T22:48:57.238827499Z [2026-09-25 22:48:57,237] INFO [LogLoader partition=__consumer_offsets-22, dir=/var/lib/kafka/data] Loading producer state till offset 0 (org.apache.kafka.storage.internals.log.UnifiedLog)
kafka-1-1  | 2026-09-25T22:48:57.239520519Z [2026-09-25 22:48:57,239] INFO Created log for partition __consumer_offsets-22 in /var/lib/kafka/data/__consumer_offsets-22 with properties {cleanup.policy=compact, compression.type="producer", segment.bytes=104857600} (kafka.log.LogManager)
kafka-1-1  | 2026-09-25T22:48:57.239719458Z [2026-09-25 22:48:57,239] INFO [Partition __consumer_offsets-22 broker=1] No checkpointed highwatermark is found for partition __consumer_offsets-22 (kafka.cluster.Partition)
kafka-1-1  | 2026-09-25T22:48:57.240053337Z [2026-09-25 22:48:57,239] INFO [Partition __consumer_offsets-22 broker=1] Log loaded for partition __consumer_offsets-22 with initial high watermark 0 (kafka.cluster.Partition)
kafka-1-1  | 2026-09-25T22:48:57.246117905Z [2026-09-25 22:48:57,245] INFO [LogLoader partition=__consumer_offsets-20, dir=/var/lib/kafka/data] Loading producer state till offset 0 (org.apache.kafka.storage.internals.log.UnifiedLog)
kafka-1-1  | 2026-09-25T22:48:57.248058524Z [2026-09-25 22:48:57,247] INFO Created log for partition __consumer_offsets-20 in /var/lib/kafka/data/__consumer_offsets-20 with properties {cleanup.policy=compact, compression.type="producer", segment.bytes=104857600} (kafka.log.LogManager)
kafka-1-1  | 2026-09-25T22:48:57.248096785Z [2026-09-25 22:48:57,247] INFO [Partition __consumer_offsets-20 broker=1] No checkpointed highwatermark is found for partition __consumer_offsets-20 (kafka.cluster.Partition)
kafka-1-1  | 2026-09-25T22:48:57.248371758Z [2026-09-25 22:48:57,248] INFO [Partition __consumer_offsets-20 broker=1] Log loaded for partition __consumer_offsets-20 with initial high watermark 0 (kafka.cluster.Partition)
kafka-1-1  | 2026-09-25T22:48:57.253739455Z [2026-09-25 22:48:57,253] INFO [LogLoader partition=__consumer_offsets-49, dir=/var/lib/kafka/data] Loading producer state till offset 0 (org.apache.kafka.storage.internals.log.UnifiedLog)
kafka-1-1  | 2026-09-25T22:48:57.255192390Z [2026-09-25 22:48:57,254] INFO Created log for partition __consumer_offsets-49 in /var/lib/kafka/data/__consumer_offsets-49 with properties {cleanup.policy=compact, compression.type="producer", segment.bytes=104857600} (kafka.log.LogManager)
kafka-1-1  | 2026-09-25T22:48:57.255488749Z [2026-09-25 22:48:57,255] INFO [Partition __consumer_offsets-49 broker=1] No checkpointed highwatermark is found for partition __consumer_offsets-49 (kafka.cluster.Partition)
kafka-1-1  | 2026-09-25T22:48:57.256044054Z [2026-09-25 22:48:57,255] INFO [Partition __consumer_offsets-49 broker=1] Log loaded for partition __consumer_offsets-49 with initial high watermark 0 (kafka.cluster.Partition)
kafka-1-1  | 2026-09-25T22:48:57.266276081Z [2026-09-25 22:48:57,265] INFO [LogLoader partition=__consumer_offsets-27, dir=/var/lib/kafka/data] Loading producer state till offset 0 (org.apache.kafka.storage.internals.log.UnifiedLog)
kafka-1-1  | 2026-09-25T22:48:57.267247457Z [2026-09-25 22:48:57,266] INFO Created log for partition __consumer_offsets-27 in /var/lib/kafka/data/__consumer_offsets-27 with properties {cleanup.policy=compact, compression.type="producer", segment.bytes=104857600} (kafka.log.LogManager)
kafka-1-1  | 2026-09-25T22:48:57.267279243Z [2026-09-25 22:48:57,267] INFO [Partition __consumer_offsets-27 broker=1] No checkpointed highwatermark is found for partition __consumer_offsets-27 (kafka.cluster.Partition)
kafka-1-1  | 2026-09-25T22:48:57.267474518Z [2026-09-25 22:48:57,267] INFO [Partition __consumer_offsets-27 broker=1] Log loaded for partition __consumer_offsets-27 with initial high watermark 0 (kafka.cluster.Partition)
kafka-1-1  | 2026-09-25T22:48:57.277624751Z [2026-09-25 22:48:57,277] INFO [LogLoader partition=__consumer_offsets-25, dir=/var/lib/kafka/data] Loading producer state till offset 0 (org.apache.kafka.storage.internals.log.UnifiedLog)
kafka-1-1  | 2026-09-25T22:48:57.278258803Z [2026-09-25 22:48:57,277] INFO Created log for partition __consumer_offsets-25 in /var/lib/kafka/data/__consumer_offsets-25 with properties {cleanup.policy=compact, compression.type="producer", segment.bytes=104857600} (kafka.log.LogManager)
kafka-1-1  | 2026-09-25T22:48:57.278289323Z [2026-09-25 22:48:57,278] INFO [Partition __consumer_offsets-25 broker=1] No checkpointed highwatermark is found for partition __consumer_offsets-25 (kafka.cluster.Partition)
kafka-1-1  | 2026-09-25T22:48:57.278467944Z [2026-09-25 22:48:57,278] INFO [Partition __consumer_offsets-25 broker=1] Log loaded for partition __consumer_offsets-25 with initial high watermark 0 (kafka.cluster.Partition)
kafka-1-1  | 2026-09-25T22:48:57.281538170Z [2026-09-25 22:48:57,280] INFO [LogLoader partition=__consumer_offsets-39, dir=/var/lib/kafka/data] Loading producer state till offset 0 (org.apache.kafka.storage.internals.log.UnifiedLog)
kafka-1-1  | 2026-09-25T22:48:57.282505130Z [2026-09-25 22:48:57,282] INFO Created log for partition __consumer_offsets-39 in /var/lib/kafka/data/__consumer_offsets-39 with properties {cleanup.policy=compact, compression.type="producer", segment.bytes=104857600} (kafka.log.LogManager)
kafka-1-1  | 2026-09-25T22:48:57.282773690Z [2026-09-25 22:48:57,282] INFO [Partition __consumer_offsets-39 broker=1] No checkpointed highwatermark is found for partition __consumer_offsets-39 (kafka.cluster.Partition)
kafka-1-1  | 2026-09-25T22:48:57.282793617Z [2026-09-25 22:48:57,282] INFO [Partition __consumer_offsets-39 broker=1] Log loaded for partition __consumer_offsets-39 with initial high watermark 0 (kafka.cluster.Partition)
kafka-1-1  | 2026-09-25T22:48:57.286300171Z [2026-09-25 22:48:57,285] INFO [LogLoader partition=__consumer_offsets-8, dir=/var/lib/kafka/data] Loading producer state till offset 0 (org.apache.kafka.storage.internals.log.UnifiedLog)
kafka-1-1  | 2026-09-25T22:48:57.287025658Z [2026-09-25 22:48:57,286] INFO Created log for partition __consumer_offsets-8 in /var/lib/kafka/data/__consumer_offsets-8 with properties {cleanup.policy=compact, compression.type="producer", segment.bytes=104857600} (kafka.log.LogManager)
kafka-1-1  | 2026-09-25T22:48:57.287054496Z [2026-09-25 22:48:57,286] INFO [Partition __consumer_offsets-8 broker=1] No checkpointed highwatermark is found for partition __consumer_offsets-8 (kafka.cluster.Partition)
kafka-1-1  | 2026-09-25T22:48:57.287235873Z [2026-09-25 22:48:57,286] INFO [Partition __consumer_offsets-8 broker=1] Log loaded for partition __consumer_offsets-8 with initial high watermark 0 (kafka.cluster.Partition)
kafka-1-1  | 2026-09-25T22:48:57.295740131Z [2026-09-25 22:48:57,295] INFO [LogLoader partition=__consumer_offsets-6, dir=/var/lib/kafka/data] Loading producer state till offset 0 (org.apache.kafka.storage.internals.log.UnifiedLog)
kafka-1-1  | 2026-09-25T22:48:57.298319633Z [2026-09-25 22:48:57,297] INFO Created log for partition __consumer_offsets-6 in /var/lib/kafka/data/__consumer_offsets-6 with properties {cleanup.policy=compact, compression.type="producer", segment.bytes=104857600} (kafka.log.LogManager)
kafka-1-1  | 2026-09-25T22:48:57.298628403Z [2026-09-25 22:48:57,298] INFO [Partition __consumer_offsets-6 broker=1] No checkpointed highwatermark is found for partition __consumer_offsets-6 (kafka.cluster.Partition)
kafka-1-1  | 2026-09-25T22:48:57.299180952Z [2026-09-25 22:48:57,298] INFO [Partition __consumer_offsets-6 broker=1] Log loaded for partition __consumer_offsets-6 with initial high watermark 0 (kafka.cluster.Partition)
kafka-1-1  | 2026-09-25T22:48:57.304289000Z [2026-09-25 22:48:57,303] INFO [LogLoader partition=__consumer_offsets-4, dir=/var/lib/kafka/data] Loading producer state till offset 0 (org.apache.kafka.storage.internals.log.UnifiedLog)
kafka-1-1  | 2026-09-25T22:48:57.304979811Z [2026-09-25 22:48:57,304] INFO Created log for partition __consumer_offsets-4 in /var/lib/kafka/data/__consumer_offsets-4 with properties {cleanup.policy=compact, compression.type="producer", segment.bytes=104857600} (kafka.log.LogManager)
kafka-1-1  | 2026-09-25T22:48:57.305006052Z [2026-09-25 22:48:57,304] INFO [Partition __consumer_offsets-4 broker=1] No checkpointed highwatermark is found for partition __consumer_offsets-4 (kafka.cluster.Partition)
kafka-1-1  | 2026-09-25T22:48:57.305310072Z [2026-09-25 22:48:57,305] INFO [Partition __consumer_offsets-4 broker=1] Log loaded for partition __consumer_offsets-4 with initial high watermark 0 (kafka.cluster.Partition)
kafka-1-1  | 2026-09-25T22:48:57.311063961Z [2026-09-25 22:48:57,310] INFO [LogLoader partition=__consumer_offsets-33, dir=/var/lib/kafka/data] Loading producer state till offset 0 (org.apache.kafka.storage.internals.log.UnifiedLog)
kafka-1-1  | 2026-09-25T22:48:57.314813117Z [2026-09-25 22:48:57,314] INFO Created log for partition __consumer_offsets-33 in /var/lib/kafka/data/__consumer_offsets-33 with properties {cleanup.policy=compact, compression.type="producer", segment.bytes=104857600} (kafka.log.LogManager)
kafka-1-1  | 2026-09-25T22:48:57.315214843Z [2026-09-25 22:48:57,314] INFO [Partition __consumer_offsets-33 broker=1] No checkpointed highwatermark is found for partition __consumer_offsets-33 (kafka.cluster.Partition)
kafka-1-1  | 2026-09-25T22:48:57.315936033Z [2026-09-25 22:48:57,315] INFO [Partition __consumer_offsets-33 broker=1] Log loaded for partition __consumer_offsets-33 with initial high watermark 0 (kafka.cluster.Partition)
kafka-1-1  | 2026-09-25T22:48:57.324399449Z [2026-09-25 22:48:57,324] INFO [LogLoader partition=__consumer_offsets-2, dir=/var/lib/kafka/data] Loading producer state till offset 0 (org.apache.kafka.storage.internals.log.UnifiedLog)
kafka-1-1  | 2026-09-25T22:48:57.325981300Z [2026-09-25 22:48:57,325] INFO Created log for partition __consumer_offsets-2 in /var/lib/kafka/data/__consumer_offsets-2 with properties {cleanup.policy=compact, compression.type="producer", segment.bytes=104857600} (kafka.log.LogManager)
kafka-1-1  | 2026-09-25T22:48:57.327330289Z [2026-09-25 22:48:57,325] INFO [Partition __consumer_offsets-2 broker=1] No checkpointed highwatermark is found for partition __consumer_offsets-2 (kafka.cluster.Partition)
kafka-1-1  | 2026-09-25T22:48:57.327355076Z [2026-09-25 22:48:57,326] INFO [Partition __consumer_offsets-2 broker=1] Log loaded for partition __consumer_offsets-2 with initial high watermark 0 (kafka.cluster.Partition)
kafka-1-1  | 2026-09-25T22:48:57.328109947Z [2026-09-25 22:48:57,327] INFO [ReplicaFetcherManager on broker 1] Removed fetcher for partitions Set(__consumer_offsets-15, __consumer_offsets-13, __consumer_offsets-46, __consumer_offsets-44, __consumer_offsets-9, __consumer_offsets-42, __consumer_offsets-23, __consumer_offsets-19, __consumer_offsets-32, __consumer_offsets-30, __consumer_offsets-28, __consumer_offsets-26, __consumer_offsets-5, __consumer_offsets-38, __consumer_offsets-36, __consumer_offsets-1, __consumer_offsets-34, __consumer_offsets-16, __consumer_offsets-45, __consumer_offsets-14, __consumer_offsets-41, __consumer_offsets-10, __consumer_offsets-22, __consumer_offsets-20, __consumer_offsets-49, __consumer_offsets-27, __consumer_offsets-25, __consumer_offsets-39, __consumer_offsets-8, __consumer_offsets-6, __consumer_offsets-4, __consumer_offsets-33, __consumer_offsets-2) (kafka.server.ReplicaFetcherManager)
kafka-1-1  | 2026-09-25T22:48:57.332027745Z [2026-09-25 22:48:57,331] INFO [ReplicaFetcherManager on broker 1] Added fetcher to broker 2 for partitions HashMap(__consumer_offsets-16 -> InitialFetchState(Some(z0JJoNscSBKv29UaLoZ9NQ),BrokerEndPoint(id=2, host=kafka-2:9092),0,0), __consumer_offsets-13 -> InitialFetchState(Some(z0JJoNscSBKv29UaLoZ9NQ),BrokerEndPoint(id=2, host=kafka-2:9092),0,0), __consumer_offsets-46 -> InitialFetchState(Some(z0JJoNscSBKv29UaLoZ9NQ),BrokerEndPoint(id=2, host=kafka-2:9092),0,0), __consumer_offsets-44 -> InitialFetchState(Some(z0JJoNscSBKv29UaLoZ9NQ),BrokerEndPoint(id=2, host=kafka-2:9092),0,0), __consumer_offsets-41 -> InitialFetchState(Some(z0JJoNscSBKv29UaLoZ9NQ),BrokerEndPoint(id=2, host=kafka-2:9092),0,0), __consumer_offsets-9 -> InitialFetchState(Some(z0JJoNscSBKv29UaLoZ9NQ),BrokerEndPoint(id=2, host=kafka-2:9092),0,0), __consumer_offsets-23 -> InitialFetchState(Some(z0JJoNscSBKv29UaLoZ9NQ),BrokerEndPoint(id=2, host=kafka-2:9092),0,0), __consumer_offsets-20 -> InitialFetchState(Some(z0JJoNscSBKv29UaLoZ9NQ),BrokerEndPoint(id=2, host=kafka-2:9092),0,0), __consumer_offsets-30 -> InitialFetchState(Some(z0JJoNscSBKv29UaLoZ9NQ),BrokerEndPoint(id=2, host=kafka-2:9092),0,0), __consumer_offsets-27 -> InitialFetchState(Some(z0JJoNscSBKv29UaLoZ9NQ),BrokerEndPoint(id=2, host=kafka-2:9092),0,0), __consumer_offsets-25 -> InitialFetchState(Some(z0JJoNscSBKv29UaLoZ9NQ),BrokerEndPoint(id=2, host=kafka-2:9092),0,0), __consumer_offsets-8 -> InitialFetchState(Some(z0JJoNscSBKv29UaLoZ9NQ),BrokerEndPoint(id=2, host=kafka-2:9092),0,0), __consumer_offsets-36 -> InitialFetchState(Some(z0JJoNscSBKv29UaLoZ9NQ),BrokerEndPoint(id=2, host=kafka-2:9092),0,0), __consumer_offsets-4 -> InitialFetchState(Some(z0JJoNscSBKv29UaLoZ9NQ),BrokerEndPoint(id=2, host=kafka-2:9092),0,0), __consumer_offsets-1 -> InitialFetchState(Some(z0JJoNscSBKv29UaLoZ9NQ),BrokerEndPoint(id=2, host=kafka-2:9092),0,0), __consumer_offsets-34 -> InitialFetchState(Some(z0JJoNscSBKv29UaLoZ9NQ),BrokerEndPoint(id=2, host=kafka-2:9092),0,0)) (kafka.server.ReplicaFetcherManager)
kafka-1-1  | 2026-09-25T22:48:57.333917379Z [2026-09-25 22:48:57,333] INFO [ReplicaFetcherManager on broker 1] Added fetcher to broker 3 for partitions HashMap(__consumer_offsets-15 -> InitialFetchState(Some(z0JJoNscSBKv29UaLoZ9NQ),BrokerEndPoint(id=3, host=kafka-3:9092),0,0), __consumer_offsets-45 -> InitialFetchState(Some(z0JJoNscSBKv29UaLoZ9NQ),BrokerEndPoint(id=3, host=kafka-3:9092),0,0), __consumer_offsets-14 -> InitialFetchState(Some(z0JJoNscSBKv29UaLoZ9NQ),BrokerEndPoint(id=3, host=kafka-3:9092),0,0), __consumer_offsets-42 -> InitialFetchState(Some(z0JJoNscSBKv29UaLoZ9NQ),BrokerEndPoint(id=3, host=kafka-3:9092),0,0), __consumer_offsets-10 -> InitialFetchState(Some(z0JJoNscSBKv29UaLoZ9NQ),BrokerEndPoint(id=3, host=kafka-3:9092),0,0), __consumer_offsets-22 -> InitialFetchState(Some(z0JJoNscSBKv29UaLoZ9NQ),BrokerEndPoint(id=3, host=kafka-3:9092),0,0), __consumer_offsets-19 -> InitialFetchState(Some(z0JJoNscSBKv29UaLoZ9NQ),BrokerEndPoint(id=3, host=kafka-3:9092),0,0), __consumer_offsets-49 -> InitialFetchState(Some(z0JJoNscSBKv29UaLoZ9NQ),BrokerEndPoint(id=3, host=kafka-3:9092),0,0), __consumer_offsets-32 -> InitialFetchState(Some(z0JJoNscSBKv29UaLoZ9NQ),BrokerEndPoint(id=3, host=kafka-3:9092),0,0), __consumer_offsets-28 -> InitialFetchState(Some(z0JJoNscSBKv29UaLoZ9NQ),BrokerEndPoint(id=3, host=kafka-3:9092),0,0), __consumer_offsets-26 -> InitialFetchState(Some(z0JJoNscSBKv29UaLoZ9NQ),BrokerEndPoint(id=3, host=kafka-3:9092),0,0), __consumer_offsets-39 -> InitialFetchState(Some(z0JJoNscSBKv29UaLoZ9NQ),BrokerEndPoint(id=3, host=kafka-3:9092),0,0), __consumer_offsets-5 -> InitialFetchState(Some(z0JJoNscSBKv29UaLoZ9NQ),BrokerEndPoint(id=3, host=kafka-3:9092),0,0), __consumer_offsets-38 -> InitialFetchState(Some(z0JJoNscSBKv29UaLoZ9NQ),BrokerEndPoint(id=3, host=kafka-3:9092),0,0), __consumer_offsets-6 -> InitialFetchState(Some(z0JJoNscSBKv29UaLoZ9NQ),BrokerEndPoint(id=3, host=kafka-3:9092),0,0), __consumer_offsets-33 -> InitialFetchState(Some(z0JJoNscSBKv29UaLoZ9NQ),BrokerEndPoint(id=3, host=kafka-3:9092),0,0), __consumer_offsets-2 -> InitialFetchState(Some(z0JJoNscSBKv29UaLoZ9NQ),BrokerEndPoint(id=3, host=kafka-3:9092),0,0)) (kafka.server.ReplicaFetcherManager)
kafka-1-1  | 2026-09-25T22:48:57.344680766Z [2026-09-25 22:48:57,344] INFO [GroupCoordinator id=1] Scheduling loading of metadata from __consumer_offsets-47 with epoch 0 (org.apache.kafka.coordinator.common.runtime.CoordinatorRuntime)
kafka-1-1  | 2026-09-25T22:48:57.354393739Z [2026-09-25 22:48:57,352] INFO [GroupCoordinator id=1] Scheduling loading of metadata from __consumer_offsets-48 with epoch 0 (org.apache.kafka.coordinator.common.runtime.CoordinatorRuntime)
kafka-1-1  | 2026-09-25T22:48:57.354549032Z [2026-09-25 22:48:57,353] INFO [GroupCoordinator id=1] Scheduling loading of metadata from __consumer_offsets-11 with epoch 0 (org.apache.kafka.coordinator.common.runtime.CoordinatorRuntime)
kafka-1-1  | 2026-09-25T22:48:57.354555901Z [2026-09-25 22:48:57,353] INFO [GroupCoordinator id=1] Scheduling loading of metadata from __consumer_offsets-43 with epoch 0 (org.apache.kafka.coordinator.common.runtime.CoordinatorRuntime)
kafka-1-1  | 2026-09-25T22:48:57.354559266Z [2026-09-25 22:48:57,354] INFO [GroupCoordinator id=1] Scheduling loading of metadata from __consumer_offsets-12 with epoch 0 (org.apache.kafka.coordinator.common.runtime.CoordinatorRuntime)
kafka-1-1  | 2026-09-25T22:48:57.354783857Z [2026-09-25 22:48:57,354] INFO [GroupCoordinator id=1] Scheduling loading of metadata from __consumer_offsets-24 with epoch 0 (org.apache.kafka.coordinator.common.runtime.CoordinatorRuntime)
kafka-1-1  | 2026-09-25T22:48:57.354816272Z [2026-09-25 22:48:57,354] INFO [GroupCoordinator id=1] Scheduling loading of metadata from __consumer_offsets-21 with epoch 0 (org.apache.kafka.coordinator.common.runtime.CoordinatorRuntime)
kafka-1-1  | 2026-09-25T22:48:57.355423795Z [2026-09-25 22:48:57,354] INFO [GroupCoordinator id=1] Scheduling loading of metadata from __consumer_offsets-17 with epoch 0 (org.apache.kafka.coordinator.common.runtime.CoordinatorRuntime)
kafka-1-1  | 2026-09-25T22:48:57.355457191Z [2026-09-25 22:48:57,354] INFO [GroupCoordinator id=1] Scheduling loading of metadata from __consumer_offsets-18 with epoch 0 (org.apache.kafka.coordinator.common.runtime.CoordinatorRuntime)
kafka-1-1  | 2026-09-25T22:48:57.355483646Z [2026-09-25 22:48:57,355] INFO [GroupCoordinator id=1] Scheduling loading of metadata from __consumer_offsets-31 with epoch 0 (org.apache.kafka.coordinator.common.runtime.CoordinatorRuntime)
kafka-1-1  | 2026-09-25T22:48:57.356534673Z [2026-09-25 22:48:57,355] INFO [GroupCoordinator id=1] Scheduling loading of metadata from __consumer_offsets-0 with epoch 0 (org.apache.kafka.coordinator.common.runtime.CoordinatorRuntime)
kafka-1-1  | 2026-09-25T22:48:57.356559273Z [2026-09-25 22:48:57,355] INFO [GroupCoordinator id=1] Scheduling loading of metadata from __consumer_offsets-29 with epoch 0 (org.apache.kafka.coordinator.common.runtime.CoordinatorRuntime)
kafka-1-1  | 2026-09-25T22:48:57.356563465Z [2026-09-25 22:48:57,355] INFO [GroupCoordinator id=1] Scheduling loading of metadata from __consumer_offsets-7 with epoch 0 (org.apache.kafka.coordinator.common.runtime.CoordinatorRuntime)
kafka-1-1  | 2026-09-25T22:48:57.356566418Z [2026-09-25 22:48:57,356] INFO [GroupCoordinator id=1] Scheduling loading of metadata from __consumer_offsets-40 with epoch 0 (org.apache.kafka.coordinator.common.runtime.CoordinatorRuntime)
kafka-1-1  | 2026-09-25T22:48:57.357623431Z [2026-09-25 22:48:57,357] INFO [GroupCoordinator id=1] Scheduling loading of metadata from __consumer_offsets-37 with epoch 0 (org.apache.kafka.coordinator.common.runtime.CoordinatorRuntime)
kafka-1-1  | 2026-09-25T22:48:57.358848299Z [2026-09-25 22:48:57,357] INFO [GroupCoordinator id=1] Scheduling loading of metadata from __consumer_offsets-3 with epoch 0 (org.apache.kafka.coordinator.common.runtime.CoordinatorRuntime)
kafka-1-1  | 2026-09-25T22:48:57.358882516Z [2026-09-25 22:48:57,358] INFO [GroupCoordinator id=1] Scheduling loading of metadata from __consumer_offsets-35 with epoch 0 (org.apache.kafka.coordinator.common.runtime.CoordinatorRuntime)
kafka-1-1  | 2026-09-25T22:48:57.362671370Z [2026-09-25 22:48:57,359] INFO [GroupCoordinator id=1] Scheduling unloading of metadata for __consumer_offsets-15 with epoch OptionalInt[0] (org.apache.kafka.coordinator.common.runtime.CoordinatorRuntime)
kafka-1-1  | 2026-09-25T22:48:57.364787872Z [2026-09-25 22:48:57,361] INFO [GroupCoordinator id=1] Scheduling unloading of metadata for __consumer_offsets-13 with epoch OptionalInt[0] (org.apache.kafka.coordinator.common.runtime.CoordinatorRuntime)
kafka-1-1  | 2026-09-25T22:48:57.364912913Z [2026-09-25 22:48:57,361] INFO [GroupCoordinator id=1] Scheduling unloading of metadata for __consumer_offsets-46 with epoch OptionalInt[0] (org.apache.kafka.coordinator.common.runtime.CoordinatorRuntime)
kafka-1-1  | 2026-09-25T22:48:57.364929108Z [2026-09-25 22:48:57,361] INFO [GroupCoordinator id=1] Scheduling unloading of metadata for __consumer_offsets-44 with epoch OptionalInt[0] (org.apache.kafka.coordinator.common.runtime.CoordinatorRuntime)
kafka-1-1  | 2026-09-25T22:48:57.364935053Z [2026-09-25 22:48:57,361] INFO [GroupCoordinator id=1] Scheduling unloading of metadata for __consumer_offsets-9 with epoch OptionalInt[0] (org.apache.kafka.coordinator.common.runtime.CoordinatorRuntime)
kafka-1-1  | 2026-09-25T22:48:57.364939766Z [2026-09-25 22:48:57,362] INFO [GroupCoordinator id=1] Scheduling unloading of metadata for __consumer_offsets-42 with epoch OptionalInt[0] (org.apache.kafka.coordinator.common.runtime.CoordinatorRuntime)
kafka-1-1  | 2026-09-25T22:48:57.364944263Z [2026-09-25 22:48:57,362] INFO [GroupCoordinator id=1] Scheduling unloading of metadata for __consumer_offsets-23 with epoch OptionalInt[0] (org.apache.kafka.coordinator.common.runtime.CoordinatorRuntime)
kafka-1-1  | 2026-09-25T22:48:57.365201982Z [2026-09-25 22:48:57,362] INFO [GroupCoordinator id=1] Ignored unloading metadata for __consumer_offsets-9 in epoch OptionalInt[0] since metadata was never loaded. (org.apache.kafka.coordinator.common.runtime.CoordinatorRuntime)
kafka-1-1  | 2026-09-25T22:48:57.365219281Z [2026-09-25 22:48:57,363] INFO [GroupCoordinator id=1] Scheduling unloading of metadata for __consumer_offsets-19 with epoch OptionalInt[0] (org.apache.kafka.coordinator.common.runtime.CoordinatorRuntime)
kafka-1-1  | 2026-09-25T22:48:57.365225948Z [2026-09-25 22:48:57,363] INFO [GroupCoordinator id=1] Ignored unloading metadata for __consumer_offsets-13 in epoch OptionalInt[0] since metadata was never loaded. (org.apache.kafka.coordinator.common.runtime.CoordinatorRuntime)
kafka-1-1  | 2026-09-25T22:48:57.365230916Z [2026-09-25 22:48:57,364] INFO [GroupCoordinator id=1] Ignored unloading metadata for __consumer_offsets-44 in epoch OptionalInt[0] since metadata was never loaded. (org.apache.kafka.coordinator.common.runtime.CoordinatorRuntime)
kafka-1-1  | 2026-09-25T22:48:57.366739046Z [2026-09-25 22:48:57,365] INFO [GroupCoordinator id=1] Ignored unloading metadata for __consumer_offsets-23 in epoch OptionalInt[0] since metadata was never loaded. (org.apache.kafka.coordinator.common.runtime.CoordinatorRuntime)
kafka-1-1  | 2026-09-25T22:48:57.368159441Z [2026-09-25 22:48:57,367] INFO [GroupCoordinator id=1] Scheduling unloading of metadata for __consumer_offsets-32 with epoch OptionalInt[0] (org.apache.kafka.coordinator.common.runtime.CoordinatorRuntime)
kafka-1-1  | 2026-09-25T22:48:57.368189960Z [2026-09-25 22:48:57,368] INFO [GroupCoordinator id=1] Scheduling unloading of metadata for __consumer_offsets-30 with epoch OptionalInt[0] (org.apache.kafka.coordinator.common.runtime.CoordinatorRuntime)
kafka-1-1  | 2026-09-25T22:48:57.368214021Z [2026-09-25 22:48:57,368] INFO [GroupCoordinator id=1] Scheduling unloading of metadata for __consumer_offsets-28 with epoch OptionalInt[0] (org.apache.kafka.coordinator.common.runtime.CoordinatorRuntime)
kafka-1-1  | 2026-09-25T22:48:57.368364225Z [2026-09-25 22:48:57,368] INFO [GroupCoordinator id=1] Scheduling unloading of metadata for __consumer_offsets-26 with epoch OptionalInt[0] (org.apache.kafka.coordinator.common.runtime.CoordinatorRuntime)
kafka-1-1  | 2026-09-25T22:48:57.368380032Z [2026-09-25 22:48:57,368] INFO [GroupCoordinator id=1] Scheduling unloading of metadata for __consumer_offsets-5 with epoch OptionalInt[0] (org.apache.kafka.coordinator.common.runtime.CoordinatorRuntime)
kafka-1-1  | 2026-09-25T22:48:57.369245939Z [2026-09-25 22:48:57,368] INFO [GroupCoordinator id=1] Scheduling unloading of metadata for __consumer_offsets-38 with epoch OptionalInt[0] (org.apache.kafka.coordinator.common.runtime.CoordinatorRuntime)
kafka-1-1  | 2026-09-25T22:48:57.375313393Z [2026-09-25 22:48:57,369] INFO [GroupCoordinator id=1] Ignored unloading metadata for __consumer_offsets-26 in epoch OptionalInt[0] since metadata was never loaded. (org.apache.kafka.coordinator.common.runtime.CoordinatorRuntime)
kafka-1-1  | 2026-09-25T22:48:57.375349434Z [2026-09-25 22:48:57,370] INFO [GroupCoordinator id=1] Finished loading of metadata from __consumer_offsets-48 with epoch 0 in 7ms where 7ms was spent in the scheduler. Loaded 0 records which total to 0 bytes. (org.apache.kafka.coordinator.common.runtime.CoordinatorRuntime)
kafka-1-1  | 2026-09-25T22:48:57.375357396Z [2026-09-25 22:48:57,371] INFO [GroupCoordinator id=1] Finished loading of metadata from __consumer_offsets-7 with epoch 0 in 8ms where 8ms was spent in the scheduler. Loaded 0 records which total to 0 bytes. (org.apache.kafka.coordinator.common.runtime.CoordinatorRuntime)
kafka-1-1  | 2026-09-25T22:48:57.375388675Z [2026-09-25 22:48:57,371] INFO [GroupCoordinator id=1] Finished loading of metadata from __consumer_offsets-43 with epoch 0 in 8ms where 8ms was spent in the scheduler. Loaded 0 records which total to 0 bytes. (org.apache.kafka.coordinator.common.runtime.CoordinatorRuntime)
kafka-1-1  | 2026-09-25T22:48:57.376543011Z [2026-09-25 22:48:57,376] INFO [GroupCoordinator id=1] Ignored unloading metadata for __consumer_offsets-19 in epoch OptionalInt[0] since metadata was never loaded. (org.apache.kafka.coordinator.common.runtime.CoordinatorRuntime)
kafka-1-1  | 2026-09-25T22:48:57.376557629Z [2026-09-25 22:48:57,376] INFO [GroupCoordinator id=1] Finished loading of metadata from __consumer_offsets-40 with epoch 0 in 2ms where 2ms was spent in the scheduler. Loaded 0 records which total to 0 bytes. (org.apache.kafka.coordinator.common.runtime.CoordinatorRuntime)
kafka-1-1  | 2026-09-25T22:48:57.376993958Z [2026-09-25 22:48:57,376] INFO [GroupCoordinator id=1] Scheduling unloading of metadata for __consumer_offsets-36 with epoch OptionalInt[0] (org.apache.kafka.coordinator.common.runtime.CoordinatorRuntime)
kafka-1-1  | 2026-09-25T22:48:57.377009397Z [2026-09-25 22:48:57,376] INFO [GroupCoordinator id=1] Ignored unloading metadata for __consumer_offsets-28 in epoch OptionalInt[0] since metadata was never loaded. (org.apache.kafka.coordinator.common.runtime.CoordinatorRuntime)
kafka-1-1  | 2026-09-25T22:48:57.378460917Z [2026-09-25 22:48:57,377] INFO [GroupCoordinator id=1] Scheduling unloading of metadata for __consumer_offsets-1 with epoch OptionalInt[0] (org.apache.kafka.coordinator.common.runtime.CoordinatorRuntime)
kafka-1-1  | 2026-09-25T22:48:57.378492891Z [2026-09-25 22:48:57,377] INFO [GroupCoordinator id=1] Ignored unloading metadata for __consumer_offsets-46 in epoch OptionalInt[0] since metadata was never loaded. (org.apache.kafka.coordinator.common.runtime.CoordinatorRuntime)
kafka-1-1  | 2026-09-25T22:48:57.378497996Z [2026-09-25 22:48:57,377] INFO [GroupCoordinator id=1] Scheduling unloading of metadata for __consumer_offsets-34 with epoch OptionalInt[0] (org.apache.kafka.coordinator.common.runtime.CoordinatorRuntime)
kafka-1-1  | 2026-09-25T22:48:57.378501080Z [2026-09-25 22:48:57,377] INFO [GroupCoordinator id=1] Scheduling unloading of metadata for __consumer_offsets-16 with epoch OptionalInt[0] (org.apache.kafka.coordinator.common.runtime.CoordinatorRuntime)
kafka-1-1  | 2026-09-25T22:48:57.378504060Z [2026-09-25 22:48:57,377] INFO [GroupCoordinator id=1] Scheduling unloading of metadata for __consumer_offsets-45 with epoch OptionalInt[0] (org.apache.kafka.coordinator.common.runtime.CoordinatorRuntime)
kafka-1-1  | 2026-09-25T22:48:57.378507228Z [2026-09-25 22:48:57,377] INFO [GroupCoordinator id=1] Ignored unloading metadata for __consumer_offsets-34 in epoch OptionalInt[0] since metadata was never loaded. (org.apache.kafka.coordinator.common.runtime.CoordinatorRuntime)
kafka-1-1  | 2026-09-25T22:48:57.378510384Z [2026-09-25 22:48:57,377] INFO [GroupCoordinator id=1] Scheduling unloading of metadata for __consumer_offsets-14 with epoch OptionalInt[0] (org.apache.kafka.coordinator.common.runtime.CoordinatorRuntime)
kafka-1-1  | 2026-09-25T22:48:57.378513839Z [2026-09-25 22:48:57,378] INFO [GroupCoordinator id=1] Ignored unloading metadata for __consumer_offsets-30 in epoch OptionalInt[0] since metadata was never loaded. (org.apache.kafka.coordinator.common.runtime.CoordinatorRuntime)
kafka-1-1  | 2026-09-25T22:48:57.378517744Z [2026-09-25 22:48:57,378] INFO [GroupCoordinator id=1] Finished loading of metadata from __consumer_offsets-12 with epoch 0 in 1ms where 1ms was spent in the scheduler. Loaded 0 records which total to 0 bytes. (org.apache.kafka.coordinator.common.runtime.CoordinatorRuntime)
kafka-1-1  | 2026-09-25T22:48:57.378569356Z [2026-09-25 22:48:57,378] INFO [GroupCoordinator id=1] Scheduling unloading of metadata for __consumer_offsets-41 with epoch OptionalInt[0] (org.apache.kafka.coordinator.common.runtime.CoordinatorRuntime)
kafka-1-1  | 2026-09-25T22:48:57.378708081Z [2026-09-25 22:48:57,378] INFO [GroupCoordinator id=1] Ignored unloading metadata for __consumer_offsets-16 in epoch OptionalInt[0] since metadata was never loaded. (org.apache.kafka.coordinator.common.runtime.CoordinatorRuntime)
kafka-1-1  | 2026-09-25T22:48:57.379168292Z [2026-09-25 22:48:57,378] INFO [GroupCoordinator id=1] Scheduling unloading of metadata for __consumer_offsets-10 with epoch OptionalInt[0] (org.apache.kafka.coordinator.common.runtime.CoordinatorRuntime)
kafka-1-1  | 2026-09-25T22:48:57.379431310Z [2026-09-25 22:48:57,379] INFO [GroupCoordinator id=1] Scheduling unloading of metadata for __consumer_offsets-22 with epoch OptionalInt[0] (org.apache.kafka.coordinator.common.runtime.CoordinatorRuntime)
kafka-1-1  | 2026-09-25T22:48:57.379806863Z [2026-09-25 22:48:57,379] INFO [GroupCoordinator id=1] Ignored unloading metadata for __consumer_offsets-45 in epoch OptionalInt[0] since metadata was never loaded. (org.apache.kafka.coordinator.common.runtime.CoordinatorRuntime)
kafka-1-1  | 2026-09-25T22:48:57.379833512Z [2026-09-25 22:48:57,379] INFO [GroupCoordinator id=1] Scheduling unloading of metadata for __consumer_offsets-20 with epoch OptionalInt[0] (org.apache.kafka.coordinator.common.runtime.CoordinatorRuntime)
kafka-1-1  | 2026-09-25T22:48:57.379840171Z [2026-09-25 22:48:57,379] INFO [GroupCoordinator id=1] Ignored unloading metadata for __consumer_offsets-42 in epoch OptionalInt[0] since metadata was never loaded. (org.apache.kafka.coordinator.common.runtime.CoordinatorRuntime)
kafka-1-1  | 2026-09-25T22:48:57.380330152Z [2026-09-25 22:48:57,379] INFO [GroupCoordinator id=1] Finished loading of metadata from __consumer_offsets-21 with epoch 0 in 1ms where 1ms was spent in the scheduler. Loaded 0 records which total to 0 bytes. (org.apache.kafka.coordinator.common.runtime.CoordinatorRuntime)
kafka-1-1  | 2026-09-25T22:48:57.380841859Z [2026-09-25 22:48:57,380] INFO [GroupCoordinator id=1] Ignored unloading metadata for __consumer_offsets-41 in epoch OptionalInt[0] since metadata was never loaded. (org.apache.kafka.coordinator.common.runtime.CoordinatorRuntime)
kafka-1-1  | 2026-09-25T22:48:57.380862792Z [2026-09-25 22:48:57,380] INFO [GroupCoordinator id=1] Ignored unloading metadata for __consumer_offsets-5 in epoch OptionalInt[0] since metadata was never loaded. (org.apache.kafka.coordinator.common.runtime.CoordinatorRuntime)
kafka-1-1  | 2026-09-25T22:48:57.381077274Z [2026-09-25 22:48:57,380] INFO [GroupCoordinator id=1] Scheduling unloading of metadata for __consumer_offsets-49 with epoch OptionalInt[0] (org.apache.kafka.coordinator.common.runtime.CoordinatorRuntime)
kafka-1-1  | 2026-09-25T22:48:57.381104703Z [2026-09-25 22:48:57,380] INFO [GroupCoordinator id=1] Ignored unloading metadata for __consumer_offsets-32 in epoch OptionalInt[0] since metadata was never loaded. (org.apache.kafka.coordinator.common.runtime.CoordinatorRuntime)
kafka-1-1  | 2026-09-25T22:48:57.381124432Z [2026-09-25 22:48:57,380] INFO [GroupCoordinator id=1] Scheduling unloading of metadata for __consumer_offsets-27 with epoch OptionalInt[0] (org.apache.kafka.coordinator.common.runtime.CoordinatorRuntime)
kafka-1-1  | 2026-09-25T22:48:57.381313891Z [2026-09-25 22:48:57,381] INFO [GroupCoordinator id=1] Ignored unloading metadata for __consumer_offsets-20 in epoch OptionalInt[0] since metadata was never loaded. (org.apache.kafka.coordinator.common.runtime.CoordinatorRuntime)
kafka-1-1  | 2026-09-25T22:48:57.381433011Z [2026-09-25 22:48:57,381] INFO [GroupCoordinator id=1] Ignored unloading metadata for __consumer_offsets-49 in epoch OptionalInt[0] since metadata was never loaded. (org.apache.kafka.coordinator.common.runtime.CoordinatorRuntime)
kafka-1-1  | 2026-09-25T22:48:57.381453138Z [2026-09-25 22:48:57,381] INFO [GroupCoordinator id=1] Scheduling unloading of metadata for __consumer_offsets-25 with epoch OptionalInt[0] (org.apache.kafka.coordinator.common.runtime.CoordinatorRuntime)
kafka-1-1  | 2026-09-25T22:48:57.381769160Z [2026-09-25 22:48:57,381] INFO [GroupCoordinator id=1] Finished loading of metadata from __consumer_offsets-47 with epoch 0 in 6ms where 1ms was spent in the scheduler. Loaded 0 records which total to 0 bytes. (org.apache.kafka.coordinator.common.runtime.CoordinatorRuntime)
kafka-1-1  | 2026-09-25T22:48:57.382445746Z [2026-09-25 22:48:57,381] INFO [GroupCoordinator id=1] Scheduling unloading of metadata for __consumer_offsets-39 with epoch OptionalInt[0] (org.apache.kafka.coordinator.common.runtime.CoordinatorRuntime)
kafka-1-1  | 2026-09-25T22:48:57.382504451Z [2026-09-25 22:48:57,381] INFO [GroupCoordinator id=1] Ignored unloading metadata for __consumer_offsets-10 in epoch OptionalInt[0] since metadata was never loaded. (org.apache.kafka.coordinator.common.runtime.CoordinatorRuntime)
kafka-1-1  | 2026-09-25T22:48:57.382612961Z [2026-09-25 22:48:57,381] INFO [GroupCoordinator id=1] Ignored unloading metadata for __consumer_offsets-22 in epoch OptionalInt[0] since metadata was never loaded. (org.apache.kafka.coordinator.common.runtime.CoordinatorRuntime)
kafka-1-1  | 2026-09-25T22:48:57.382627356Z [2026-09-25 22:48:57,382] INFO [GroupCoordinator id=1] Ignored unloading metadata for __consumer_offsets-38 in epoch OptionalInt[0] since metadata was never loaded. (org.apache.kafka.coordinator.common.runtime.CoordinatorRuntime)
kafka-1-1  | 2026-09-25T22:48:57.382908619Z [2026-09-25 22:48:57,381] INFO [GroupCoordinator id=1] Scheduling unloading of metadata for __consumer_offsets-8 with epoch OptionalInt[0] (org.apache.kafka.coordinator.common.runtime.CoordinatorRuntime)
kafka-1-1  | 2026-09-25T22:48:57.382922219Z [2026-09-25 22:48:57,382] INFO [GroupCoordinator id=1] Ignored unloading metadata for __consumer_offsets-14 in epoch OptionalInt[0] since metadata was never loaded. (org.apache.kafka.coordinator.common.runtime.CoordinatorRuntime)
kafka-1-1  | 2026-09-25T22:48:57.384194053Z [2026-09-25 22:48:57,381] INFO [GroupCoordinator id=1] Ignored unloading metadata for __consumer_offsets-36 in epoch OptionalInt[0] since metadata was never loaded. (org.apache.kafka.coordinator.common.runtime.CoordinatorRuntime)
kafka-1-1  | 2026-09-25T22:48:57.384370543Z [2026-09-25 22:48:57,382] INFO [GroupCoordinator id=1] Ignored unloading metadata for __consumer_offsets-1 in epoch OptionalInt[0] since metadata was never loaded. (org.apache.kafka.coordinator.common.runtime.CoordinatorRuntime)
kafka-1-1  | 2026-09-25T22:48:57.384379782Z [2026-09-25 22:48:57,383] INFO [GroupCoordinator id=1] Ignored unloading metadata for __consumer_offsets-27 in epoch OptionalInt[0] since metadata was never loaded. (org.apache.kafka.coordinator.common.runtime.CoordinatorRuntime)
kafka-1-1  | 2026-09-25T22:48:57.384383922Z [2026-09-25 22:48:57,383] INFO [GroupCoordinator id=1] Ignored unloading metadata for __consumer_offsets-25 in epoch OptionalInt[0] since metadata was never loaded. (org.apache.kafka.coordinator.common.runtime.CoordinatorRuntime)
kafka-1-1  | 2026-09-25T22:48:57.384387851Z [2026-09-25 22:48:57,383] INFO [GroupCoordinator id=1] Finished loading of metadata from __consumer_offsets-29 with epoch 0 in 5ms where 5ms was spent in the scheduler. Loaded 0 records which total to 0 bytes. (org.apache.kafka.coordinator.common.runtime.CoordinatorRuntime)
kafka-1-1  | 2026-09-25T22:48:57.384829712Z [2026-09-25 22:48:57,383] INFO [GroupCoordinator id=1] Ignored unloading metadata for __consumer_offsets-39 in epoch OptionalInt[0] since metadata was never loaded. (org.apache.kafka.coordinator.common.runtime.CoordinatorRuntime)
kafka-1-1  | 2026-09-25T22:48:57.384853164Z [2026-09-25 22:48:57,383] INFO [GroupCoordinator id=1] Finished loading of metadata from __consumer_offsets-0 with epoch 0 in 1ms where 1ms was spent in the scheduler. Loaded 0 records which total to 0 bytes. (org.apache.kafka.coordinator.common.runtime.CoordinatorRuntime)
kafka-1-1  | 2026-09-25T22:48:57.385010196Z [2026-09-25 22:48:57,382] INFO [GroupCoordinator id=1] Ignored unloading metadata for __consumer_offsets-15 in epoch OptionalInt[0] since metadata was never loaded. (org.apache.kafka.coordinator.common.runtime.CoordinatorRuntime)
kafka-1-1  | 2026-09-25T22:48:57.386416981Z [2026-09-25 22:48:57,385] INFO [GroupCoordinator id=1] Finished loading of metadata from __consumer_offsets-35 with epoch 0 in 1ms where 0ms was spent in the scheduler. Loaded 0 records which total to 0 bytes. (org.apache.kafka.coordinator.common.runtime.CoordinatorRuntime)
kafka-1-1  | 2026-09-25T22:48:57.386451796Z [2026-09-25 22:48:57,385] INFO [GroupCoordinator id=1] Ignored unloading metadata for __consumer_offsets-8 in epoch OptionalInt[0] since metadata was never loaded. (org.apache.kafka.coordinator.common.runtime.CoordinatorRuntime)
kafka-1-1  | 2026-09-25T22:48:57.386459725Z [2026-09-25 22:48:57,385] INFO [GroupCoordinator id=1] Scheduling unloading of metadata for __consumer_offsets-6 with epoch OptionalInt[0] (org.apache.kafka.coordinator.common.runtime.CoordinatorRuntime)
kafka-1-1  | 2026-09-25T22:48:57.386464782Z [2026-09-25 22:48:57,386] INFO [GroupCoordinator id=1] Finished loading of metadata from __consumer_offsets-11 with epoch 0 in 1ms where 1ms was spent in the scheduler. Loaded 0 records which total to 0 bytes. (org.apache.kafka.coordinator.common.runtime.CoordinatorRuntime)
kafka-1-1  | 2026-09-25T22:48:57.387508275Z [2026-09-25 22:48:57,386] INFO [GroupCoordinator id=1] Scheduling unloading of metadata for __consumer_offsets-4 with epoch OptionalInt[0] (org.apache.kafka.coordinator.common.runtime.CoordinatorRuntime)
kafka-1-1  | 2026-09-25T22:48:57.387948218Z [2026-09-25 22:48:57,387] INFO [GroupCoordinator id=1] Finished loading of metadata from __consumer_offsets-3 with epoch 0 in 2ms where 2ms was spent in the scheduler. Loaded 0 records which total to 0 bytes. (org.apache.kafka.coordinator.common.runtime.CoordinatorRuntime)
kafka-1-1  | 2026-09-25T22:48:57.387961381Z [2026-09-25 22:48:57,387] INFO [GroupCoordinator id=1] Scheduling unloading of metadata for __consumer_offsets-33 with epoch OptionalInt[0] (org.apache.kafka.coordinator.common.runtime.CoordinatorRuntime)
kafka-1-1  | 2026-09-25T22:48:57.387964827Z [2026-09-25 22:48:57,387] INFO [GroupCoordinator id=1] Finished loading of metadata from __consumer_offsets-17 with epoch 0 in 4ms where 4ms was spent in the scheduler. Loaded 0 records which total to 0 bytes. (org.apache.kafka.coordinator.common.runtime.CoordinatorRuntime)
kafka-1-1  | 2026-09-25T22:48:57.387973943Z [2026-09-25 22:48:57,387] INFO [GroupCoordinator id=1] Finished loading of metadata from __consumer_offsets-31 with epoch 0 in 4ms where 4ms was spent in the scheduler. Loaded 0 records which total to 0 bytes. (org.apache.kafka.coordinator.common.runtime.CoordinatorRuntime)
kafka-1-1  | 2026-09-25T22:48:57.388018947Z [2026-09-25 22:48:57,386] INFO [GroupCoordinator id=1] Finished loading of metadata from __consumer_offsets-18 with epoch 0 in 4ms where 4ms was spent in the scheduler. Loaded 0 records which total to 0 bytes. (org.apache.kafka.coordinator.common.runtime.CoordinatorRuntime)
kafka-1-1  | 2026-09-25T22:48:57.388555049Z [2026-09-25 22:48:57,388] INFO [GroupCoordinator id=1] Ignored unloading metadata for __consumer_offsets-6 in epoch OptionalInt[0] since metadata was never loaded. (org.apache.kafka.coordinator.common.runtime.CoordinatorRuntime)
kafka-1-1  | 2026-09-25T22:48:57.388581393Z [2026-09-25 22:48:57,388] INFO [GroupCoordinator id=1] Ignored unloading metadata for __consumer_offsets-4 in epoch OptionalInt[0] since metadata was never loaded. (org.apache.kafka.coordinator.common.runtime.CoordinatorRuntime)
kafka-1-1  | 2026-09-25T22:48:57.388657376Z [2026-09-25 22:48:57,388] INFO [GroupCoordinator id=1] Finished loading of metadata from __consumer_offsets-24 with epoch 0 in 0ms where 0ms was spent in the scheduler. Loaded 0 records which total to 0 bytes. (org.apache.kafka.coordinator.common.runtime.CoordinatorRuntime)
kafka-1-1  | 2026-09-25T22:48:57.388673817Z [2026-09-25 22:48:57,388] INFO [GroupCoordinator id=1] Finished loading of metadata from __consumer_offsets-37 with epoch 0 in 0ms where 0ms was spent in the scheduler. Loaded 0 records which total to 0 bytes. (org.apache.kafka.coordinator.common.runtime.CoordinatorRuntime)
kafka-1-1  | 2026-09-25T22:48:57.389436044Z [2026-09-25 22:48:57,389] INFO [GroupCoordinator id=1] Ignored unloading metadata for __consumer_offsets-33 in epoch OptionalInt[0] since metadata was never loaded. (org.apache.kafka.coordinator.common.runtime.CoordinatorRuntime)
kafka-1-1  | 2026-09-25T22:48:57.389465615Z [2026-09-25 22:48:57,389] INFO [GroupCoordinator id=1] Scheduling unloading of metadata for __consumer_offsets-2 with epoch OptionalInt[0] (org.apache.kafka.coordinator.common.runtime.CoordinatorRuntime)
kafka-1-1  | 2026-09-25T22:48:57.390028365Z [2026-09-25 22:48:57,389] INFO [GroupCoordinator id=1] Ignored unloading metadata for __consumer_offsets-2 in epoch OptionalInt[0] since metadata was never loaded. (org.apache.kafka.coordinator.common.runtime.CoordinatorRuntime)
kafka-1-1  | 2026-09-25T22:48:57.390055804Z [2026-09-25 22:48:57,389] INFO [DynamicConfigPublisher broker id=1] Updating topic __consumer_offsets with new configuration : compression.type -> producer,cleanup.policy -> compact,segment.bytes -> 104857600 (kafka.server.metadata.DynamicConfigPublisher)
kafka-1-1  | 2026-09-25T22:48:57.614850452Z [2026-09-25 22:48:57,614] INFO [ReplicaFetcher replicaId=1, leaderId=2, fetcherId=0] Truncating partition __consumer_offsets-16 with TruncationState(offset=0, completed=true) due to local high watermark 0 (kafka.server.ReplicaFetcherThread)
kafka-1-1  | 2026-09-25T22:48:57.615331770Z [2026-09-25 22:48:57,615] INFO [UnifiedLog partition=__consumer_offsets-16, dir=/var/lib/kafka/data] Truncating to 0 has no effect as the largest offset in the log is -1 (kafka.log.UnifiedLog)
kafka-1-1  | 2026-09-25T22:48:57.615727857Z [2026-09-25 22:48:57,615] INFO [ReplicaFetcher replicaId=1, leaderId=2, fetcherId=0] Truncating partition __consumer_offsets-13 with TruncationState(offset=0, completed=true) due to local high watermark 0 (kafka.server.ReplicaFetcherThread)
kafka-1-1  | 2026-09-25T22:48:57.616044112Z [2026-09-25 22:48:57,615] INFO [UnifiedLog partition=__consumer_offsets-13, dir=/var/lib/kafka/data] Truncating to 0 has no effect as the largest offset in the log is -1 (kafka.log.UnifiedLog)
kafka-1-1  | 2026-09-25T22:48:57.616251168Z [2026-09-25 22:48:57,616] INFO [ReplicaFetcher replicaId=1, leaderId=2, fetcherId=0] Truncating partition __consumer_offsets-46 with TruncationState(offset=0, completed=true) due to local high watermark 0 (kafka.server.ReplicaFetcherThread)
kafka-1-1  | 2026-09-25T22:48:57.616574831Z [2026-09-25 22:48:57,616] INFO [UnifiedLog partition=__consumer_offsets-46, dir=/var/lib/kafka/data] Truncating to 0 has no effect as the largest offset in the log is -1 (kafka.log.UnifiedLog)
kafka-1-1  | 2026-09-25T22:48:57.617086169Z [2026-09-25 22:48:57,616] INFO [ReplicaFetcher replicaId=1, leaderId=2, fetcherId=0] Truncating partition __consumer_offsets-44 with TruncationState(offset=0, completed=true) due to local high watermark 0 (kafka.server.ReplicaFetcherThread)
kafka-1-1  | 2026-09-25T22:48:57.617105986Z [2026-09-25 22:48:57,616] INFO [UnifiedLog partition=__consumer_offsets-44, dir=/var/lib/kafka/data] Truncating to 0 has no effect as the largest offset in the log is -1 (kafka.log.UnifiedLog)
kafka-1-1  | 2026-09-25T22:48:57.617439995Z [2026-09-25 22:48:57,617] INFO [ReplicaFetcher replicaId=1, leaderId=2, fetcherId=0] Truncating partition __consumer_offsets-41 with TruncationState(offset=0, completed=true) due to local high watermark 0 (kafka.server.ReplicaFetcherThread)
kafka-1-1  | 2026-09-25T22:48:57.617808567Z [2026-09-25 22:48:57,617] INFO [UnifiedLog partition=__consumer_offsets-41, dir=/var/lib/kafka/data] Truncating to 0 has no effect as the largest offset in the log is -1 (kafka.log.UnifiedLog)
kafka-1-1  | 2026-09-25T22:48:57.618088089Z [2026-09-25 22:48:57,617] INFO [ReplicaFetcher replicaId=1, leaderId=2, fetcherId=0] Truncating partition __consumer_offsets-9 with TruncationState(offset=0, completed=true) due to local high watermark 0 (kafka.server.ReplicaFetcherThread)
kafka-1-1  | 2026-09-25T22:48:57.618179927Z [2026-09-25 22:48:57,618] INFO [UnifiedLog partition=__consumer_offsets-9, dir=/var/lib/kafka/data] Truncating to 0 has no effect as the largest offset in the log is -1 (kafka.log.UnifiedLog)
kafka-1-1  | 2026-09-25T22:48:57.618704628Z [2026-09-25 22:48:57,618] INFO [ReplicaFetcher replicaId=1, leaderId=2, fetcherId=0] Truncating partition __consumer_offsets-23 with TruncationState(offset=0, completed=true) due to local high watermark 0 (kafka.server.ReplicaFetcherThread)
kafka-1-1  | 2026-09-25T22:48:57.618968226Z [2026-09-25 22:48:57,618] INFO [UnifiedLog partition=__consumer_offsets-23, dir=/var/lib/kafka/data] Truncating to 0 has no effect as the largest offset in the log is -1 (kafka.log.UnifiedLog)
kafka-1-1  | 2026-09-25T22:48:57.619390357Z [2026-09-25 22:48:57,619] INFO [ReplicaFetcher replicaId=1, leaderId=2, fetcherId=0] Truncating partition __consumer_offsets-20 with TruncationState(offset=0, completed=true) due to local high watermark 0 (kafka.server.ReplicaFetcherThread)
kafka-1-1  | 2026-09-25T22:48:57.621372299Z [2026-09-25 22:48:57,620] INFO [UnifiedLog partition=__consumer_offsets-20, dir=/var/lib/kafka/data] Truncating to 0 has no effect as the largest offset in the log is -1 (kafka.log.UnifiedLog)
kafka-1-1  | 2026-09-25T22:48:57.621944960Z [2026-09-25 22:48:57,621] INFO [ReplicaFetcher replicaId=1, leaderId=2, fetcherId=0] Truncating partition __consumer_offsets-30 with TruncationState(offset=0, completed=true) due to local high watermark 0 (kafka.server.ReplicaFetcherThread)
kafka-1-1  | 2026-09-25T22:48:57.622823391Z [2026-09-25 22:48:57,622] INFO [UnifiedLog partition=__consumer_offsets-30, dir=/var/lib/kafka/data] Truncating to 0 has no effect as the largest offset in the log is -1 (kafka.log.UnifiedLog)
kafka-1-1  | 2026-09-25T22:48:57.623653065Z [2026-09-25 22:48:57,623] INFO [ReplicaFetcher replicaId=1, leaderId=2, fetcherId=0] Truncating partition __consumer_offsets-27 with TruncationState(offset=0, completed=true) due to local high watermark 0 (kafka.server.ReplicaFetcherThread)
kafka-1-1  | 2026-09-25T22:48:57.626618249Z [2026-09-25 22:48:57,624] INFO [UnifiedLog partition=__consumer_offsets-27, dir=/var/lib/kafka/data] Truncating to 0 has no effect as the largest offset in the log is -1 (kafka.log.UnifiedLog)
kafka-1-1  | 2026-09-25T22:48:57.627746622Z [2026-09-25 22:48:57,626] INFO [ReplicaFetcher replicaId=1, leaderId=2, fetcherId=0] Truncating partition __consumer_offsets-25 with TruncationState(offset=0, completed=true) due to local high watermark 0 (kafka.server.ReplicaFetcherThread)
kafka-1-1  | 2026-09-25T22:48:57.628853068Z [2026-09-25 22:48:57,626] INFO [UnifiedLog partition=__consumer_offsets-25, dir=/var/lib/kafka/data] Truncating to 0 has no effect as the largest offset in the log is -1 (kafka.log.UnifiedLog)
kafka-1-1  | 2026-09-25T22:48:57.628883009Z [2026-09-25 22:48:57,627] INFO [ReplicaFetcher replicaId=1, leaderId=2, fetcherId=0] Truncating partition __consumer_offsets-8 with TruncationState(offset=0, completed=true) due to local high watermark 0 (kafka.server.ReplicaFetcherThread)
kafka-1-1  | 2026-09-25T22:48:57.634184354Z [2026-09-25 22:48:57,633] INFO [UnifiedLog partition=__consumer_offsets-8, dir=/var/lib/kafka/data] Truncating to 0 has no effect as the largest offset in the log is -1 (kafka.log.UnifiedLog)
kafka-1-1  | 2026-09-25T22:48:57.635764807Z [2026-09-25 22:48:57,635] INFO [ReplicaFetcher replicaId=1, leaderId=2, fetcherId=0] Truncating partition __consumer_offsets-36 with TruncationState(offset=0, completed=true) due to local high watermark 0 (kafka.server.ReplicaFetcherThread)
kafka-1-1  | 2026-09-25T22:48:57.637033102Z [2026-09-25 22:48:57,635] INFO [UnifiedLog partition=__consumer_offsets-36, dir=/var/lib/kafka/data] Truncating to 0 has no effect as the largest offset in the log is -1 (kafka.log.UnifiedLog)
kafka-1-1  | 2026-09-25T22:48:57.637063619Z [2026-09-25 22:48:57,636] INFO [ReplicaFetcher replicaId=1, leaderId=2, fetcherId=0] Truncating partition __consumer_offsets-4 with TruncationState(offset=0, completed=true) due to local high watermark 0 (kafka.server.ReplicaFetcherThread)
kafka-1-1  | 2026-09-25T22:48:57.637070157Z [2026-09-25 22:48:57,636] INFO [UnifiedLog partition=__consumer_offsets-4, dir=/var/lib/kafka/data] Truncating to 0 has no effect as the largest offset in the log is -1 (kafka.log.UnifiedLog)
kafka-1-1  | 2026-09-25T22:48:57.637176761Z [2026-09-25 22:48:57,636] INFO [ReplicaFetcher replicaId=1, leaderId=2, fetcherId=0] Truncating partition __consumer_offsets-1 with TruncationState(offset=0, completed=true) due to local high watermark 0 (kafka.server.ReplicaFetcherThread)
kafka-1-1  | 2026-09-25T22:48:57.637496007Z [2026-09-25 22:48:57,637] INFO [UnifiedLog partition=__consumer_offsets-1, dir=/var/lib/kafka/data] Truncating to 0 has no effect as the largest offset in the log is -1 (kafka.log.UnifiedLog)
kafka-1-1  | 2026-09-25T22:48:57.638085424Z [2026-09-25 22:48:57,637] INFO [ReplicaFetcher replicaId=1, leaderId=2, fetcherId=0] Truncating partition __consumer_offsets-34 with TruncationState(offset=0, completed=true) due to local high watermark 0 (kafka.server.ReplicaFetcherThread)
kafka-1-1  | 2026-09-25T22:48:57.639591228Z [2026-09-25 22:48:57,639] INFO [ReplicaFetcher replicaId=1, leaderId=3, fetcherId=0] Truncating partition __consumer_offsets-15 with TruncationState(offset=0, completed=true) due to local high watermark 0 (kafka.server.ReplicaFetcherThread)
kafka-1-1  | 2026-09-25T22:48:57.639906254Z [2026-09-25 22:48:57,639] INFO [UnifiedLog partition=__consumer_offsets-15, dir=/var/lib/kafka/data] Truncating to 0 has no effect as the largest offset in the log is -1 (kafka.log.UnifiedLog)
kafka-1-1  | 2026-09-25T22:48:57.640396524Z [2026-09-25 22:48:57,640] INFO [ReplicaFetcher replicaId=1, leaderId=3, fetcherId=0] Truncating partition __consumer_offsets-45 with TruncationState(offset=0, completed=true) due to local high watermark 0 (kafka.server.ReplicaFetcherThread)
kafka-1-1  | 2026-09-25T22:48:57.640682743Z [2026-09-25 22:48:57,640] INFO [UnifiedLog partition=__consumer_offsets-45, dir=/var/lib/kafka/data] Truncating to 0 has no effect as the largest offset in the log is -1 (kafka.log.UnifiedLog)
kafka-1-1  | 2026-09-25T22:48:57.641000998Z [2026-09-25 22:48:57,640] INFO [ReplicaFetcher replicaId=1, leaderId=3, fetcherId=0] Truncating partition __consumer_offsets-14 with TruncationState(offset=0, completed=true) due to local high watermark 0 (kafka.server.ReplicaFetcherThread)
kafka-1-1  | 2026-09-25T22:48:57.641493900Z [2026-09-25 22:48:57,641] INFO [UnifiedLog partition=__consumer_offsets-14, dir=/var/lib/kafka/data] Truncating to 0 has no effect as the largest offset in the log is -1 (kafka.log.UnifiedLog)
kafka-1-1  | 2026-09-25T22:48:57.641912593Z [2026-09-25 22:48:57,641] INFO [ReplicaFetcher replicaId=1, leaderId=3, fetcherId=0] Truncating partition __consumer_offsets-42 with TruncationState(offset=0, completed=true) due to local high watermark 0 (kafka.server.ReplicaFetcherThread)
kafka-1-1  | 2026-09-25T22:48:57.643148924Z [2026-09-25 22:48:57,642] INFO [UnifiedLog partition=__consumer_offsets-34, dir=/var/lib/kafka/data] Truncating to 0 has no effect as the largest offset in the log is -1 (kafka.log.UnifiedLog)
kafka-1-1  | 2026-09-25T22:48:57.644238513Z [2026-09-25 22:48:57,643] INFO [UnifiedLog partition=__consumer_offsets-42, dir=/var/lib/kafka/data] Truncating to 0 has no effect as the largest offset in the log is -1 (kafka.log.UnifiedLog)
kafka-1-1  | 2026-09-25T22:48:57.646200800Z [2026-09-25 22:48:57,645] INFO [ReplicaFetcher replicaId=1, leaderId=3, fetcherId=0] Truncating partition __consumer_offsets-10 with TruncationState(offset=0, completed=true) due to local high watermark 0 (kafka.server.ReplicaFetcherThread)
kafka-1-1  | 2026-09-25T22:48:57.647704811Z [2026-09-25 22:48:57,646] INFO [UnifiedLog partition=__consumer_offsets-10, dir=/var/lib/kafka/data] Truncating to 0 has no effect as the largest offset in the log is -1 (kafka.log.UnifiedLog)
kafka-1-1  | 2026-09-25T22:48:57.647732567Z [2026-09-25 22:48:57,646] INFO [ReplicaFetcher replicaId=1, leaderId=3, fetcherId=0] Truncating partition __consumer_offsets-22 with TruncationState(offset=0, completed=true) due to local high watermark 0 (kafka.server.ReplicaFetcherThread)
kafka-1-1  | 2026-09-25T22:48:57.647736846Z [2026-09-25 22:48:57,646] INFO [UnifiedLog partition=__consumer_offsets-22, dir=/var/lib/kafka/data] Truncating to 0 has no effect as the largest offset in the log is -1 (kafka.log.UnifiedLog)
kafka-1-1  | 2026-09-25T22:48:57.647740470Z [2026-09-25 22:48:57,646] INFO [ReplicaFetcher replicaId=1, leaderId=3, fetcherId=0] Truncating partition __consumer_offsets-19 with TruncationState(offset=0, completed=true) due to local high watermark 0 (kafka.server.ReplicaFetcherThread)
kafka-1-1  | 2026-09-25T22:48:57.647744354Z [2026-09-25 22:48:57,646] INFO [UnifiedLog partition=__consumer_offsets-19, dir=/var/lib/kafka/data] Truncating to 0 has no effect as the largest offset in the log is -1 (kafka.log.UnifiedLog)
kafka-1-1  | 2026-09-25T22:48:57.647747900Z [2026-09-25 22:48:57,647] INFO [ReplicaFetcher replicaId=1, leaderId=3, fetcherId=0] Truncating partition __consumer_offsets-49 with TruncationState(offset=0, completed=true) due to local high watermark 0 (kafka.server.ReplicaFetcherThread)
kafka-1-1  | 2026-09-25T22:48:57.649637498Z [2026-09-25 22:48:57,647] INFO [UnifiedLog partition=__consumer_offsets-49, dir=/var/lib/kafka/data] Truncating to 0 has no effect as the largest offset in the log is -1 (kafka.log.UnifiedLog)
kafka-1-1  | 2026-09-25T22:48:57.649681196Z [2026-09-25 22:48:57,647] INFO [ReplicaFetcher replicaId=1, leaderId=3, fetcherId=0] Truncating partition __consumer_offsets-32 with TruncationState(offset=0, completed=true) due to local high watermark 0 (kafka.server.ReplicaFetcherThread)
kafka-1-1  | 2026-09-25T22:48:57.649688497Z [2026-09-25 22:48:57,648] INFO [UnifiedLog partition=__consumer_offsets-32, dir=/var/lib/kafka/data] Truncating to 0 has no effect as the largest offset in the log is -1 (kafka.log.UnifiedLog)
kafka-1-1  | 2026-09-25T22:48:57.649693679Z [2026-09-25 22:48:57,648] INFO [ReplicaFetcher replicaId=1, leaderId=3, fetcherId=0] Truncating partition __consumer_offsets-28 with TruncationState(offset=0, completed=true) due to local high watermark 0 (kafka.server.ReplicaFetcherThread)
kafka-1-1  | 2026-09-25T22:48:57.649698473Z [2026-09-25 22:48:57,648] INFO [UnifiedLog partition=__consumer_offsets-28, dir=/var/lib/kafka/data] Truncating to 0 has no effect as the largest offset in the log is -1 (kafka.log.UnifiedLog)
kafka-1-1  | 2026-09-25T22:48:57.649750985Z [2026-09-25 22:48:57,648] INFO [ReplicaFetcher replicaId=1, leaderId=3, fetcherId=0] Truncating partition __consumer_offsets-26 with TruncationState(offset=0, completed=true) due to local high watermark 0 (kafka.server.ReplicaFetcherThread)
kafka-1-1  | 2026-09-25T22:48:57.650443462Z [2026-09-25 22:48:57,648] INFO [UnifiedLog partition=__consumer_offsets-26, dir=/var/lib/kafka/data] Truncating to 0 has no effect as the largest offset in the log is -1 (kafka.log.UnifiedLog)
kafka-1-1  | 2026-09-25T22:48:57.650461427Z [2026-09-25 22:48:57,648] INFO [ReplicaFetcher replicaId=1, leaderId=3, fetcherId=0] Truncating partition __consumer_offsets-39 with TruncationState(offset=0, completed=true) due to local high watermark 0 (kafka.server.ReplicaFetcherThread)
kafka-1-1  | 2026-09-25T22:48:57.650466730Z [2026-09-25 22:48:57,649] INFO [UnifiedLog partition=__consumer_offsets-39, dir=/var/lib/kafka/data] Truncating to 0 has no effect as the largest offset in the log is -1 (kafka.log.UnifiedLog)
kafka-1-1  | 2026-09-25T22:48:57.650470703Z [2026-09-25 22:48:57,649] INFO [ReplicaFetcher replicaId=1, leaderId=3, fetcherId=0] Truncating partition __consumer_offsets-5 with TruncationState(offset=0, completed=true) due to local high watermark 0 (kafka.server.ReplicaFetcherThread)
kafka-1-1  | 2026-09-25T22:48:57.650474441Z [2026-09-25 22:48:57,649] INFO [UnifiedLog partition=__consumer_offsets-5, dir=/var/lib/kafka/data] Truncating to 0 has no effect as the largest offset in the log is -1 (kafka.log.UnifiedLog)
kafka-1-1  | 2026-09-25T22:48:57.650477705Z [2026-09-25 22:48:57,649] INFO [ReplicaFetcher replicaId=1, leaderId=3, fetcherId=0] Truncating partition __consumer_offsets-38 with TruncationState(offset=0, completed=true) due to local high watermark 0 (kafka.server.ReplicaFetcherThread)
kafka-1-1  | 2026-09-25T22:48:57.650480719Z [2026-09-25 22:48:57,649] INFO [UnifiedLog partition=__consumer_offsets-38, dir=/var/lib/kafka/data] Truncating to 0 has no effect as the largest offset in the log is -1 (kafka.log.UnifiedLog)
kafka-1-1  | 2026-09-25T22:48:57.650510606Z [2026-09-25 22:48:57,649] INFO [ReplicaFetcher replicaId=1, leaderId=3, fetcherId=0] Truncating partition __consumer_offsets-6 with TruncationState(offset=0, completed=true) due to local high watermark 0 (kafka.server.ReplicaFetcherThread)
kafka-1-1  | 2026-09-25T22:48:57.650514483Z [2026-09-25 22:48:57,650] INFO [UnifiedLog partition=__consumer_offsets-6, dir=/var/lib/kafka/data] Truncating to 0 has no effect as the largest offset in the log is -1 (kafka.log.UnifiedLog)
kafka-1-1  | 2026-09-25T22:48:57.650729486Z [2026-09-25 22:48:57,650] INFO [ReplicaFetcher replicaId=1, leaderId=3, fetcherId=0] Truncating partition __consumer_offsets-33 with TruncationState(offset=0, completed=true) due to local high watermark 0 (kafka.server.ReplicaFetcherThread)
kafka-1-1  | 2026-09-25T22:48:57.650740200Z [2026-09-25 22:48:57,650] INFO [UnifiedLog partition=__consumer_offsets-33, dir=/var/lib/kafka/data] Truncating to 0 has no effect as the largest offset in the log is -1 (kafka.log.UnifiedLog)
kafka-1-1  | 2026-09-25T22:48:57.651199911Z [2026-09-25 22:48:57,650] INFO [ReplicaFetcher replicaId=1, leaderId=3, fetcherId=0] Truncating partition __consumer_offsets-2 with TruncationState(offset=0, completed=true) due to local high watermark 0 (kafka.server.ReplicaFetcherThread)
kafka-1-1  | 2026-09-25T22:48:57.651501765Z [2026-09-25 22:48:57,651] INFO [UnifiedLog partition=__consumer_offsets-2, dir=/var/lib/kafka/data] Truncating to 0 has no effect as the largest offset in the log is -1 (kafka.log.UnifiedLog)
kafka-1-1  | 2026-09-25T22:50:07.908683285Z [2026-09-25 22:50:07,907] INFO [RaftManager id=1] Node 2 disconnected. (org.apache.kafka.clients.NetworkClient)
kafka-1-1  | 2026-09-25T22:50:07.908692127Z [2026-09-25 22:50:07,908] INFO [ReplicaFetcher replicaId=1, leaderId=2, fetcherId=0] Node 2 disconnected. (org.apache.kafka.clients.NetworkClient)
kafka-1-1  | 2026-09-25T22:50:07.908695586Z [2026-09-25 22:50:07,908] INFO [ReplicaFetcher replicaId=1, leaderId=2, fetcherId=0] Cancelled in-flight FETCH request with correlation id 366 due to node 2 being disconnected (elapsed time since creation: 347ms, elapsed time since send: 347ms, throttle time: 0ms, request timeout: 30000ms) (org.apache.kafka.clients.NetworkClient)
kafka-1-1  | 2026-09-25T22:50:07.909451582Z [2026-09-25 22:50:07,908] INFO [ReplicaFetcher replicaId=1, leaderId=2, fetcherId=0] Client requested connection close from node 2 (org.apache.kafka.clients.NetworkClient)
kafka-1-1  | 2026-09-25T22:50:07.916411991Z [2026-09-25 22:50:07,908] INFO [ReplicaFetcher replicaId=1, leaderId=2, fetcherId=0] Error sending fetch request (sessionId=129224035, epoch=366) to node 2: (org.apache.kafka.clients.FetchSessionHandler)
kafka-1-1  | 2026-09-25T22:50:07.916434662Z java.io.IOException: Connection to 2 was disconnected before the response was read
kafka-1-1  | 2026-09-25T22:50:07.916438271Z 	at org.apache.kafka.clients.NetworkClientUtils.sendAndReceive(NetworkClientUtils.java:111) ~[kafka-clients-4.0.0.jar:?]
kafka-1-1  | 2026-09-25T22:50:07.916441284Z 	at kafka.server.BrokerBlockingSender.sendRequest(BrokerBlockingSender.scala:112) ~[kafka_2.13-4.0.0.jar:?]
kafka-1-1  | 2026-09-25T22:50:07.916443743Z 	at kafka.server.RemoteLeaderEndPoint.fetch(RemoteLeaderEndPoint.scala:76) ~[kafka_2.13-4.0.0.jar:?]
kafka-1-1  | 2026-09-25T22:50:07.916446249Z 	at kafka.server.AbstractFetcherThread.processFetchRequest(AbstractFetcherThread.scala:315) ~[kafka_2.13-4.0.0.jar:?]
kafka-1-1  | 2026-09-25T22:50:07.916448746Z 	at kafka.server.AbstractFetcherThread.$anonfun$maybeFetch$3(AbstractFetcherThread.scala:129) ~[kafka_2.13-4.0.0.jar:?]
kafka-1-1  | 2026-09-25T22:50:07.916451186Z 	at kafka.server.AbstractFetcherThread.$anonfun$maybeFetch$3$adapted(AbstractFetcherThread.scala:128) ~[kafka_2.13-4.0.0.jar:?]
kafka-1-1  | 2026-09-25T22:50:07.916453633Z 	at scala.Option.foreach(Option.scala:437) [scala-library-2.13.15.jar:?]
kafka-1-1  | 2026-09-25T22:50:07.916456106Z 	at kafka.server.AbstractFetcherThread.maybeFetch(AbstractFetcherThread.scala:128) [kafka_2.13-4.0.0.jar:?]
kafka-1-1  | 2026-09-25T22:50:07.916469458Z 	at kafka.server.AbstractFetcherThread.doWork(AbstractFetcherThread.scala:111) [kafka_2.13-4.0.0.jar:?]
kafka-1-1  | 2026-09-25T22:50:07.916472620Z 	at kafka.server.ReplicaFetcherThread.doWork(ReplicaFetcherThread.scala:96) [kafka_2.13-4.0.0.jar:?]
kafka-1-1  | 2026-09-25T22:50:07.916475137Z 	at org.apache.kafka.server.util.ShutdownableThread.run(ShutdownableThread.java:136) [kafka-server-common-4.0.0.jar:?]
kafka-1-1  | 2026-09-25T22:50:07.918965959Z [2026-09-25 22:50:07,918] WARN [ReplicaFetcher replicaId=1, leaderId=2, fetcherId=0] Error in response for fetch request (type=FetchRequest, replicaId=1, maxWait=500, minBytes=1, maxBytes=10485760, fetchData={}, isolationLevel=read_uncommitted, removed=, replaced=, metadata=(sessionId=129224035, epoch=366), rackId=) (kafka.server.ReplicaFetcherThread)
kafka-1-1  | 2026-09-25T22:50:07.918985686Z java.io.IOException: Connection to 2 was disconnected before the response was read
kafka-1-1  | 2026-09-25T22:50:07.918989076Z 	at org.apache.kafka.clients.NetworkClientUtils.sendAndReceive(NetworkClientUtils.java:111) ~[kafka-clients-4.0.0.jar:?]
kafka-1-1  | 2026-09-25T22:50:07.918991751Z 	at kafka.server.BrokerBlockingSender.sendRequest(BrokerBlockingSender.scala:112) ~[kafka_2.13-4.0.0.jar:?]
kafka-1-1  | 2026-09-25T22:50:07.918994088Z 	at kafka.server.RemoteLeaderEndPoint.fetch(RemoteLeaderEndPoint.scala:76) ~[kafka_2.13-4.0.0.jar:?]
kafka-1-1  | 2026-09-25T22:50:07.918996715Z 	at kafka.server.AbstractFetcherThread.processFetchRequest(AbstractFetcherThread.scala:315) ~[kafka_2.13-4.0.0.jar:?]
kafka-1-1  | 2026-09-25T22:50:07.918999106Z 	at kafka.server.AbstractFetcherThread.$anonfun$maybeFetch$3(AbstractFetcherThread.scala:129) ~[kafka_2.13-4.0.0.jar:?]
kafka-1-1  | 2026-09-25T22:50:07.919001451Z 	at kafka.server.AbstractFetcherThread.$anonfun$maybeFetch$3$adapted(AbstractFetcherThread.scala:128) ~[kafka_2.13-4.0.0.jar:?]
kafka-1-1  | 2026-09-25T22:50:07.919003820Z 	at scala.Option.foreach(Option.scala:437) [scala-library-2.13.15.jar:?]
kafka-1-1  | 2026-09-25T22:50:07.919006126Z 	at kafka.server.AbstractFetcherThread.maybeFetch(AbstractFetcherThread.scala:128) [kafka_2.13-4.0.0.jar:?]
kafka-1-1  | 2026-09-25T22:50:07.919008349Z 	at kafka.server.AbstractFetcherThread.doWork(AbstractFetcherThread.scala:111) [kafka_2.13-4.0.0.jar:?]
kafka-1-1  | 2026-09-25T22:50:07.919010523Z 	at kafka.server.ReplicaFetcherThread.doWork(ReplicaFetcherThread.scala:96) [kafka_2.13-4.0.0.jar:?]
kafka-1-1  | 2026-09-25T22:50:07.919012720Z 	at org.apache.kafka.server.util.ShutdownableThread.run(ShutdownableThread.java:136) [kafka-server-common-4.0.0.jar:?]
kafka-1-1  | 2026-09-25T22:50:11.442290832Z [2026-09-25 22:50:11,440] INFO [ReplicaFetcherManager on broker 1] Removed fetcher for partitions Set(__consumer_offsets-48, __consumer_offsets-46, __consumer_offsets-11, __consumer_offsets-23, __consumer_offsets-21, __consumer_offsets-17, dados-sensores-4, __consumer_offsets-30, __consumer_offsets-7, __consumer_offsets-40, __consumer_offsets-3, __consumer_offsets-36, dados-sensores-2, __consumer_offsets-34, __consumer_offsets-47, __consumer_offsets-16, __consumer_offsets-43, __consumer_offsets-12, __consumer_offsets-24, __consumer_offsets-20, __consumer_offsets-18, __consumer_offsets-31, __consumer_offsets-0, __consumer_offsets-29, __consumer_offsets-37, __consumer_offsets-35) (kafka.server.ReplicaFetcherManager)
kafka-1-1  | 2026-09-25T22:50:11.505685366Z [2026-09-25 22:50:11,505] INFO [ReplicaFetcherManager on broker 1] Removed fetcher for partitions Set(dados-sensores-5, __consumer_offsets-13, __consumer_offsets-27, __consumer_offsets-44, __consumer_offsets-41, __consumer_offsets-25, __consumer_offsets-9, __consumer_offsets-8, __consumer_offsets-4, dados-sensores-0, __consumer_offsets-1) (kafka.server.ReplicaFetcherManager)
kafka-1-1  | 2026-09-25T22:50:11.506112664Z [2026-09-25 22:50:11,505] INFO [ReplicaFetcherManager on broker 1] Added fetcher to broker 3 for partitions HashMap(dados-sensores-5 -> InitialFetchState(Some(bpNag2Q4SrSHzixJwrCS8Q),BrokerEndPoint(id=3, host=kafka-3:9092),1,216), __consumer_offsets-13 -> InitialFetchState(Some(z0JJoNscSBKv29UaLoZ9NQ),BrokerEndPoint(id=3, host=kafka-3:9092),1,0), __consumer_offsets-27 -> InitialFetchState(Some(z0JJoNscSBKv29UaLoZ9NQ),BrokerEndPoint(id=3, host=kafka-3:9092),1,0), __consumer_offsets-44 -> InitialFetchState(Some(z0JJoNscSBKv29UaLoZ9NQ),BrokerEndPoint(id=3, host=kafka-3:9092),1,0), __consumer_offsets-41 -> InitialFetchState(Some(z0JJoNscSBKv29UaLoZ9NQ),BrokerEndPoint(id=3, host=kafka-3:9092),1,0), __consumer_offsets-25 -> InitialFetchState(Some(z0JJoNscSBKv29UaLoZ9NQ),BrokerEndPoint(id=3, host=kafka-3:9092),1,0), __consumer_offsets-9 -> InitialFetchState(Some(z0JJoNscSBKv29UaLoZ9NQ),BrokerEndPoint(id=3, host=kafka-3:9092),1,0), __consumer_offsets-8 -> InitialFetchState(Some(z0JJoNscSBKv29UaLoZ9NQ),BrokerEndPoint(id=3, host=kafka-3:9092),1,0), __consumer_offsets-4 -> InitialFetchState(Some(z0JJoNscSBKv29UaLoZ9NQ),BrokerEndPoint(id=3, host=kafka-3:9092),1,0), dados-sensores-0 -> InitialFetchState(Some(bpNag2Q4SrSHzixJwrCS8Q),BrokerEndPoint(id=3, host=kafka-3:9092),1,288), __consumer_offsets-1 -> InitialFetchState(Some(z0JJoNscSBKv29UaLoZ9NQ),BrokerEndPoint(id=3, host=kafka-3:9092),1,0)) (kafka.server.ReplicaFetcherManager)
kafka-1-1  | 2026-09-25T22:50:11.506462387Z [2026-09-25 22:50:11,506] INFO [ReplicaFetcherThread-0-2]: Shutting down (kafka.server.ReplicaFetcherThread)
kafka-1-1  | 2026-09-25T22:50:11.507367694Z [2026-09-25 22:50:11,507] INFO [ReplicaFetcher replicaId=1, leaderId=2, fetcherId=0] Client requested connection close from node 2 (org.apache.kafka.clients.NetworkClient)
kafka-1-1  | 2026-09-25T22:50:11.507588801Z [2026-09-25 22:50:11,507] INFO [ReplicaFetcher replicaId=1, leaderId=2, fetcherId=0] Error sending fetch request (sessionId=129224035, epoch=INITIAL) to node 2: (org.apache.kafka.clients.FetchSessionHandler)
kafka-1-1  | 2026-09-25T22:50:11.507599131Z org.apache.kafka.common.errors.DisconnectException: NetworkClient is no longer active, state is CLOSING
kafka-1-1  | 2026-09-25T22:50:11.507602770Z [2026-09-25 22:50:11,507] INFO [ReplicaFetcherThread-0-2]: Stopped (kafka.server.ReplicaFetcherThread)
kafka-1-1  | 2026-09-25T22:50:11.507789484Z [2026-09-25 22:50:11,507] INFO [ReplicaFetcherThread-0-2]: Shutdown completed (kafka.server.ReplicaFetcherThread)
kafka-1-1  | 2026-09-25T22:50:11.510049881Z [2026-09-25 22:50:11,509] INFO [GroupCoordinator id=1] Scheduling loading of metadata from __consumer_offsets-16 with epoch 1 (org.apache.kafka.coordinator.common.runtime.CoordinatorRuntime)
kafka-1-1  | 2026-09-25T22:50:11.510068462Z [2026-09-25 22:50:11,509] INFO [GroupCoordinator id=1] Scheduling loading of metadata from __consumer_offsets-30 with epoch 1 (org.apache.kafka.coordinator.common.runtime.CoordinatorRuntime)
kafka-1-1  | 2026-09-25T22:50:11.510096666Z [2026-09-25 22:50:11,509] INFO [GroupCoordinator id=1] Scheduling loading of metadata from __consumer_offsets-46 with epoch 1 (org.apache.kafka.coordinator.common.runtime.CoordinatorRuntime)
kafka-1-1  | 2026-09-25T22:50:11.510100659Z [2026-09-25 22:50:11,510] INFO [GroupCoordinator id=1] Scheduling loading of metadata from __consumer_offsets-23 with epoch 1 (org.apache.kafka.coordinator.common.runtime.CoordinatorRuntime)
kafka-1-1  | 2026-09-25T22:50:11.510283578Z [2026-09-25 22:50:11,510] INFO [GroupCoordinator id=1] Scheduling loading of metadata from __consumer_offsets-20 with epoch 1 (org.apache.kafka.coordinator.common.runtime.CoordinatorRuntime)
kafka-1-1  | 2026-09-25T22:50:11.510393190Z [2026-09-25 22:50:11,510] INFO [GroupCoordinator id=1] Scheduling loading of metadata from __consumer_offsets-36 with epoch 1 (org.apache.kafka.coordinator.common.runtime.CoordinatorRuntime)
kafka-1-1  | 2026-09-25T22:50:11.510408490Z [2026-09-25 22:50:11,510] INFO [GroupCoordinator id=1] Scheduling loading of metadata from __consumer_offsets-34 with epoch 1 (org.apache.kafka.coordinator.common.runtime.CoordinatorRuntime)
kafka-1-1  | 2026-09-25T22:50:11.510418619Z [2026-09-25 22:50:11,510] INFO [GroupCoordinator id=1] Scheduling unloading of metadata for __consumer_offsets-15 with epoch OptionalInt[0] (org.apache.kafka.coordinator.common.runtime.CoordinatorRuntime)
kafka-1-1  | 2026-09-25T22:50:11.510535761Z [2026-09-25 22:50:11,510] INFO [GroupCoordinator id=1] Scheduling unloading of metadata for __consumer_offsets-13 with epoch OptionalInt[1] (org.apache.kafka.coordinator.common.runtime.CoordinatorRuntime)
kafka-1-1  | 2026-09-25T22:50:11.510552170Z [2026-09-25 22:50:11,510] INFO [GroupCoordinator id=1] Scheduling unloading of metadata for __consumer_offsets-44 with epoch OptionalInt[1] (org.apache.kafka.coordinator.common.runtime.CoordinatorRuntime)
kafka-1-1  | 2026-09-25T22:50:11.510556297Z [2026-09-25 22:50:11,510] INFO [GroupCoordinator id=1] Scheduling unloading of metadata for __consumer_offsets-9 with epoch OptionalInt[1] (org.apache.kafka.coordinator.common.runtime.CoordinatorRuntime)
kafka-1-1  | 2026-09-25T22:50:11.510559145Z [2026-09-25 22:50:11,510] INFO [GroupCoordinator id=1] Scheduling unloading of metadata for __consumer_offsets-42 with epoch OptionalInt[0] (org.apache.kafka.coordinator.common.runtime.CoordinatorRuntime)
kafka-1-1  | 2026-09-25T22:50:11.510568004Z [2026-09-25 22:50:11,510] INFO [GroupCoordinator id=1] Scheduling unloading of metadata for __consumer_offsets-19 with epoch OptionalInt[0] (org.apache.kafka.coordinator.common.runtime.CoordinatorRuntime)
kafka-1-1  | 2026-09-25T22:50:11.510571629Z [2026-09-25 22:50:11,510] INFO [GroupCoordinator id=1] Ignored unloading metadata for __consumer_offsets-13 in epoch OptionalInt[1] since metadata was never loaded. (org.apache.kafka.coordinator.common.runtime.CoordinatorRuntime)
kafka-1-1  | 2026-09-25T22:50:11.510574342Z [2026-09-25 22:50:11,510] INFO [GroupCoordinator id=1] Scheduling unloading of metadata for __consumer_offsets-32 with epoch OptionalInt[0] (org.apache.kafka.coordinator.common.runtime.CoordinatorRuntime)
kafka-1-1  | 2026-09-25T22:50:11.510642110Z [2026-09-25 22:50:11,510] INFO [GroupCoordinator id=1] Ignored unloading metadata for __consumer_offsets-15 in epoch OptionalInt[0] since metadata was never loaded. (org.apache.kafka.coordinator.common.runtime.CoordinatorRuntime)
kafka-1-1  | 2026-09-25T22:50:11.510799540Z [2026-09-25 22:50:11,510] INFO [GroupCoordinator id=1] Finished loading of metadata from __consumer_offsets-30 with epoch 1 in 0ms where 0ms was spent in the scheduler. Loaded 0 records which total to 0 bytes. (org.apache.kafka.coordinator.common.runtime.CoordinatorRuntime)
kafka-1-1  | 2026-09-25T22:50:11.510812769Z [2026-09-25 22:50:11,510] INFO [GroupCoordinator id=1] Finished loading of metadata from __consumer_offsets-16 with epoch 1 in 0ms where 0ms was spent in the scheduler. Loaded 0 records which total to 0 bytes. (org.apache.kafka.coordinator.common.runtime.CoordinatorRuntime)
kafka-1-1  | 2026-09-25T22:50:11.510830387Z [2026-09-25 22:50:11,510] INFO [GroupCoordinator id=1] Scheduling unloading of metadata for __consumer_offsets-28 with epoch OptionalInt[0] (org.apache.kafka.coordinator.common.runtime.CoordinatorRuntime)
kafka-1-1  | 2026-09-25T22:50:11.510833678Z [2026-09-25 22:50:11,510] INFO [GroupCoordinator id=1] Finished loading of metadata from __consumer_offsets-36 with epoch 1 in 0ms where 0ms was spent in the scheduler. Loaded 0 records which total to 0 bytes. (org.apache.kafka.coordinator.common.runtime.CoordinatorRuntime)
kafka-1-1  | 2026-09-25T22:50:11.510836452Z [2026-09-25 22:50:11,510] INFO [GroupCoordinator id=1] Scheduling unloading of metadata for __consumer_offsets-26 with epoch OptionalInt[0] (org.apache.kafka.coordinator.common.runtime.CoordinatorRuntime)
kafka-1-1  | 2026-09-25T22:50:11.510839796Z [2026-09-25 22:50:11,510] INFO [GroupCoordinator id=1] Ignored unloading metadata for __consumer_offsets-44 in epoch OptionalInt[1] since metadata was never loaded. (org.apache.kafka.coordinator.common.runtime.CoordinatorRuntime)
kafka-1-1  | 2026-09-25T22:50:11.510842528Z [2026-09-25 22:50:11,510] INFO [GroupCoordinator id=1] Ignored unloading metadata for __consumer_offsets-9 in epoch OptionalInt[1] since metadata was never loaded. (org.apache.kafka.coordinator.common.runtime.CoordinatorRuntime)
kafka-1-1  | 2026-09-25T22:50:11.510847560Z [2026-09-25 22:50:11,510] INFO [GroupCoordinator id=1] Scheduling unloading of metadata for __consumer_offsets-5 with epoch OptionalInt[0] (org.apache.kafka.coordinator.common.runtime.CoordinatorRuntime)
kafka-1-1  | 2026-09-25T22:50:11.511010344Z [2026-09-25 22:50:11,510] INFO [GroupCoordinator id=1] Finished loading of metadata from __consumer_offsets-46 with epoch 1 in 0ms where 0ms was spent in the scheduler. Loaded 0 records which total to 0 bytes. (org.apache.kafka.coordinator.common.runtime.CoordinatorRuntime)
kafka-1-1  | 2026-09-25T22:50:11.511021706Z [2026-09-25 22:50:11,510] INFO [GroupCoordinator id=1] Ignored unloading metadata for __consumer_offsets-28 in epoch OptionalInt[0] since metadata was never loaded. (org.apache.kafka.coordinator.common.runtime.CoordinatorRuntime)
kafka-1-1  | 2026-09-25T22:50:11.511025762Z [2026-09-25 22:50:11,510] INFO [GroupCoordinator id=1] Ignored unloading metadata for __consumer_offsets-26 in epoch OptionalInt[0] since metadata was never loaded. (org.apache.kafka.coordinator.common.runtime.CoordinatorRuntime)
kafka-1-1  | 2026-09-25T22:50:11.511028631Z [2026-09-25 22:50:11,510] INFO [GroupCoordinator id=1] Scheduling unloading of metadata for __consumer_offsets-38 with epoch OptionalInt[0] (org.apache.kafka.coordinator.common.runtime.CoordinatorRuntime)
kafka-1-1  | 2026-09-25T22:50:11.511031296Z [2026-09-25 22:50:11,510] INFO [GroupCoordinator id=1] Finished loading of metadata from __consumer_offsets-23 with epoch 1 in 0ms where 0ms was spent in the scheduler. Loaded 0 records which total to 0 bytes. (org.apache.kafka.coordinator.common.runtime.CoordinatorRuntime)
kafka-1-1  | 2026-09-25T22:50:11.511034000Z [2026-09-25 22:50:11,510] INFO [GroupCoordinator id=1] Ignored unloading metadata for __consumer_offsets-42 in epoch OptionalInt[0] since metadata was never loaded. (org.apache.kafka.coordinator.common.runtime.CoordinatorRuntime)
kafka-1-1  | 2026-09-25T22:50:11.511120775Z [2026-09-25 22:50:11,511] INFO [GroupCoordinator id=1] Ignored unloading metadata for __consumer_offsets-19 in epoch OptionalInt[0] since metadata was never loaded. (org.apache.kafka.coordinator.common.runtime.CoordinatorRuntime)
kafka-1-1  | 2026-09-25T22:50:11.511130536Z [2026-09-25 22:50:11,511] INFO [GroupCoordinator id=1] Ignored unloading metadata for __consumer_offsets-32 in epoch OptionalInt[0] since metadata was never loaded. (org.apache.kafka.coordinator.common.runtime.CoordinatorRuntime)
kafka-1-1  | 2026-09-25T22:50:11.511139059Z [2026-09-25 22:50:11,511] INFO [GroupCoordinator id=1] Finished loading of metadata from __consumer_offsets-34 with epoch 1 in 0ms where 0ms was spent in the scheduler. Loaded 0 records which total to 0 bytes. (org.apache.kafka.coordinator.common.runtime.CoordinatorRuntime)
kafka-1-1  | 2026-09-25T22:50:11.511141393Z [2026-09-25 22:50:11,511] INFO [GroupCoordinator id=1] Finished loading of metadata from __consumer_offsets-20 with epoch 1 in 0ms where 0ms was spent in the scheduler. Loaded 0 records which total to 0 bytes. (org.apache.kafka.coordinator.common.runtime.CoordinatorRuntime)
kafka-1-1  | 2026-09-25T22:50:11.511303848Z [2026-09-25 22:50:11,511] INFO [GroupCoordinator id=1] Scheduling unloading of metadata for __consumer_offsets-1 with epoch OptionalInt[1] (org.apache.kafka.coordinator.common.runtime.CoordinatorRuntime)
kafka-1-1  | 2026-09-25T22:50:11.511315121Z [2026-09-25 22:50:11,511] INFO [GroupCoordinator id=1] Scheduling unloading of metadata for __consumer_offsets-45 with epoch OptionalInt[0] (org.apache.kafka.coordinator.common.runtime.CoordinatorRuntime)
kafka-1-1  | 2026-09-25T22:50:11.511458542Z [2026-09-25 22:50:11,511] INFO [GroupCoordinator id=1] Ignored unloading metadata for __consumer_offsets-5 in epoch OptionalInt[0] since metadata was never loaded. (org.apache.kafka.coordinator.common.runtime.CoordinatorRuntime)
kafka-1-1  | 2026-09-25T22:50:11.511470931Z [2026-09-25 22:50:11,511] INFO [GroupCoordinator id=1] Ignored unloading metadata for __consumer_offsets-1 in epoch OptionalInt[1] since metadata was never loaded. (org.apache.kafka.coordinator.common.runtime.CoordinatorRuntime)
kafka-1-1  | 2026-09-25T22:50:11.511474719Z [2026-09-25 22:50:11,511] INFO [GroupCoordinator id=1] Scheduling unloading of metadata for __consumer_offsets-14 with epoch OptionalInt[0] (org.apache.kafka.coordinator.common.runtime.CoordinatorRuntime)
kafka-1-1  | 2026-09-25T22:50:11.511477379Z [2026-09-25 22:50:11,511] INFO [GroupCoordinator id=1] Ignored unloading metadata for __consumer_offsets-38 in epoch OptionalInt[0] since metadata was never loaded. (org.apache.kafka.coordinator.common.runtime.CoordinatorRuntime)
kafka-1-1  | 2026-09-25T22:50:11.511685427Z [2026-09-25 22:50:11,511] INFO [GroupCoordinator id=1] Scheduling unloading of metadata for __consumer_offsets-41 with epoch OptionalInt[1] (org.apache.kafka.coordinator.common.runtime.CoordinatorRuntime)
kafka-1-1  | 2026-09-25T22:50:11.511703793Z [2026-09-25 22:50:11,511] INFO [GroupCoordinator id=1] Ignored unloading metadata for __consumer_offsets-14 in epoch OptionalInt[0] since metadata was never loaded. (org.apache.kafka.coordinator.common.runtime.CoordinatorRuntime)
kafka-1-1  | 2026-09-25T22:50:11.511707746Z [2026-09-25 22:50:11,511] INFO [GroupCoordinator id=1] Scheduling unloading of metadata for __consumer_offsets-10 with epoch OptionalInt[0] (org.apache.kafka.coordinator.common.runtime.CoordinatorRuntime)
kafka-1-1  | 2026-09-25T22:50:11.511710670Z [2026-09-25 22:50:11,511] INFO [GroupCoordinator id=1] Ignored unloading metadata for __consumer_offsets-45 in epoch OptionalInt[0] since metadata was never loaded. (org.apache.kafka.coordinator.common.runtime.CoordinatorRuntime)
kafka-1-1  | 2026-09-25T22:50:11.511713453Z [2026-09-25 22:50:11,511] INFO [GroupCoordinator id=1] Scheduling unloading of metadata for __consumer_offsets-22 with epoch OptionalInt[0] (org.apache.kafka.coordinator.common.runtime.CoordinatorRuntime)
kafka-1-1  | 2026-09-25T22:50:11.511819888Z [2026-09-25 22:50:11,511] INFO [GroupCoordinator id=1] Ignored unloading metadata for __consumer_offsets-41 in epoch OptionalInt[1] since metadata was never loaded. (org.apache.kafka.coordinator.common.runtime.CoordinatorRuntime)
kafka-1-1  | 2026-09-25T22:50:11.511840198Z [2026-09-25 22:50:11,511] INFO [GroupCoordinator id=1] Ignored unloading metadata for __consumer_offsets-22 in epoch OptionalInt[0] since metadata was never loaded. (org.apache.kafka.coordinator.common.runtime.CoordinatorRuntime)
kafka-1-1  | 2026-09-25T22:50:11.511843673Z [2026-09-25 22:50:11,511] INFO [GroupCoordinator id=1] Ignored unloading metadata for __consumer_offsets-10 in epoch OptionalInt[0] since metadata was never loaded. (org.apache.kafka.coordinator.common.runtime.CoordinatorRuntime)
kafka-1-1  | 2026-09-25T22:50:11.511851621Z [2026-09-25 22:50:11,511] INFO [GroupCoordinator id=1] Scheduling unloading of metadata for __consumer_offsets-49 with epoch OptionalInt[0] (org.apache.kafka.coordinator.common.runtime.CoordinatorRuntime)
kafka-1-1  | 2026-09-25T22:50:11.512038122Z [2026-09-25 22:50:11,511] INFO [GroupCoordinator id=1] Scheduling unloading of metadata for __consumer_offsets-27 with epoch OptionalInt[1] (org.apache.kafka.coordinator.common.runtime.CoordinatorRuntime)
kafka-1-1  | 2026-09-25T22:50:11.512046034Z [2026-09-25 22:50:11,511] INFO [GroupCoordinator id=1] Scheduling unloading of metadata for __consumer_offsets-25 with epoch OptionalInt[1] (org.apache.kafka.coordinator.common.runtime.CoordinatorRuntime)
kafka-1-1  | 2026-09-25T22:50:11.512048121Z [2026-09-25 22:50:11,512] INFO [GroupCoordinator id=1] Scheduling unloading of metadata for __consumer_offsets-39 with epoch OptionalInt[0] (org.apache.kafka.coordinator.common.runtime.CoordinatorRuntime)
kafka-1-1  | 2026-09-25T22:50:11.512162733Z [2026-09-25 22:50:11,511] INFO [GroupCoordinator id=1] Ignored unloading metadata for __consumer_offsets-27 in epoch OptionalInt[1] since metadata was never loaded. (org.apache.kafka.coordinator.common.runtime.CoordinatorRuntime)
kafka-1-1  | 2026-09-25T22:50:11.512221484Z [2026-09-25 22:50:11,512] INFO [GroupCoordinator id=1] Ignored unloading metadata for __consumer_offsets-25 in epoch OptionalInt[1] since metadata was never loaded. (org.apache.kafka.coordinator.common.runtime.CoordinatorRuntime)
kafka-1-1  | 2026-09-25T22:50:11.512435717Z [2026-09-25 22:50:11,512] INFO [GroupCoordinator id=1] Scheduling unloading of metadata for __consumer_offsets-8 with epoch OptionalInt[1] (org.apache.kafka.coordinator.common.runtime.CoordinatorRuntime)
kafka-1-1  | 2026-09-25T22:50:11.512448763Z [2026-09-25 22:50:11,512] INFO [GroupCoordinator id=1] Ignored unloading metadata for __consumer_offsets-49 in epoch OptionalInt[0] since metadata was never loaded. (org.apache.kafka.coordinator.common.runtime.CoordinatorRuntime)
kafka-1-1  | 2026-09-25T22:50:11.512452306Z [2026-09-25 22:50:11,512] INFO [GroupCoordinator id=1] Ignored unloading metadata for __consumer_offsets-39 in epoch OptionalInt[0] since metadata was never loaded. (org.apache.kafka.coordinator.common.runtime.CoordinatorRuntime)
kafka-1-1  | 2026-09-25T22:50:11.512613866Z [2026-09-25 22:50:11,512] INFO [GroupCoordinator id=1] Ignored unloading metadata for __consumer_offsets-8 in epoch OptionalInt[1] since metadata was never loaded. (org.apache.kafka.coordinator.common.runtime.CoordinatorRuntime)
kafka-1-1  | 2026-09-25T22:50:11.512705805Z [2026-09-25 22:50:11,512] INFO [GroupCoordinator id=1] Scheduling unloading of metadata for __consumer_offsets-6 with epoch OptionalInt[0] (org.apache.kafka.coordinator.common.runtime.CoordinatorRuntime)
kafka-1-1  | 2026-09-25T22:50:11.512713329Z [2026-09-25 22:50:11,512] INFO [GroupCoordinator id=1] Scheduling unloading of metadata for __consumer_offsets-4 with epoch OptionalInt[1] (org.apache.kafka.coordinator.common.runtime.CoordinatorRuntime)
kafka-1-1  | 2026-09-25T22:50:11.512767144Z [2026-09-25 22:50:11,512] INFO [GroupCoordinator id=1] Scheduling unloading of metadata for __consumer_offsets-33 with epoch OptionalInt[0] (org.apache.kafka.coordinator.common.runtime.CoordinatorRuntime)
kafka-1-1  | 2026-09-25T22:50:11.512773250Z [2026-09-25 22:50:11,512] INFO [GroupCoordinator id=1] Ignored unloading metadata for __consumer_offsets-6 in epoch OptionalInt[0] since metadata was never loaded. (org.apache.kafka.coordinator.common.runtime.CoordinatorRuntime)
kafka-1-1  | 2026-09-25T22:50:11.512774970Z [2026-09-25 22:50:11,512] INFO [GroupCoordinator id=1] Scheduling unloading of metadata for __consumer_offsets-2 with epoch OptionalInt[0] (org.apache.kafka.coordinator.common.runtime.CoordinatorRuntime)
kafka-1-1  | 2026-09-25T22:50:11.512998458Z [2026-09-25 22:50:11,512] INFO [GroupCoordinator id=1] Ignored unloading metadata for __consumer_offsets-4 in epoch OptionalInt[1] since metadata was never loaded. (org.apache.kafka.coordinator.common.runtime.CoordinatorRuntime)
kafka-1-1  | 2026-09-25T22:50:11.513009478Z [2026-09-25 22:50:11,512] INFO [GroupCoordinator id=1] Ignored unloading metadata for __consumer_offsets-33 in epoch OptionalInt[0] since metadata was never loaded. (org.apache.kafka.coordinator.common.runtime.CoordinatorRuntime)
kafka-1-1  | 2026-09-25T22:50:11.513013541Z [2026-09-25 22:50:11,512] INFO [GroupCoordinator id=1] Ignored unloading metadata for __consumer_offsets-2 in epoch OptionalInt[0] since metadata was never loaded. (org.apache.kafka.coordinator.common.runtime.CoordinatorRuntime)
kafka-1-1  | 2026-09-25T22:50:11.901425000Z [2026-09-25 22:50:11,900] INFO [ReplicaFetcher replicaId=1, leaderId=3, fetcherId=0] Truncating partition __consumer_offsets-13 with TruncationState(offset=0, completed=true) due to local high watermark 0 (kafka.server.ReplicaFetcherThread)
kafka-1-1  | 2026-09-25T22:50:11.901443569Z [2026-09-25 22:50:11,900] INFO [UnifiedLog partition=__consumer_offsets-13, dir=/var/lib/kafka/data] Truncating to 0 has no effect as the largest offset in the log is -1 (kafka.log.UnifiedLog)
kafka-1-1  | 2026-09-25T22:50:11.901445398Z [2026-09-25 22:50:11,900] INFO [ReplicaFetcher replicaId=1, leaderId=3, fetcherId=0] Truncating partition __consumer_offsets-27 with TruncationState(offset=0, completed=true) due to local high watermark 0 (kafka.server.ReplicaFetcherThread)
kafka-1-1  | 2026-09-25T22:50:11.901446887Z [2026-09-25 22:50:11,900] INFO [UnifiedLog partition=__consumer_offsets-27, dir=/var/lib/kafka/data] Truncating to 0 has no effect as the largest offset in the log is -1 (kafka.log.UnifiedLog)
kafka-1-1  | 2026-09-25T22:50:11.901448321Z [2026-09-25 22:50:11,900] INFO [ReplicaFetcher replicaId=1, leaderId=3, fetcherId=0] Truncating partition __consumer_offsets-44 with TruncationState(offset=0, completed=true) due to local high watermark 0 (kafka.server.ReplicaFetcherThread)
kafka-1-1  | 2026-09-25T22:50:11.901449606Z [2026-09-25 22:50:11,900] INFO [UnifiedLog partition=__consumer_offsets-44, dir=/var/lib/kafka/data] Truncating to 0 has no effect as the largest offset in the log is -1 (kafka.log.UnifiedLog)
kafka-1-1  | 2026-09-25T22:50:11.901450880Z [2026-09-25 22:50:11,900] INFO [ReplicaFetcher replicaId=1, leaderId=3, fetcherId=0] Truncating partition __consumer_offsets-41 with TruncationState(offset=0, completed=true) due to local high watermark 0 (kafka.server.ReplicaFetcherThread)
kafka-1-1  | 2026-09-25T22:50:11.901452201Z [2026-09-25 22:50:11,900] INFO [UnifiedLog partition=__consumer_offsets-41, dir=/var/lib/kafka/data] Truncating to 0 has no effect as the largest offset in the log is -1 (kafka.log.UnifiedLog)
kafka-1-1  | 2026-09-25T22:50:11.901461915Z [2026-09-25 22:50:11,900] INFO [ReplicaFetcher replicaId=1, leaderId=3, fetcherId=0] Truncating partition __consumer_offsets-25 with TruncationState(offset=0, completed=true) due to local high watermark 0 (kafka.server.ReplicaFetcherThread)
kafka-1-1  | 2026-09-25T22:50:11.901463732Z [2026-09-25 22:50:11,900] INFO [UnifiedLog partition=__consumer_offsets-25, dir=/var/lib/kafka/data] Truncating to 0 has no effect as the largest offset in the log is -1 (kafka.log.UnifiedLog)
kafka-1-1  | 2026-09-25T22:50:11.901464999Z [2026-09-25 22:50:11,900] INFO [ReplicaFetcher replicaId=1, leaderId=3, fetcherId=0] Truncating partition __consumer_offsets-9 with TruncationState(offset=0, completed=true) due to local high watermark 0 (kafka.server.ReplicaFetcherThread)
kafka-1-1  | 2026-09-25T22:50:11.901466291Z [2026-09-25 22:50:11,900] INFO [UnifiedLog partition=__consumer_offsets-9, dir=/var/lib/kafka/data] Truncating to 0 has no effect as the largest offset in the log is -1 (kafka.log.UnifiedLog)
kafka-1-1  | 2026-09-25T22:50:11.901467609Z [2026-09-25 22:50:11,900] INFO [ReplicaFetcher replicaId=1, leaderId=3, fetcherId=0] Truncating partition __consumer_offsets-8 with TruncationState(offset=0, completed=true) due to local high watermark 0 (kafka.server.ReplicaFetcherThread)
kafka-1-1  | 2026-09-25T22:50:11.901468920Z [2026-09-25 22:50:11,900] INFO [UnifiedLog partition=__consumer_offsets-8, dir=/var/lib/kafka/data] Truncating to 0 has no effect as the largest offset in the log is -1 (kafka.log.UnifiedLog)
kafka-1-1  | 2026-09-25T22:50:11.901470186Z [2026-09-25 22:50:11,900] INFO [ReplicaFetcher replicaId=1, leaderId=3, fetcherId=0] Truncating partition __consumer_offsets-4 with TruncationState(offset=0, completed=true) due to local high watermark 0 (kafka.server.ReplicaFetcherThread)
kafka-1-1  | 2026-09-25T22:50:11.901471466Z [2026-09-25 22:50:11,900] INFO [UnifiedLog partition=__consumer_offsets-4, dir=/var/lib/kafka/data] Truncating to 0 has no effect as the largest offset in the log is -1 (kafka.log.UnifiedLog)
kafka-1-1  | 2026-09-25T22:50:11.901472794Z [2026-09-25 22:50:11,900] INFO [ReplicaFetcher replicaId=1, leaderId=3, fetcherId=0] Truncating partition __consumer_offsets-1 with TruncationState(offset=0, completed=true) due to local high watermark 0 (kafka.server.ReplicaFetcherThread)
kafka-1-1  | 2026-09-25T22:50:11.901474089Z [2026-09-25 22:50:11,900] INFO [UnifiedLog partition=__consumer_offsets-1, dir=/var/lib/kafka/data] Truncating to 0 has no effect as the largest offset in the log is -1 (kafka.log.UnifiedLog)
kafka-1-1  | 2026-09-25T22:50:18.049675893Z [2026-09-25 22:50:18,048] INFO [RaftManager id=1] Disconnecting from node 2 due to socket connection setup timeout. The timeout value is 9131 ms. (org.apache.kafka.clients.NetworkClient)
kafka-1-1  | 2026-09-25T22:50:37.052011022Z [2026-09-25 22:50:37,051] INFO [RaftManager id=1] Disconnecting from node 2 due to socket connection setup timeout. The timeout value is 17541 ms. (org.apache.kafka.clients.NetworkClient)
kafka-1-1  | 2026-09-25T22:50:43.058788192Z [2026-09-25 22:50:43,056] WARN [RaftManager id=1] Error connecting to node kafka-2:9093 (id: 2 rack: null isFenced: false) (org.apache.kafka.clients.NetworkClient)
kafka-1-1  | 2026-09-25T22:50:43.058825408Z java.net.UnknownHostException: kafka-2: Try again
kafka-1-1  | 2026-09-25T22:50:43.058829812Z 	at java.base/java.net.Inet6AddressImpl.lookupAllHostAddr(Native Method) ~[?:?]
kafka-1-1  | 2026-09-25T22:50:43.058832965Z 	at java.base/java.net.Inet6AddressImpl.lookupAllHostAddr(Unknown Source) ~[?:?]
kafka-1-1  | 2026-09-25T22:50:43.058852681Z 	at java.base/java.net.InetAddress$PlatformResolver.lookupByName(Unknown Source) ~[?:?]
kafka-1-1  | 2026-09-25T22:50:43.058855992Z 	at java.base/java.net.InetAddress.getAddressesFromNameService(Unknown Source) ~[?:?]
kafka-1-1  | 2026-09-25T22:50:43.058858562Z 	at java.base/java.net.InetAddress$NameServiceAddresses.get(Unknown Source) ~[?:?]
kafka-1-1  | 2026-09-25T22:50:43.058860950Z 	at java.base/java.net.InetAddress.getAllByName0(Unknown Source) ~[?:?]
kafka-1-1  | 2026-09-25T22:50:43.058863396Z 	at java.base/java.net.InetAddress.getAllByName(Unknown Source) ~[?:?]
kafka-1-1  | 2026-09-25T22:50:43.058865826Z 	at org.apache.kafka.clients.DefaultHostResolver.resolve(DefaultHostResolver.java:27) ~[kafka-clients-4.0.0.jar:?]
kafka-1-1  | 2026-09-25T22:50:43.058868309Z 	at org.apache.kafka.clients.ClientUtils.resolve(ClientUtils.java:125) ~[kafka-clients-4.0.0.jar:?]
kafka-1-1  | 2026-09-25T22:50:43.058871046Z 	at org.apache.kafka.clients.ClusterConnectionStates$NodeConnectionState.resolveAddresses(ClusterConnectionStates.java:536) ~[kafka-clients-4.0.0.jar:?]
kafka-1-1  | 2026-09-25T22:50:43.058873553Z 	at org.apache.kafka.clients.ClusterConnectionStates$NodeConnectionState.currentAddress(ClusterConnectionStates.java:511) ~[kafka-clients-4.0.0.jar:?]
kafka-1-1  | 2026-09-25T22:50:43.058876040Z 	at org.apache.kafka.clients.ClusterConnectionStates.currentAddress(ClusterConnectionStates.java:173) ~[kafka-clients-4.0.0.jar:?]
kafka-1-1  | 2026-09-25T22:50:43.058878515Z 	at org.apache.kafka.clients.NetworkClient.initiateConnect(NetworkClient.java:1140) [kafka-clients-4.0.0.jar:?]
kafka-1-1  | 2026-09-25T22:50:43.058880940Z 	at org.apache.kafka.clients.NetworkClient.ready(NetworkClient.java:368) [kafka-clients-4.0.0.jar:?]
kafka-1-1  | 2026-09-25T22:50:43.058883290Z 	at org.apache.kafka.server.util.InterBrokerSendThread.sendRequests(InterBrokerSendThread.java:146) [kafka-server-common-4.0.0.jar:?]
kafka-1-1  | 2026-09-25T22:50:43.058885733Z 	at org.apache.kafka.server.util.InterBrokerSendThread.pollOnce(InterBrokerSendThread.java:109) [kafka-server-common-4.0.0.jar:?]
kafka-1-1  | 2026-09-25T22:50:43.058888254Z 	at org.apache.kafka.server.util.InterBrokerSendThread.doWork(InterBrokerSendThread.java:137) [kafka-server-common-4.0.0.jar:?]
kafka-1-1  | 2026-09-25T22:50:43.058891626Z 	at org.apache.kafka.server.util.ShutdownableThread.run(ShutdownableThread.java:136) [kafka-server-common-4.0.0.jar:?]
kafka-1-1  | 2026-09-25T22:50:43.059318930Z [2026-09-25 22:50:43,059] INFO [RaftManager id=1] Disconnecting from node 3 due to request timeout. (org.apache.kafka.clients.NetworkClient)
kafka-1-1  | 2026-09-25T22:50:43.059342589Z [2026-09-25 22:50:43,059] INFO [RaftManager id=1] Cancelled in-flight BEGIN_QUORUM_EPOCH request with correlation id 307 due to node 3 being disconnected (elapsed time since creation: 5007ms, elapsed time since send: 5007ms, throttle time: 0ms, request timeout: 2000ms) (org.apache.kafka.clients.NetworkClient)
kafka-1-1  | 2026-09-25T22:50:43.059847318Z [2026-09-25 22:50:43,059] WARN [RaftManager id=1] Error connecting to node kafka-2:9093 (id: 2 rack: null isFenced: false) (org.apache.kafka.clients.NetworkClient)
kafka-1-1  | 2026-09-25T22:50:43.059864232Z java.net.UnknownHostException: kafka-2
kafka-1-1  | 2026-09-25T22:50:43.059867696Z 	at java.base/java.net.InetAddress$CachedLookup.get(Unknown Source) ~[?:?]
kafka-1-1  | 2026-09-25T22:50:43.059879829Z 	at java.base/java.net.InetAddress.getAllByName0(Unknown Source) ~[?:?]
kafka-1-1  | 2026-09-25T22:50:43.059882716Z 	at java.base/java.net.InetAddress.getAllByName(Unknown Source) ~[?:?]
kafka-1-1  | 2026-09-25T22:50:43.059885357Z 	at org.apache.kafka.clients.DefaultHostResolver.resolve(DefaultHostResolver.java:27) ~[kafka-clients-4.0.0.jar:?]
kafka-1-1  | 2026-09-25T22:50:43.059887916Z 	at org.apache.kafka.clients.ClientUtils.resolve(ClientUtils.java:125) ~[kafka-clients-4.0.0.jar:?]
kafka-1-1  | 2026-09-25T22:50:43.059890398Z 	at org.apache.kafka.clients.ClusterConnectionStates$NodeConnectionState.resolveAddresses(ClusterConnectionStates.java:536) ~[kafka-clients-4.0.0.jar:?]
kafka-1-1  | 2026-09-25T22:50:43.059892934Z 	at org.apache.kafka.clients.ClusterConnectionStates$NodeConnectionState.currentAddress(ClusterConnectionStates.java:511) ~[kafka-clients-4.0.0.jar:?]
kafka-1-1  | 2026-09-25T22:50:43.059895452Z 	at org.apache.kafka.clients.ClusterConnectionStates.currentAddress(ClusterConnectionStates.java:173) ~[kafka-clients-4.0.0.jar:?]
kafka-1-1  | 2026-09-25T22:50:43.059897906Z 	at org.apache.kafka.clients.NetworkClient.initiateConnect(NetworkClient.java:1140) [kafka-clients-4.0.0.jar:?]
kafka-1-1  | 2026-09-25T22:50:43.059900342Z 	at org.apache.kafka.clients.NetworkClient.ready(NetworkClient.java:368) [kafka-clients-4.0.0.jar:?]
kafka-1-1  | 2026-09-25T22:50:43.059902750Z 	at org.apache.kafka.server.util.InterBrokerSendThread.sendRequests(InterBrokerSendThread.java:146) [kafka-server-common-4.0.0.jar:?]
kafka-1-1  | 2026-09-25T22:50:43.059905263Z 	at org.apache.kafka.server.util.InterBrokerSendThread.pollOnce(InterBrokerSendThread.java:109) [kafka-server-common-4.0.0.jar:?]
kafka-1-1  | 2026-09-25T22:50:43.059907716Z 	at org.apache.kafka.server.util.InterBrokerSendThread.doWork(InterBrokerSendThread.java:137) [kafka-server-common-4.0.0.jar:?]
kafka-1-1  | 2026-09-25T22:50:43.059910166Z 	at org.apache.kafka.server.util.ShutdownableThread.run(ShutdownableThread.java:136) [kafka-server-common-4.0.0.jar:?]
kafka-1-1  | 2026-09-25T22:50:44.053988575Z [2026-09-25 22:50:44,053] WARN [RaftManager id=1] Error connecting to node kafka-2:9093 (id: 2 rack: null isFenced: false) (org.apache.kafka.clients.NetworkClient)
kafka-1-1  | 2026-09-25T22:50:44.054009403Z java.net.UnknownHostException: kafka-2
kafka-1-1  | 2026-09-25T22:50:44.054011502Z 	at java.base/java.net.InetAddress$CachedLookup.get(Unknown Source) ~[?:?]
kafka-1-1  | 2026-09-25T22:50:44.054013035Z 	at java.base/java.net.InetAddress.getAllByName0(Unknown Source) ~[?:?]
kafka-1-1  | 2026-09-25T22:50:44.054014473Z 	at java.base/java.net.InetAddress.getAllByName(Unknown Source) ~[?:?]
kafka-1-1  | 2026-09-25T22:50:44.054015645Z 	at org.apache.kafka.clients.DefaultHostResolver.resolve(DefaultHostResolver.java:27) ~[kafka-clients-4.0.0.jar:?]
kafka-1-1  | 2026-09-25T22:50:44.054016794Z 	at org.apache.kafka.clients.ClientUtils.resolve(ClientUtils.java:125) ~[kafka-clients-4.0.0.jar:?]
kafka-1-1  | 2026-09-25T22:50:44.054017947Z 	at org.apache.kafka.clients.ClusterConnectionStates$NodeConnectionState.resolveAddresses(ClusterConnectionStates.java:536) ~[kafka-clients-4.0.0.jar:?]
kafka-1-1  | 2026-09-25T22:50:44.054019149Z 	at org.apache.kafka.clients.ClusterConnectionStates$NodeConnectionState.currentAddress(ClusterConnectionStates.java:511) ~[kafka-clients-4.0.0.jar:?]
kafka-1-1  | 2026-09-25T22:50:44.054030432Z 	at org.apache.kafka.clients.ClusterConnectionStates.currentAddress(ClusterConnectionStates.java:173) ~[kafka-clients-4.0.0.jar:?]
kafka-1-1  | 2026-09-25T22:50:44.054031739Z 	at org.apache.kafka.clients.NetworkClient.initiateConnect(NetworkClient.java:1140) [kafka-clients-4.0.0.jar:?]
kafka-1-1  | 2026-09-25T22:50:44.054032937Z 	at org.apache.kafka.clients.NetworkClient.ready(NetworkClient.java:368) [kafka-clients-4.0.0.jar:?]
kafka-1-1  | 2026-09-25T22:50:44.054035416Z 	at org.apache.kafka.server.util.InterBrokerSendThread.sendRequests(InterBrokerSendThread.java:146) [kafka-server-common-4.0.0.jar:?]
kafka-1-1  | 2026-09-25T22:50:44.054036646Z 	at org.apache.kafka.server.util.InterBrokerSendThread.pollOnce(InterBrokerSendThread.java:109) [kafka-server-common-4.0.0.jar:?]
kafka-1-1  | 2026-09-25T22:50:44.054037834Z 	at org.apache.kafka.server.util.InterBrokerSendThread.doWork(InterBrokerSendThread.java:137) [kafka-server-common-4.0.0.jar:?]
kafka-1-1  | 2026-09-25T22:50:44.054039022Z 	at org.apache.kafka.server.util.ShutdownableThread.run(ShutdownableThread.java:136) [kafka-server-common-4.0.0.jar:?]
kafka-1-1  | 2026-09-25T22:50:45.053520682Z [2026-09-25 22:50:45,053] WARN [RaftManager id=1] Error connecting to node kafka-2:9093 (id: 2 rack: null isFenced: false) (org.apache.kafka.clients.NetworkClient)
kafka-1-1  | 2026-09-25T22:50:45.053540170Z java.net.UnknownHostException: kafka-2
kafka-1-1  | 2026-09-25T22:50:45.053541744Z 	at java.base/java.net.InetAddress$CachedLookup.get(Unknown Source) ~[?:?]
kafka-1-1  | 2026-09-25T22:50:45.053543426Z 	at java.base/java.net.InetAddress.getAllByName0(Unknown Source) ~[?:?]
kafka-1-1  | 2026-09-25T22:50:45.053544581Z 	at java.base/java.net.InetAddress.getAllByName(Unknown Source) ~[?:?]
kafka-1-1  | 2026-09-25T22:50:45.053545706Z 	at org.apache.kafka.clients.DefaultHostResolver.resolve(DefaultHostResolver.java:27) ~[kafka-clients-4.0.0.jar:?]
kafka-1-1  | 2026-09-25T22:50:45.053546865Z 	at org.apache.kafka.clients.ClientUtils.resolve(ClientUtils.java:125) ~[kafka-clients-4.0.0.jar:?]
kafka-1-1  | 2026-09-25T22:50:45.053548024Z 	at org.apache.kafka.clients.ClusterConnectionStates$NodeConnectionState.resolveAddresses(ClusterConnectionStates.java:536) ~[kafka-clients-4.0.0.jar:?]
kafka-1-1  | 2026-09-25T22:50:45.053549234Z 	at org.apache.kafka.clients.ClusterConnectionStates$NodeConnectionState.currentAddress(ClusterConnectionStates.java:511) ~[kafka-clients-4.0.0.jar:?]
kafka-1-1  | 2026-09-25T22:50:45.053550447Z 	at org.apache.kafka.clients.ClusterConnectionStates.currentAddress(ClusterConnectionStates.java:173) ~[kafka-clients-4.0.0.jar:?]
kafka-1-1  | 2026-09-25T22:50:45.053551639Z 	at org.apache.kafka.clients.NetworkClient.initiateConnect(NetworkClient.java:1140) [kafka-clients-4.0.0.jar:?]
kafka-1-1  | 2026-09-25T22:50:45.053552845Z 	at org.apache.kafka.clients.NetworkClient.ready(NetworkClient.java:368) [kafka-clients-4.0.0.jar:?]
kafka-1-1  | 2026-09-25T22:50:45.053554006Z 	at org.apache.kafka.server.util.InterBrokerSendThread.sendRequests(InterBrokerSendThread.java:146) [kafka-server-common-4.0.0.jar:?]
kafka-1-1  | 2026-09-25T22:50:45.053555177Z 	at org.apache.kafka.server.util.InterBrokerSendThread.pollOnce(InterBrokerSendThread.java:109) [kafka-server-common-4.0.0.jar:?]
kafka-1-1  | 2026-09-25T22:50:45.053556372Z 	at org.apache.kafka.server.util.InterBrokerSendThread.doWork(InterBrokerSendThread.java:137) [kafka-server-common-4.0.0.jar:?]
kafka-1-1  | 2026-09-25T22:50:45.053566602Z 	at org.apache.kafka.server.util.ShutdownableThread.run(ShutdownableThread.java:136) [kafka-server-common-4.0.0.jar:?]
kafka-1-1  | 2026-09-25T22:50:46.054331278Z [2026-09-25 22:50:46,053] WARN [RaftManager id=1] Error connecting to node kafka-2:9093 (id: 2 rack: null isFenced: false) (org.apache.kafka.clients.NetworkClient)
kafka-1-1  | 2026-09-25T22:50:46.054350221Z java.net.UnknownHostException: kafka-2
kafka-1-1  | 2026-09-25T22:50:46.054351738Z 	at java.base/java.net.InetAddress$CachedLookup.get(Unknown Source) ~[?:?]
kafka-1-1  | 2026-09-25T22:50:46.054353558Z 	at java.base/java.net.InetAddress.getAllByName0(Unknown Source) ~[?:?]
kafka-1-1  | 2026-09-25T22:50:46.054354693Z 	at java.base/java.net.InetAddress.getAllByName(Unknown Source) ~[?:?]
kafka-1-1  | 2026-09-25T22:50:46.054355830Z 	at org.apache.kafka.clients.DefaultHostResolver.resolve(DefaultHostResolver.java:27) ~[kafka-clients-4.0.0.jar:?]
kafka-1-1  | 2026-09-25T22:50:46.054357008Z 	at org.apache.kafka.clients.ClientUtils.resolve(ClientUtils.java:125) ~[kafka-clients-4.0.0.jar:?]
kafka-1-1  | 2026-09-25T22:50:46.054358166Z 	at org.apache.kafka.clients.ClusterConnectionStates$NodeConnectionState.resolveAddresses(ClusterConnectionStates.java:536) ~[kafka-clients-4.0.0.jar:?]
kafka-1-1  | 2026-09-25T22:50:46.054359367Z 	at org.apache.kafka.clients.ClusterConnectionStates$NodeConnectionState.currentAddress(ClusterConnectionStates.java:511) ~[kafka-clients-4.0.0.jar:?]
kafka-1-1  | 2026-09-25T22:50:46.054360549Z 	at org.apache.kafka.clients.ClusterConnectionStates.currentAddress(ClusterConnectionStates.java:173) ~[kafka-clients-4.0.0.jar:?]
kafka-1-1  | 2026-09-25T22:50:46.054361741Z 	at org.apache.kafka.clients.NetworkClient.initiateConnect(NetworkClient.java:1140) [kafka-clients-4.0.0.jar:?]
kafka-1-1  | 2026-09-25T22:50:46.054362897Z 	at org.apache.kafka.clients.NetworkClient.ready(NetworkClient.java:368) [kafka-clients-4.0.0.jar:?]
kafka-1-1  | 2026-09-25T22:50:46.054364026Z 	at org.apache.kafka.server.util.InterBrokerSendThread.sendRequests(InterBrokerSendThread.java:146) [kafka-server-common-4.0.0.jar:?]
kafka-1-1  | 2026-09-25T22:50:46.054365198Z 	at org.apache.kafka.server.util.InterBrokerSendThread.pollOnce(InterBrokerSendThread.java:109) [kafka-server-common-4.0.0.jar:?]
kafka-1-1  | 2026-09-25T22:50:46.054366370Z 	at org.apache.kafka.server.util.InterBrokerSendThread.doWork(InterBrokerSendThread.java:137) [kafka-server-common-4.0.0.jar:?]
kafka-1-1  | 2026-09-25T22:50:46.054367576Z 	at org.apache.kafka.server.util.ShutdownableThread.run(ShutdownableThread.java:136) [kafka-server-common-4.0.0.jar:?]
kafka-1-1  | 2026-09-25T22:50:47.053392339Z [2026-09-25 22:50:47,052] WARN [RaftManager id=1] Error connecting to node kafka-2:9093 (id: 2 rack: null isFenced: false) (org.apache.kafka.clients.NetworkClient)
kafka-1-1  | 2026-09-25T22:50:47.053415954Z java.net.UnknownHostException: kafka-2
kafka-1-1  | 2026-09-25T22:50:47.053417412Z 	at java.base/java.net.InetAddress$CachedLookup.get(Unknown Source) ~[?:?]
kafka-1-1  | 2026-09-25T22:50:47.053418790Z 	at java.base/java.net.InetAddress.getAllByName0(Unknown Source) ~[?:?]
kafka-1-1  | 2026-09-25T22:50:47.053419918Z 	at java.base/java.net.InetAddress.getAllByName(Unknown Source) ~[?:?]
kafka-1-1  | 2026-09-25T22:50:47.053421136Z 	at org.apache.kafka.clients.DefaultHostResolver.resolve(DefaultHostResolver.java:27) ~[kafka-clients-4.0.0.jar:?]
kafka-1-1  | 2026-09-25T22:50:47.053429301Z 	at org.apache.kafka.clients.ClientUtils.resolve(ClientUtils.java:125) ~[kafka-clients-4.0.0.jar:?]
kafka-1-1  | 2026-09-25T22:50:47.053430490Z 	at org.apache.kafka.clients.ClusterConnectionStates$NodeConnectionState.resolveAddresses(ClusterConnectionStates.java:536) ~[kafka-clients-4.0.0.jar:?]
kafka-1-1  | 2026-09-25T22:50:47.053431700Z 	at org.apache.kafka.clients.ClusterConnectionStates$NodeConnectionState.currentAddress(ClusterConnectionStates.java:511) ~[kafka-clients-4.0.0.jar:?]
kafka-1-1  | 2026-09-25T22:50:47.053432957Z 	at org.apache.kafka.clients.ClusterConnectionStates.currentAddress(ClusterConnectionStates.java:173) ~[kafka-clients-4.0.0.jar:?]
kafka-1-1  | 2026-09-25T22:50:47.053434099Z 	at org.apache.kafka.clients.NetworkClient.initiateConnect(NetworkClient.java:1140) [kafka-clients-4.0.0.jar:?]
kafka-1-1  | 2026-09-25T22:50:47.053435209Z 	at org.apache.kafka.clients.NetworkClient.ready(NetworkClient.java:368) [kafka-clients-4.0.0.jar:?]
kafka-1-1  | 2026-09-25T22:50:47.053436333Z 	at org.apache.kafka.server.util.InterBrokerSendThread.sendRequests(InterBrokerSendThread.java:146) [kafka-server-common-4.0.0.jar:?]
kafka-1-1  | 2026-09-25T22:50:47.053437466Z 	at org.apache.kafka.server.util.InterBrokerSendThread.pollOnce(InterBrokerSendThread.java:109) [kafka-server-common-4.0.0.jar:?]
kafka-1-1  | 2026-09-25T22:50:47.053438609Z 	at org.apache.kafka.server.util.InterBrokerSendThread.doWork(InterBrokerSendThread.java:137) [kafka-server-common-4.0.0.jar:?]
kafka-1-1  | 2026-09-25T22:50:47.053439736Z 	at org.apache.kafka.server.util.ShutdownableThread.run(ShutdownableThread.java:136) [kafka-server-common-4.0.0.jar:?]
kafka-1-1  | 2026-09-25T22:50:48.054834572Z [2026-09-25 22:50:48,053] WARN [RaftManager id=1] Error connecting to node kafka-2:9093 (id: 2 rack: null isFenced: false) (org.apache.kafka.clients.NetworkClient)
kafka-1-1  | 2026-09-25T22:50:48.054857146Z java.net.UnknownHostException: kafka-2
kafka-1-1  | 2026-09-25T22:50:48.054858718Z 	at java.base/java.net.InetAddress$CachedLookup.get(Unknown Source) ~[?:?]
kafka-1-1  | 2026-09-25T22:50:48.054860134Z 	at java.base/java.net.InetAddress.getAllByName0(Unknown Source) ~[?:?]
kafka-1-1  | 2026-09-25T22:50:48.054861341Z 	at java.base/java.net.InetAddress.getAllByName(Unknown Source) ~[?:?]
kafka-1-1  | 2026-09-25T22:50:48.054862573Z 	at org.apache.kafka.clients.DefaultHostResolver.resolve(DefaultHostResolver.java:27) ~[kafka-clients-4.0.0.jar:?]
kafka-1-1  | 2026-09-25T22:50:48.054863744Z 	at org.apache.kafka.clients.ClientUtils.resolve(ClientUtils.java:125) ~[kafka-clients-4.0.0.jar:?]
kafka-1-1  | 2026-09-25T22:50:48.054864909Z 	at org.apache.kafka.clients.ClusterConnectionStates$NodeConnectionState.resolveAddresses(ClusterConnectionStates.java:536) ~[kafka-clients-4.0.0.jar:?]
kafka-1-1  | 2026-09-25T22:50:48.054866170Z 	at org.apache.kafka.clients.ClusterConnectionStates$NodeConnectionState.currentAddress(ClusterConnectionStates.java:511) ~[kafka-clients-4.0.0.jar:?]
kafka-1-1  | 2026-09-25T22:50:48.054867477Z 	at org.apache.kafka.clients.ClusterConnectionStates.currentAddress(ClusterConnectionStates.java:173) ~[kafka-clients-4.0.0.jar:?]
kafka-1-1  | 2026-09-25T22:50:48.054868704Z 	at org.apache.kafka.clients.NetworkClient.initiateConnect(NetworkClient.java:1140) [kafka-clients-4.0.0.jar:?]
kafka-1-1  | 2026-09-25T22:50:48.054879672Z 	at org.apache.kafka.clients.NetworkClient.ready(NetworkClient.java:368) [kafka-clients-4.0.0.jar:?]
kafka-1-1  | 2026-09-25T22:50:48.054880947Z 	at org.apache.kafka.server.util.InterBrokerSendThread.sendRequests(InterBrokerSendThread.java:146) [kafka-server-common-4.0.0.jar:?]
kafka-1-1  | 2026-09-25T22:50:48.054882162Z 	at org.apache.kafka.server.util.InterBrokerSendThread.pollOnce(InterBrokerSendThread.java:109) [kafka-server-common-4.0.0.jar:?]
kafka-1-1  | 2026-09-25T22:50:48.054883376Z 	at org.apache.kafka.server.util.InterBrokerSendThread.doWork(InterBrokerSendThread.java:137) [kafka-server-common-4.0.0.jar:?]
kafka-1-1  | 2026-09-25T22:50:48.054884595Z 	at org.apache.kafka.server.util.ShutdownableThread.run(ShutdownableThread.java:136) [kafka-server-common-4.0.0.jar:?]
kafka-1-1  | 2026-09-25T22:50:49.054570268Z [2026-09-25 22:50:49,053] WARN [RaftManager id=1] Error connecting to node kafka-2:9093 (id: 2 rack: null isFenced: false) (org.apache.kafka.clients.NetworkClient)
kafka-1-1  | 2026-09-25T22:50:49.054595243Z java.net.UnknownHostException: kafka-2
kafka-1-1  | 2026-09-25T22:50:49.055313883Z 	at java.base/java.net.InetAddress$CachedLookup.get(Unknown Source) ~[?:?]
kafka-1-1  | 2026-09-25T22:50:49.055318265Z 	at java.base/java.net.InetAddress.getAllByName0(Unknown Source) ~[?:?]
kafka-1-1  | 2026-09-25T22:50:49.055319646Z 	at java.base/java.net.InetAddress.getAllByName(Unknown Source) ~[?:?]
kafka-1-1  | 2026-09-25T22:50:49.055320840Z 	at org.apache.kafka.clients.DefaultHostResolver.resolve(DefaultHostResolver.java:27) ~[kafka-clients-4.0.0.jar:?]
kafka-1-1  | 2026-09-25T22:50:49.055322107Z 	at org.apache.kafka.clients.ClientUtils.resolve(ClientUtils.java:125) ~[kafka-clients-4.0.0.jar:?]
kafka-1-1  | 2026-09-25T22:50:49.055323879Z 	at org.apache.kafka.clients.ClusterConnectionStates$NodeConnectionState.resolveAddresses(ClusterConnectionStates.java:536) ~[kafka-clients-4.0.0.jar:?]
kafka-1-1  | 2026-09-25T22:50:49.055325170Z 	at org.apache.kafka.clients.ClusterConnectionStates$NodeConnectionState.currentAddress(ClusterConnectionStates.java:511) ~[kafka-clients-4.0.0.jar:?]
kafka-1-1  | 2026-09-25T22:50:49.055326431Z 	at org.apache.kafka.clients.ClusterConnectionStates.currentAddress(ClusterConnectionStates.java:173) ~[kafka-clients-4.0.0.jar:?]
kafka-1-1  | 2026-09-25T22:50:49.055327639Z 	at org.apache.kafka.clients.NetworkClient.initiateConnect(NetworkClient.java:1140) [kafka-clients-4.0.0.jar:?]
kafka-1-1  | 2026-09-25T22:50:49.055328832Z 	at org.apache.kafka.clients.NetworkClient.ready(NetworkClient.java:368) [kafka-clients-4.0.0.jar:?]
kafka-1-1  | 2026-09-25T22:50:49.055330020Z 	at org.apache.kafka.server.util.InterBrokerSendThread.sendRequests(InterBrokerSendThread.java:146) [kafka-server-common-4.0.0.jar:?]
kafka-1-1  | 2026-09-25T22:50:49.055331227Z 	at org.apache.kafka.server.util.InterBrokerSendThread.pollOnce(InterBrokerSendThread.java:109) [kafka-server-common-4.0.0.jar:?]
kafka-1-1  | 2026-09-25T22:50:49.055332433Z 	at org.apache.kafka.server.util.InterBrokerSendThread.doWork(InterBrokerSendThread.java:137) [kafka-server-common-4.0.0.jar:?]
kafka-1-1  | 2026-09-25T22:50:49.055342812Z 	at org.apache.kafka.server.util.ShutdownableThread.run(ShutdownableThread.java:136) [kafka-server-common-4.0.0.jar:?]
kafka-1-1  | 2026-09-25T22:50:50.054894752Z [2026-09-25 22:50:50,054] WARN [RaftManager id=1] Error connecting to node kafka-2:9093 (id: 2 rack: null isFenced: false) (org.apache.kafka.clients.NetworkClient)
kafka-1-1  | 2026-09-25T22:50:50.054930859Z java.net.UnknownHostException: kafka-2
kafka-1-1  | 2026-09-25T22:50:50.054932577Z 	at java.base/java.net.InetAddress$CachedLookup.get(Unknown Source) ~[?:?]
kafka-1-1  | 2026-09-25T22:50:50.054934116Z 	at java.base/java.net.InetAddress.getAllByName0(Unknown Source) ~[?:?]
kafka-1-1  | 2026-09-25T22:50:50.054935251Z 	at java.base/java.net.InetAddress.getAllByName(Unknown Source) ~[?:?]
kafka-1-1  | 2026-09-25T22:50:50.054936394Z 	at org.apache.kafka.clients.DefaultHostResolver.resolve(DefaultHostResolver.java:27) ~[kafka-clients-4.0.0.jar:?]
kafka-1-1  | 2026-09-25T22:50:50.054937784Z 	at org.apache.kafka.clients.ClientUtils.resolve(ClientUtils.java:125) ~[kafka-clients-4.0.0.jar:?]
kafka-1-1  | 2026-09-25T22:50:50.054938970Z 	at org.apache.kafka.clients.ClusterConnectionStates$NodeConnectionState.resolveAddresses(ClusterConnectionStates.java:536) ~[kafka-clients-4.0.0.jar:?]
kafka-1-1  | 2026-09-25T22:50:50.054940221Z 	at org.apache.kafka.clients.ClusterConnectionStates$NodeConnectionState.currentAddress(ClusterConnectionStates.java:511) ~[kafka-clients-4.0.0.jar:?]
kafka-1-1  | 2026-09-25T22:50:50.054941419Z 	at org.apache.kafka.clients.ClusterConnectionStates.currentAddress(ClusterConnectionStates.java:173) ~[kafka-clients-4.0.0.jar:?]
kafka-1-1  | 2026-09-25T22:50:50.054942640Z 	at org.apache.kafka.clients.NetworkClient.initiateConnect(NetworkClient.java:1140) [kafka-clients-4.0.0.jar:?]
kafka-1-1  | 2026-09-25T22:50:50.054943813Z 	at org.apache.kafka.clients.NetworkClient.ready(NetworkClient.java:368) [kafka-clients-4.0.0.jar:?]
kafka-1-1  | 2026-09-25T22:50:50.054944970Z 	at org.apache.kafka.server.util.InterBrokerSendThread.sendRequests(InterBrokerSendThread.java:146) [kafka-server-common-4.0.0.jar:?]
kafka-1-1  | 2026-09-25T22:50:50.054946166Z 	at org.apache.kafka.server.util.InterBrokerSendThread.pollOnce(InterBrokerSendThread.java:109) [kafka-server-common-4.0.0.jar:?]
kafka-1-1  | 2026-09-25T22:50:50.054947392Z 	at org.apache.kafka.server.util.InterBrokerSendThread.doWork(InterBrokerSendThread.java:137) [kafka-server-common-4.0.0.jar:?]
kafka-1-1  | 2026-09-25T22:50:50.054948605Z 	at org.apache.kafka.server.util.ShutdownableThread.run(ShutdownableThread.java:136) [kafka-server-common-4.0.0.jar:?]
kafka-1-1  | 2026-09-25T22:50:51.054319695Z [2026-09-25 22:50:51,053] WARN [RaftManager id=1] Error connecting to node kafka-2:9093 (id: 2 rack: null isFenced: false) (org.apache.kafka.clients.NetworkClient)
kafka-1-1  | 2026-09-25T22:50:51.054345501Z java.net.UnknownHostException: kafka-2
kafka-1-1  | 2026-09-25T22:50:51.054349812Z 	at java.base/java.net.InetAddress$CachedLookup.get(Unknown Source) ~[?:?]
kafka-1-1  | 2026-09-25T22:50:51.054352837Z 	at java.base/java.net.InetAddress.getAllByName0(Unknown Source) ~[?:?]
kafka-1-1  | 2026-09-25T22:50:51.054355454Z 	at java.base/java.net.InetAddress.getAllByName(Unknown Source) ~[?:?]
kafka-1-1  | 2026-09-25T22:50:51.054358260Z 	at org.apache.kafka.clients.DefaultHostResolver.resolve(DefaultHostResolver.java:27) ~[kafka-clients-4.0.0.jar:?]
kafka-1-1  | 2026-09-25T22:50:51.054361065Z 	at org.apache.kafka.clients.ClientUtils.resolve(ClientUtils.java:125) ~[kafka-clients-4.0.0.jar:?]
kafka-1-1  | 2026-09-25T22:50:51.054363721Z 	at org.apache.kafka.clients.ClusterConnectionStates$NodeConnectionState.resolveAddresses(ClusterConnectionStates.java:536) ~[kafka-clients-4.0.0.jar:?]
kafka-1-1  | 2026-09-25T22:50:51.054381256Z 	at org.apache.kafka.clients.ClusterConnectionStates$NodeConnectionState.currentAddress(ClusterConnectionStates.java:511) ~[kafka-clients-4.0.0.jar:?]
kafka-1-1  | 2026-09-25T22:50:51.054384191Z 	at org.apache.kafka.clients.ClusterConnectionStates.currentAddress(ClusterConnectionStates.java:173) ~[kafka-clients-4.0.0.jar:?]
kafka-1-1  | 2026-09-25T22:50:51.054386802Z 	at org.apache.kafka.clients.NetworkClient.initiateConnect(NetworkClient.java:1140) [kafka-clients-4.0.0.jar:?]
kafka-1-1  | 2026-09-25T22:50:51.054389377Z 	at org.apache.kafka.clients.NetworkClient.ready(NetworkClient.java:368) [kafka-clients-4.0.0.jar:?]
kafka-1-1  | 2026-09-25T22:50:51.054391986Z 	at org.apache.kafka.server.util.InterBrokerSendThread.sendRequests(InterBrokerSendThread.java:146) [kafka-server-common-4.0.0.jar:?]
kafka-1-1  | 2026-09-25T22:50:51.054394625Z 	at org.apache.kafka.server.util.InterBrokerSendThread.pollOnce(InterBrokerSendThread.java:109) [kafka-server-common-4.0.0.jar:?]
kafka-1-1  | 2026-09-25T22:50:51.054397245Z 	at org.apache.kafka.server.util.InterBrokerSendThread.doWork(InterBrokerSendThread.java:137) [kafka-server-common-4.0.0.jar:?]
kafka-1-1  | 2026-09-25T22:50:51.054399805Z 	at org.apache.kafka.server.util.ShutdownableThread.run(ShutdownableThread.java:136) [kafka-server-common-4.0.0.jar:?]
kafka-1-1  | 2026-09-25T22:50:52.054278587Z [2026-09-25 22:50:52,053] WARN [RaftManager id=1] Error connecting to node kafka-2:9093 (id: 2 rack: null isFenced: false) (org.apache.kafka.clients.NetworkClient)
kafka-1-1  | 2026-09-25T22:50:52.054308988Z java.net.UnknownHostException: kafka-2
kafka-1-1  | 2026-09-25T22:50:52.054312956Z 	at java.base/java.net.InetAddress$CachedLookup.get(Unknown Source) ~[?:?]
kafka-1-1  | 2026-09-25T22:50:52.054316090Z 	at java.base/java.net.InetAddress.getAllByName0(Unknown Source) ~[?:?]
kafka-1-1  | 2026-09-25T22:50:52.054319208Z 	at java.base/java.net.InetAddress.getAllByName(Unknown Source) ~[?:?]
kafka-1-1  | 2026-09-25T22:50:52.054321745Z 	at org.apache.kafka.clients.DefaultHostResolver.resolve(DefaultHostResolver.java:27) ~[kafka-clients-4.0.0.jar:?]
kafka-1-1  | 2026-09-25T22:50:52.054324252Z 	at org.apache.kafka.clients.ClientUtils.resolve(ClientUtils.java:125) ~[kafka-clients-4.0.0.jar:?]
kafka-1-1  | 2026-09-25T22:50:52.054326662Z 	at org.apache.kafka.clients.ClusterConnectionStates$NodeConnectionState.resolveAddresses(ClusterConnectionStates.java:536) ~[kafka-clients-4.0.0.jar:?]
kafka-1-1  | 2026-09-25T22:50:52.054329161Z 	at org.apache.kafka.clients.ClusterConnectionStates$NodeConnectionState.currentAddress(ClusterConnectionStates.java:511) ~[kafka-clients-4.0.0.jar:?]
kafka-1-1  | 2026-09-25T22:50:52.054331614Z 	at org.apache.kafka.clients.ClusterConnectionStates.currentAddress(ClusterConnectionStates.java:173) ~[kafka-clients-4.0.0.jar:?]
kafka-1-1  | 2026-09-25T22:50:52.054334639Z 	at org.apache.kafka.clients.NetworkClient.initiateConnect(NetworkClient.java:1140) [kafka-clients-4.0.0.jar:?]
kafka-1-1  | 2026-09-25T22:50:52.054337091Z 	at org.apache.kafka.clients.NetworkClient.ready(NetworkClient.java:368) [kafka-clients-4.0.0.jar:?]
kafka-1-1  | 2026-09-25T22:50:52.054339502Z 	at org.apache.kafka.server.util.InterBrokerSendThread.sendRequests(InterBrokerSendThread.java:146) [kafka-server-common-4.0.0.jar:?]
kafka-1-1  | 2026-09-25T22:50:52.054380866Z 	at org.apache.kafka.server.util.InterBrokerSendThread.pollOnce(InterBrokerSendThread.java:109) [kafka-server-common-4.0.0.jar:?]
kafka-1-1  | 2026-09-25T22:50:52.054387646Z 	at org.apache.kafka.server.util.InterBrokerSendThread.doWork(InterBrokerSendThread.java:137) [kafka-server-common-4.0.0.jar:?]
kafka-1-1  | 2026-09-25T22:50:52.054391192Z 	at org.apache.kafka.server.util.ShutdownableThread.run(ShutdownableThread.java:136) [kafka-server-common-4.0.0.jar:?]
kafka-1-1  | 2026-09-25T22:50:53.054838263Z [2026-09-25 22:50:53,054] WARN [RaftManager id=1] Error connecting to node kafka-2:9093 (id: 2 rack: null isFenced: false) (org.apache.kafka.clients.NetworkClient)
kafka-1-1  | 2026-09-25T22:50:53.054862337Z java.net.UnknownHostException: kafka-2
kafka-1-1  | 2026-09-25T22:50:53.054865847Z 	at java.base/java.net.InetAddress$CachedLookup.get(Unknown Source) ~[?:?]
kafka-1-1  | 2026-09-25T22:50:53.054869019Z 	at java.base/java.net.InetAddress.getAllByName0(Unknown Source) ~[?:?]
kafka-1-1  | 2026-09-25T22:50:53.054871444Z 	at java.base/java.net.InetAddress.getAllByName(Unknown Source) ~[?:?]
kafka-1-1  | 2026-09-25T22:50:53.054873766Z 	at org.apache.kafka.clients.DefaultHostResolver.resolve(DefaultHostResolver.java:27) ~[kafka-clients-4.0.0.jar:?]
kafka-1-1  | 2026-09-25T22:50:53.054876146Z 	at org.apache.kafka.clients.ClientUtils.resolve(ClientUtils.java:125) ~[kafka-clients-4.0.0.jar:?]
kafka-1-1  | 2026-09-25T22:50:53.054878504Z 	at org.apache.kafka.clients.ClusterConnectionStates$NodeConnectionState.resolveAddresses(ClusterConnectionStates.java:536) ~[kafka-clients-4.0.0.jar:?]
kafka-1-1  | 2026-09-25T22:50:53.054880958Z 	at org.apache.kafka.clients.ClusterConnectionStates$NodeConnectionState.currentAddress(ClusterConnectionStates.java:511) ~[kafka-clients-4.0.0.jar:?]
kafka-1-1  | 2026-09-25T22:50:53.054883499Z 	at org.apache.kafka.clients.ClusterConnectionStates.currentAddress(ClusterConnectionStates.java:173) ~[kafka-clients-4.0.0.jar:?]
kafka-1-1  | 2026-09-25T22:50:53.054886064Z 	at org.apache.kafka.clients.NetworkClient.initiateConnect(NetworkClient.java:1140) [kafka-clients-4.0.0.jar:?]
kafka-1-1  | 2026-09-25T22:50:53.054888579Z 	at org.apache.kafka.clients.NetworkClient.ready(NetworkClient.java:368) [kafka-clients-4.0.0.jar:?]
kafka-1-1  | 2026-09-25T22:50:53.054890911Z 	at org.apache.kafka.server.util.InterBrokerSendThread.sendRequests(InterBrokerSendThread.java:146) [kafka-server-common-4.0.0.jar:?]
kafka-1-1  | 2026-09-25T22:50:53.054893367Z 	at org.apache.kafka.server.util.InterBrokerSendThread.pollOnce(InterBrokerSendThread.java:109) [kafka-server-common-4.0.0.jar:?]
kafka-1-1  | 2026-09-25T22:50:53.054895761Z 	at org.apache.kafka.server.util.InterBrokerSendThread.doWork(InterBrokerSendThread.java:137) [kafka-server-common-4.0.0.jar:?]
kafka-1-1  | 2026-09-25T22:50:53.054898116Z 	at org.apache.kafka.server.util.ShutdownableThread.run(ShutdownableThread.java:136) [kafka-server-common-4.0.0.jar:?]
kafka-1-1  | 2026-09-25T22:50:53.805295887Z [2026-09-25 22:50:53,804] INFO [ReplicaFetcherManager on broker 1] Removed fetcher for partitions Set(__consumer_offsets-48) (kafka.server.ReplicaFetcherManager)
kafka-1-1  | 2026-09-25T22:50:53.834423563Z [2026-09-25 22:50:53,833] INFO [ReplicaFetcherManager on broker 1] Removed fetcher for partitions Set(__consumer_offsets-46, __consumer_offsets-11, __consumer_offsets-23, __consumer_offsets-21, __consumer_offsets-17, dados-sensores-4, __consumer_offsets-30, __consumer_offsets-7, __consumer_offsets-40, __consumer_offsets-3, __consumer_offsets-36, dados-sensores-2, __consumer_offsets-34, __consumer_offsets-47, __consumer_offsets-16, __consumer_offsets-43, __consumer_offsets-12, __consumer_offsets-24, __consumer_offsets-20, __consumer_offsets-18, __consumer_offsets-31, __consumer_offsets-0, __consumer_offsets-29, __consumer_offsets-37, __consumer_offsets-35) (kafka.server.ReplicaFetcherManager)
kafka-1-1  | 2026-09-25T22:50:53.836106078Z [2026-09-25 22:50:53,835] INFO [Partition __consumer_offsets-47 broker=1] ISR updated to 1,3,2  and version updated to 2 (kafka.cluster.Partition)
kafka-1-1  | 2026-09-25T22:50:53.836394234Z [2026-09-25 22:50:53,836] INFO [Partition __consumer_offsets-29 broker=1] ISR updated to 1,3,2  and version updated to 2 (kafka.cluster.Partition)
kafka-1-1  | 2026-09-25T22:50:53.836407959Z [2026-09-25 22:50:53,836] INFO [Partition __consumer_offsets-31 broker=1] ISR updated to 1,3,2  and version updated to 2 (kafka.cluster.Partition)
kafka-1-1  | 2026-09-25T22:50:53.836430524Z [2026-09-25 22:50:53,836] INFO [Partition __consumer_offsets-35 broker=1] ISR updated to 1,3,2  and version updated to 2 (kafka.cluster.Partition)
kafka-1-1  | 2026-09-25T22:50:53.837421581Z [2026-09-25 22:50:53,837] INFO [Partition __consumer_offsets-37 broker=1] ISR updated to 1,3,2  and version updated to 2 (kafka.cluster.Partition)
kafka-1-1  | 2026-09-25T22:50:53.837432264Z [2026-09-25 22:50:53,837] INFO [Partition __consumer_offsets-43 broker=1] ISR updated to 1,3,2  and version updated to 2 (kafka.cluster.Partition)
kafka-1-1  | 2026-09-25T22:50:53.837436351Z [2026-09-25 22:50:53,837] INFO [Partition __consumer_offsets-12 broker=1] ISR updated to 1,3,2  and version updated to 2 (kafka.cluster.Partition)
kafka-1-1  | 2026-09-25T22:50:53.838570787Z [2026-09-25 22:50:53,838] INFO [Partition __consumer_offsets-18 broker=1] ISR updated to 1,3,2  and version updated to 2 (kafka.cluster.Partition)
kafka-1-1  | 2026-09-25T22:50:53.838589484Z [2026-09-25 22:50:53,838] INFO [Partition __consumer_offsets-20 broker=1] ISR updated to 1,3,2  and version updated to 2 (kafka.cluster.Partition)
kafka-1-1  | 2026-09-25T22:50:53.838593180Z [2026-09-25 22:50:53,838] INFO [Partition __consumer_offsets-24 broker=1] ISR updated to 1,3,2  and version updated to 2 (kafka.cluster.Partition)
kafka-1-1  | 2026-09-25T22:50:53.838952111Z [2026-09-25 22:50:53,838] INFO [Partition __consumer_offsets-0 broker=1] ISR updated to 1,3,2  and version updated to 2 (kafka.cluster.Partition)
kafka-1-1  | 2026-09-25T22:50:53.840286690Z [2026-09-25 22:50:53,839] INFO [GroupCoordinator id=1] Scheduling unloading of metadata for __consumer_offsets-15 with epoch OptionalInt[0] (org.apache.kafka.coordinator.common.runtime.CoordinatorRuntime)
kafka-1-1  | 2026-09-25T22:50:53.840463952Z [2026-09-25 22:50:53,840] INFO [GroupCoordinator id=1] Ignored unloading metadata for __consumer_offsets-15 in epoch OptionalInt[0] since metadata was never loaded. (org.apache.kafka.coordinator.common.runtime.CoordinatorRuntime)
kafka-1-1  | 2026-09-25T22:50:53.874709922Z [2026-09-25 22:50:53,874] INFO [GroupCoordinator id=1] Scheduling unloading of metadata for __consumer_offsets-13 with epoch OptionalInt[1] (org.apache.kafka.coordinator.common.runtime.CoordinatorRuntime)
kafka-1-1  | 2026-09-25T22:50:53.874721758Z [2026-09-25 22:50:53,874] INFO [GroupCoordinator id=1] Scheduling unloading of metadata for __consumer_offsets-44 with epoch OptionalInt[1] (org.apache.kafka.coordinator.common.runtime.CoordinatorRuntime)
kafka-1-1  | 2026-09-25T22:50:53.874725937Z [2026-09-25 22:50:53,874] INFO [GroupCoordinator id=1] Scheduling unloading of metadata for __consumer_offsets-9 with epoch OptionalInt[1] (org.apache.kafka.coordinator.common.runtime.CoordinatorRuntime)
kafka-1-1  | 2026-09-25T22:50:53.874737483Z [2026-09-25 22:50:53,874] INFO [GroupCoordinator id=1] Scheduling unloading of metadata for __consumer_offsets-42 with epoch OptionalInt[0] (org.apache.kafka.coordinator.common.runtime.CoordinatorRuntime)
kafka-1-1  | 2026-09-25T22:50:53.874982987Z [2026-09-25 22:50:53,874] INFO [GroupCoordinator id=1] Ignored unloading metadata for __consumer_offsets-44 in epoch OptionalInt[1] since metadata was never loaded. (org.apache.kafka.coordinator.common.runtime.CoordinatorRuntime)
kafka-1-1  | 2026-09-25T22:50:53.875015142Z [2026-09-25 22:50:53,874] INFO [GroupCoordinator id=1] Ignored unloading metadata for __consumer_offsets-42 in epoch OptionalInt[0] since metadata was never loaded. (org.apache.kafka.coordinator.common.runtime.CoordinatorRuntime)
kafka-1-1  | 2026-09-25T22:50:53.875019881Z [2026-09-25 22:50:53,874] INFO [GroupCoordinator id=1] Ignored unloading metadata for __consumer_offsets-9 in epoch OptionalInt[1] since metadata was never loaded. (org.apache.kafka.coordinator.common.runtime.CoordinatorRuntime)
kafka-1-1  | 2026-09-25T22:50:53.875023092Z [2026-09-25 22:50:53,874] INFO [GroupCoordinator id=1] Scheduling unloading of metadata for __consumer_offsets-19 with epoch OptionalInt[0] (org.apache.kafka.coordinator.common.runtime.CoordinatorRuntime)
kafka-1-1  | 2026-09-25T22:50:53.875036323Z [2026-09-25 22:50:53,874] INFO [GroupCoordinator id=1] Ignored unloading metadata for __consumer_offsets-13 in epoch OptionalInt[1] since metadata was never loaded. (org.apache.kafka.coordinator.common.runtime.CoordinatorRuntime)
kafka-1-1  | 2026-09-25T22:50:53.875047111Z [2026-09-25 22:50:53,874] INFO [GroupCoordinator id=1] Scheduling unloading of metadata for __consumer_offsets-32 with epoch OptionalInt[0] (org.apache.kafka.coordinator.common.runtime.CoordinatorRuntime)
kafka-1-1  | 2026-09-25T22:50:53.875125403Z [2026-09-25 22:50:53,875] INFO [GroupCoordinator id=1] Scheduling unloading of metadata for __consumer_offsets-28 with epoch OptionalInt[0] (org.apache.kafka.coordinator.common.runtime.CoordinatorRuntime)
kafka-1-1  | 2026-09-25T22:50:53.875134752Z [2026-09-25 22:50:53,875] INFO [GroupCoordinator id=1] Scheduling unloading of metadata for __consumer_offsets-26 with epoch OptionalInt[0] (org.apache.kafka.coordinator.common.runtime.CoordinatorRuntime)
kafka-1-1  | 2026-09-25T22:50:53.875138680Z [2026-09-25 22:50:53,875] INFO [GroupCoordinator id=1] Ignored unloading metadata for __consumer_offsets-32 in epoch OptionalInt[0] since metadata was never loaded. (org.apache.kafka.coordinator.common.runtime.CoordinatorRuntime)
kafka-1-1  | 2026-09-25T22:50:53.875141523Z [2026-09-25 22:50:53,875] INFO [GroupCoordinator id=1] Scheduling unloading of metadata for __consumer_offsets-5 with epoch OptionalInt[0] (org.apache.kafka.coordinator.common.runtime.CoordinatorRuntime)
kafka-1-1  | 2026-09-25T22:50:53.875144137Z [2026-09-25 22:50:53,875] INFO [GroupCoordinator id=1] Scheduling unloading of metadata for __consumer_offsets-38 with epoch OptionalInt[0] (org.apache.kafka.coordinator.common.runtime.CoordinatorRuntime)
kafka-1-1  | 2026-09-25T22:50:53.875146702Z [2026-09-25 22:50:53,875] INFO [GroupCoordinator id=1] Scheduling unloading of metadata for __consumer_offsets-1 with epoch OptionalInt[1] (org.apache.kafka.coordinator.common.runtime.CoordinatorRuntime)
kafka-1-1  | 2026-09-25T22:50:53.875149274Z [2026-09-25 22:50:53,875] INFO [GroupCoordinator id=1] Scheduling unloading of metadata for __consumer_offsets-45 with epoch OptionalInt[0] (org.apache.kafka.coordinator.common.runtime.CoordinatorRuntime)
kafka-1-1  | 2026-09-25T22:50:53.875158869Z [2026-09-25 22:50:53,875] INFO [GroupCoordinator id=1] Scheduling unloading of metadata for __consumer_offsets-14 with epoch OptionalInt[0] (org.apache.kafka.coordinator.common.runtime.CoordinatorRuntime)
kafka-1-1  | 2026-09-25T22:50:53.875161787Z [2026-09-25 22:50:53,875] INFO [GroupCoordinator id=1] Scheduling unloading of metadata for __consumer_offsets-41 with epoch OptionalInt[1] (org.apache.kafka.coordinator.common.runtime.CoordinatorRuntime)
kafka-1-1  | 2026-09-25T22:50:53.875164747Z [2026-09-25 22:50:53,875] INFO [GroupCoordinator id=1] Scheduling unloading of metadata for __consumer_offsets-10 with epoch OptionalInt[0] (org.apache.kafka.coordinator.common.runtime.CoordinatorRuntime)
kafka-1-1  | 2026-09-25T22:50:53.875167466Z [2026-09-25 22:50:53,875] INFO [GroupCoordinator id=1] Scheduling unloading of metadata for __consumer_offsets-22 with epoch OptionalInt[0] (org.apache.kafka.coordinator.common.runtime.CoordinatorRuntime)
kafka-1-1  | 2026-09-25T22:50:53.875170208Z [2026-09-25 22:50:53,875] INFO [GroupCoordinator id=1] Ignored unloading metadata for __consumer_offsets-19 in epoch OptionalInt[0] since metadata was never loaded. (org.apache.kafka.coordinator.common.runtime.CoordinatorRuntime)
kafka-1-1  | 2026-09-25T22:50:53.875172817Z [2026-09-25 22:50:53,875] INFO [GroupCoordinator id=1] Scheduling unloading of metadata for __consumer_offsets-49 with epoch OptionalInt[0] (org.apache.kafka.coordinator.common.runtime.CoordinatorRuntime)
kafka-1-1  | 2026-09-25T22:50:53.875249881Z [2026-09-25 22:50:53,875] INFO [GroupCoordinator id=1] Ignored unloading metadata for __consumer_offsets-5 in epoch OptionalInt[0] since metadata was never loaded. (org.apache.kafka.coordinator.common.runtime.CoordinatorRuntime)
kafka-1-1  | 2026-09-25T22:50:53.875255385Z [2026-09-25 22:50:53,875] INFO [GroupCoordinator id=1] Ignored unloading metadata for __consumer_offsets-45 in epoch OptionalInt[0] since metadata was never loaded. (org.apache.kafka.coordinator.common.runtime.CoordinatorRuntime)
kafka-1-1  | 2026-09-25T22:50:53.875256986Z [2026-09-25 22:50:53,875] INFO [GroupCoordinator id=1] Scheduling unloading of metadata for __consumer_offsets-27 with epoch OptionalInt[1] (org.apache.kafka.coordinator.common.runtime.CoordinatorRuntime)
kafka-1-1  | 2026-09-25T22:50:53.875258322Z [2026-09-25 22:50:53,875] INFO [GroupCoordinator id=1] Ignored unloading metadata for __consumer_offsets-28 in epoch OptionalInt[0] since metadata was never loaded. (org.apache.kafka.coordinator.common.runtime.CoordinatorRuntime)
kafka-1-1  | 2026-09-25T22:50:53.875295696Z [2026-09-25 22:50:53,875] INFO [GroupCoordinator id=1] Ignored unloading metadata for __consumer_offsets-14 in epoch OptionalInt[0] since metadata was never loaded. (org.apache.kafka.coordinator.common.runtime.CoordinatorRuntime)
kafka-1-1  | 2026-09-25T22:50:53.875315133Z [2026-09-25 22:50:53,875] INFO [GroupCoordinator id=1] Scheduling unloading of metadata for __consumer_offsets-25 with epoch OptionalInt[1] (org.apache.kafka.coordinator.common.runtime.CoordinatorRuntime)
kafka-1-1  | 2026-09-25T22:50:53.875356655Z [2026-09-25 22:50:53,875] INFO [GroupCoordinator id=1] Ignored unloading metadata for __consumer_offsets-41 in epoch OptionalInt[1] since metadata was never loaded. (org.apache.kafka.coordinator.common.runtime.CoordinatorRuntime)
kafka-1-1  | 2026-09-25T22:50:53.875362402Z [2026-09-25 22:50:53,875] INFO [GroupCoordinator id=1] Scheduling unloading of metadata for __consumer_offsets-39 with epoch OptionalInt[0] (org.apache.kafka.coordinator.common.runtime.CoordinatorRuntime)
kafka-1-1  | 2026-09-25T22:50:53.875373803Z [2026-09-25 22:50:53,875] INFO [GroupCoordinator id=1] Ignored unloading metadata for __consumer_offsets-22 in epoch OptionalInt[0] since metadata was never loaded. (org.apache.kafka.coordinator.common.runtime.CoordinatorRuntime)
kafka-1-1  | 2026-09-25T22:50:53.875375873Z [2026-09-25 22:50:53,875] INFO [GroupCoordinator id=1] Ignored unloading metadata for __consumer_offsets-49 in epoch OptionalInt[0] since metadata was never loaded. (org.apache.kafka.coordinator.common.runtime.CoordinatorRuntime)
kafka-1-1  | 2026-09-25T22:50:53.875418923Z [2026-09-25 22:50:53,875] INFO [GroupCoordinator id=1] Ignored unloading metadata for __consumer_offsets-1 in epoch OptionalInt[1] since metadata was never loaded. (org.apache.kafka.coordinator.common.runtime.CoordinatorRuntime)
kafka-1-1  | 2026-09-25T22:50:53.875516955Z [2026-09-25 22:50:53,875] INFO [GroupCoordinator id=1] Ignored unloading metadata for __consumer_offsets-38 in epoch OptionalInt[0] since metadata was never loaded. (org.apache.kafka.coordinator.common.runtime.CoordinatorRuntime)
kafka-1-1  | 2026-09-25T22:50:53.875521755Z [2026-09-25 22:50:53,875] INFO [GroupCoordinator id=1] Ignored unloading metadata for __consumer_offsets-10 in epoch OptionalInt[0] since metadata was never loaded. (org.apache.kafka.coordinator.common.runtime.CoordinatorRuntime)
kafka-1-1  | 2026-09-25T22:50:53.875523654Z [2026-09-25 22:50:53,875] INFO [GroupCoordinator id=1] Ignored unloading metadata for __consumer_offsets-25 in epoch OptionalInt[1] since metadata was never loaded. (org.apache.kafka.coordinator.common.runtime.CoordinatorRuntime)
kafka-1-1  | 2026-09-25T22:50:53.875525445Z [2026-09-25 22:50:53,875] INFO [GroupCoordinator id=1] Ignored unloading metadata for __consumer_offsets-27 in epoch OptionalInt[1] since metadata was never loaded. (org.apache.kafka.coordinator.common.runtime.CoordinatorRuntime)
kafka-1-1  | 2026-09-25T22:50:53.875672981Z [2026-09-25 22:50:53,875] INFO [GroupCoordinator id=1] Ignored unloading metadata for __consumer_offsets-26 in epoch OptionalInt[0] since metadata was never loaded. (org.apache.kafka.coordinator.common.runtime.CoordinatorRuntime)
kafka-1-1  | 2026-09-25T22:50:53.875678699Z [2026-09-25 22:50:53,875] INFO [GroupCoordinator id=1] Ignored unloading metadata for __consumer_offsets-39 in epoch OptionalInt[0] since metadata was never loaded. (org.apache.kafka.coordinator.common.runtime.CoordinatorRuntime)
kafka-1-1  | 2026-09-25T22:50:53.875680074Z [2026-09-25 22:50:53,875] INFO [GroupCoordinator id=1] Scheduling unloading of metadata for __consumer_offsets-8 with epoch OptionalInt[1] (org.apache.kafka.coordinator.common.runtime.CoordinatorRuntime)
kafka-1-1  | 2026-09-25T22:50:53.875681433Z [2026-09-25 22:50:53,875] INFO [GroupCoordinator id=1] Scheduling unloading of metadata for __consumer_offsets-6 with epoch OptionalInt[0] (org.apache.kafka.coordinator.common.runtime.CoordinatorRuntime)
kafka-1-1  | 2026-09-25T22:50:53.875760560Z [2026-09-25 22:50:53,875] INFO [GroupCoordinator id=1] Ignored unloading metadata for __consumer_offsets-8 in epoch OptionalInt[1] since metadata was never loaded. (org.apache.kafka.coordinator.common.runtime.CoordinatorRuntime)
kafka-1-1  | 2026-09-25T22:50:53.875766624Z [2026-09-25 22:50:53,875] INFO [GroupCoordinator id=1] Ignored unloading metadata for __consumer_offsets-6 in epoch OptionalInt[0] since metadata was never loaded. (org.apache.kafka.coordinator.common.runtime.CoordinatorRuntime)
kafka-1-1  | 2026-09-25T22:50:53.875768606Z [2026-09-25 22:50:53,875] INFO [GroupCoordinator id=1] Scheduling unloading of metadata for __consumer_offsets-4 with epoch OptionalInt[1] (org.apache.kafka.coordinator.common.runtime.CoordinatorRuntime)
kafka-1-1  | 2026-09-25T22:50:53.875896666Z [2026-09-25 22:50:53,875] INFO [GroupCoordinator id=1] Scheduling unloading of metadata for __consumer_offsets-33 with epoch OptionalInt[0] (org.apache.kafka.coordinator.common.runtime.CoordinatorRuntime)
kafka-1-1  | 2026-09-25T22:50:53.876140376Z [2026-09-25 22:50:53,875] INFO [GroupCoordinator id=1] Ignored unloading metadata for __consumer_offsets-4 in epoch OptionalInt[1] since metadata was never loaded. (org.apache.kafka.coordinator.common.runtime.CoordinatorRuntime)
kafka-1-1  | 2026-09-25T22:50:53.876153116Z [2026-09-25 22:50:53,875] INFO [GroupCoordinator id=1] Ignored unloading metadata for __consumer_offsets-33 in epoch OptionalInt[0] since metadata was never loaded. (org.apache.kafka.coordinator.common.runtime.CoordinatorRuntime)
kafka-1-1  | 2026-09-25T22:50:53.876156782Z [2026-09-25 22:50:53,875] INFO [GroupCoordinator id=1] Scheduling unloading of metadata for __consumer_offsets-2 with epoch OptionalInt[0] (org.apache.kafka.coordinator.common.runtime.CoordinatorRuntime)
kafka-1-1  | 2026-09-25T22:50:53.876362268Z [2026-09-25 22:50:53,876] INFO [GroupCoordinator id=1] Ignored unloading metadata for __consumer_offsets-2 in epoch OptionalInt[0] since metadata was never loaded. (org.apache.kafka.coordinator.common.runtime.CoordinatorRuntime)
kafka-1-1  | 2026-09-25T22:52:07.910917105Z ===> User
kafka-1-1  | 2026-09-25T22:52:07.911992637Z uid=1000(appuser) gid=1000(appuser) groups=1000(appuser)
kafka-1-1  | 2026-09-25T22:52:07.912124761Z ===> Setting default values of environment variables if not already set.
kafka-1-1  | 2026-09-25T22:52:07.912231953Z ===> Configuring ...
kafka-1-1  | 2026-09-25T22:52:07.912317503Z Running in KRaft mode...
kafka-1-1  | 2026-09-25T22:52:07.912627652Z ===> Launching ... 
kafka-1-1  | 2026-09-25T22:52:07.914440697Z ===> Using provided cluster id 5L6g3nShT-eMCtK--X86sw ...
kafka-1-1  | 2026-09-25T22:52:09.011313109Z Log directory /var/lib/kafka/data is already formatted. Use --ignore-formatted to ignore this directory and format the others.
kafka-1-1  | 2026-09-25T22:52:09.624314124Z [2026-09-25 22:52:09,623] INFO Registered kafka:type=kafka.Log4jController MBean (kafka.utils.Log4jControllerRegistration$)
kafka-1-1  | 2026-09-25T22:52:09.735837987Z [2026-09-25 22:52:09,735] INFO Registered signal handlers for TERM, INT, HUP (org.apache.kafka.common.utils.LoggingSignalHandler)
kafka-1-1  | 2026-09-25T22:52:09.737239510Z [2026-09-25 22:52:09,736] INFO [ControllerServer id=1] Starting controller (kafka.server.ControllerServer)
kafka-1-1  | 2026-09-25T22:52:09.861075225Z [2026-09-25 22:52:09,860] INFO Updated connection-accept-rate max connection creation rate to 2147483647 (kafka.network.ConnectionQuotas)
kafka-1-1  | 2026-09-25T22:52:09.888766320Z [2026-09-25 22:52:09,888] INFO [SocketServer listenerType=CONTROLLER, nodeId=1] Created data-plane acceptor and processors for endpoint : ListenerName(CONTROLLER) (kafka.network.SocketServer)
kafka-1-1  | 2026-09-25T22:52:09.892556045Z [2026-09-25 22:52:09,892] INFO CONTROLLER: resolved wildcard host to kafka-1 (org.apache.kafka.metadata.ListenerInfo)
kafka-1-1  | 2026-09-25T22:52:09.896621211Z [2026-09-25 22:52:09,896] INFO authorizerStart completed for endpoint CONTROLLER. Endpoint is now READY. (org.apache.kafka.server.network.EndpointReadyFutures)
kafka-1-1  | 2026-09-25T22:52:09.898629663Z [2026-09-25 22:52:09,898] INFO [SharedServer id=1] Starting SharedServer (kafka.server.SharedServer)
kafka-1-1  | 2026-09-25T22:52:09.929698198Z [2026-09-25 22:52:09,929] INFO [LogLoader partition=__cluster_metadata-0, dir=/var/lib/kafka/data] Recovering unflushed segment 0. 0 recovered for __cluster_metadata-0. (org.apache.kafka.storage.internals.log.LogLoader)
kafka-1-1  | 2026-09-25T22:52:09.932015729Z [2026-09-25 22:52:09,931] INFO [LogLoader partition=__cluster_metadata-0, dir=/var/lib/kafka/data] Loading producer state till offset 0 (org.apache.kafka.storage.internals.log.UnifiedLog)
kafka-1-1  | 2026-09-25T22:52:09.932725623Z [2026-09-25 22:52:09,932] INFO [LogLoader partition=__cluster_metadata-0, dir=/var/lib/kafka/data] Reloading from producer snapshot and rebuilding producer state from offset 0 (org.apache.kafka.storage.internals.log.UnifiedLog)
kafka-1-1  | 2026-09-25T22:52:09.940839255Z [2026-09-25 22:52:09,940] INFO [LogLoader partition=__cluster_metadata-0, dir=/var/lib/kafka/data] Producer state recovery took 0ms for snapshot load and 0ms for segment recovery from offset 0 (org.apache.kafka.storage.internals.log.UnifiedLog)
kafka-1-1  | 2026-09-25T22:52:09.970584019Z [2026-09-25 22:52:09,970] INFO [ProducerStateManager partition=__cluster_metadata-0] Wrote producer snapshot at offset 498 with 0 producer ids in 5 ms. (org.apache.kafka.storage.internals.log.ProducerStateManager)
kafka-1-1  | 2026-09-25T22:52:09.976480527Z [2026-09-25 22:52:09,976] INFO [LogLoader partition=__cluster_metadata-0, dir=/var/lib/kafka/data] Loading producer state till offset 498 (org.apache.kafka.storage.internals.log.UnifiedLog)
kafka-1-1  | 2026-09-25T22:52:09.976510613Z [2026-09-25 22:52:09,976] INFO [LogLoader partition=__cluster_metadata-0, dir=/var/lib/kafka/data] Reloading from producer snapshot and rebuilding producer state from offset 498 (org.apache.kafka.storage.internals.log.UnifiedLog)
kafka-1-1  | 2026-09-25T22:52:09.978213300Z [2026-09-25 22:52:09,977] INFO [ProducerStateManager partition=__cluster_metadata-0] Loading producer state from snapshot file 'SnapshotFile(offset=498, file=/var/lib/kafka/data/__cluster_metadata-0/00000000000000000498.snapshot)' (org.apache.kafka.storage.internals.log.ProducerStateManager)
kafka-1-1  | 2026-09-25T22:52:09.979369282Z [2026-09-25 22:52:09,979] INFO [LogLoader partition=__cluster_metadata-0, dir=/var/lib/kafka/data] Producer state recovery took 3ms for snapshot load and 0ms for segment recovery from offset 498 (org.apache.kafka.storage.internals.log.UnifiedLog)
kafka-1-1  | 2026-09-25T22:52:09.989486278Z [2026-09-25 22:52:09,989] INFO Initialized snapshots with IDs SortedSet() from /var/lib/kafka/data/__cluster_metadata-0 (kafka.raft.KafkaMetadataLog$)
kafka-1-1  | 2026-09-25T22:52:09.997465960Z [2026-09-25 22:52:09,997] INFO [raft-expiration-reaper]: Starting (kafka.raft.TimingWheelExpirationService$ExpiredOperationReaper)
kafka-1-1  | 2026-09-25T22:52:09.999259015Z [2026-09-25 22:52:09,998] INFO [RaftManager id=1] Reading KRaft snapshot and log as part of the initialization (org.apache.kafka.raft.KafkaRaftClient)
kafka-1-1  | 2026-09-25T22:52:10.011597310Z [2026-09-25 22:52:10,011] INFO [RaftManager id=1] Starting voters are VoterSet(voters={1=VoterNode(voterKey=ReplicaKey(id=1, directoryId=<undefined>), listeners=Endpoints(endpoints={ListenerName(CONTROLLER)=kafka-1/172.18.0.4:9093}), supportedKRaftVersion=SupportedVersionRange[min_version:0, max_version:0]), 2=VoterNode(voterKey=ReplicaKey(id=2, directoryId=<undefined>), listeners=Endpoints(endpoints={ListenerName(CONTROLLER)=kafka-2/172.18.0.2:9093}), supportedKRaftVersion=SupportedVersionRange[min_version:0, max_version:0]), 3=VoterNode(voterKey=ReplicaKey(id=3, directoryId=<undefined>), listeners=Endpoints(endpoints={ListenerName(CONTROLLER)=kafka-3/172.18.0.3:9093}), supportedKRaftVersion=SupportedVersionRange[min_version:0, max_version:0])}) (org.apache.kafka.raft.KafkaRaftClient)
kafka-1-1  | 2026-09-25T22:52:10.012426090Z [2026-09-25 22:52:10,012] INFO [RaftManager id=1] Starting request manager with static voters: [kafka-1:9093 (id: 1 rack: null isFenced: false), kafka-2:9093 (id: 2 rack: null isFenced: false), kafka-3:9093 (id: 3 rack: null isFenced: false)] (org.apache.kafka.raft.KafkaRaftClient)
kafka-1-1  | 2026-09-25T22:52:10.023878154Z [2026-09-25 22:52:10,023] INFO [RaftManager id=1] Attempting durable transition to ResignedState(localId=1, epoch=2, voters=[1, 2, 3], electionTimeoutMs=1904, unackedVoters=[2, 3], preferredSuccessors=[]) from null (org.apache.kafka.raft.QuorumState)
kafka-1-1  | 2026-09-25T22:52:10.033112504Z [2026-09-25 22:52:10,032] INFO [RaftManager id=1] Completed transition to ResignedState(localId=1, epoch=2, voters=[1, 2, 3], electionTimeoutMs=1904, unackedVoters=[2, 3], preferredSuccessors=[]) from null (org.apache.kafka.raft.QuorumState)
kafka-1-1  | 2026-09-25T22:52:10.035490214Z [2026-09-25 22:52:10,035] INFO [kafka-1-raft-outbound-request-thread]: Starting (org.apache.kafka.raft.KafkaNetworkChannel$SendThread)
kafka-1-1  | 2026-09-25T22:52:10.037037021Z [2026-09-25 22:52:10,036] INFO [kafka-1-raft-io-thread]: Starting (org.apache.kafka.raft.KafkaRaftClientDriver)
kafka-1-1  | 2026-09-25T22:52:10.044491512Z [2026-09-25 22:52:10,044] INFO [MetadataLoader id=1] initializeNewPublishers: the loader is still catching up because we still don't know the high water mark yet. (org.apache.kafka.image.loader.MetadataLoader)
kafka-1-1  | 2026-09-25T22:52:10.044777020Z [2026-09-25 22:52:10,044] INFO [ControllerServer id=1] Waiting for controller quorum voters future (kafka.server.ControllerServer)
kafka-1-1  | 2026-09-25T22:52:10.044958154Z [2026-09-25 22:52:10,044] INFO [ControllerServer id=1] Finished waiting for controller quorum voters future (kafka.server.ControllerServer)
kafka-1-1  | 2026-09-25T22:52:10.047934747Z [2026-09-25 22:52:10,047] INFO [RaftManager id=1] Registered the listener org.apache.kafka.image.loader.MetadataLoader@2102281616 (org.apache.kafka.raft.KafkaRaftClient)
kafka-1-1  | 2026-09-25T22:52:10.064940793Z [2026-09-25 22:52:10,064] INFO [RaftManager id=1] Registered the listener org.apache.kafka.controller.QuorumController$QuorumMetaLogListener@1350257171 (org.apache.kafka.raft.KafkaRaftClient)
kafka-1-1  | 2026-09-25T22:52:10.069579208Z [2026-09-25 22:52:10,069] INFO [controller-1-ThrottledChannelReaper-Fetch]: Starting (kafka.server.ClientQuotaManager$ThrottledChannelReaper)
kafka-1-1  | 2026-09-25T22:52:10.070951624Z [2026-09-25 22:52:10,070] INFO [controller-1-ThrottledChannelReaper-Produce]: Starting (kafka.server.ClientQuotaManager$ThrottledChannelReaper)
kafka-1-1  | 2026-09-25T22:52:10.073254821Z [2026-09-25 22:52:10,072] INFO [controller-1-ThrottledChannelReaper-Request]: Starting (kafka.server.ClientQuotaManager$ThrottledChannelReaper)
kafka-1-1  | 2026-09-25T22:52:10.075950198Z [2026-09-25 22:52:10,075] INFO [controller-1-ThrottledChannelReaper-ControllerMutation]: Starting (kafka.server.ClientQuotaManager$ThrottledChannelReaper)
kafka-1-1  | 2026-09-25T22:52:10.078864126Z [2026-09-25 22:52:10,078] INFO [RaftManager id=1] Attempting durable transition to FollowerState(fetchTimeoutMs=2000, epoch=4, leader=3, leaderEndpoints=Endpoints(endpoints={ListenerName(CONTROLLER)=kafka-3/<unresolved>:9093}), votedKey=Optional.empty, voters=[1, 2, 3], highWatermark=Optional.empty, fetchingSnapshot=Optional.empty) from ResignedState(localId=1, epoch=2, voters=[1, 2, 3], electionTimeoutMs=1904, unackedVoters=[2, 3], preferredSuccessors=[]) (org.apache.kafka.raft.QuorumState)
kafka-1-1  | 2026-09-25T22:52:10.089081433Z [2026-09-25 22:52:10,088] INFO [ExpirationReaper-0-null]: Starting (org.apache.kafka.server.purgatory.DelayedOperationPurgatory$ExpiredOperationReaper)
kafka-1-1  | 2026-09-25T22:52:10.089653092Z [2026-09-25 22:52:10,089] INFO [RaftManager id=1] Completed transition to FollowerState(fetchTimeoutMs=2000, epoch=4, leader=3, leaderEndpoints=Endpoints(endpoints={ListenerName(CONTROLLER)=kafka-3/<unresolved>:9093}), votedKey=Optional.empty, voters=[1, 2, 3], highWatermark=Optional.empty, fetchingSnapshot=Optional.empty) from ResignedState(localId=1, epoch=2, voters=[1, 2, 3], electionTimeoutMs=1904, unackedVoters=[2, 3], preferredSuccessors=[]) (org.apache.kafka.raft.QuorumState)
kafka-1-1  | 2026-09-25T22:52:10.109620735Z [2026-09-25 22:52:10,109] INFO [ControllerServer id=1] Waiting for the controller metadata publishers to be installed (kafka.server.ControllerServer)
kafka-1-1  | 2026-09-25T22:52:10.110397460Z [2026-09-25 22:52:10,109] INFO [ControllerServer id=1] Finished waiting for the controller metadata publishers to be installed (kafka.server.ControllerServer)
kafka-1-1  | 2026-09-25T22:52:10.110414541Z [2026-09-25 22:52:10,109] INFO [MetadataLoader id=1] initializeNewPublishers: the loader is still catching up because we still don't know the high water mark yet. (org.apache.kafka.image.loader.MetadataLoader)
kafka-1-1  | 2026-09-25T22:52:10.110424078Z [2026-09-25 22:52:10,110] INFO [SocketServer listenerType=CONTROLLER, nodeId=1] Enabling request processing. (kafka.network.SocketServer)
kafka-1-1  | 2026-09-25T22:52:10.113564465Z [2026-09-25 22:52:10,113] INFO Awaiting socket connections on 0.0.0.0:9093. (kafka.network.DataPlaneAcceptor)
kafka-1-1  | 2026-09-25T22:52:10.126411264Z [2026-09-25 22:52:10,125] INFO [controller-1-to-controller-registration-channel-manager]: Starting (kafka.server.NodeToControllerRequestThread)
kafka-1-1  | 2026-09-25T22:52:10.126919539Z [2026-09-25 22:52:10,126] INFO [ControllerServer id=1] Waiting for all of the authorizer futures to be completed (kafka.server.ControllerServer)
kafka-1-1  | 2026-09-25T22:52:10.126944195Z [2026-09-25 22:52:10,126] INFO [ControllerServer id=1] Finished waiting for all of the authorizer futures to be completed (kafka.server.ControllerServer)
kafka-1-1  | 2026-09-25T22:52:10.127093676Z [2026-09-25 22:52:10,126] INFO [ControllerServer id=1] Waiting for all of the SocketServer Acceptors to be started (kafka.server.ControllerServer)
kafka-1-1  | 2026-09-25T22:52:10.127109491Z [2026-09-25 22:52:10,126] INFO [ControllerRegistrationManager id=1 incarnation=0ei80HWOSwSKzLqwV_Ogaw] initialized channel manager. (kafka.server.ControllerRegistrationManager)
kafka-1-1  | 2026-09-25T22:52:10.127114417Z [2026-09-25 22:52:10,126] INFO [ControllerServer id=1] Finished waiting for all of the SocketServer Acceptors to be started (kafka.server.ControllerServer)
kafka-1-1  | 2026-09-25T22:52:10.127314447Z [2026-09-25 22:52:10,127] INFO [controller-1-to-controller-registration-channel-manager]: Recorded new KRaft controller, from now on will use node kafka-3:9093 (id: 3 rack: null isFenced: false) (kafka.server.NodeToControllerRequestThread)
kafka-1-1  | 2026-09-25T22:52:10.127654711Z [2026-09-25 22:52:10,127] INFO [ControllerRegistrationManager id=1 incarnation=0ei80HWOSwSKzLqwV_Ogaw] maybeSendControllerRegistration: cannot register yet because the metadata.version is not known yet. (kafka.server.ControllerRegistrationManager)
kafka-1-1  | 2026-09-25T22:52:10.128579341Z [2026-09-25 22:52:10,128] INFO [BrokerServer id=1] Transition from SHUTDOWN to STARTING (kafka.server.BrokerServer)
kafka-1-1  | 2026-09-25T22:52:10.129390268Z [2026-09-25 22:52:10,129] INFO [BrokerServer id=1] Starting broker (kafka.server.BrokerServer)
kafka-1-1  | 2026-09-25T22:52:10.135980603Z [2026-09-25 22:52:10,135] INFO [broker-1-ThrottledChannelReaper-Fetch]: Starting (kafka.server.ClientQuotaManager$ThrottledChannelReaper)
kafka-1-1  | 2026-09-25T22:52:10.137054376Z [2026-09-25 22:52:10,136] INFO [RaftManager id=1] High watermark set to Optional[LogOffsetMetadata(offset=651, metadata=Optional.empty)] for the first time for epoch 4 (org.apache.kafka.raft.FollowerState)
kafka-1-1  | 2026-09-25T22:52:10.138209680Z [2026-09-25 22:52:10,137] INFO [broker-1-ThrottledChannelReaper-Produce]: Starting (kafka.server.ClientQuotaManager$ThrottledChannelReaper)
kafka-1-1  | 2026-09-25T22:52:10.166562627Z [2026-09-25 22:52:10,165] INFO [broker-1-ThrottledChannelReaper-Request]: Starting (kafka.server.ClientQuotaManager$ThrottledChannelReaper)
kafka-1-1  | 2026-09-25T22:52:10.167552199Z [2026-09-25 22:52:10,167] INFO [broker-1-ThrottledChannelReaper-ControllerMutation]: Starting (kafka.server.ClientQuotaManager$ThrottledChannelReaper)
kafka-1-1  | 2026-09-25T22:52:10.168815969Z [2026-09-25 22:52:10,168] INFO [RaftManager id=1] Setting the next offset of org.apache.kafka.image.loader.MetadataLoader@2102281616 to 0 since there are no snapshots (org.apache.kafka.raft.KafkaRaftClient)
kafka-1-1  | 2026-09-25T22:52:10.170968097Z [2026-09-25 22:52:10,170] INFO [RaftManager id=1] Setting the next offset of org.apache.kafka.controller.QuorumController$QuorumMetaLogListener@1350257171 to 0 since there are no snapshots (org.apache.kafka.raft.KafkaRaftClient)
kafka-1-1  | 2026-09-25T22:52:10.171915132Z [2026-09-25 22:52:10,171] INFO [MetadataLoader id=1] maybePublishMetadata(LOG_DELTA): The loader is still catching up because we have loaded up to offset 0, but the high water mark is 651 (org.apache.kafka.image.loader.MetadataLoader)
kafka-1-1  | 2026-09-25T22:52:10.179691017Z [2026-09-25 22:52:10,179] INFO [BrokerServer id=1] Waiting for controller quorum voters future (kafka.server.BrokerServer)
kafka-1-1  | 2026-09-25T22:52:10.179737529Z [2026-09-25 22:52:10,179] INFO [BrokerServer id=1] Finished waiting for controller quorum voters future (kafka.server.BrokerServer)
kafka-1-1  | 2026-09-25T22:52:10.181754971Z [2026-09-25 22:52:10,181] INFO [broker-1-to-controller-forwarding-channel-manager]: Starting (kafka.server.NodeToControllerRequestThread)
kafka-1-1  | 2026-09-25T22:52:10.182421051Z [2026-09-25 22:52:10,182] INFO [broker-1-to-controller-forwarding-channel-manager]: Recorded new KRaft controller, from now on will use node kafka-3:9093 (id: 3 rack: null isFenced: false) (kafka.server.NodeToControllerRequestThread)
kafka-1-1  | 2026-09-25T22:52:10.187784175Z [2026-09-25 22:52:10,187] INFO [client-metrics-reaper]: Starting (org.apache.kafka.server.util.timer.SystemTimerReaper$Reaper)
kafka-1-1  | 2026-09-25T22:52:10.196175152Z [2026-09-25 22:52:10,195] INFO [MetadataLoader id=1] maybePublishMetadata(LOG_DELTA): The loader finished catching up to the current high water mark of 651 (org.apache.kafka.image.loader.MetadataLoader)
kafka-1-1  | 2026-09-25T22:52:10.200586093Z [2026-09-25 22:52:10,200] INFO [MetadataLoader id=1] InitializeNewPublishers: initializing SnapshotGenerator with a snapshot at offset 650 (org.apache.kafka.image.loader.MetadataLoader)
kafka-1-1  | 2026-09-25T22:52:10.201156829Z [2026-09-25 22:52:10,200] INFO [MetadataLoader id=1] InitializeNewPublishers: initializing KRaftMetadataCachePublisher with a snapshot at offset 650 (org.apache.kafka.image.loader.MetadataLoader)
kafka-1-1  | 2026-09-25T22:52:10.201646251Z [2026-09-25 22:52:10,201] INFO [MetadataLoader id=1] InitializeNewPublishers: initializing FeaturesPublisher with a snapshot at offset 650 (org.apache.kafka.image.loader.MetadataLoader)
kafka-1-1  | 2026-09-25T22:52:10.206836004Z [2026-09-25 22:52:10,206] INFO [ControllerServer id=1] Loaded new metadata Features(metadataVersion=4.0-IV3, finalizedFeatures={group.version=1, transaction.version=2, metadata.version=25}, finalizedFeaturesEpoch=650). (org.apache.kafka.metadata.publisher.FeaturesPublisher)
kafka-1-1  | 2026-09-25T22:52:10.206863336Z [2026-09-25 22:52:10,206] INFO [MetadataLoader id=1] InitializeNewPublishers: initializing ControllerRegistrationsPublisher with a snapshot at offset 650 (org.apache.kafka.image.loader.MetadataLoader)
kafka-1-1  | 2026-09-25T22:52:10.206867743Z [2026-09-25 22:52:10,206] INFO [MetadataLoader id=1] InitializeNewPublishers: initializing ControllerRegistrationManager with a snapshot at offset 650 (org.apache.kafka.image.loader.MetadataLoader)
kafka-1-1  | 2026-09-25T22:52:10.207547991Z [2026-09-25 22:52:10,207] INFO [MetadataLoader id=1] InitializeNewPublishers: initializing DynamicConfigPublisher controller id=1 with a snapshot at offset 650 (org.apache.kafka.image.loader.MetadataLoader)
kafka-1-1  | 2026-09-25T22:52:10.208670096Z [2026-09-25 22:52:10,208] INFO [ControllerRegistrationManager id=1 incarnation=0ei80HWOSwSKzLqwV_Ogaw] Found registration for 44a3lHGRSMiI1312u-3Cdw instead of our incarnation. (kafka.server.ControllerRegistrationManager)
kafka-1-1  | 2026-09-25T22:52:10.208874337Z [2026-09-25 22:52:10,208] INFO [MetadataLoader id=1] InitializeNewPublishers: initializing DynamicClientQuotaPublisher controller id=1 with a snapshot at offset 650 (org.apache.kafka.image.loader.MetadataLoader)
kafka-1-1  | 2026-09-25T22:52:10.209696243Z [2026-09-25 22:52:10,209] INFO [MetadataLoader id=1] InitializeNewPublishers: initializing DynamicTopicClusterQuotaPublisher controller id=1 with a snapshot at offset 650 (org.apache.kafka.image.loader.MetadataLoader)
kafka-1-1  | 2026-09-25T22:52:10.210153361Z [2026-09-25 22:52:10,209] INFO [MetadataLoader id=1] InitializeNewPublishers: initializing ScramPublisher controller id=1 with a snapshot at offset 650 (org.apache.kafka.image.loader.MetadataLoader)
kafka-1-1  | 2026-09-25T22:52:10.211834263Z [2026-09-25 22:52:10,211] INFO [MetadataLoader id=1] InitializeNewPublishers: initializing DelegationTokenPublisher controller id=1 with a snapshot at offset 650 (org.apache.kafka.image.loader.MetadataLoader)
kafka-1-1  | 2026-09-25T22:52:10.214016219Z [2026-09-25 22:52:10,213] INFO [MetadataLoader id=1] InitializeNewPublishers: initializing ControllerMetadataMetricsPublisher with a snapshot at offset 650 (org.apache.kafka.image.loader.MetadataLoader)
kafka-1-1  | 2026-09-25T22:52:10.214686825Z [2026-09-25 22:52:10,214] INFO [MetadataLoader id=1] InitializeNewPublishers: initializing AclPublisher controller id=1 with a snapshot at offset 650 (org.apache.kafka.image.loader.MetadataLoader)
kafka-1-1  | 2026-09-25T22:52:10.216338522Z [2026-09-25 22:52:10,215] INFO [ControllerRegistrationManager id=1 incarnation=0ei80HWOSwSKzLqwV_Ogaw] sendControllerRegistration: attempting to send ControllerRegistrationRequestData(controllerId=1, incarnationId=0ei80HWOSwSKzLqwV_Ogaw, zkMigrationReady=false, listeners=[Listener(name='CONTROLLER', host='kafka-1', port=9093, securityProtocol=0)], features=[Feature(name='group.version', minSupportedVersion=0, maxSupportedVersion=1), Feature(name='transaction.version', minSupportedVersion=0, maxSupportedVersion=2), Feature(name='eligible.leader.replicas.version', minSupportedVersion=0, maxSupportedVersion=1), Feature(name='kraft.version', minSupportedVersion=0, maxSupportedVersion=1), Feature(name='metadata.version', minSupportedVersion=7, maxSupportedVersion=25)]) (kafka.server.ControllerRegistrationManager)
kafka-1-1  | 2026-09-25T22:52:10.224899175Z [2026-09-25 22:52:10,224] INFO Updated connection-accept-rate max connection creation rate to 2147483647 (kafka.network.ConnectionQuotas)
kafka-1-1  | 2026-09-25T22:52:10.233343176Z [2026-09-25 22:52:10,232] INFO [SocketServer listenerType=BROKER, nodeId=1] Created data-plane acceptor and processors for endpoint : ListenerName(PLAINTEXT) (kafka.network.SocketServer)
kafka-1-1  | 2026-09-25T22:52:10.239415298Z [2026-09-25 22:52:10,238] INFO [broker-1-to-controller-alter-partition-channel-manager]: Starting (kafka.server.NodeToControllerRequestThread)
kafka-1-1  | 2026-09-25T22:52:10.239948773Z [2026-09-25 22:52:10,239] INFO [broker-1-to-controller-alter-partition-channel-manager]: Recorded new KRaft controller, from now on will use node kafka-3:9093 (id: 3 rack: null isFenced: false) (kafka.server.NodeToControllerRequestThread)
kafka-1-1  | 2026-09-25T22:52:10.240543360Z [2026-09-25 22:52:10,240] INFO [ControllerRegistrationManager id=1 incarnation=0ei80HWOSwSKzLqwV_Ogaw] RegistrationResponseHandler: controller acknowledged ControllerRegistrationRequest. (kafka.server.ControllerRegistrationManager)
kafka-1-1  | 2026-09-25T22:52:10.243776372Z [2026-09-25 22:52:10,243] INFO [broker-1-to-controller-directory-assignments-channel-manager]: Starting (kafka.server.NodeToControllerRequestThread)
kafka-1-1  | 2026-09-25T22:52:10.244084921Z [2026-09-25 22:52:10,243] INFO [broker-1-to-controller-directory-assignments-channel-manager]: Recorded new KRaft controller, from now on will use node kafka-3:9093 (id: 3 rack: null isFenced: false) (kafka.server.NodeToControllerRequestThread)
kafka-1-1  | 2026-09-25T22:52:10.247227538Z [2026-09-25 22:52:10,246] INFO [ExpirationReaper-0-null]: Starting (org.apache.kafka.server.purgatory.DelayedOperationPurgatory$ExpiredOperationReaper)
kafka-1-1  | 2026-09-25T22:52:10.248292165Z [2026-09-25 22:52:10,247] INFO [ExpirationReaper-0-null]: Starting (org.apache.kafka.server.purgatory.DelayedOperationPurgatory$ExpiredOperationReaper)
kafka-1-1  | 2026-09-25T22:52:10.249505980Z [2026-09-25 22:52:10,249] INFO [ExpirationReaper-0-null]: Starting (org.apache.kafka.server.purgatory.DelayedOperationPurgatory$ExpiredOperationReaper)
kafka-1-1  | 2026-09-25T22:52:10.250844695Z [2026-09-25 22:52:10,250] INFO [ExpirationReaper-0-null]: Starting (org.apache.kafka.server.purgatory.DelayedOperationPurgatory$ExpiredOperationReaper)
kafka-1-1  | 2026-09-25T22:52:10.252669896Z [2026-09-25 22:52:10,252] INFO [ExpirationReaper-0-null]: Starting (org.apache.kafka.server.purgatory.DelayedOperationPurgatory$ExpiredOperationReaper)
kafka-1-1  | 2026-09-25T22:52:10.253955739Z [2026-09-25 22:52:10,253] INFO [ExpirationReaper-0-null]: Starting (org.apache.kafka.server.purgatory.DelayedOperationPurgatory$ExpiredOperationReaper)
kafka-1-1  | 2026-09-25T22:52:10.264870120Z [2026-09-25 22:52:10,264] INFO [BrokerServer id=1] Using no op persister (kafka.server.BrokerServer)
kafka-1-1  | 2026-09-25T22:52:10.266657646Z [2026-09-25 22:52:10,266] INFO [group-coordinator-reaper]: Starting (org.apache.kafka.server.util.timer.SystemTimerReaper$Reaper)
kafka-1-1  | 2026-09-25T22:52:10.275417001Z [2026-09-25 22:52:10,274] INFO [group-coordinator-event-processor-0]: Starting (org.apache.kafka.coordinator.common.runtime.MultiThreadedEventProcessor$EventProcessorThread)
kafka-1-1  | 2026-09-25T22:52:10.275442326Z [2026-09-25 22:52:10,275] INFO [group-coordinator-event-processor-1]: Starting (org.apache.kafka.coordinator.common.runtime.MultiThreadedEventProcessor$EventProcessorThread)
kafka-1-1  | 2026-09-25T22:52:10.275548951Z [2026-09-25 22:52:10,275] INFO [group-coordinator-event-processor-2]: Starting (org.apache.kafka.coordinator.common.runtime.MultiThreadedEventProcessor$EventProcessorThread)
kafka-1-1  | 2026-09-25T22:52:10.275815160Z [2026-09-25 22:52:10,275] INFO [group-coordinator-event-processor-3]: Starting (org.apache.kafka.coordinator.common.runtime.MultiThreadedEventProcessor$EventProcessorThread)
kafka-1-1  | 2026-09-25T22:52:10.282296388Z [2026-09-25 22:52:10,281] INFO Unable to read the broker epoch in /var/lib/kafka/data. (kafka.log.LogManager)
kafka-1-1  | 2026-09-25T22:52:10.283385900Z [2026-09-25 22:52:10,283] INFO [broker-1-to-controller-heartbeat-channel-manager]: Starting (kafka.server.NodeToControllerRequestThread)
kafka-1-1  | 2026-09-25T22:52:10.283967482Z [2026-09-25 22:52:10,283] INFO [broker-1-to-controller-heartbeat-channel-manager]: Recorded new KRaft controller, from now on will use node kafka-3:9093 (id: 3 rack: null isFenced: false) (kafka.server.NodeToControllerRequestThread)
kafka-1-1  | 2026-09-25T22:52:10.284806472Z [2026-09-25 22:52:10,284] INFO [BrokerLifecycleManager id=1] Incarnation qdo3hfqTRxS7bruCTrPwBA of broker 1 in cluster 5L6g3nShT-eMCtK--X86sw is now STARTING. (kafka.server.BrokerLifecycleManager)
kafka-1-1  | 2026-09-25T22:52:10.287051733Z [2026-09-25 22:52:10,286] INFO [share-group-lock-timeout-reaper]: Starting (org.apache.kafka.server.util.timer.SystemTimerReaper$Reaper)
kafka-1-1  | 2026-09-25T22:52:10.288869066Z [2026-09-25 22:52:10,288] INFO [ExpirationReaper-0-null]: Starting (org.apache.kafka.server.purgatory.DelayedOperationPurgatory$ExpiredOperationReaper)
kafka-1-1  | 2026-09-25T22:52:10.298837325Z [2026-09-25 22:52:10,298] INFO [BrokerServer id=1] Waiting for the broker metadata publishers to be installed (kafka.server.BrokerServer)
kafka-1-1  | 2026-09-25T22:52:10.299231073Z [2026-09-25 22:52:10,298] INFO [BrokerServer id=1] Finished waiting for the broker metadata publishers to be installed (kafka.server.BrokerServer)
kafka-1-1  | 2026-09-25T22:52:10.299485873Z [2026-09-25 22:52:10,299] INFO [BrokerServer id=1] Waiting for the controller to acknowledge that we are caught up (kafka.server.BrokerServer)
kafka-1-1  | 2026-09-25T22:52:10.300387367Z [2026-09-25 22:52:10,300] INFO [MetadataLoader id=1] InitializeNewPublishers: initializing MetadataVersionPublisher(id=1) with a snapshot at offset 650 (org.apache.kafka.image.loader.MetadataLoader)
kafka-1-1  | 2026-09-25T22:52:10.300403072Z [2026-09-25 22:52:10,300] INFO [MetadataLoader id=1] InitializeNewPublishers: initializing BrokerMetadataPublisher with a snapshot at offset 650 (org.apache.kafka.image.loader.MetadataLoader)
kafka-1-1  | 2026-09-25T22:52:10.302465368Z [2026-09-25 22:52:10,302] INFO [BrokerMetadataPublisher id=1] Publishing initial metadata at offset OffsetAndEpoch(offset=650, epoch=4) with metadata.version Optional[4.0-IV3]. (kafka.server.metadata.BrokerMetadataPublisher)
kafka-1-1  | 2026-09-25T22:52:10.304274696Z [2026-09-25 22:52:10,303] INFO Loading logs from log dirs ArrayBuffer(/var/lib/kafka/data) (kafka.log.LogManager)
kafka-1-1  | 2026-09-25T22:52:10.307511081Z [2026-09-25 22:52:10,307] INFO Recovering 56 logs from /var/lib/kafka/data since no clean shutdown file was found (kafka.log.LogManager)
kafka-1-1  | 2026-09-25T22:52:10.317312039Z [2026-09-25 22:52:10,316] INFO [LogLoader partition=__consumer_offsets-28, dir=/var/lib/kafka/data] Recovering unflushed segment 0. 0 recovered for __consumer_offsets-28. (org.apache.kafka.storage.internals.log.LogLoader)
kafka-1-1  | 2026-09-25T22:52:10.318029129Z [2026-09-25 22:52:10,317] INFO [LogLoader partition=__consumer_offsets-9, dir=/var/lib/kafka/data] Recovering unflushed segment 0. 0 recovered for __consumer_offsets-9. (org.apache.kafka.storage.internals.log.LogLoader)
kafka-1-1  | 2026-09-25T22:52:10.319202508Z [2026-09-25 22:52:10,318] INFO [LogLoader partition=__consumer_offsets-9, dir=/var/lib/kafka/data] Loading producer state till offset 0 (org.apache.kafka.storage.internals.log.UnifiedLog)
kafka-1-1  | 2026-09-25T22:52:10.319224074Z [2026-09-25 22:52:10,318] INFO [LogLoader partition=__consumer_offsets-28, dir=/var/lib/kafka/data] Loading producer state till offset 0 (org.apache.kafka.storage.internals.log.UnifiedLog)
kafka-1-1  | 2026-09-25T22:52:10.319449171Z [2026-09-25 22:52:10,319] INFO [LogLoader partition=__consumer_offsets-9, dir=/var/lib/kafka/data] Reloading from producer snapshot and rebuilding producer state from offset 0 (org.apache.kafka.storage.internals.log.UnifiedLog)
kafka-1-1  | 2026-09-25T22:52:10.319465604Z [2026-09-25 22:52:10,319] INFO [LogLoader partition=__consumer_offsets-28, dir=/var/lib/kafka/data] Reloading from producer snapshot and rebuilding producer state from offset 0 (org.apache.kafka.storage.internals.log.UnifiedLog)
kafka-1-1  | 2026-09-25T22:52:10.319668437Z [2026-09-25 22:52:10,319] INFO [LogLoader partition=__consumer_offsets-9, dir=/var/lib/kafka/data] Producer state recovery took 0ms for snapshot load and 0ms for segment recovery from offset 0 (org.apache.kafka.storage.internals.log.UnifiedLog)
kafka-1-1  | 2026-09-25T22:52:10.319684795Z [2026-09-25 22:52:10,319] INFO [LogLoader partition=__consumer_offsets-28, dir=/var/lib/kafka/data] Producer state recovery took 0ms for snapshot load and 0ms for segment recovery from offset 0 (org.apache.kafka.storage.internals.log.UnifiedLog)
kafka-1-1  | 2026-09-25T22:52:10.321503199Z [2026-09-25 22:52:10,321] INFO [LogLoader partition=__consumer_offsets-9, dir=/var/lib/kafka/data] Loading producer state till offset 0 (org.apache.kafka.storage.internals.log.UnifiedLog)
kafka-1-1  | 2026-09-25T22:52:10.321596762Z [2026-09-25 22:52:10,321] INFO [LogLoader partition=__consumer_offsets-28, dir=/var/lib/kafka/data] Loading producer state till offset 0 (org.apache.kafka.storage.internals.log.UnifiedLog)
kafka-1-1  | 2026-09-25T22:52:10.321606849Z [2026-09-25 22:52:10,321] INFO [LogLoader partition=__consumer_offsets-9, dir=/var/lib/kafka/data] Reloading from producer snapshot and rebuilding producer state from offset 0 (org.apache.kafka.storage.internals.log.UnifiedLog)
kafka-1-1  | 2026-09-25T22:52:10.321883721Z [2026-09-25 22:52:10,321] INFO [LogLoader partition=__consumer_offsets-9, dir=/var/lib/kafka/data] Producer state recovery took 0ms for snapshot load and 0ms for segment recovery from offset 0 (org.apache.kafka.storage.internals.log.UnifiedLog)
kafka-1-1  | 2026-09-25T22:52:10.324975037Z [2026-09-25 22:52:10,323] INFO [LogLoader partition=__consumer_offsets-28, dir=/var/lib/kafka/data] Reloading from producer snapshot and rebuilding producer state from offset 0 (org.apache.kafka.storage.internals.log.UnifiedLog)
kafka-1-1  | 2026-09-25T22:52:10.325017536Z [2026-09-25 22:52:10,323] INFO [LogLoader partition=__consumer_offsets-28, dir=/var/lib/kafka/data] Producer state recovery took 0ms for snapshot load and 0ms for segment recovery from offset 0 (org.apache.kafka.storage.internals.log.UnifiedLog)
kafka-1-1  | 2026-09-25T22:52:10.326842545Z [2026-09-25 22:52:10,326] INFO [BrokerLifecycleManager id=1] Successfully registered broker 1 with broker epoch 653 (kafka.server.BrokerLifecycleManager)
kafka-1-1  | 2026-09-25T22:52:10.334625175Z [2026-09-25 22:52:10,334] INFO Completed load of Log(dir=/var/lib/kafka/data/__consumer_offsets-28, topicId=z0JJoNscSBKv29UaLoZ9NQ, topic=__consumer_offsets, partition=28, highWatermark=0, lastStableOffset=0, logStartOffset=0, logEndOffset=0) with 1 segments, local-log-start-offset 0 and log-end-offset 0 in 11ms (2/56 completed in /var/lib/kafka/data) (kafka.log.LogManager)
kafka-1-1  | 2026-09-25T22:52:10.334670871Z [2026-09-25 22:52:10,334] INFO Completed load of Log(dir=/var/lib/kafka/data/__consumer_offsets-9, topicId=z0JJoNscSBKv29UaLoZ9NQ, topic=__consumer_offsets, partition=9, highWatermark=0, lastStableOffset=0, logStartOffset=0, logEndOffset=0) with 1 segments, local-log-start-offset 0 and log-end-offset 0 in 10ms (1/56 completed in /var/lib/kafka/data) (kafka.log.LogManager)
kafka-1-1  | 2026-09-25T22:52:10.336653782Z [2026-09-25 22:52:10,336] INFO [LogLoader partition=__consumer_offsets-37, dir=/var/lib/kafka/data] Recovering unflushed segment 0. 0 recovered for __consumer_offsets-37. (org.apache.kafka.storage.internals.log.LogLoader)
kafka-1-1  | 2026-09-25T22:52:10.337251105Z [2026-09-25 22:52:10,336] INFO [LogLoader partition=__consumer_offsets-11, dir=/var/lib/kafka/data] Recovering unflushed segment 0. 0 recovered for __consumer_offsets-11. (org.apache.kafka.storage.internals.log.LogLoader)
kafka-1-1  | 2026-09-25T22:52:10.337272868Z [2026-09-25 22:52:10,337] INFO [LogLoader partition=__consumer_offsets-37, dir=/var/lib/kafka/data] Loading producer state till offset 0 (org.apache.kafka.storage.internals.log.UnifiedLog)
kafka-1-1  | 2026-09-25T22:52:10.337486528Z [2026-09-25 22:52:10,337] INFO [LogLoader partition=__consumer_offsets-37, dir=/var/lib/kafka/data] Reloading from producer snapshot and rebuilding producer state from offset 0 (org.apache.kafka.storage.internals.log.UnifiedLog)
kafka-1-1  | 2026-09-25T22:52:10.337799380Z [2026-09-25 22:52:10,337] INFO [LogLoader partition=__consumer_offsets-11, dir=/var/lib/kafka/data] Loading producer state till offset 0 (org.apache.kafka.storage.internals.log.UnifiedLog)
kafka-1-1  | 2026-09-25T22:52:10.338218862Z [2026-09-25 22:52:10,337] INFO [LogLoader partition=__consumer_offsets-37, dir=/var/lib/kafka/data] Producer state recovery took 0ms for snapshot load and 0ms for segment recovery from offset 0 (org.apache.kafka.storage.internals.log.UnifiedLog)
kafka-1-1  | 2026-09-25T22:52:10.338235292Z [2026-09-25 22:52:10,338] INFO [LogLoader partition=__consumer_offsets-11, dir=/var/lib/kafka/data] Reloading from producer snapshot and rebuilding producer state from offset 0 (org.apache.kafka.storage.internals.log.UnifiedLog)
kafka-1-1  | 2026-09-25T22:52:10.338607719Z [2026-09-25 22:52:10,338] INFO [LogLoader partition=__consumer_offsets-11, dir=/var/lib/kafka/data] Producer state recovery took 0ms for snapshot load and 0ms for segment recovery from offset 0 (org.apache.kafka.storage.internals.log.UnifiedLog)
kafka-1-1  | 2026-09-25T22:52:10.340034774Z [2026-09-25 22:52:10,339] INFO [LogLoader partition=__consumer_offsets-37, dir=/var/lib/kafka/data] Loading producer state till offset 0 (org.apache.kafka.storage.internals.log.UnifiedLog)
kafka-1-1  | 2026-09-25T22:52:10.340053771Z [2026-09-25 22:52:10,339] INFO [LogLoader partition=__consumer_offsets-11, dir=/var/lib/kafka/data] Loading producer state till offset 0 (org.apache.kafka.storage.internals.log.UnifiedLog)
kafka-1-1  | 2026-09-25T22:52:10.340058235Z [2026-09-25 22:52:10,339] INFO [LogLoader partition=__consumer_offsets-37, dir=/var/lib/kafka/data] Reloading from producer snapshot and rebuilding producer state from offset 0 (org.apache.kafka.storage.internals.log.UnifiedLog)
kafka-1-1  | 2026-09-25T22:52:10.340061552Z [2026-09-25 22:52:10,339] INFO [LogLoader partition=__consumer_offsets-11, dir=/var/lib/kafka/data] Reloading from producer snapshot and rebuilding producer state from offset 0 (org.apache.kafka.storage.internals.log.UnifiedLog)
kafka-1-1  | 2026-09-25T22:52:10.340074782Z [2026-09-25 22:52:10,339] INFO [LogLoader partition=__consumer_offsets-37, dir=/var/lib/kafka/data] Producer state recovery took 0ms for snapshot load and 0ms for segment recovery from offset 0 (org.apache.kafka.storage.internals.log.UnifiedLog)
kafka-1-1  | 2026-09-25T22:52:10.340252288Z [2026-09-25 22:52:10,340] INFO [LogLoader partition=__consumer_offsets-11, dir=/var/lib/kafka/data] Producer state recovery took 0ms for snapshot load and 0ms for segment recovery from offset 0 (org.apache.kafka.storage.internals.log.UnifiedLog)
kafka-1-1  | 2026-09-25T22:52:10.341879865Z [2026-09-25 22:52:10,341] INFO Completed load of Log(dir=/var/lib/kafka/data/__consumer_offsets-37, topicId=z0JJoNscSBKv29UaLoZ9NQ, topic=__consumer_offsets, partition=37, highWatermark=0, lastStableOffset=0, logStartOffset=0, logEndOffset=0) with 1 segments, local-log-start-offset 0 and log-end-offset 0 in 6ms (3/56 completed in /var/lib/kafka/data) (kafka.log.LogManager)
kafka-1-1  | 2026-09-25T22:52:10.342042470Z [2026-09-25 22:52:10,341] INFO Completed load of Log(dir=/var/lib/kafka/data/__consumer_offsets-11, topicId=z0JJoNscSBKv29UaLoZ9NQ, topic=__consumer_offsets, partition=11, highWatermark=0, lastStableOffset=0, logStartOffset=0, logEndOffset=0) with 1 segments, local-log-start-offset 0 and log-end-offset 0 in 7ms (4/56 completed in /var/lib/kafka/data) (kafka.log.LogManager)
kafka-1-1  | 2026-09-25T22:52:10.344603229Z [2026-09-25 22:52:10,344] INFO [LogLoader partition=__consumer_offsets-34, dir=/var/lib/kafka/data] Recovering unflushed segment 0. 0 recovered for __consumer_offsets-34. (org.apache.kafka.storage.internals.log.LogLoader)
kafka-1-1  | 2026-09-25T22:52:10.344625335Z [2026-09-25 22:52:10,344] INFO [LogLoader partition=__consumer_offsets-46, dir=/var/lib/kafka/data] Recovering unflushed segment 0. 0 recovered for __consumer_offsets-46. (org.apache.kafka.storage.internals.log.LogLoader)
kafka-1-1  | 2026-09-25T22:52:10.344961381Z [2026-09-25 22:52:10,344] INFO [LogLoader partition=__consumer_offsets-34, dir=/var/lib/kafka/data] Loading producer state till offset 0 (org.apache.kafka.storage.internals.log.UnifiedLog)
kafka-1-1  | 2026-09-25T22:52:10.344978948Z [2026-09-25 22:52:10,344] INFO [LogLoader partition=__consumer_offsets-34, dir=/var/lib/kafka/data] Reloading from producer snapshot and rebuilding producer state from offset 0 (org.apache.kafka.storage.internals.log.UnifiedLog)
kafka-1-1  | 2026-09-25T22:52:10.345088056Z [2026-09-25 22:52:10,344] INFO [LogLoader partition=__consumer_offsets-46, dir=/var/lib/kafka/data] Loading producer state till offset 0 (org.apache.kafka.storage.internals.log.UnifiedLog)
kafka-1-1  | 2026-09-25T22:52:10.345242544Z [2026-09-25 22:52:10,345] INFO [LogLoader partition=__consumer_offsets-34, dir=/var/lib/kafka/data] Producer state recovery took 0ms for snapshot load and 0ms for segment recovery from offset 0 (org.apache.kafka.storage.internals.log.UnifiedLog)
kafka-1-1  | 2026-09-25T22:52:10.345282199Z [2026-09-25 22:52:10,345] INFO [LogLoader partition=__consumer_offsets-46, dir=/var/lib/kafka/data] Reloading from producer snapshot and rebuilding producer state from offset 0 (org.apache.kafka.storage.internals.log.UnifiedLog)
kafka-1-1  | 2026-09-25T22:52:10.346570565Z [2026-09-25 22:52:10,346] INFO [LogLoader partition=__consumer_offsets-46, dir=/var/lib/kafka/data] Producer state recovery took 0ms for snapshot load and 0ms for segment recovery from offset 0 (org.apache.kafka.storage.internals.log.UnifiedLog)
kafka-1-1  | 2026-09-25T22:52:10.348185669Z [2026-09-25 22:52:10,347] INFO [LogLoader partition=__consumer_offsets-46, dir=/var/lib/kafka/data] Loading producer state till offset 0 (org.apache.kafka.storage.internals.log.UnifiedLog)
kafka-1-1  | 2026-09-25T22:52:10.348954775Z [2026-09-25 22:52:10,348] INFO [LogLoader partition=__consumer_offsets-46, dir=/var/lib/kafka/data] Reloading from producer snapshot and rebuilding producer state from offset 0 (org.apache.kafka.storage.internals.log.UnifiedLog)
kafka-1-1  | 2026-09-25T22:52:10.348972976Z [2026-09-25 22:52:10,348] INFO [LogLoader partition=__consumer_offsets-46, dir=/var/lib/kafka/data] Producer state recovery took 0ms for snapshot load and 0ms for segment recovery from offset 0 (org.apache.kafka.storage.internals.log.UnifiedLog)
kafka-1-1  | 2026-09-25T22:52:10.350759635Z [2026-09-25 22:52:10,350] INFO Completed load of Log(dir=/var/lib/kafka/data/__consumer_offsets-46, topicId=z0JJoNscSBKv29UaLoZ9NQ, topic=__consumer_offsets, partition=46, highWatermark=0, lastStableOffset=0, logStartOffset=0, logEndOffset=0) with 1 segments, local-log-start-offset 0 and log-end-offset 0 in 8ms (5/56 completed in /var/lib/kafka/data) (kafka.log.LogManager)
kafka-1-1  | 2026-09-25T22:52:10.352872209Z [2026-09-25 22:52:10,352] INFO [LogLoader partition=__consumer_offsets-7, dir=/var/lib/kafka/data] Recovering unflushed segment 0. 0 recovered for __consumer_offsets-7. (org.apache.kafka.storage.internals.log.LogLoader)
kafka-1-1  | 2026-09-25T22:52:10.353185225Z [2026-09-25 22:52:10,352] INFO [LogLoader partition=__consumer_offsets-7, dir=/var/lib/kafka/data] Loading producer state till offset 0 (org.apache.kafka.storage.internals.log.UnifiedLog)
kafka-1-1  | 2026-09-25T22:52:10.353200860Z [2026-09-25 22:52:10,353] INFO [LogLoader partition=__consumer_offsets-7, dir=/var/lib/kafka/data] Reloading from producer snapshot and rebuilding producer state from offset 0 (org.apache.kafka.storage.internals.log.UnifiedLog)
kafka-1-1  | 2026-09-25T22:52:10.353359398Z [2026-09-25 22:52:10,353] INFO [LogLoader partition=__consumer_offsets-7, dir=/var/lib/kafka/data] Producer state recovery took 0ms for snapshot load and 0ms for segment recovery from offset 0 (org.apache.kafka.storage.internals.log.UnifiedLog)
kafka-1-1  | 2026-09-25T22:52:10.355078664Z [2026-09-25 22:52:10,354] INFO [LogLoader partition=__consumer_offsets-7, dir=/var/lib/kafka/data] Loading producer state till offset 0 (org.apache.kafka.storage.internals.log.UnifiedLog)
kafka-1-1  | 2026-09-25T22:52:10.357661709Z [2026-09-25 22:52:10,357] INFO [LogLoader partition=__consumer_offsets-7, dir=/var/lib/kafka/data] Reloading from producer snapshot and rebuilding producer state from offset 0 (org.apache.kafka.storage.internals.log.UnifiedLog)
kafka-1-1  | 2026-09-25T22:52:10.357677646Z [2026-09-25 22:52:10,357] INFO [LogLoader partition=__consumer_offsets-7, dir=/var/lib/kafka/data] Producer state recovery took 0ms for snapshot load and 0ms for segment recovery from offset 0 (org.apache.kafka.storage.internals.log.UnifiedLog)
kafka-1-1  | 2026-09-25T22:52:10.358733469Z [2026-09-25 22:52:10,358] INFO Completed load of Log(dir=/var/lib/kafka/data/__consumer_offsets-7, topicId=z0JJoNscSBKv29UaLoZ9NQ, topic=__consumer_offsets, partition=7, highWatermark=0, lastStableOffset=0, logStartOffset=0, logEndOffset=0) with 1 segments, local-log-start-offset 0 and log-end-offset 0 in 8ms (6/56 completed in /var/lib/kafka/data) (kafka.log.LogManager)
kafka-1-1  | 2026-09-25T22:52:10.359095168Z [2026-09-25 22:52:10,358] INFO [LogLoader partition=__consumer_offsets-34, dir=/var/lib/kafka/data] Loading producer state till offset 0 (org.apache.kafka.storage.internals.log.UnifiedLog)
kafka-1-1  | 2026-09-25T22:52:10.359408929Z [2026-09-25 22:52:10,359] INFO [LogLoader partition=__consumer_offsets-34, dir=/var/lib/kafka/data] Reloading from producer snapshot and rebuilding producer state from offset 0 (org.apache.kafka.storage.internals.log.UnifiedLog)
kafka-1-1  | 2026-09-25T22:52:10.359438067Z [2026-09-25 22:52:10,359] INFO [LogLoader partition=__consumer_offsets-34, dir=/var/lib/kafka/data] Producer state recovery took 0ms for snapshot load and 0ms for segment recovery from offset 0 (org.apache.kafka.storage.internals.log.UnifiedLog)
kafka-1-1  | 2026-09-25T22:52:10.360314425Z [2026-09-25 22:52:10,360] INFO Completed load of Log(dir=/var/lib/kafka/data/__consumer_offsets-34, topicId=z0JJoNscSBKv29UaLoZ9NQ, topic=__consumer_offsets, partition=34, highWatermark=0, lastStableOffset=0, logStartOffset=0, logEndOffset=0) with 1 segments, local-log-start-offset 0 and log-end-offset 0 in 18ms (7/56 completed in /var/lib/kafka/data) (kafka.log.LogManager)
kafka-1-1  | 2026-09-25T22:52:10.360938177Z [2026-09-25 22:52:10,360] INFO [LogLoader partition=__consumer_offsets-21, dir=/var/lib/kafka/data] Recovering unflushed segment 0. 0 recovered for __consumer_offsets-21. (org.apache.kafka.storage.internals.log.LogLoader)
kafka-1-1  | 2026-09-25T22:52:10.361473260Z [2026-09-25 22:52:10,361] INFO [LogLoader partition=dados-sensores-4, dir=/var/lib/kafka/data] Recovering unflushed segment 0. 0 recovered for dados-sensores-4. (org.apache.kafka.storage.internals.log.LogLoader)
kafka-1-1  | 2026-09-25T22:52:10.361993616Z [2026-09-25 22:52:10,361] INFO [LogLoader partition=dados-sensores-4, dir=/var/lib/kafka/data] Loading producer state till offset 0 (org.apache.kafka.storage.internals.log.UnifiedLog)
kafka-1-1  | 2026-09-25T22:52:10.362008340Z [2026-09-25 22:52:10,361] INFO [LogLoader partition=dados-sensores-4, dir=/var/lib/kafka/data] Reloading from producer snapshot and rebuilding producer state from offset 0 (org.apache.kafka.storage.internals.log.UnifiedLog)
kafka-1-1  | 2026-09-25T22:52:10.362012613Z [2026-09-25 22:52:10,361] INFO [LogLoader partition=__consumer_offsets-21, dir=/var/lib/kafka/data] Loading producer state till offset 0 (org.apache.kafka.storage.internals.log.UnifiedLog)
kafka-1-1  | 2026-09-25T22:52:10.362040835Z [2026-09-25 22:52:10,361] INFO [LogLoader partition=dados-sensores-4, dir=/var/lib/kafka/data] Producer state recovery took 0ms for snapshot load and 0ms for segment recovery from offset 0 (org.apache.kafka.storage.internals.log.UnifiedLog)
kafka-1-1  | 2026-09-25T22:52:10.362228937Z [2026-09-25 22:52:10,361] INFO [LogLoader partition=__consumer_offsets-21, dir=/var/lib/kafka/data] Reloading from producer snapshot and rebuilding producer state from offset 0 (org.apache.kafka.storage.internals.log.UnifiedLog)
kafka-1-1  | 2026-09-25T22:52:10.362241191Z [2026-09-25 22:52:10,362] INFO [LogLoader partition=__consumer_offsets-21, dir=/var/lib/kafka/data] Producer state recovery took 0ms for snapshot load and 0ms for segment recovery from offset 0 (org.apache.kafka.storage.internals.log.UnifiedLog)
kafka-1-1  | 2026-09-25T22:52:10.363224219Z [2026-09-25 22:52:10,362] INFO [LogLoader partition=__consumer_offsets-21, dir=/var/lib/kafka/data] Loading producer state till offset 0 (org.apache.kafka.storage.internals.log.UnifiedLog)
kafka-1-1  | 2026-09-25T22:52:10.363241818Z [2026-09-25 22:52:10,363] INFO [LogLoader partition=__consumer_offsets-21, dir=/var/lib/kafka/data] Reloading from producer snapshot and rebuilding producer state from offset 0 (org.apache.kafka.storage.internals.log.UnifiedLog)
kafka-1-1  | 2026-09-25T22:52:10.363246078Z [2026-09-25 22:52:10,363] INFO [LogLoader partition=__consumer_offsets-21, dir=/var/lib/kafka/data] Producer state recovery took 0ms for snapshot load and 0ms for segment recovery from offset 0 (org.apache.kafka.storage.internals.log.UnifiedLog)
kafka-1-1  | 2026-09-25T22:52:10.365789651Z [2026-09-25 22:52:10,365] INFO Completed load of Log(dir=/var/lib/kafka/data/__consumer_offsets-21, topicId=z0JJoNscSBKv29UaLoZ9NQ, topic=__consumer_offsets, partition=21, highWatermark=0, lastStableOffset=0, logStartOffset=0, logEndOffset=0) with 1 segments, local-log-start-offset 0 and log-end-offset 0 in 6ms (8/56 completed in /var/lib/kafka/data) (kafka.log.LogManager)
kafka-1-1  | 2026-09-25T22:52:10.367628532Z [2026-09-25 22:52:10,367] INFO [LogLoader partition=__consumer_offsets-40, dir=/var/lib/kafka/data] Recovering unflushed segment 0. 0 recovered for __consumer_offsets-40. (org.apache.kafka.storage.internals.log.LogLoader)
kafka-1-1  | 2026-09-25T22:52:10.367955902Z [2026-09-25 22:52:10,367] INFO [LogLoader partition=__consumer_offsets-40, dir=/var/lib/kafka/data] Loading producer state till offset 0 (org.apache.kafka.storage.internals.log.UnifiedLog)
kafka-1-1  | 2026-09-25T22:52:10.368010081Z [2026-09-25 22:52:10,367] INFO [LogLoader partition=__consumer_offsets-40, dir=/var/lib/kafka/data] Reloading from producer snapshot and rebuilding producer state from offset 0 (org.apache.kafka.storage.internals.log.UnifiedLog)
kafka-1-1  | 2026-09-25T22:52:10.368029284Z [2026-09-25 22:52:10,367] INFO [LogLoader partition=__consumer_offsets-40, dir=/var/lib/kafka/data] Producer state recovery took 0ms for snapshot load and 0ms for segment recovery from offset 0 (org.apache.kafka.storage.internals.log.UnifiedLog)
kafka-1-1  | 2026-09-25T22:52:10.368968715Z [2026-09-25 22:52:10,368] INFO [LogLoader partition=__consumer_offsets-40, dir=/var/lib/kafka/data] Loading producer state till offset 0 (org.apache.kafka.storage.internals.log.UnifiedLog)
kafka-1-1  | 2026-09-25T22:52:10.368986179Z [2026-09-25 22:52:10,368] INFO [LogLoader partition=__consumer_offsets-40, dir=/var/lib/kafka/data] Reloading from producer snapshot and rebuilding producer state from offset 0 (org.apache.kafka.storage.internals.log.UnifiedLog)
kafka-1-1  | 2026-09-25T22:52:10.369252760Z [2026-09-25 22:52:10,369] INFO [LogLoader partition=__consumer_offsets-40, dir=/var/lib/kafka/data] Producer state recovery took 1ms for snapshot load and 0ms for segment recovery from offset 0 (org.apache.kafka.storage.internals.log.UnifiedLog)
kafka-1-1  | 2026-09-25T22:52:10.371414878Z [2026-09-25 22:52:10,371] INFO Completed load of Log(dir=/var/lib/kafka/data/__consumer_offsets-40, topicId=z0JJoNscSBKv29UaLoZ9NQ, topic=__consumer_offsets, partition=40, highWatermark=0, lastStableOffset=0, logStartOffset=0, logEndOffset=0) with 1 segments, local-log-start-offset 0 and log-end-offset 0 in 5ms (9/56 completed in /var/lib/kafka/data) (kafka.log.LogManager)
kafka-1-1  | 2026-09-25T22:52:10.372674030Z [2026-09-25 22:52:10,372] INFO [LogLoader partition=__consumer_offsets-43, dir=/var/lib/kafka/data] Recovering unflushed segment 0. 0 recovered for __consumer_offsets-43. (org.apache.kafka.storage.internals.log.LogLoader)
kafka-1-1  | 2026-09-25T22:52:10.372931884Z [2026-09-25 22:52:10,372] INFO [LogLoader partition=__consumer_offsets-43, dir=/var/lib/kafka/data] Loading producer state till offset 0 (org.apache.kafka.storage.internals.log.UnifiedLog)
kafka-1-1  | 2026-09-25T22:52:10.372947279Z [2026-09-25 22:52:10,372] INFO [LogLoader partition=__consumer_offsets-43, dir=/var/lib/kafka/data] Reloading from producer snapshot and rebuilding producer state from offset 0 (org.apache.kafka.storage.internals.log.UnifiedLog)
kafka-1-1  | 2026-09-25T22:52:10.372985563Z [2026-09-25 22:52:10,372] INFO [LogLoader partition=__consumer_offsets-43, dir=/var/lib/kafka/data] Producer state recovery took 0ms for snapshot load and 0ms for segment recovery from offset 0 (org.apache.kafka.storage.internals.log.UnifiedLog)
kafka-1-1  | 2026-09-25T22:52:10.374096249Z [2026-09-25 22:52:10,373] INFO [LogLoader partition=__consumer_offsets-43, dir=/var/lib/kafka/data] Loading producer state till offset 0 (org.apache.kafka.storage.internals.log.UnifiedLog)
kafka-1-1  | 2026-09-25T22:52:10.374962424Z [2026-09-25 22:52:10,374] INFO [LogLoader partition=__consumer_offsets-43, dir=/var/lib/kafka/data] Reloading from producer snapshot and rebuilding producer state from offset 0 (org.apache.kafka.storage.internals.log.UnifiedLog)
kafka-1-1  | 2026-09-25T22:52:10.374976818Z [2026-09-25 22:52:10,374] INFO [LogLoader partition=__consumer_offsets-43, dir=/var/lib/kafka/data] Producer state recovery took 0ms for snapshot load and 0ms for segment recovery from offset 0 (org.apache.kafka.storage.internals.log.UnifiedLog)
kafka-1-1  | 2026-09-25T22:52:10.376176484Z [2026-09-25 22:52:10,375] INFO Completed load of Log(dir=/var/lib/kafka/data/__consumer_offsets-43, topicId=z0JJoNscSBKv29UaLoZ9NQ, topic=__consumer_offsets, partition=43, highWatermark=0, lastStableOffset=0, logStartOffset=0, logEndOffset=0) with 1 segments, local-log-start-offset 0 and log-end-offset 0 in 5ms (10/56 completed in /var/lib/kafka/data) (kafka.log.LogManager)
kafka-1-1  | 2026-09-25T22:52:10.377357002Z [2026-09-25 22:52:10,377] INFO [LogLoader partition=dados-sensores-1, dir=/var/lib/kafka/data] Recovering unflushed segment 0. 0 recovered for dados-sensores-1. (org.apache.kafka.storage.internals.log.LogLoader)
kafka-1-1  | 2026-09-25T22:52:10.377650589Z [2026-09-25 22:52:10,377] INFO [LogLoader partition=dados-sensores-1, dir=/var/lib/kafka/data] Loading producer state till offset 0 (org.apache.kafka.storage.internals.log.UnifiedLog)
kafka-1-1  | 2026-09-25T22:52:10.377664000Z [2026-09-25 22:52:10,377] INFO [LogLoader partition=dados-sensores-1, dir=/var/lib/kafka/data] Reloading from producer snapshot and rebuilding producer state from offset 0 (org.apache.kafka.storage.internals.log.UnifiedLog)
kafka-1-1  | 2026-09-25T22:52:10.377674867Z [2026-09-25 22:52:10,377] INFO [LogLoader partition=dados-sensores-1, dir=/var/lib/kafka/data] Producer state recovery took 0ms for snapshot load and 0ms for segment recovery from offset 0 (org.apache.kafka.storage.internals.log.UnifiedLog)
kafka-1-1  | 2026-09-25T22:52:10.378428830Z [2026-09-25 22:52:10,378] INFO [ProducerStateManager partition=dados-sensores-4] Wrote producer snapshot at offset 575 with 3 producer ids in 3 ms. (org.apache.kafka.storage.internals.log.ProducerStateManager)
kafka-1-1  | 2026-09-25T22:52:10.380480262Z [2026-09-25 22:52:10,380] INFO [LogLoader partition=dados-sensores-4, dir=/var/lib/kafka/data] Loading producer state till offset 575 (org.apache.kafka.storage.internals.log.UnifiedLog)
kafka-1-1  | 2026-09-25T22:52:10.380501626Z [2026-09-25 22:52:10,380] INFO [LogLoader partition=dados-sensores-4, dir=/var/lib/kafka/data] Reloading from producer snapshot and rebuilding producer state from offset 575 (org.apache.kafka.storage.internals.log.UnifiedLog)
kafka-1-1  | 2026-09-25T22:52:10.380704815Z [2026-09-25 22:52:10,380] INFO [ProducerStateManager partition=dados-sensores-4] Loading producer state from snapshot file 'SnapshotFile(offset=575, file=/var/lib/kafka/data/dados-sensores-4/00000000000000000575.snapshot)' (org.apache.kafka.storage.internals.log.ProducerStateManager)
kafka-1-1  | 2026-09-25T22:52:10.381541675Z [2026-09-25 22:52:10,381] INFO [LogLoader partition=dados-sensores-4, dir=/var/lib/kafka/data] Producer state recovery took 1ms for snapshot load and 0ms for segment recovery from offset 575 (org.apache.kafka.storage.internals.log.UnifiedLog)
kafka-1-1  | 2026-09-25T22:52:10.383270360Z [2026-09-25 22:52:10,382] INFO Completed load of Log(dir=/var/lib/kafka/data/dados-sensores-4, topicId=bpNag2Q4SrSHzixJwrCS8Q, topic=dados-sensores, partition=4, highWatermark=0, lastStableOffset=0, logStartOffset=0, logEndOffset=575) with 1 segments, local-log-start-offset 0 and log-end-offset 575 in 23ms (11/56 completed in /var/lib/kafka/data) (kafka.log.LogManager)
kafka-1-1  | 2026-09-25T22:52:10.384729031Z [2026-09-25 22:52:10,384] INFO [LogLoader partition=__consumer_offsets-38, dir=/var/lib/kafka/data] Recovering unflushed segment 0. 0 recovered for __consumer_offsets-38. (org.apache.kafka.storage.internals.log.LogLoader)
kafka-1-1  | 2026-09-25T22:52:10.385082945Z [2026-09-25 22:52:10,384] INFO [LogLoader partition=__consumer_offsets-38, dir=/var/lib/kafka/data] Loading producer state till offset 0 (org.apache.kafka.storage.internals.log.UnifiedLog)
kafka-1-1  | 2026-09-25T22:52:10.385094474Z [2026-09-25 22:52:10,384] INFO [LogLoader partition=__consumer_offsets-38, dir=/var/lib/kafka/data] Reloading from producer snapshot and rebuilding producer state from offset 0 (org.apache.kafka.storage.internals.log.UnifiedLog)
kafka-1-1  | 2026-09-25T22:52:10.385191176Z [2026-09-25 22:52:10,385] INFO [LogLoader partition=__consumer_offsets-38, dir=/var/lib/kafka/data] Producer state recovery took 0ms for snapshot load and 0ms for segment recovery from offset 0 (org.apache.kafka.storage.internals.log.UnifiedLog)
kafka-1-1  | 2026-09-25T22:52:10.385932649Z [2026-09-25 22:52:10,385] INFO [LogLoader partition=__consumer_offsets-38, dir=/var/lib/kafka/data] Loading producer state till offset 0 (org.apache.kafka.storage.internals.log.UnifiedLog)
kafka-1-1  | 2026-09-25T22:52:10.385949135Z [2026-09-25 22:52:10,385] INFO [LogLoader partition=__consumer_offsets-38, dir=/var/lib/kafka/data] Reloading from producer snapshot and rebuilding producer state from offset 0 (org.apache.kafka.storage.internals.log.UnifiedLog)
kafka-1-1  | 2026-09-25T22:52:10.385953468Z [2026-09-25 22:52:10,385] INFO [LogLoader partition=__consumer_offsets-38, dir=/var/lib/kafka/data] Producer state recovery took 0ms for snapshot load and 0ms for segment recovery from offset 0 (org.apache.kafka.storage.internals.log.UnifiedLog)
kafka-1-1  | 2026-09-25T22:52:10.387143597Z [2026-09-25 22:52:10,386] INFO Completed load of Log(dir=/var/lib/kafka/data/__consumer_offsets-38, topicId=z0JJoNscSBKv29UaLoZ9NQ, topic=__consumer_offsets, partition=38, highWatermark=0, lastStableOffset=0, logStartOffset=0, logEndOffset=0) with 1 segments, local-log-start-offset 0 and log-end-offset 0 in 4ms (12/56 completed in /var/lib/kafka/data) (kafka.log.LogManager)
kafka-1-1  | 2026-09-25T22:52:10.390302972Z [2026-09-25 22:52:10,389] INFO [LogLoader partition=__consumer_offsets-15, dir=/var/lib/kafka/data] Recovering unflushed segment 0. 0 recovered for __consumer_offsets-15. (org.apache.kafka.storage.internals.log.LogLoader)
kafka-1-1  | 2026-09-25T22:52:10.390661129Z [2026-09-25 22:52:10,390] INFO [LogLoader partition=__consumer_offsets-15, dir=/var/lib/kafka/data] Loading producer state till offset 0 (org.apache.kafka.storage.internals.log.UnifiedLog)
kafka-1-1  | 2026-09-25T22:52:10.390677683Z [2026-09-25 22:52:10,390] INFO [LogLoader partition=__consumer_offsets-15, dir=/var/lib/kafka/data] Reloading from producer snapshot and rebuilding producer state from offset 0 (org.apache.kafka.storage.internals.log.UnifiedLog)
kafka-1-1  | 2026-09-25T22:52:10.390785133Z [2026-09-25 22:52:10,390] INFO [ProducerStateManager partition=dados-sensores-1] Wrote producer snapshot at offset 430 with 2 producer ids in 9 ms. (org.apache.kafka.storage.internals.log.ProducerStateManager)
kafka-1-1  | 2026-09-25T22:52:10.390796698Z [2026-09-25 22:52:10,390] INFO [LogLoader partition=__consumer_offsets-15, dir=/var/lib/kafka/data] Producer state recovery took 0ms for snapshot load and 0ms for segment recovery from offset 0 (org.apache.kafka.storage.internals.log.UnifiedLog)
kafka-1-1  | 2026-09-25T22:52:10.391491504Z [2026-09-25 22:52:10,391] INFO [LogLoader partition=__consumer_offsets-15, dir=/var/lib/kafka/data] Loading producer state till offset 0 (org.apache.kafka.storage.internals.log.UnifiedLog)
kafka-1-1  | 2026-09-25T22:52:10.391508090Z [2026-09-25 22:52:10,391] INFO [LogLoader partition=__consumer_offsets-15, dir=/var/lib/kafka/data] Reloading from producer snapshot and rebuilding producer state from offset 0 (org.apache.kafka.storage.internals.log.UnifiedLog)
kafka-1-1  | 2026-09-25T22:52:10.391512913Z [2026-09-25 22:52:10,391] INFO [LogLoader partition=__consumer_offsets-15, dir=/var/lib/kafka/data] Producer state recovery took 0ms for snapshot load and 0ms for segment recovery from offset 0 (org.apache.kafka.storage.internals.log.UnifiedLog)
kafka-1-1  | 2026-09-25T22:52:10.391515996Z [2026-09-25 22:52:10,391] INFO [LogLoader partition=dados-sensores-1, dir=/var/lib/kafka/data] Loading producer state till offset 430 (org.apache.kafka.storage.internals.log.UnifiedLog)
kafka-1-1  | 2026-09-25T22:52:10.391784555Z [2026-09-25 22:52:10,391] INFO [LogLoader partition=dados-sensores-1, dir=/var/lib/kafka/data] Reloading from producer snapshot and rebuilding producer state from offset 430 (org.apache.kafka.storage.internals.log.UnifiedLog)
kafka-1-1  | 2026-09-25T22:52:10.391949111Z [2026-09-25 22:52:10,391] INFO [ProducerStateManager partition=dados-sensores-1] Loading producer state from snapshot file 'SnapshotFile(offset=430, file=/var/lib/kafka/data/dados-sensores-1/00000000000000000430.snapshot)' (org.apache.kafka.storage.internals.log.ProducerStateManager)
kafka-1-1  | 2026-09-25T22:52:10.392770171Z [2026-09-25 22:52:10,392] INFO [LogLoader partition=dados-sensores-1, dir=/var/lib/kafka/data] Producer state recovery took 0ms for snapshot load and 0ms for segment recovery from offset 430 (org.apache.kafka.storage.internals.log.UnifiedLog)
kafka-1-1  | 2026-09-25T22:52:10.392780180Z [2026-09-25 22:52:10,392] INFO Completed load of Log(dir=/var/lib/kafka/data/__consumer_offsets-15, topicId=z0JJoNscSBKv29UaLoZ9NQ, topic=__consumer_offsets, partition=15, highWatermark=0, lastStableOffset=0, logStartOffset=0, logEndOffset=0) with 1 segments, local-log-start-offset 0 and log-end-offset 0 in 3ms (13/56 completed in /var/lib/kafka/data) (kafka.log.LogManager)
kafka-1-1  | 2026-09-25T22:52:10.393766156Z [2026-09-25 22:52:10,393] INFO Completed load of Log(dir=/var/lib/kafka/data/dados-sensores-1, topicId=bpNag2Q4SrSHzixJwrCS8Q, topic=dados-sensores, partition=1, highWatermark=0, lastStableOffset=0, logStartOffset=0, logEndOffset=430) with 1 segments, local-log-start-offset 0 and log-end-offset 430 in 18ms (14/56 completed in /var/lib/kafka/data) (kafka.log.LogManager)
kafka-1-1  | 2026-09-25T22:52:10.394839427Z [2026-09-25 22:52:10,394] INFO [LogLoader partition=__consumer_offsets-2, dir=/var/lib/kafka/data] Recovering unflushed segment 0. 0 recovered for __consumer_offsets-2. (org.apache.kafka.storage.internals.log.LogLoader)
kafka-1-1  | 2026-09-25T22:52:10.394864636Z [2026-09-25 22:52:10,394] INFO [LogLoader partition=__consumer_offsets-32, dir=/var/lib/kafka/data] Recovering unflushed segment 0. 0 recovered for __consumer_offsets-32. (org.apache.kafka.storage.internals.log.LogLoader)
kafka-1-1  | 2026-09-25T22:52:10.395074709Z [2026-09-25 22:52:10,394] INFO [LogLoader partition=__consumer_offsets-2, dir=/var/lib/kafka/data] Loading producer state till offset 0 (org.apache.kafka.storage.internals.log.UnifiedLog)
kafka-1-1  | 2026-09-25T22:52:10.395528841Z [2026-09-25 22:52:10,395] INFO [LogLoader partition=__consumer_offsets-32, dir=/var/lib/kafka/data] Loading producer state till offset 0 (org.apache.kafka.storage.internals.log.UnifiedLog)
kafka-1-1  | 2026-09-25T22:52:10.395988287Z [2026-09-25 22:52:10,395] INFO [LogLoader partition=__consumer_offsets-2, dir=/var/lib/kafka/data] Reloading from producer snapshot and rebuilding producer state from offset 0 (org.apache.kafka.storage.internals.log.UnifiedLog)
kafka-1-1  | 2026-09-25T22:52:10.396001391Z [2026-09-25 22:52:10,395] INFO [LogLoader partition=__consumer_offsets-32, dir=/var/lib/kafka/data] Reloading from producer snapshot and rebuilding producer state from offset 0 (org.apache.kafka.storage.internals.log.UnifiedLog)
kafka-1-1  | 2026-09-25T22:52:10.396005202Z [2026-09-25 22:52:10,395] INFO [LogLoader partition=__consumer_offsets-2, dir=/var/lib/kafka/data] Producer state recovery took 0ms for snapshot load and 0ms for segment recovery from offset 0 (org.apache.kafka.storage.internals.log.UnifiedLog)
kafka-1-1  | 2026-09-25T22:52:10.396150330Z [2026-09-25 22:52:10,395] INFO [LogLoader partition=__consumer_offsets-32, dir=/var/lib/kafka/data] Producer state recovery took 0ms for snapshot load and 0ms for segment recovery from offset 0 (org.apache.kafka.storage.internals.log.UnifiedLog)
kafka-1-1  | 2026-09-25T22:52:10.396971886Z [2026-09-25 22:52:10,396] INFO [LogLoader partition=__consumer_offsets-2, dir=/var/lib/kafka/data] Loading producer state till offset 0 (org.apache.kafka.storage.internals.log.UnifiedLog)
kafka-1-1  | 2026-09-25T22:52:10.396989847Z [2026-09-25 22:52:10,396] INFO [LogLoader partition=__consumer_offsets-2, dir=/var/lib/kafka/data] Reloading from producer snapshot and rebuilding producer state from offset 0 (org.apache.kafka.storage.internals.log.UnifiedLog)
kafka-1-1  | 2026-09-25T22:52:10.396994725Z [2026-09-25 22:52:10,396] INFO [LogLoader partition=__consumer_offsets-2, dir=/var/lib/kafka/data] Producer state recovery took 0ms for snapshot load and 0ms for segment recovery from offset 0 (org.apache.kafka.storage.internals.log.UnifiedLog)
kafka-1-1  | 2026-09-25T22:52:10.397333353Z [2026-09-25 22:52:10,397] INFO [LogLoader partition=__consumer_offsets-32, dir=/var/lib/kafka/data] Loading producer state till offset 0 (org.apache.kafka.storage.internals.log.UnifiedLog)
kafka-1-1  | 2026-09-25T22:52:10.397346208Z [2026-09-25 22:52:10,397] INFO [LogLoader partition=__consumer_offsets-32, dir=/var/lib/kafka/data] Reloading from producer snapshot and rebuilding producer state from offset 0 (org.apache.kafka.storage.internals.log.UnifiedLog)
kafka-1-1  | 2026-09-25T22:52:10.397598718Z [2026-09-25 22:52:10,397] INFO [LogLoader partition=__consumer_offsets-32, dir=/var/lib/kafka/data] Producer state recovery took 0ms for snapshot load and 0ms for segment recovery from offset 0 (org.apache.kafka.storage.internals.log.UnifiedLog)
kafka-1-1  | 2026-09-25T22:52:10.397908370Z [2026-09-25 22:52:10,397] INFO Completed load of Log(dir=/var/lib/kafka/data/__consumer_offsets-2, topicId=z0JJoNscSBKv29UaLoZ9NQ, topic=__consumer_offsets, partition=2, highWatermark=0, lastStableOffset=0, logStartOffset=0, logEndOffset=0) with 1 segments, local-log-start-offset 0 and log-end-offset 0 in 4ms (15/56 completed in /var/lib/kafka/data) (kafka.log.LogManager)
kafka-1-1  | 2026-09-25T22:52:10.398328635Z [2026-09-25 22:52:10,398] INFO Completed load of Log(dir=/var/lib/kafka/data/__consumer_offsets-32, topicId=z0JJoNscSBKv29UaLoZ9NQ, topic=__consumer_offsets, partition=32, highWatermark=0, lastStableOffset=0, logStartOffset=0, logEndOffset=0) with 1 segments, local-log-start-offset 0 and log-end-offset 0 in 5ms (16/56 completed in /var/lib/kafka/data) (kafka.log.LogManager)
kafka-1-1  | 2026-09-25T22:52:10.399105446Z [2026-09-25 22:52:10,398] INFO [LogLoader partition=__consumer_offsets-44, dir=/var/lib/kafka/data] Recovering unflushed segment 0. 0 recovered for __consumer_offsets-44. (org.apache.kafka.storage.internals.log.LogLoader)
kafka-1-1  | 2026-09-25T22:52:10.399412019Z [2026-09-25 22:52:10,399] INFO [LogLoader partition=__consumer_offsets-44, dir=/var/lib/kafka/data] Loading producer state till offset 0 (org.apache.kafka.storage.internals.log.UnifiedLog)
kafka-1-1  | 2026-09-25T22:52:10.399427489Z [2026-09-25 22:52:10,399] INFO [LogLoader partition=__consumer_offsets-44, dir=/var/lib/kafka/data] Reloading from producer snapshot and rebuilding producer state from offset 0 (org.apache.kafka.storage.internals.log.UnifiedLog)
kafka-1-1  | 2026-09-25T22:52:10.399431563Z [2026-09-25 22:52:10,399] INFO [LogLoader partition=__consumer_offsets-44, dir=/var/lib/kafka/data] Producer state recovery took 0ms for snapshot load and 0ms for segment recovery from offset 0 (org.apache.kafka.storage.internals.log.UnifiedLog)
kafka-1-1  | 2026-09-25T22:52:10.400838122Z [2026-09-25 22:52:10,400] INFO [LogLoader partition=__consumer_offsets-44, dir=/var/lib/kafka/data] Loading producer state till offset 0 (org.apache.kafka.storage.internals.log.UnifiedLog)
kafka-1-1  | 2026-09-25T22:52:10.400855784Z [2026-09-25 22:52:10,400] INFO [LogLoader partition=__consumer_offsets-20, dir=/var/lib/kafka/data] Recovering unflushed segment 0. 0 recovered for __consumer_offsets-20. (org.apache.kafka.storage.internals.log.LogLoader)
kafka-1-1  | 2026-09-25T22:52:10.400860004Z [2026-09-25 22:52:10,400] INFO [LogLoader partition=__consumer_offsets-44, dir=/var/lib/kafka/data] Reloading from producer snapshot and rebuilding producer state from offset 0 (org.apache.kafka.storage.internals.log.UnifiedLog)
kafka-1-1  | 2026-09-25T22:52:10.400896044Z [2026-09-25 22:52:10,400] INFO [LogLoader partition=__consumer_offsets-44, dir=/var/lib/kafka/data] Producer state recovery took 0ms for snapshot load and 0ms for segment recovery from offset 0 (org.apache.kafka.storage.internals.log.UnifiedLog)
kafka-1-1  | 2026-09-25T22:52:10.401612601Z [2026-09-25 22:52:10,401] INFO [LogLoader partition=__consumer_offsets-20, dir=/var/lib/kafka/data] Loading producer state till offset 0 (org.apache.kafka.storage.internals.log.UnifiedLog)
kafka-1-1  | 2026-09-25T22:52:10.401680621Z [2026-09-25 22:52:10,401] INFO [LogLoader partition=__consumer_offsets-20, dir=/var/lib/kafka/data] Reloading from producer snapshot and rebuilding producer state from offset 0 (org.apache.kafka.storage.internals.log.UnifiedLog)
kafka-1-1  | 2026-09-25T22:52:10.402027751Z [2026-09-25 22:52:10,401] INFO [LogLoader partition=__consumer_offsets-20, dir=/var/lib/kafka/data] Producer state recovery took 0ms for snapshot load and 0ms for segment recovery from offset 0 (org.apache.kafka.storage.internals.log.UnifiedLog)
kafka-1-1  | 2026-09-25T22:52:10.402996110Z [2026-09-25 22:52:10,402] INFO Completed load of Log(dir=/var/lib/kafka/data/__consumer_offsets-44, topicId=z0JJoNscSBKv29UaLoZ9NQ, topic=__consumer_offsets, partition=44, highWatermark=0, lastStableOffset=0, logStartOffset=0, logEndOffset=0) with 1 segments, local-log-start-offset 0 and log-end-offset 0 in 5ms (17/56 completed in /var/lib/kafka/data) (kafka.log.LogManager)
kafka-1-1  | 2026-09-25T22:52:10.403751318Z [2026-09-25 22:52:10,403] INFO [LogLoader partition=__consumer_offsets-20, dir=/var/lib/kafka/data] Loading producer state till offset 0 (org.apache.kafka.storage.internals.log.UnifiedLog)
kafka-1-1  | 2026-09-25T22:52:10.404768862Z [2026-09-25 22:52:10,403] INFO [LogLoader partition=__consumer_offsets-20, dir=/var/lib/kafka/data] Reloading from producer snapshot and rebuilding producer state from offset 0 (org.apache.kafka.storage.internals.log.UnifiedLog)
kafka-1-1  | 2026-09-25T22:52:10.405130306Z [2026-09-25 22:52:10,404] INFO [LogLoader partition=__consumer_offsets-20, dir=/var/lib/kafka/data] Producer state recovery took 0ms for snapshot load and 0ms for segment recovery from offset 0 (org.apache.kafka.storage.internals.log.UnifiedLog)
kafka-1-1  | 2026-09-25T22:52:10.405180721Z [2026-09-25 22:52:10,405] INFO [LogLoader partition=__consumer_offsets-3, dir=/var/lib/kafka/data] Recovering unflushed segment 0. 0 recovered for __consumer_offsets-3. (org.apache.kafka.storage.internals.log.LogLoader)
kafka-1-1  | 2026-09-25T22:52:10.405911946Z [2026-09-25 22:52:10,405] INFO [LogLoader partition=__consumer_offsets-3, dir=/var/lib/kafka/data] Loading producer state till offset 0 (org.apache.kafka.storage.internals.log.UnifiedLog)
kafka-1-1  | 2026-09-25T22:52:10.405929236Z [2026-09-25 22:52:10,405] INFO [LogLoader partition=__consumer_offsets-3, dir=/var/lib/kafka/data] Reloading from producer snapshot and rebuilding producer state from offset 0 (org.apache.kafka.storage.internals.log.UnifiedLog)
kafka-1-1  | 2026-09-25T22:52:10.406439145Z [2026-09-25 22:52:10,406] INFO [LogLoader partition=__consumer_offsets-3, dir=/var/lib/kafka/data] Producer state recovery took 0ms for snapshot load and 0ms for segment recovery from offset 0 (org.apache.kafka.storage.internals.log.UnifiedLog)
kafka-1-1  | 2026-09-25T22:52:10.407280875Z [2026-09-25 22:52:10,406] INFO Completed load of Log(dir=/var/lib/kafka/data/__consumer_offsets-20, topicId=z0JJoNscSBKv29UaLoZ9NQ, topic=__consumer_offsets, partition=20, highWatermark=0, lastStableOffset=0, logStartOffset=0, logEndOffset=0) with 1 segments, local-log-start-offset 0 and log-end-offset 0 in 9ms (18/56 completed in /var/lib/kafka/data) (kafka.log.LogManager)
kafka-1-1  | 2026-09-25T22:52:10.407817293Z [2026-09-25 22:52:10,407] INFO [LogLoader partition=__consumer_offsets-3, dir=/var/lib/kafka/data] Loading producer state till offset 0 (org.apache.kafka.storage.internals.log.UnifiedLog)
kafka-1-1  | 2026-09-25T22:52:10.408101500Z [2026-09-25 22:52:10,407] INFO [LogLoader partition=__consumer_offsets-3, dir=/var/lib/kafka/data] Reloading from producer snapshot and rebuilding producer state from offset 0 (org.apache.kafka.storage.internals.log.UnifiedLog)
kafka-1-1  | 2026-09-25T22:52:10.408335783Z [2026-09-25 22:52:10,408] INFO [LogLoader partition=__consumer_offsets-3, dir=/var/lib/kafka/data] Producer state recovery took 0ms for snapshot load and 0ms for segment recovery from offset 0 (org.apache.kafka.storage.internals.log.UnifiedLog)
kafka-1-1  | 2026-09-25T22:52:10.408727425Z [2026-09-25 22:52:10,408] INFO [LogLoader partition=__consumer_offsets-18, dir=/var/lib/kafka/data] Recovering unflushed segment 0. 0 recovered for __consumer_offsets-18. (org.apache.kafka.storage.internals.log.LogLoader)
kafka-1-1  | 2026-09-25T22:52:10.409195370Z [2026-09-25 22:52:10,408] INFO [LogLoader partition=__consumer_offsets-18, dir=/var/lib/kafka/data] Loading producer state till offset 0 (org.apache.kafka.storage.internals.log.UnifiedLog)
kafka-1-1  | 2026-09-25T22:52:10.409211201Z [2026-09-25 22:52:10,409] INFO [LogLoader partition=__consumer_offsets-18, dir=/var/lib/kafka/data] Reloading from producer snapshot and rebuilding producer state from offset 0 (org.apache.kafka.storage.internals.log.UnifiedLog)
kafka-1-1  | 2026-09-25T22:52:10.409215580Z [2026-09-25 22:52:10,409] INFO [LogLoader partition=__consumer_offsets-18, dir=/var/lib/kafka/data] Producer state recovery took 0ms for snapshot load and 0ms for segment recovery from offset 0 (org.apache.kafka.storage.internals.log.UnifiedLog)
kafka-1-1  | 2026-09-25T22:52:10.410474509Z [2026-09-25 22:52:10,409] INFO Completed load of Log(dir=/var/lib/kafka/data/__consumer_offsets-3, topicId=z0JJoNscSBKv29UaLoZ9NQ, topic=__consumer_offsets, partition=3, highWatermark=0, lastStableOffset=0, logStartOffset=0, logEndOffset=0) with 1 segments, local-log-start-offset 0 and log-end-offset 0 in 7ms (19/56 completed in /var/lib/kafka/data) (kafka.log.LogManager)
kafka-1-1  | 2026-09-25T22:52:10.410504702Z [2026-09-25 22:52:10,409] INFO [LogLoader partition=__consumer_offsets-18, dir=/var/lib/kafka/data] Loading producer state till offset 0 (org.apache.kafka.storage.internals.log.UnifiedLog)
kafka-1-1  | 2026-09-25T22:52:10.410632555Z [2026-09-25 22:52:10,410] INFO [LogLoader partition=__consumer_offsets-18, dir=/var/lib/kafka/data] Reloading from producer snapshot and rebuilding producer state from offset 0 (org.apache.kafka.storage.internals.log.UnifiedLog)
kafka-1-1  | 2026-09-25T22:52:10.410888095Z [2026-09-25 22:52:10,410] INFO [LogLoader partition=__consumer_offsets-18, dir=/var/lib/kafka/data] Producer state recovery took 0ms for snapshot load and 0ms for segment recovery from offset 0 (org.apache.kafka.storage.internals.log.UnifiedLog)
kafka-1-1  | 2026-09-25T22:52:10.412233793Z [2026-09-25 22:52:10,411] INFO Completed load of Log(dir=/var/lib/kafka/data/__consumer_offsets-18, topicId=z0JJoNscSBKv29UaLoZ9NQ, topic=__consumer_offsets, partition=18, highWatermark=0, lastStableOffset=0, logStartOffset=0, logEndOffset=0) with 1 segments, local-log-start-offset 0 and log-end-offset 0 in 5ms (20/56 completed in /var/lib/kafka/data) (kafka.log.LogManager)
kafka-1-1  | 2026-09-25T22:52:10.412464375Z [2026-09-25 22:52:10,412] INFO [LogLoader partition=dados-sensores-0, dir=/var/lib/kafka/data] Recovering unflushed segment 0. 0 recovered for dados-sensores-0. (org.apache.kafka.storage.internals.log.LogLoader)
kafka-1-1  | 2026-09-25T22:52:10.413029231Z [2026-09-25 22:52:10,412] INFO [LogLoader partition=dados-sensores-0, dir=/var/lib/kafka/data] Loading producer state till offset 0 (org.apache.kafka.storage.internals.log.UnifiedLog)
kafka-1-1  | 2026-09-25T22:52:10.413313279Z [2026-09-25 22:52:10,413] INFO [LogLoader partition=dados-sensores-0, dir=/var/lib/kafka/data] Reloading from producer snapshot and rebuilding producer state from offset 0 (org.apache.kafka.storage.internals.log.UnifiedLog)
kafka-1-1  | 2026-09-25T22:52:10.413516816Z [2026-09-25 22:52:10,413] INFO [LogLoader partition=__consumer_offsets-33, dir=/var/lib/kafka/data] Recovering unflushed segment 0. 0 recovered for __consumer_offsets-33. (org.apache.kafka.storage.internals.log.LogLoader)
kafka-1-1  | 2026-09-25T22:52:10.413544068Z [2026-09-25 22:52:10,413] INFO [LogLoader partition=dados-sensores-0, dir=/var/lib/kafka/data] Producer state recovery took 0ms for snapshot load and 0ms for segment recovery from offset 0 (org.apache.kafka.storage.internals.log.UnifiedLog)
kafka-1-1  | 2026-09-25T22:52:10.414033332Z [2026-09-25 22:52:10,413] INFO [LogLoader partition=__consumer_offsets-33, dir=/var/lib/kafka/data] Loading producer state till offset 0 (org.apache.kafka.storage.internals.log.UnifiedLog)
kafka-1-1  | 2026-09-25T22:52:10.414865821Z [2026-09-25 22:52:10,414] INFO [LogLoader partition=__consumer_offsets-33, dir=/var/lib/kafka/data] Reloading from producer snapshot and rebuilding producer state from offset 0 (org.apache.kafka.storage.internals.log.UnifiedLog)
kafka-1-1  | 2026-09-25T22:52:10.415115978Z [2026-09-25 22:52:10,414] INFO [LogLoader partition=__consumer_offsets-33, dir=/var/lib/kafka/data] Producer state recovery took 0ms for snapshot load and 0ms for segment recovery from offset 0 (org.apache.kafka.storage.internals.log.UnifiedLog)
kafka-1-1  | 2026-09-25T22:52:10.417106223Z [2026-09-25 22:52:10,416] INFO [LogLoader partition=__consumer_offsets-33, dir=/var/lib/kafka/data] Loading producer state till offset 0 (org.apache.kafka.storage.internals.log.UnifiedLog)
kafka-1-1  | 2026-09-25T22:52:10.417561925Z [2026-09-25 22:52:10,417] INFO [LogLoader partition=__consumer_offsets-33, dir=/var/lib/kafka/data] Reloading from producer snapshot and rebuilding producer state from offset 0 (org.apache.kafka.storage.internals.log.UnifiedLog)
kafka-1-1  | 2026-09-25T22:52:10.417642225Z [2026-09-25 22:52:10,417] INFO [LogLoader partition=__consumer_offsets-33, dir=/var/lib/kafka/data] Producer state recovery took 0ms for snapshot load and 0ms for segment recovery from offset 0 (org.apache.kafka.storage.internals.log.UnifiedLog)
kafka-1-1  | 2026-09-25T22:52:10.419570169Z [2026-09-25 22:52:10,419] INFO Completed load of Log(dir=/var/lib/kafka/data/__consumer_offsets-33, topicId=z0JJoNscSBKv29UaLoZ9NQ, topic=__consumer_offsets, partition=33, highWatermark=0, lastStableOffset=0, logStartOffset=0, logEndOffset=0) with 1 segments, local-log-start-offset 0 and log-end-offset 0 in 7ms (21/56 completed in /var/lib/kafka/data) (kafka.log.LogManager)
kafka-1-1  | 2026-09-25T22:52:10.422110192Z [2026-09-25 22:52:10,421] INFO [LogLoader partition=__consumer_offsets-39, dir=/var/lib/kafka/data] Recovering unflushed segment 0. 0 recovered for __consumer_offsets-39. (org.apache.kafka.storage.internals.log.LogLoader)
kafka-1-1  | 2026-09-25T22:52:10.422571365Z [2026-09-25 22:52:10,422] INFO [LogLoader partition=__consumer_offsets-39, dir=/var/lib/kafka/data] Loading producer state till offset 0 (org.apache.kafka.storage.internals.log.UnifiedLog)
kafka-1-1  | 2026-09-25T22:52:10.422620351Z [2026-09-25 22:52:10,422] INFO [LogLoader partition=__consumer_offsets-39, dir=/var/lib/kafka/data] Reloading from producer snapshot and rebuilding producer state from offset 0 (org.apache.kafka.storage.internals.log.UnifiedLog)
kafka-1-1  | 2026-09-25T22:52:10.422823447Z [2026-09-25 22:52:10,422] INFO [LogLoader partition=__consumer_offsets-39, dir=/var/lib/kafka/data] Producer state recovery took 0ms for snapshot load and 0ms for segment recovery from offset 0 (org.apache.kafka.storage.internals.log.UnifiedLog)
kafka-1-1  | 2026-09-25T22:52:10.422837599Z [2026-09-25 22:52:10,422] INFO [ProducerStateManager partition=dados-sensores-0] Wrote producer snapshot at offset 574 with 3 producer ids in 4 ms. (org.apache.kafka.storage.internals.log.ProducerStateManager)
kafka-1-1  | 2026-09-25T22:52:10.423543706Z [2026-09-25 22:52:10,423] INFO [LogLoader partition=dados-sensores-0, dir=/var/lib/kafka/data] Loading producer state till offset 574 (org.apache.kafka.storage.internals.log.UnifiedLog)
kafka-1-1  | 2026-09-25T22:52:10.423563539Z [2026-09-25 22:52:10,423] INFO [LogLoader partition=__consumer_offsets-39, dir=/var/lib/kafka/data] Loading producer state till offset 0 (org.apache.kafka.storage.internals.log.UnifiedLog)
kafka-1-1  | 2026-09-25T22:52:10.423567672Z [2026-09-25 22:52:10,423] INFO [LogLoader partition=dados-sensores-0, dir=/var/lib/kafka/data] Reloading from producer snapshot and rebuilding producer state from offset 574 (org.apache.kafka.storage.internals.log.UnifiedLog)
kafka-1-1  | 2026-09-25T22:52:10.423698538Z [2026-09-25 22:52:10,423] INFO [LogLoader partition=__consumer_offsets-39, dir=/var/lib/kafka/data] Reloading from producer snapshot and rebuilding producer state from offset 0 (org.apache.kafka.storage.internals.log.UnifiedLog)
kafka-1-1  | 2026-09-25T22:52:10.423713892Z [2026-09-25 22:52:10,423] INFO [ProducerStateManager partition=dados-sensores-0] Loading producer state from snapshot file 'SnapshotFile(offset=574, file=/var/lib/kafka/data/dados-sensores-0/00000000000000000574.snapshot)' (org.apache.kafka.storage.internals.log.ProducerStateManager)
kafka-1-1  | 2026-09-25T22:52:10.423719079Z [2026-09-25 22:52:10,423] INFO [LogLoader partition=__consumer_offsets-39, dir=/var/lib/kafka/data] Producer state recovery took 0ms for snapshot load and 0ms for segment recovery from offset 0 (org.apache.kafka.storage.internals.log.UnifiedLog)
kafka-1-1  | 2026-09-25T22:52:10.423987645Z [2026-09-25 22:52:10,423] INFO [LogLoader partition=dados-sensores-0, dir=/var/lib/kafka/data] Producer state recovery took 0ms for snapshot load and 0ms for segment recovery from offset 574 (org.apache.kafka.storage.internals.log.UnifiedLog)
kafka-1-1  | 2026-09-25T22:52:10.424976829Z [2026-09-25 22:52:10,424] INFO Completed load of Log(dir=/var/lib/kafka/data/dados-sensores-0, topicId=bpNag2Q4SrSHzixJwrCS8Q, topic=dados-sensores, partition=0, highWatermark=0, lastStableOffset=0, logStartOffset=0, logEndOffset=574) with 1 segments, local-log-start-offset 0 and log-end-offset 574 in 14ms (23/56 completed in /var/lib/kafka/data) (kafka.log.LogManager)
kafka-1-1  | 2026-09-25T22:52:10.424993510Z [2026-09-25 22:52:10,424] INFO Completed load of Log(dir=/var/lib/kafka/data/__consumer_offsets-39, topicId=z0JJoNscSBKv29UaLoZ9NQ, topic=__consumer_offsets, partition=39, highWatermark=0, lastStableOffset=0, logStartOffset=0, logEndOffset=0) with 1 segments, local-log-start-offset 0 and log-end-offset 0 in 5ms (22/56 completed in /var/lib/kafka/data) (kafka.log.LogManager)
kafka-1-1  | 2026-09-25T22:52:10.426574385Z [2026-09-25 22:52:10,426] INFO [LogLoader partition=__consumer_offsets-23, dir=/var/lib/kafka/data] Recovering unflushed segment 0. 0 recovered for __consumer_offsets-23. (org.apache.kafka.storage.internals.log.LogLoader)
kafka-1-1  | 2026-09-25T22:52:10.426595284Z [2026-09-25 22:52:10,426] INFO [LogLoader partition=__consumer_offsets-4, dir=/var/lib/kafka/data] Recovering unflushed segment 0. 0 recovered for __consumer_offsets-4. (org.apache.kafka.storage.internals.log.LogLoader)
kafka-1-1  | 2026-09-25T22:52:10.426948387Z [2026-09-25 22:52:10,426] INFO [LogLoader partition=__consumer_offsets-23, dir=/var/lib/kafka/data] Loading producer state till offset 0 (org.apache.kafka.storage.internals.log.UnifiedLog)
kafka-1-1  | 2026-09-25T22:52:10.427482195Z [2026-09-25 22:52:10,426] INFO [LogLoader partition=__consumer_offsets-4, dir=/var/lib/kafka/data] Loading producer state till offset 0 (org.apache.kafka.storage.internals.log.UnifiedLog)
kafka-1-1  | 2026-09-25T22:52:10.427803966Z [2026-09-25 22:52:10,427] INFO [LogLoader partition=__consumer_offsets-23, dir=/var/lib/kafka/data] Reloading from producer snapshot and rebuilding producer state from offset 0 (org.apache.kafka.storage.internals.log.UnifiedLog)
kafka-1-1  | 2026-09-25T22:52:10.427819773Z [2026-09-25 22:52:10,427] INFO [LogLoader partition=__consumer_offsets-4, dir=/var/lib/kafka/data] Reloading from producer snapshot and rebuilding producer state from offset 0 (org.apache.kafka.storage.internals.log.UnifiedLog)
kafka-1-1  | 2026-09-25T22:52:10.428157776Z [2026-09-25 22:52:10,427] INFO [LogLoader partition=__consumer_offsets-23, dir=/var/lib/kafka/data] Producer state recovery took 0ms for snapshot load and 0ms for segment recovery from offset 0 (org.apache.kafka.storage.internals.log.UnifiedLog)
kafka-1-1  | 2026-09-25T22:52:10.428330668Z [2026-09-25 22:52:10,428] INFO [LogLoader partition=__consumer_offsets-4, dir=/var/lib/kafka/data] Producer state recovery took 1ms for snapshot load and 0ms for segment recovery from offset 0 (org.apache.kafka.storage.internals.log.UnifiedLog)
kafka-1-1  | 2026-09-25T22:52:10.429567729Z [2026-09-25 22:52:10,429] INFO [LogLoader partition=__consumer_offsets-4, dir=/var/lib/kafka/data] Loading producer state till offset 0 (org.apache.kafka.storage.internals.log.UnifiedLog)
kafka-1-1  | 2026-09-25T22:52:10.429588396Z [2026-09-25 22:52:10,429] INFO [LogLoader partition=__consumer_offsets-23, dir=/var/lib/kafka/data] Loading producer state till offset 0 (org.apache.kafka.storage.internals.log.UnifiedLog)
kafka-1-1  | 2026-09-25T22:52:10.429605063Z [2026-09-25 22:52:10,429] INFO [LogLoader partition=__consumer_offsets-4, dir=/var/lib/kafka/data] Reloading from producer snapshot and rebuilding producer state from offset 0 (org.apache.kafka.storage.internals.log.UnifiedLog)
kafka-1-1  | 2026-09-25T22:52:10.429608432Z [2026-09-25 22:52:10,429] INFO [LogLoader partition=__consumer_offsets-4, dir=/var/lib/kafka/data] Producer state recovery took 0ms for snapshot load and 0ms for segment recovery from offset 0 (org.apache.kafka.storage.internals.log.UnifiedLog)
kafka-1-1  | 2026-09-25T22:52:10.429638232Z [2026-09-25 22:52:10,429] INFO [LogLoader partition=__consumer_offsets-23, dir=/var/lib/kafka/data] Reloading from producer snapshot and rebuilding producer state from offset 0 (org.apache.kafka.storage.internals.log.UnifiedLog)
kafka-1-1  | 2026-09-25T22:52:10.429869671Z [2026-09-25 22:52:10,429] INFO [LogLoader partition=__consumer_offsets-23, dir=/var/lib/kafka/data] Producer state recovery took 0ms for snapshot load and 0ms for segment recovery from offset 0 (org.apache.kafka.storage.internals.log.UnifiedLog)
kafka-1-1  | 2026-09-25T22:52:10.430647526Z [2026-09-25 22:52:10,430] INFO Completed load of Log(dir=/var/lib/kafka/data/__consumer_offsets-4, topicId=z0JJoNscSBKv29UaLoZ9NQ, topic=__consumer_offsets, partition=4, highWatermark=0, lastStableOffset=0, logStartOffset=0, logEndOffset=0) with 1 segments, local-log-start-offset 0 and log-end-offset 0 in 5ms (24/56 completed in /var/lib/kafka/data) (kafka.log.LogManager)
kafka-1-1  | 2026-09-25T22:52:10.431585983Z [2026-09-25 22:52:10,431] INFO Completed load of Log(dir=/var/lib/kafka/data/__consumer_offsets-23, topicId=z0JJoNscSBKv29UaLoZ9NQ, topic=__consumer_offsets, partition=23, highWatermark=0, lastStableOffset=0, logStartOffset=0, logEndOffset=0) with 1 segments, local-log-start-offset 0 and log-end-offset 0 in 6ms (25/56 completed in /var/lib/kafka/data) (kafka.log.LogManager)
kafka-1-1  | 2026-09-25T22:52:10.432714960Z [2026-09-25 22:52:10,432] INFO [LogLoader partition=__consumer_offsets-8, dir=/var/lib/kafka/data] Recovering unflushed segment 0. 0 recovered for __consumer_offsets-8. (org.apache.kafka.storage.internals.log.LogLoader)
kafka-1-1  | 2026-09-25T22:52:10.433586288Z [2026-09-25 22:52:10,432] INFO [LogLoader partition=__consumer_offsets-14, dir=/var/lib/kafka/data] Recovering unflushed segment 0. 0 recovered for __consumer_offsets-14. (org.apache.kafka.storage.internals.log.LogLoader)
kafka-1-1  | 2026-09-25T22:52:10.433603987Z [2026-09-25 22:52:10,432] INFO [LogLoader partition=__consumer_offsets-8, dir=/var/lib/kafka/data] Loading producer state till offset 0 (org.apache.kafka.storage.internals.log.UnifiedLog)
kafka-1-1  | 2026-09-25T22:52:10.433608172Z [2026-09-25 22:52:10,432] INFO [LogLoader partition=__consumer_offsets-14, dir=/var/lib/kafka/data] Loading producer state till offset 0 (org.apache.kafka.storage.internals.log.UnifiedLog)
kafka-1-1  | 2026-09-25T22:52:10.433798649Z [2026-09-25 22:52:10,433] INFO [LogLoader partition=__consumer_offsets-8, dir=/var/lib/kafka/data] Reloading from producer snapshot and rebuilding producer state from offset 0 (org.apache.kafka.storage.internals.log.UnifiedLog)
kafka-1-1  | 2026-09-25T22:52:10.433852176Z [2026-09-25 22:52:10,433] INFO [LogLoader partition=__consumer_offsets-8, dir=/var/lib/kafka/data] Producer state recovery took 0ms for snapshot load and 0ms for segment recovery from offset 0 (org.apache.kafka.storage.internals.log.UnifiedLog)
kafka-1-1  | 2026-09-25T22:52:10.433990374Z [2026-09-25 22:52:10,433] INFO [LogLoader partition=__consumer_offsets-14, dir=/var/lib/kafka/data] Reloading from producer snapshot and rebuilding producer state from offset 0 (org.apache.kafka.storage.internals.log.UnifiedLog)
kafka-1-1  | 2026-09-25T22:52:10.434246180Z [2026-09-25 22:52:10,434] INFO [LogLoader partition=__consumer_offsets-14, dir=/var/lib/kafka/data] Producer state recovery took 0ms for snapshot load and 0ms for segment recovery from offset 0 (org.apache.kafka.storage.internals.log.UnifiedLog)
kafka-1-1  | 2026-09-25T22:52:10.434650564Z [2026-09-25 22:52:10,434] INFO [LogLoader partition=__consumer_offsets-8, dir=/var/lib/kafka/data] Loading producer state till offset 0 (org.apache.kafka.storage.internals.log.UnifiedLog)
kafka-1-1  | 2026-09-25T22:52:10.434665682Z [2026-09-25 22:52:10,434] INFO [LogLoader partition=__consumer_offsets-8, dir=/var/lib/kafka/data] Reloading from producer snapshot and rebuilding producer state from offset 0 (org.apache.kafka.storage.internals.log.UnifiedLog)
kafka-1-1  | 2026-09-25T22:52:10.434669782Z [2026-09-25 22:52:10,434] INFO [LogLoader partition=__consumer_offsets-8, dir=/var/lib/kafka/data] Producer state recovery took 0ms for snapshot load and 0ms for segment recovery from offset 0 (org.apache.kafka.storage.internals.log.UnifiedLog)
kafka-1-1  | 2026-09-25T22:52:10.435449121Z [2026-09-25 22:52:10,435] INFO [LogLoader partition=__consumer_offsets-14, dir=/var/lib/kafka/data] Loading producer state till offset 0 (org.apache.kafka.storage.internals.log.UnifiedLog)
kafka-1-1  | 2026-09-25T22:52:10.435467436Z [2026-09-25 22:52:10,435] INFO [LogLoader partition=__consumer_offsets-14, dir=/var/lib/kafka/data] Reloading from producer snapshot and rebuilding producer state from offset 0 (org.apache.kafka.storage.internals.log.UnifiedLog)
kafka-1-1  | 2026-09-25T22:52:10.435669416Z [2026-09-25 22:52:10,435] INFO [LogLoader partition=__consumer_offsets-14, dir=/var/lib/kafka/data] Producer state recovery took 0ms for snapshot load and 0ms for segment recovery from offset 0 (org.apache.kafka.storage.internals.log.UnifiedLog)
kafka-1-1  | 2026-09-25T22:52:10.435685179Z [2026-09-25 22:52:10,435] INFO Completed load of Log(dir=/var/lib/kafka/data/__consumer_offsets-8, topicId=z0JJoNscSBKv29UaLoZ9NQ, topic=__consumer_offsets, partition=8, highWatermark=0, lastStableOffset=0, logStartOffset=0, logEndOffset=0) with 1 segments, local-log-start-offset 0 and log-end-offset 0 in 3ms (26/56 completed in /var/lib/kafka/data) (kafka.log.LogManager)
kafka-1-1  | 2026-09-25T22:52:10.437375685Z [2026-09-25 22:52:10,437] INFO [LogLoader partition=__consumer_offsets-30, dir=/var/lib/kafka/data] Recovering unflushed segment 0. 0 recovered for __consumer_offsets-30. (org.apache.kafka.storage.internals.log.LogLoader)
kafka-1-1  | 2026-09-25T22:52:10.437594810Z [2026-09-25 22:52:10,437] INFO Completed load of Log(dir=/var/lib/kafka/data/__consumer_offsets-14, topicId=z0JJoNscSBKv29UaLoZ9NQ, topic=__consumer_offsets, partition=14, highWatermark=0, lastStableOffset=0, logStartOffset=0, logEndOffset=0) with 1 segments, local-log-start-offset 0 and log-end-offset 0 in 6ms (27/56 completed in /var/lib/kafka/data) (kafka.log.LogManager)
kafka-1-1  | 2026-09-25T22:52:10.437770978Z [2026-09-25 22:52:10,437] INFO [LogLoader partition=__consumer_offsets-30, dir=/var/lib/kafka/data] Loading producer state till offset 0 (org.apache.kafka.storage.internals.log.UnifiedLog)
kafka-1-1  | 2026-09-25T22:52:10.437787696Z [2026-09-25 22:52:10,437] INFO [LogLoader partition=__consumer_offsets-30, dir=/var/lib/kafka/data] Reloading from producer snapshot and rebuilding producer state from offset 0 (org.apache.kafka.storage.internals.log.UnifiedLog)
kafka-1-1  | 2026-09-25T22:52:10.437833133Z [2026-09-25 22:52:10,437] INFO [LogLoader partition=__consumer_offsets-30, dir=/var/lib/kafka/data] Producer state recovery took 0ms for snapshot load and 0ms for segment recovery from offset 0 (org.apache.kafka.storage.internals.log.UnifiedLog)
kafka-1-1  | 2026-09-25T22:52:10.438870977Z [2026-09-25 22:52:10,438] INFO [LogLoader partition=__consumer_offsets-30, dir=/var/lib/kafka/data] Loading producer state till offset 0 (org.apache.kafka.storage.internals.log.UnifiedLog)
kafka-1-1  | 2026-09-25T22:52:10.438893306Z [2026-09-25 22:52:10,438] INFO [LogLoader partition=__consumer_offsets-30, dir=/var/lib/kafka/data] Reloading from producer snapshot and rebuilding producer state from offset 0 (org.apache.kafka.storage.internals.log.UnifiedLog)
kafka-1-1  | 2026-09-25T22:52:10.438897341Z [2026-09-25 22:52:10,438] INFO [LogLoader partition=__consumer_offsets-30, dir=/var/lib/kafka/data] Producer state recovery took 0ms for snapshot load and 0ms for segment recovery from offset 0 (org.apache.kafka.storage.internals.log.UnifiedLog)
kafka-1-1  | 2026-09-25T22:52:10.439560420Z [2026-09-25 22:52:10,439] INFO [LogLoader partition=__consumer_offsets-1, dir=/var/lib/kafka/data] Recovering unflushed segment 0. 0 recovered for __consumer_offsets-1. (org.apache.kafka.storage.internals.log.LogLoader)
kafka-1-1  | 2026-09-25T22:52:10.440032170Z [2026-09-25 22:52:10,439] INFO Completed load of Log(dir=/var/lib/kafka/data/__consumer_offsets-30, topicId=z0JJoNscSBKv29UaLoZ9NQ, topic=__consumer_offsets, partition=30, highWatermark=0, lastStableOffset=0, logStartOffset=0, logEndOffset=0) with 1 segments, local-log-start-offset 0 and log-end-offset 0 in 3ms (28/56 completed in /var/lib/kafka/data) (kafka.log.LogManager)
kafka-1-1  | 2026-09-25T22:52:10.440871983Z [2026-09-25 22:52:10,440] INFO [LogLoader partition=__consumer_offsets-1, dir=/var/lib/kafka/data] Loading producer state till offset 0 (org.apache.kafka.storage.internals.log.UnifiedLog)
kafka-1-1  | 2026-09-25T22:52:10.440896100Z [2026-09-25 22:52:10,440] INFO [LogLoader partition=__consumer_offsets-1, dir=/var/lib/kafka/data] Reloading from producer snapshot and rebuilding producer state from offset 0 (org.apache.kafka.storage.internals.log.UnifiedLog)
kafka-1-1  | 2026-09-25T22:52:10.440900989Z [2026-09-25 22:52:10,440] INFO [LogLoader partition=__consumer_offsets-1, dir=/var/lib/kafka/data] Producer state recovery took 0ms for snapshot load and 0ms for segment recovery from offset 0 (org.apache.kafka.storage.internals.log.UnifiedLog)
kafka-1-1  | 2026-09-25T22:52:10.441637355Z [2026-09-25 22:52:10,441] INFO [LogLoader partition=__consumer_offsets-1, dir=/var/lib/kafka/data] Loading producer state till offset 0 (org.apache.kafka.storage.internals.log.UnifiedLog)
kafka-1-1  | 2026-09-25T22:52:10.441655870Z [2026-09-25 22:52:10,441] INFO [LogLoader partition=__consumer_offsets-1, dir=/var/lib/kafka/data] Reloading from producer snapshot and rebuilding producer state from offset 0 (org.apache.kafka.storage.internals.log.UnifiedLog)
kafka-1-1  | 2026-09-25T22:52:10.441715669Z [2026-09-25 22:52:10,441] INFO [LogLoader partition=__consumer_offsets-1, dir=/var/lib/kafka/data] Producer state recovery took 0ms for snapshot load and 0ms for segment recovery from offset 0 (org.apache.kafka.storage.internals.log.UnifiedLog)
kafka-1-1  | 2026-09-25T22:52:10.442924633Z [2026-09-25 22:52:10,442] INFO [LogLoader partition=__consumer_offsets-19, dir=/var/lib/kafka/data] Recovering unflushed segment 0. 0 recovered for __consumer_offsets-19. (org.apache.kafka.storage.internals.log.LogLoader)
kafka-1-1  | 2026-09-25T22:52:10.443118650Z [2026-09-25 22:52:10,442] INFO Completed load of Log(dir=/var/lib/kafka/data/__consumer_offsets-1, topicId=z0JJoNscSBKv29UaLoZ9NQ, topic=__consumer_offsets, partition=1, highWatermark=0, lastStableOffset=0, logStartOffset=0, logEndOffset=0) with 1 segments, local-log-start-offset 0 and log-end-offset 0 in 5ms (29/56 completed in /var/lib/kafka/data) (kafka.log.LogManager)
kafka-1-1  | 2026-09-25T22:52:10.443818001Z [2026-09-25 22:52:10,443] INFO [LogLoader partition=__consumer_offsets-19, dir=/var/lib/kafka/data] Loading producer state till offset 0 (org.apache.kafka.storage.internals.log.UnifiedLog)
kafka-1-1  | 2026-09-25T22:52:10.444076216Z [2026-09-25 22:52:10,443] INFO [LogLoader partition=__consumer_offsets-19, dir=/var/lib/kafka/data] Reloading from producer snapshot and rebuilding producer state from offset 0 (org.apache.kafka.storage.internals.log.UnifiedLog)
kafka-1-1  | 2026-09-25T22:52:10.444185482Z [2026-09-25 22:52:10,443] INFO [LogLoader partition=__consumer_offsets-19, dir=/var/lib/kafka/data] Producer state recovery took 0ms for snapshot load and 0ms for segment recovery from offset 0 (org.apache.kafka.storage.internals.log.UnifiedLog)
kafka-1-1  | 2026-09-25T22:52:10.445230465Z [2026-09-25 22:52:10,444] INFO [LogLoader partition=__consumer_offsets-19, dir=/var/lib/kafka/data] Loading producer state till offset 0 (org.apache.kafka.storage.internals.log.UnifiedLog)
kafka-1-1  | 2026-09-25T22:52:10.445254298Z [2026-09-25 22:52:10,445] INFO [LogLoader partition=__consumer_offsets-19, dir=/var/lib/kafka/data] Reloading from producer snapshot and rebuilding producer state from offset 0 (org.apache.kafka.storage.internals.log.UnifiedLog)
kafka-1-1  | 2026-09-25T22:52:10.445455486Z [2026-09-25 22:52:10,445] INFO [LogLoader partition=dados-sensores-2, dir=/var/lib/kafka/data] Recovering unflushed segment 0. 0 recovered for dados-sensores-2. (org.apache.kafka.storage.internals.log.LogLoader)
kafka-1-1  | 2026-09-25T22:52:10.445642772Z [2026-09-25 22:52:10,445] INFO [LogLoader partition=__consumer_offsets-19, dir=/var/lib/kafka/data] Producer state recovery took 0ms for snapshot load and 0ms for segment recovery from offset 0 (org.apache.kafka.storage.internals.log.UnifiedLog)
kafka-1-1  | 2026-09-25T22:52:10.445941113Z [2026-09-25 22:52:10,445] INFO [LogLoader partition=dados-sensores-2, dir=/var/lib/kafka/data] Loading producer state till offset 0 (org.apache.kafka.storage.internals.log.UnifiedLog)
kafka-1-1  | 2026-09-25T22:52:10.445997199Z [2026-09-25 22:52:10,445] INFO [LogLoader partition=dados-sensores-2, dir=/var/lib/kafka/data] Reloading from producer snapshot and rebuilding producer state from offset 0 (org.apache.kafka.storage.internals.log.UnifiedLog)
kafka-1-1  | 2026-09-25T22:52:10.446324513Z [2026-09-25 22:52:10,446] INFO [LogLoader partition=dados-sensores-2, dir=/var/lib/kafka/data] Producer state recovery took 1ms for snapshot load and 0ms for segment recovery from offset 0 (org.apache.kafka.storage.internals.log.UnifiedLog)
kafka-1-1  | 2026-09-25T22:52:10.447300351Z [2026-09-25 22:52:10,447] INFO Completed load of Log(dir=/var/lib/kafka/data/__consumer_offsets-19, topicId=z0JJoNscSBKv29UaLoZ9NQ, topic=__consumer_offsets, partition=19, highWatermark=0, lastStableOffset=0, logStartOffset=0, logEndOffset=0) with 1 segments, local-log-start-offset 0 and log-end-offset 0 in 7ms (30/56 completed in /var/lib/kafka/data) (kafka.log.LogManager)
kafka-1-1  | 2026-09-25T22:52:10.449678411Z [2026-09-25 22:52:10,449] INFO [LogLoader partition=__consumer_offsets-25, dir=/var/lib/kafka/data] Recovering unflushed segment 0. 0 recovered for __consumer_offsets-25. (org.apache.kafka.storage.internals.log.LogLoader)
kafka-1-1  | 2026-09-25T22:52:10.450237188Z [2026-09-25 22:52:10,449] INFO [LogLoader partition=__consumer_offsets-25, dir=/var/lib/kafka/data] Loading producer state till offset 0 (org.apache.kafka.storage.internals.log.UnifiedLog)
kafka-1-1  | 2026-09-25T22:52:10.450278658Z [2026-09-25 22:52:10,450] INFO [LogLoader partition=__consumer_offsets-25, dir=/var/lib/kafka/data] Reloading from producer snapshot and rebuilding producer state from offset 0 (org.apache.kafka.storage.internals.log.UnifiedLog)
kafka-1-1  | 2026-09-25T22:52:10.450545226Z [2026-09-25 22:52:10,450] INFO [LogLoader partition=__consumer_offsets-25, dir=/var/lib/kafka/data] Producer state recovery took 0ms for snapshot load and 0ms for segment recovery from offset 0 (org.apache.kafka.storage.internals.log.UnifiedLog)
kafka-1-1  | 2026-09-25T22:52:10.452898432Z [2026-09-25 22:52:10,452] INFO [LogLoader partition=__consumer_offsets-25, dir=/var/lib/kafka/data] Loading producer state till offset 0 (org.apache.kafka.storage.internals.log.UnifiedLog)
kafka-1-1  | 2026-09-25T22:52:10.453199106Z [2026-09-25 22:52:10,452] INFO [LogLoader partition=__consumer_offsets-25, dir=/var/lib/kafka/data] Reloading from producer snapshot and rebuilding producer state from offset 0 (org.apache.kafka.storage.internals.log.UnifiedLog)
kafka-1-1  | 2026-09-25T22:52:10.453299029Z [2026-09-25 22:52:10,453] INFO [LogLoader partition=__consumer_offsets-25, dir=/var/lib/kafka/data] Producer state recovery took 0ms for snapshot load and 0ms for segment recovery from offset 0 (org.apache.kafka.storage.internals.log.UnifiedLog)
kafka-1-1  | 2026-09-25T22:52:10.454629345Z [2026-09-25 22:52:10,454] INFO Completed load of Log(dir=/var/lib/kafka/data/__consumer_offsets-25, topicId=z0JJoNscSBKv29UaLoZ9NQ, topic=__consumer_offsets, partition=25, highWatermark=0, lastStableOffset=0, logStartOffset=0, logEndOffset=0) with 1 segments, local-log-start-offset 0 and log-end-offset 0 in 7ms (31/56 completed in /var/lib/kafka/data) (kafka.log.LogManager)
kafka-1-1  | 2026-09-25T22:52:10.455046540Z [2026-09-25 22:52:10,454] INFO [ProducerStateManager partition=dados-sensores-2] Wrote producer snapshot at offset 863 with 3 producer ids in 3 ms. (org.apache.kafka.storage.internals.log.ProducerStateManager)
kafka-1-1  | 2026-09-25T22:52:10.456244831Z [2026-09-25 22:52:10,455] INFO [LogLoader partition=__consumer_offsets-12, dir=/var/lib/kafka/data] Recovering unflushed segment 0. 0 recovered for __consumer_offsets-12. (org.apache.kafka.storage.internals.log.LogLoader)
kafka-1-1  | 2026-09-25T22:52:10.456685999Z [2026-09-25 22:52:10,456] INFO [LogLoader partition=__consumer_offsets-12, dir=/var/lib/kafka/data] Loading producer state till offset 0 (org.apache.kafka.storage.internals.log.UnifiedLog)
kafka-1-1  | 2026-09-25T22:52:10.456705670Z [2026-09-25 22:52:10,456] INFO [LogLoader partition=dados-sensores-2, dir=/var/lib/kafka/data] Loading producer state till offset 863 (org.apache.kafka.storage.internals.log.UnifiedLog)
kafka-1-1  | 2026-09-25T22:52:10.456710112Z [2026-09-25 22:52:10,456] INFO [LogLoader partition=dados-sensores-2, dir=/var/lib/kafka/data] Reloading from producer snapshot and rebuilding producer state from offset 863 (org.apache.kafka.storage.internals.log.UnifiedLog)
kafka-1-1  | 2026-09-25T22:52:10.456713816Z [2026-09-25 22:52:10,456] INFO [LogLoader partition=__consumer_offsets-12, dir=/var/lib/kafka/data] Reloading from producer snapshot and rebuilding producer state from offset 0 (org.apache.kafka.storage.internals.log.UnifiedLog)
kafka-1-1  | 2026-09-25T22:52:10.456879640Z [2026-09-25 22:52:10,456] INFO [LogLoader partition=__consumer_offsets-12, dir=/var/lib/kafka/data] Producer state recovery took 0ms for snapshot load and 0ms for segment recovery from offset 0 (org.apache.kafka.storage.internals.log.UnifiedLog)
kafka-1-1  | 2026-09-25T22:52:10.457751415Z [2026-09-25 22:52:10,456] INFO [ProducerStateManager partition=dados-sensores-2] Loading producer state from snapshot file 'SnapshotFile(offset=863, file=/var/lib/kafka/data/dados-sensores-2/00000000000000000863.snapshot)' (org.apache.kafka.storage.internals.log.ProducerStateManager)
kafka-1-1  | 2026-09-25T22:52:10.458448926Z [2026-09-25 22:52:10,458] INFO [LogLoader partition=dados-sensores-2, dir=/var/lib/kafka/data] Producer state recovery took 2ms for snapshot load and 0ms for segment recovery from offset 863 (org.apache.kafka.storage.internals.log.UnifiedLog)
kafka-1-1  | 2026-09-25T22:52:10.459993338Z [2026-09-25 22:52:10,459] INFO [LogLoader partition=__consumer_offsets-12, dir=/var/lib/kafka/data] Loading producer state till offset 0 (org.apache.kafka.storage.internals.log.UnifiedLog)
kafka-1-1  | 2026-09-25T22:52:10.462286873Z [2026-09-25 22:52:10,460] INFO Completed load of Log(dir=/var/lib/kafka/data/dados-sensores-2, topicId=bpNag2Q4SrSHzixJwrCS8Q, topic=dados-sensores, partition=2, highWatermark=0, lastStableOffset=0, logStartOffset=0, logEndOffset=863) with 1 segments, local-log-start-offset 0 and log-end-offset 863 in 17ms (32/56 completed in /var/lib/kafka/data) (kafka.log.LogManager)
kafka-1-1  | 2026-09-25T22:52:10.462824178Z [2026-09-25 22:52:10,462] INFO [LogLoader partition=__consumer_offsets-12, dir=/var/lib/kafka/data] Reloading from producer snapshot and rebuilding producer state from offset 0 (org.apache.kafka.storage.internals.log.UnifiedLog)
kafka-1-1  | 2026-09-25T22:52:10.462845696Z [2026-09-25 22:52:10,462] INFO [LogLoader partition=__consumer_offsets-12, dir=/var/lib/kafka/data] Producer state recovery took 0ms for snapshot load and 0ms for segment recovery from offset 0 (org.apache.kafka.storage.internals.log.UnifiedLog)
kafka-1-1  | 2026-09-25T22:52:10.464038595Z [2026-09-25 22:52:10,463] INFO Completed load of Log(dir=/var/lib/kafka/data/__consumer_offsets-12, topicId=z0JJoNscSBKv29UaLoZ9NQ, topic=__consumer_offsets, partition=12, highWatermark=0, lastStableOffset=0, logStartOffset=0, logEndOffset=0) with 1 segments, local-log-start-offset 0 and log-end-offset 0 in 9ms (33/56 completed in /var/lib/kafka/data) (kafka.log.LogManager)
kafka-1-1  | 2026-09-25T22:52:10.464690541Z [2026-09-25 22:52:10,464] INFO [LogLoader partition=__consumer_offsets-0, dir=/var/lib/kafka/data] Recovering unflushed segment 0. 0 recovered for __consumer_offsets-0. (org.apache.kafka.storage.internals.log.LogLoader)
kafka-1-1  | 2026-09-25T22:52:10.465556603Z [2026-09-25 22:52:10,465] INFO [LogLoader partition=__consumer_offsets-5, dir=/var/lib/kafka/data] Recovering unflushed segment 0. 0 recovered for __consumer_offsets-5. (org.apache.kafka.storage.internals.log.LogLoader)
kafka-1-1  | 2026-09-25T22:52:10.465733675Z [2026-09-25 22:52:10,465] INFO [LogLoader partition=__consumer_offsets-5, dir=/var/lib/kafka/data] Loading producer state till offset 0 (org.apache.kafka.storage.internals.log.UnifiedLog)
kafka-1-1  | 2026-09-25T22:52:10.465751004Z [2026-09-25 22:52:10,465] INFO [LogLoader partition=__consumer_offsets-0, dir=/var/lib/kafka/data] Loading producer state till offset 0 (org.apache.kafka.storage.internals.log.UnifiedLog)
kafka-1-1  | 2026-09-25T22:52:10.465755303Z [2026-09-25 22:52:10,465] INFO [LogLoader partition=__consumer_offsets-5, dir=/var/lib/kafka/data] Reloading from producer snapshot and rebuilding producer state from offset 0 (org.apache.kafka.storage.internals.log.UnifiedLog)
kafka-1-1  | 2026-09-25T22:52:10.465883864Z [2026-09-25 22:52:10,465] INFO [LogLoader partition=__consumer_offsets-0, dir=/var/lib/kafka/data] Reloading from producer snapshot and rebuilding producer state from offset 0 (org.apache.kafka.storage.internals.log.UnifiedLog)
kafka-1-1  | 2026-09-25T22:52:10.465900291Z [2026-09-25 22:52:10,465] INFO [LogLoader partition=__consumer_offsets-5, dir=/var/lib/kafka/data] Producer state recovery took 0ms for snapshot load and 0ms for segment recovery from offset 0 (org.apache.kafka.storage.internals.log.UnifiedLog)
kafka-1-1  | 2026-09-25T22:52:10.466099447Z [2026-09-25 22:52:10,465] INFO [LogLoader partition=__consumer_offsets-0, dir=/var/lib/kafka/data] Producer state recovery took 0ms for snapshot load and 0ms for segment recovery from offset 0 (org.apache.kafka.storage.internals.log.UnifiedLog)
kafka-1-1  | 2026-09-25T22:52:10.467026115Z [2026-09-25 22:52:10,466] INFO [LogLoader partition=__consumer_offsets-0, dir=/var/lib/kafka/data] Loading producer state till offset 0 (org.apache.kafka.storage.internals.log.UnifiedLog)
kafka-1-1  | 2026-09-25T22:52:10.467045895Z [2026-09-25 22:52:10,466] INFO [LogLoader partition=__consumer_offsets-0, dir=/var/lib/kafka/data] Reloading from producer snapshot and rebuilding producer state from offset 0 (org.apache.kafka.storage.internals.log.UnifiedLog)
kafka-1-1  | 2026-09-25T22:52:10.467176756Z [2026-09-25 22:52:10,466] INFO [LogLoader partition=__consumer_offsets-0, dir=/var/lib/kafka/data] Producer state recovery took 0ms for snapshot load and 0ms for segment recovery from offset 0 (org.apache.kafka.storage.internals.log.UnifiedLog)
kafka-1-1  | 2026-09-25T22:52:10.469623856Z [2026-09-25 22:52:10,469] INFO Completed load of Log(dir=/var/lib/kafka/data/__consumer_offsets-0, topicId=z0JJoNscSBKv29UaLoZ9NQ, topic=__consumer_offsets, partition=0, highWatermark=0, lastStableOffset=0, logStartOffset=0, logEndOffset=0) with 1 segments, local-log-start-offset 0 and log-end-offset 0 in 6ms (34/56 completed in /var/lib/kafka/data) (kafka.log.LogManager)
kafka-1-1  | 2026-09-25T22:52:10.470971658Z [2026-09-25 22:52:10,470] INFO [LogLoader partition=__consumer_offsets-47, dir=/var/lib/kafka/data] Recovering unflushed segment 0. 0 recovered for __consumer_offsets-47. (org.apache.kafka.storage.internals.log.LogLoader)
kafka-1-1  | 2026-09-25T22:52:10.471091724Z [2026-09-25 22:52:10,470] INFO [LogLoader partition=__consumer_offsets-47, dir=/var/lib/kafka/data] Loading producer state till offset 0 (org.apache.kafka.storage.internals.log.UnifiedLog)
kafka-1-1  | 2026-09-25T22:52:10.471108644Z [2026-09-25 22:52:10,471] INFO [LogLoader partition=__consumer_offsets-47, dir=/var/lib/kafka/data] Reloading from producer snapshot and rebuilding producer state from offset 0 (org.apache.kafka.storage.internals.log.UnifiedLog)
kafka-1-1  | 2026-09-25T22:52:10.471289860Z [2026-09-25 22:52:10,471] INFO [LogLoader partition=__consumer_offsets-47, dir=/var/lib/kafka/data] Producer state recovery took 0ms for snapshot load and 0ms for segment recovery from offset 0 (org.apache.kafka.storage.internals.log.UnifiedLog)
kafka-1-1  | 2026-09-25T22:52:10.471844481Z [2026-09-25 22:52:10,471] INFO [ProducerStateManager partition=__consumer_offsets-5] Wrote producer snapshot at offset 182 with 0 producer ids in 4 ms. (org.apache.kafka.storage.internals.log.ProducerStateManager)
kafka-1-1  | 2026-09-25T22:52:10.473368835Z [2026-09-25 22:52:10,472] INFO [LogLoader partition=__consumer_offsets-5, dir=/var/lib/kafka/data] Loading producer state till offset 182 (org.apache.kafka.storage.internals.log.UnifiedLog)
kafka-1-1  | 2026-09-25T22:52:10.473395964Z [2026-09-25 22:52:10,473] INFO [LogLoader partition=__consumer_offsets-5, dir=/var/lib/kafka/data] Reloading from producer snapshot and rebuilding producer state from offset 182 (org.apache.kafka.storage.internals.log.UnifiedLog)
kafka-1-1  | 2026-09-25T22:52:10.473522729Z [2026-09-25 22:52:10,473] INFO [ProducerStateManager partition=__consumer_offsets-5] Loading producer state from snapshot file 'SnapshotFile(offset=182, file=/var/lib/kafka/data/__consumer_offsets-5/00000000000000000182.snapshot)' (org.apache.kafka.storage.internals.log.ProducerStateManager)
kafka-1-1  | 2026-09-25T22:52:10.473549843Z [2026-09-25 22:52:10,473] INFO [LogLoader partition=__consumer_offsets-47, dir=/var/lib/kafka/data] Loading producer state till offset 0 (org.apache.kafka.storage.internals.log.UnifiedLog)
kafka-1-1  | 2026-09-25T22:52:10.473668716Z [2026-09-25 22:52:10,473] INFO [LogLoader partition=__consumer_offsets-47, dir=/var/lib/kafka/data] Reloading from producer snapshot and rebuilding producer state from offset 0 (org.apache.kafka.storage.internals.log.UnifiedLog)
kafka-1-1  | 2026-09-25T22:52:10.475038881Z [2026-09-25 22:52:10,473] INFO [LogLoader partition=__consumer_offsets-47, dir=/var/lib/kafka/data] Producer state recovery took 0ms for snapshot load and 0ms for segment recovery from offset 0 (org.apache.kafka.storage.internals.log.UnifiedLog)
kafka-1-1  | 2026-09-25T22:52:10.475068346Z [2026-09-25 22:52:10,473] INFO [LogLoader partition=__consumer_offsets-5, dir=/var/lib/kafka/data] Producer state recovery took 0ms for snapshot load and 0ms for segment recovery from offset 182 (org.apache.kafka.storage.internals.log.UnifiedLog)
kafka-1-1  | 2026-09-25T22:52:10.476870715Z [2026-09-25 22:52:10,476] INFO Completed load of Log(dir=/var/lib/kafka/data/__consumer_offsets-47, topicId=z0JJoNscSBKv29UaLoZ9NQ, topic=__consumer_offsets, partition=47, highWatermark=0, lastStableOffset=0, logStartOffset=0, logEndOffset=0) with 1 segments, local-log-start-offset 0 and log-end-offset 0 in 6ms (36/56 completed in /var/lib/kafka/data) (kafka.log.LogManager)
kafka-1-1  | 2026-09-25T22:52:10.476900083Z [2026-09-25 22:52:10,476] INFO Completed load of Log(dir=/var/lib/kafka/data/__consumer_offsets-5, topicId=z0JJoNscSBKv29UaLoZ9NQ, topic=__consumer_offsets, partition=5, highWatermark=0, lastStableOffset=0, logStartOffset=0, logEndOffset=182) with 1 segments, local-log-start-offset 0 and log-end-offset 182 in 12ms (35/56 completed in /var/lib/kafka/data) (kafka.log.LogManager)
kafka-1-1  | 2026-09-25T22:52:10.480508226Z [2026-09-25 22:52:10,479] INFO [LogLoader partition=__consumer_offsets-41, dir=/var/lib/kafka/data] Recovering unflushed segment 0. 0 recovered for __consumer_offsets-41. (org.apache.kafka.storage.internals.log.LogLoader)
kafka-1-1  | 2026-09-25T22:52:10.480537098Z [2026-09-25 22:52:10,479] INFO [LogLoader partition=__consumer_offsets-49, dir=/var/lib/kafka/data] Recovering unflushed segment 0. 0 recovered for __consumer_offsets-49. (org.apache.kafka.storage.internals.log.LogLoader)
kafka-1-1  | 2026-09-25T22:52:10.481062043Z [2026-09-25 22:52:10,480] INFO [LogLoader partition=__consumer_offsets-49, dir=/var/lib/kafka/data] Loading producer state till offset 0 (org.apache.kafka.storage.internals.log.UnifiedLog)
kafka-1-1  | 2026-09-25T22:52:10.481073253Z [2026-09-25 22:52:10,480] INFO [LogLoader partition=__consumer_offsets-41, dir=/var/lib/kafka/data] Loading producer state till offset 0 (org.apache.kafka.storage.internals.log.UnifiedLog)
kafka-1-1  | 2026-09-25T22:52:10.481074866Z [2026-09-25 22:52:10,480] INFO [LogLoader partition=__consumer_offsets-49, dir=/var/lib/kafka/data] Reloading from producer snapshot and rebuilding producer state from offset 0 (org.apache.kafka.storage.internals.log.UnifiedLog)
kafka-1-1  | 2026-09-25T22:52:10.481297135Z [2026-09-25 22:52:10,481] INFO [LogLoader partition=__consumer_offsets-41, dir=/var/lib/kafka/data] Reloading from producer snapshot and rebuilding producer state from offset 0 (org.apache.kafka.storage.internals.log.UnifiedLog)
kafka-1-1  | 2026-09-25T22:52:10.481313322Z [2026-09-25 22:52:10,481] INFO [LogLoader partition=__consumer_offsets-49, dir=/var/lib/kafka/data] Producer state recovery took 0ms for snapshot load and 0ms for segment recovery from offset 0 (org.apache.kafka.storage.internals.log.UnifiedLog)
kafka-1-1  | 2026-09-25T22:52:10.481334606Z [2026-09-25 22:52:10,481] INFO [LogLoader partition=__consumer_offsets-41, dir=/var/lib/kafka/data] Producer state recovery took 0ms for snapshot load and 0ms for segment recovery from offset 0 (org.apache.kafka.storage.internals.log.UnifiedLog)
kafka-1-1  | 2026-09-25T22:52:10.482458542Z [2026-09-25 22:52:10,482] INFO [LogLoader partition=__consumer_offsets-49, dir=/var/lib/kafka/data] Loading producer state till offset 0 (org.apache.kafka.storage.internals.log.UnifiedLog)
kafka-1-1  | 2026-09-25T22:52:10.482479074Z [2026-09-25 22:52:10,482] INFO [LogLoader partition=__consumer_offsets-49, dir=/var/lib/kafka/data] Reloading from producer snapshot and rebuilding producer state from offset 0 (org.apache.kafka.storage.internals.log.UnifiedLog)
kafka-1-1  | 2026-09-25T22:52:10.482573898Z [2026-09-25 22:52:10,482] INFO [LogLoader partition=__consumer_offsets-49, dir=/var/lib/kafka/data] Producer state recovery took 0ms for snapshot load and 0ms for segment recovery from offset 0 (org.apache.kafka.storage.internals.log.UnifiedLog)
kafka-1-1  | 2026-09-25T22:52:10.482590574Z [2026-09-25 22:52:10,482] INFO [LogLoader partition=__consumer_offsets-41, dir=/var/lib/kafka/data] Loading producer state till offset 0 (org.apache.kafka.storage.internals.log.UnifiedLog)
kafka-1-1  | 2026-09-25T22:52:10.482594862Z [2026-09-25 22:52:10,482] INFO [LogLoader partition=__consumer_offsets-41, dir=/var/lib/kafka/data] Reloading from producer snapshot and rebuilding producer state from offset 0 (org.apache.kafka.storage.internals.log.UnifiedLog)
kafka-1-1  | 2026-09-25T22:52:10.482836397Z [2026-09-25 22:52:10,482] INFO [LogLoader partition=__consumer_offsets-41, dir=/var/lib/kafka/data] Producer state recovery took 0ms for snapshot load and 0ms for segment recovery from offset 0 (org.apache.kafka.storage.internals.log.UnifiedLog)
kafka-1-1  | 2026-09-25T22:52:10.483340001Z [2026-09-25 22:52:10,483] INFO Completed load of Log(dir=/var/lib/kafka/data/__consumer_offsets-49, topicId=z0JJoNscSBKv29UaLoZ9NQ, topic=__consumer_offsets, partition=49, highWatermark=0, lastStableOffset=0, logStartOffset=0, logEndOffset=0) with 1 segments, local-log-start-offset 0 and log-end-offset 0 in 6ms (37/56 completed in /var/lib/kafka/data) (kafka.log.LogManager)
kafka-1-1  | 2026-09-25T22:52:10.483353346Z [2026-09-25 22:52:10,483] INFO Completed load of Log(dir=/var/lib/kafka/data/__consumer_offsets-41, topicId=z0JJoNscSBKv29UaLoZ9NQ, topic=__consumer_offsets, partition=41, highWatermark=0, lastStableOffset=0, logStartOffset=0, logEndOffset=0) with 1 segments, local-log-start-offset 0 and log-end-offset 0 in 6ms (38/56 completed in /var/lib/kafka/data) (kafka.log.LogManager)
kafka-1-1  | 2026-09-25T22:52:10.484341010Z [2026-09-25 22:52:10,484] INFO [LogLoader partition=__consumer_offsets-26, dir=/var/lib/kafka/data] Recovering unflushed segment 0. 0 recovered for __consumer_offsets-26. (org.apache.kafka.storage.internals.log.LogLoader)
kafka-1-1  | 2026-09-25T22:52:10.484355326Z [2026-09-25 22:52:10,484] INFO [LogLoader partition=__consumer_offsets-42, dir=/var/lib/kafka/data] Recovering unflushed segment 0. 0 recovered for __consumer_offsets-42. (org.apache.kafka.storage.internals.log.LogLoader)
kafka-1-1  | 2026-09-25T22:52:10.484595521Z [2026-09-25 22:52:10,484] INFO [LogLoader partition=__consumer_offsets-26, dir=/var/lib/kafka/data] Loading producer state till offset 0 (org.apache.kafka.storage.internals.log.UnifiedLog)
kafka-1-1  | 2026-09-25T22:52:10.484611778Z [2026-09-25 22:52:10,484] INFO [LogLoader partition=__consumer_offsets-26, dir=/var/lib/kafka/data] Reloading from producer snapshot and rebuilding producer state from offset 0 (org.apache.kafka.storage.internals.log.UnifiedLog)
kafka-1-1  | 2026-09-25T22:52:10.484628901Z [2026-09-25 22:52:10,484] INFO [LogLoader partition=__consumer_offsets-26, dir=/var/lib/kafka/data] Producer state recovery took 0ms for snapshot load and 0ms for segment recovery from offset 0 (org.apache.kafka.storage.internals.log.UnifiedLog)
kafka-1-1  | 2026-09-25T22:52:10.484808355Z [2026-09-25 22:52:10,484] INFO [LogLoader partition=__consumer_offsets-42, dir=/var/lib/kafka/data] Loading producer state till offset 0 (org.apache.kafka.storage.internals.log.UnifiedLog)
kafka-1-1  | 2026-09-25T22:52:10.484822474Z [2026-09-25 22:52:10,484] INFO [LogLoader partition=__consumer_offsets-42, dir=/var/lib/kafka/data] Reloading from producer snapshot and rebuilding producer state from offset 0 (org.apache.kafka.storage.internals.log.UnifiedLog)
kafka-1-1  | 2026-09-25T22:52:10.485045936Z [2026-09-25 22:52:10,484] INFO [LogLoader partition=__consumer_offsets-42, dir=/var/lib/kafka/data] Producer state recovery took 0ms for snapshot load and 0ms for segment recovery from offset 0 (org.apache.kafka.storage.internals.log.UnifiedLog)
kafka-1-1  | 2026-09-25T22:52:10.485345549Z [2026-09-25 22:52:10,485] INFO [LogLoader partition=__consumer_offsets-26, dir=/var/lib/kafka/data] Loading producer state till offset 0 (org.apache.kafka.storage.internals.log.UnifiedLog)
kafka-1-1  | 2026-09-25T22:52:10.485365543Z [2026-09-25 22:52:10,485] INFO [LogLoader partition=__consumer_offsets-26, dir=/var/lib/kafka/data] Reloading from producer snapshot and rebuilding producer state from offset 0 (org.apache.kafka.storage.internals.log.UnifiedLog)
kafka-1-1  | 2026-09-25T22:52:10.485369882Z [2026-09-25 22:52:10,485] INFO [LogLoader partition=__consumer_offsets-26, dir=/var/lib/kafka/data] Producer state recovery took 0ms for snapshot load and 0ms for segment recovery from offset 0 (org.apache.kafka.storage.internals.log.UnifiedLog)
kafka-1-1  | 2026-09-25T22:52:10.485796674Z [2026-09-25 22:52:10,485] INFO [LogLoader partition=__consumer_offsets-42, dir=/var/lib/kafka/data] Loading producer state till offset 0 (org.apache.kafka.storage.internals.log.UnifiedLog)
kafka-1-1  | 2026-09-25T22:52:10.485805588Z [2026-09-25 22:52:10,485] INFO [LogLoader partition=__consumer_offsets-42, dir=/var/lib/kafka/data] Reloading from producer snapshot and rebuilding producer state from offset 0 (org.apache.kafka.storage.internals.log.UnifiedLog)
kafka-1-1  | 2026-09-25T22:52:10.486092062Z [2026-09-25 22:52:10,485] INFO [LogLoader partition=__consumer_offsets-42, dir=/var/lib/kafka/data] Producer state recovery took 0ms for snapshot load and 0ms for segment recovery from offset 0 (org.apache.kafka.storage.internals.log.UnifiedLog)
kafka-1-1  | 2026-09-25T22:52:10.486108200Z [2026-09-25 22:52:10,485] INFO Completed load of Log(dir=/var/lib/kafka/data/__consumer_offsets-26, topicId=z0JJoNscSBKv29UaLoZ9NQ, topic=__consumer_offsets, partition=26, highWatermark=0, lastStableOffset=0, logStartOffset=0, logEndOffset=0) with 1 segments, local-log-start-offset 0 and log-end-offset 0 in 3ms (39/56 completed in /var/lib/kafka/data) (kafka.log.LogManager)
kafka-1-1  | 2026-09-25T22:52:10.487541058Z [2026-09-25 22:52:10,487] INFO Completed load of Log(dir=/var/lib/kafka/data/__consumer_offsets-42, topicId=z0JJoNscSBKv29UaLoZ9NQ, topic=__consumer_offsets, partition=42, highWatermark=0, lastStableOffset=0, logStartOffset=0, logEndOffset=0) with 1 segments, local-log-start-offset 0 and log-end-offset 0 in 4ms (40/56 completed in /var/lib/kafka/data) (kafka.log.LogManager)
kafka-1-1  | 2026-09-25T22:52:10.487718772Z [2026-09-25 22:52:10,487] INFO [LogLoader partition=__consumer_offsets-35, dir=/var/lib/kafka/data] Recovering unflushed segment 0. 0 recovered for __consumer_offsets-35. (org.apache.kafka.storage.internals.log.LogLoader)
kafka-1-1  | 2026-09-25T22:52:10.488425612Z [2026-09-25 22:52:10,488] INFO [LogLoader partition=__consumer_offsets-35, dir=/var/lib/kafka/data] Loading producer state till offset 0 (org.apache.kafka.storage.internals.log.UnifiedLog)
kafka-1-1  | 2026-09-25T22:52:10.488440359Z [2026-09-25 22:52:10,488] INFO [LogLoader partition=__consumer_offsets-35, dir=/var/lib/kafka/data] Reloading from producer snapshot and rebuilding producer state from offset 0 (org.apache.kafka.storage.internals.log.UnifiedLog)
kafka-1-1  | 2026-09-25T22:52:10.488562513Z [2026-09-25 22:52:10,488] INFO [LogLoader partition=__consumer_offsets-35, dir=/var/lib/kafka/data] Producer state recovery took 0ms for snapshot load and 0ms for segment recovery from offset 0 (org.apache.kafka.storage.internals.log.UnifiedLog)
kafka-1-1  | 2026-09-25T22:52:10.489403406Z [2026-09-25 22:52:10,489] INFO [LogLoader partition=__consumer_offsets-35, dir=/var/lib/kafka/data] Loading producer state till offset 0 (org.apache.kafka.storage.internals.log.UnifiedLog)
kafka-1-1  | 2026-09-25T22:52:10.489428947Z [2026-09-25 22:52:10,489] INFO [LogLoader partition=__consumer_offsets-22, dir=/var/lib/kafka/data] Recovering unflushed segment 0. 0 recovered for __consumer_offsets-22. (org.apache.kafka.storage.internals.log.LogLoader)
kafka-1-1  | 2026-09-25T22:52:10.489433821Z [2026-09-25 22:52:10,489] INFO [LogLoader partition=__consumer_offsets-35, dir=/var/lib/kafka/data] Reloading from producer snapshot and rebuilding producer state from offset 0 (org.apache.kafka.storage.internals.log.UnifiedLog)
kafka-1-1  | 2026-09-25T22:52:10.489689086Z [2026-09-25 22:52:10,489] INFO [LogLoader partition=__consumer_offsets-35, dir=/var/lib/kafka/data] Producer state recovery took 0ms for snapshot load and 0ms for segment recovery from offset 0 (org.apache.kafka.storage.internals.log.UnifiedLog)
kafka-1-1  | 2026-09-25T22:52:10.490835554Z [2026-09-25 22:52:10,489] INFO [LogLoader partition=__consumer_offsets-22, dir=/var/lib/kafka/data] Loading producer state till offset 0 (org.apache.kafka.storage.internals.log.UnifiedLog)
kafka-1-1  | 2026-09-25T22:52:10.491164330Z [2026-09-25 22:52:10,490] INFO [LogLoader partition=__consumer_offsets-22, dir=/var/lib/kafka/data] Reloading from producer snapshot and rebuilding producer state from offset 0 (org.apache.kafka.storage.internals.log.UnifiedLog)
kafka-1-1  | 2026-09-25T22:52:10.491345708Z [2026-09-25 22:52:10,491] INFO [LogLoader partition=__consumer_offsets-22, dir=/var/lib/kafka/data] Producer state recovery took 0ms for snapshot load and 0ms for segment recovery from offset 0 (org.apache.kafka.storage.internals.log.UnifiedLog)
kafka-1-1  | 2026-09-25T22:52:10.492459571Z [2026-09-25 22:52:10,492] INFO Completed load of Log(dir=/var/lib/kafka/data/__consumer_offsets-35, topicId=z0JJoNscSBKv29UaLoZ9NQ, topic=__consumer_offsets, partition=35, highWatermark=0, lastStableOffset=0, logStartOffset=0, logEndOffset=0) with 1 segments, local-log-start-offset 0 and log-end-offset 0 in 6ms (41/56 completed in /var/lib/kafka/data) (kafka.log.LogManager)
kafka-1-1  | 2026-09-25T22:52:10.492791984Z [2026-09-25 22:52:10,492] INFO [LogLoader partition=__consumer_offsets-22, dir=/var/lib/kafka/data] Loading producer state till offset 0 (org.apache.kafka.storage.internals.log.UnifiedLog)
kafka-1-1  | 2026-09-25T22:52:10.493838179Z [2026-09-25 22:52:10,493] INFO [LogLoader partition=__consumer_offsets-22, dir=/var/lib/kafka/data] Reloading from producer snapshot and rebuilding producer state from offset 0 (org.apache.kafka.storage.internals.log.UnifiedLog)
kafka-1-1  | 2026-09-25T22:52:10.493961346Z [2026-09-25 22:52:10,493] INFO [LogLoader partition=__consumer_offsets-22, dir=/var/lib/kafka/data] Producer state recovery took 0ms for snapshot load and 0ms for segment recovery from offset 0 (org.apache.kafka.storage.internals.log.UnifiedLog)
kafka-1-1  | 2026-09-25T22:52:10.495755513Z [2026-09-25 22:52:10,495] INFO [LogLoader partition=__consumer_offsets-27, dir=/var/lib/kafka/data] Recovering unflushed segment 0. 0 recovered for __consumer_offsets-27. (org.apache.kafka.storage.internals.log.LogLoader)
kafka-1-1  | 2026-09-25T22:52:10.496065527Z [2026-09-25 22:52:10,495] INFO Completed load of Log(dir=/var/lib/kafka/data/__consumer_offsets-22, topicId=z0JJoNscSBKv29UaLoZ9NQ, topic=__consumer_offsets, partition=22, highWatermark=0, lastStableOffset=0, logStartOffset=0, logEndOffset=0) with 1 segments, local-log-start-offset 0 and log-end-offset 0 in 8ms (42/56 completed in /var/lib/kafka/data) (kafka.log.LogManager)
kafka-1-1  | 2026-09-25T22:52:10.496257677Z [2026-09-25 22:52:10,496] INFO [LogLoader partition=__consumer_offsets-27, dir=/var/lib/kafka/data] Loading producer state till offset 0 (org.apache.kafka.storage.internals.log.UnifiedLog)
kafka-1-1  | 2026-09-25T22:52:10.496272792Z [2026-09-25 22:52:10,496] INFO [LogLoader partition=__consumer_offsets-27, dir=/var/lib/kafka/data] Reloading from producer snapshot and rebuilding producer state from offset 0 (org.apache.kafka.storage.internals.log.UnifiedLog)
kafka-1-1  | 2026-09-25T22:52:10.496591048Z [2026-09-25 22:52:10,496] INFO [LogLoader partition=__consumer_offsets-27, dir=/var/lib/kafka/data] Producer state recovery took 0ms for snapshot load and 0ms for segment recovery from offset 0 (org.apache.kafka.storage.internals.log.UnifiedLog)
kafka-1-1  | 2026-09-25T22:52:10.497198094Z [2026-09-25 22:52:10,496] INFO [LogLoader partition=__consumer_offsets-13, dir=/var/lib/kafka/data] Recovering unflushed segment 0. 0 recovered for __consumer_offsets-13. (org.apache.kafka.storage.internals.log.LogLoader)
kafka-1-1  | 2026-09-25T22:52:10.497944343Z [2026-09-25 22:52:10,497] INFO [LogLoader partition=__consumer_offsets-13, dir=/var/lib/kafka/data] Loading producer state till offset 0 (org.apache.kafka.storage.internals.log.UnifiedLog)
kafka-1-1  | 2026-09-25T22:52:10.498202931Z [2026-09-25 22:52:10,497] INFO [LogLoader partition=__consumer_offsets-27, dir=/var/lib/kafka/data] Loading producer state till offset 0 (org.apache.kafka.storage.internals.log.UnifiedLog)
kafka-1-1  | 2026-09-25T22:52:10.498221228Z [2026-09-25 22:52:10,498] INFO [LogLoader partition=__consumer_offsets-13, dir=/var/lib/kafka/data] Reloading from producer snapshot and rebuilding producer state from offset 0 (org.apache.kafka.storage.internals.log.UnifiedLog)
kafka-1-1  | 2026-09-25T22:52:10.498226222Z [2026-09-25 22:52:10,498] INFO [LogLoader partition=__consumer_offsets-27, dir=/var/lib/kafka/data] Reloading from producer snapshot and rebuilding producer state from offset 0 (org.apache.kafka.storage.internals.log.UnifiedLog)
kafka-1-1  | 2026-09-25T22:52:10.498229784Z [2026-09-25 22:52:10,498] INFO [LogLoader partition=__consumer_offsets-27, dir=/var/lib/kafka/data] Producer state recovery took 0ms for snapshot load and 0ms for segment recovery from offset 0 (org.apache.kafka.storage.internals.log.UnifiedLog)
kafka-1-1  | 2026-09-25T22:52:10.498232860Z [2026-09-25 22:52:10,498] INFO [LogLoader partition=__consumer_offsets-13, dir=/var/lib/kafka/data] Producer state recovery took 0ms for snapshot load and 0ms for segment recovery from offset 0 (org.apache.kafka.storage.internals.log.UnifiedLog)
kafka-1-1  | 2026-09-25T22:52:10.499098484Z [2026-09-25 22:52:10,498] INFO [LogLoader partition=__consumer_offsets-13, dir=/var/lib/kafka/data] Loading producer state till offset 0 (org.apache.kafka.storage.internals.log.UnifiedLog)
kafka-1-1  | 2026-09-25T22:52:10.499140006Z [2026-09-25 22:52:10,498] INFO [LogLoader partition=__consumer_offsets-13, dir=/var/lib/kafka/data] Reloading from producer snapshot and rebuilding producer state from offset 0 (org.apache.kafka.storage.internals.log.UnifiedLog)
kafka-1-1  | 2026-09-25T22:52:10.499144994Z [2026-09-25 22:52:10,499] INFO [LogLoader partition=__consumer_offsets-13, dir=/var/lib/kafka/data] Producer state recovery took 0ms for snapshot load and 0ms for segment recovery from offset 0 (org.apache.kafka.storage.internals.log.UnifiedLog)
kafka-1-1  | 2026-09-25T22:52:10.499150033Z [2026-09-25 22:52:10,499] INFO Completed load of Log(dir=/var/lib/kafka/data/__consumer_offsets-27, topicId=z0JJoNscSBKv29UaLoZ9NQ, topic=__consumer_offsets, partition=27, highWatermark=0, lastStableOffset=0, logStartOffset=0, logEndOffset=0) with 1 segments, local-log-start-offset 0 and log-end-offset 0 in 7ms (43/56 completed in /var/lib/kafka/data) (kafka.log.LogManager)
kafka-1-1  | 2026-09-25T22:52:10.499851101Z [2026-09-25 22:52:10,499] INFO Completed load of Log(dir=/var/lib/kafka/data/__consumer_offsets-13, topicId=z0JJoNscSBKv29UaLoZ9NQ, topic=__consumer_offsets, partition=13, highWatermark=0, lastStableOffset=0, logStartOffset=0, logEndOffset=0) with 1 segments, local-log-start-offset 0 and log-end-offset 0 in 4ms (44/56 completed in /var/lib/kafka/data) (kafka.log.LogManager)
kafka-1-1  | 2026-09-25T22:52:10.500248416Z [2026-09-25 22:52:10,500] INFO [LogLoader partition=__consumer_offsets-31, dir=/var/lib/kafka/data] Recovering unflushed segment 0. 0 recovered for __consumer_offsets-31. (org.apache.kafka.storage.internals.log.LogLoader)
kafka-1-1  | 2026-09-25T22:52:10.500470700Z [2026-09-25 22:52:10,500] INFO [LogLoader partition=__consumer_offsets-31, dir=/var/lib/kafka/data] Loading producer state till offset 0 (org.apache.kafka.storage.internals.log.UnifiedLog)
kafka-1-1  | 2026-09-25T22:52:10.500485849Z [2026-09-25 22:52:10,500] INFO [LogLoader partition=__consumer_offsets-31, dir=/var/lib/kafka/data] Reloading from producer snapshot and rebuilding producer state from offset 0 (org.apache.kafka.storage.internals.log.UnifiedLog)
kafka-1-1  | 2026-09-25T22:52:10.500489810Z [2026-09-25 22:52:10,500] INFO [LogLoader partition=__consumer_offsets-31, dir=/var/lib/kafka/data] Producer state recovery took 0ms for snapshot load and 0ms for segment recovery from offset 0 (org.apache.kafka.storage.internals.log.UnifiedLog)
kafka-1-1  | 2026-09-25T22:52:10.500854840Z [2026-09-25 22:52:10,500] INFO [LogLoader partition=__consumer_offsets-48, dir=/var/lib/kafka/data] Recovering unflushed segment 0. 0 recovered for __consumer_offsets-48. (org.apache.kafka.storage.internals.log.LogLoader)
kafka-1-1  | 2026-09-25T22:52:10.501067072Z [2026-09-25 22:52:10,500] INFO [LogLoader partition=__consumer_offsets-48, dir=/var/lib/kafka/data] Loading producer state till offset 0 (org.apache.kafka.storage.internals.log.UnifiedLog)
kafka-1-1  | 2026-09-25T22:52:10.501081840Z [2026-09-25 22:52:10,500] INFO [LogLoader partition=__consumer_offsets-48, dir=/var/lib/kafka/data] Reloading from producer snapshot and rebuilding producer state from offset 0 (org.apache.kafka.storage.internals.log.UnifiedLog)
kafka-1-1  | 2026-09-25T22:52:10.501086481Z [2026-09-25 22:52:10,500] INFO [LogLoader partition=__consumer_offsets-31, dir=/var/lib/kafka/data] Loading producer state till offset 0 (org.apache.kafka.storage.internals.log.UnifiedLog)
kafka-1-1  | 2026-09-25T22:52:10.501089666Z [2026-09-25 22:52:10,500] INFO [LogLoader partition=__consumer_offsets-48, dir=/var/lib/kafka/data] Producer state recovery took 0ms for snapshot load and 0ms for segment recovery from offset 0 (org.apache.kafka.storage.internals.log.UnifiedLog)
kafka-1-1  | 2026-09-25T22:52:10.501102327Z [2026-09-25 22:52:10,500] INFO [LogLoader partition=__consumer_offsets-31, dir=/var/lib/kafka/data] Reloading from producer snapshot and rebuilding producer state from offset 0 (org.apache.kafka.storage.internals.log.UnifiedLog)
kafka-1-1  | 2026-09-25T22:52:10.501105551Z [2026-09-25 22:52:10,501] INFO [LogLoader partition=__consumer_offsets-31, dir=/var/lib/kafka/data] Producer state recovery took 0ms for snapshot load and 0ms for segment recovery from offset 0 (org.apache.kafka.storage.internals.log.UnifiedLog)
kafka-1-1  | 2026-09-25T22:52:10.501781454Z [2026-09-25 22:52:10,501] INFO [LogLoader partition=__consumer_offsets-48, dir=/var/lib/kafka/data] Loading producer state till offset 0 (org.apache.kafka.storage.internals.log.UnifiedLog)
kafka-1-1  | 2026-09-25T22:52:10.502668529Z [2026-09-25 22:52:10,501] INFO [LogLoader partition=__consumer_offsets-48, dir=/var/lib/kafka/data] Reloading from producer snapshot and rebuilding producer state from offset 0 (org.apache.kafka.storage.internals.log.UnifiedLog)
kafka-1-1  | 2026-09-25T22:52:10.502690095Z [2026-09-25 22:52:10,501] INFO [LogLoader partition=__consumer_offsets-48, dir=/var/lib/kafka/data] Producer state recovery took 0ms for snapshot load and 0ms for segment recovery from offset 0 (org.apache.kafka.storage.internals.log.UnifiedLog)
kafka-1-1  | 2026-09-25T22:52:10.502729144Z [2026-09-25 22:52:10,501] INFO Completed load of Log(dir=/var/lib/kafka/data/__consumer_offsets-31, topicId=z0JJoNscSBKv29UaLoZ9NQ, topic=__consumer_offsets, partition=31, highWatermark=0, lastStableOffset=0, logStartOffset=0, logEndOffset=0) with 1 segments, local-log-start-offset 0 and log-end-offset 0 in 3ms (45/56 completed in /var/lib/kafka/data) (kafka.log.LogManager)
kafka-1-1  | 2026-09-25T22:52:10.504039302Z [2026-09-25 22:52:10,503] INFO Completed load of Log(dir=/var/lib/kafka/data/__consumer_offsets-48, topicId=z0JJoNscSBKv29UaLoZ9NQ, topic=__consumer_offsets, partition=48, highWatermark=0, lastStableOffset=0, logStartOffset=0, logEndOffset=0) with 1 segments, local-log-start-offset 0 and log-end-offset 0 in 4ms (46/56 completed in /var/lib/kafka/data) (kafka.log.LogManager)
kafka-1-1  | 2026-09-25T22:52:10.504253677Z [2026-09-25 22:52:10,504] INFO [LogLoader partition=dados-sensores-3, dir=/var/lib/kafka/data] Recovering unflushed segment 0. 0 recovered for dados-sensores-3. (org.apache.kafka.storage.internals.log.LogLoader)
kafka-1-1  | 2026-09-25T22:52:10.504901385Z [2026-09-25 22:52:10,504] INFO [LogLoader partition=dados-sensores-3, dir=/var/lib/kafka/data] Loading producer state till offset 0 (org.apache.kafka.storage.internals.log.UnifiedLog)
kafka-1-1  | 2026-09-25T22:52:10.504914952Z [2026-09-25 22:52:10,504] INFO [LogLoader partition=dados-sensores-3, dir=/var/lib/kafka/data] Reloading from producer snapshot and rebuilding producer state from offset 0 (org.apache.kafka.storage.internals.log.UnifiedLog)
kafka-1-1  | 2026-09-25T22:52:10.505119970Z [2026-09-25 22:52:10,504] INFO [LogLoader partition=dados-sensores-3, dir=/var/lib/kafka/data] Producer state recovery took 0ms for snapshot load and 0ms for segment recovery from offset 0 (org.apache.kafka.storage.internals.log.UnifiedLog)
kafka-1-1  | 2026-09-25T22:52:10.506038821Z [2026-09-25 22:52:10,505] INFO [LogLoader partition=__consumer_offsets-45, dir=/var/lib/kafka/data] Recovering unflushed segment 0. 0 recovered for __consumer_offsets-45. (org.apache.kafka.storage.internals.log.LogLoader)
kafka-1-1  | 2026-09-25T22:52:10.506687083Z [2026-09-25 22:52:10,506] INFO [LogLoader partition=__consumer_offsets-45, dir=/var/lib/kafka/data] Loading producer state till offset 0 (org.apache.kafka.storage.internals.log.UnifiedLog)
kafka-1-1  | 2026-09-25T22:52:10.508056708Z [2026-09-25 22:52:10,507] INFO [LogLoader partition=__consumer_offsets-45, dir=/var/lib/kafka/data] Reloading from producer snapshot and rebuilding producer state from offset 0 (org.apache.kafka.storage.internals.log.UnifiedLog)
kafka-1-1  | 2026-09-25T22:52:10.508314710Z [2026-09-25 22:52:10,508] INFO [LogLoader partition=__consumer_offsets-45, dir=/var/lib/kafka/data] Producer state recovery took 0ms for snapshot load and 0ms for segment recovery from offset 0 (org.apache.kafka.storage.internals.log.UnifiedLog)
kafka-1-1  | 2026-09-25T22:52:10.509572733Z [2026-09-25 22:52:10,509] INFO [LogLoader partition=__consumer_offsets-45, dir=/var/lib/kafka/data] Loading producer state till offset 0 (org.apache.kafka.storage.internals.log.UnifiedLog)
kafka-1-1  | 2026-09-25T22:52:10.509595576Z [2026-09-25 22:52:10,509] INFO [LogLoader partition=__consumer_offsets-45, dir=/var/lib/kafka/data] Reloading from producer snapshot and rebuilding producer state from offset 0 (org.apache.kafka.storage.internals.log.UnifiedLog)
kafka-1-1  | 2026-09-25T22:52:10.509805933Z [2026-09-25 22:52:10,509] INFO [LogLoader partition=__consumer_offsets-45, dir=/var/lib/kafka/data] Producer state recovery took 0ms for snapshot load and 0ms for segment recovery from offset 0 (org.apache.kafka.storage.internals.log.UnifiedLog)
kafka-1-1  | 2026-09-25T22:52:10.511348125Z [2026-09-25 22:52:10,511] INFO Completed load of Log(dir=/var/lib/kafka/data/__consumer_offsets-45, topicId=z0JJoNscSBKv29UaLoZ9NQ, topic=__consumer_offsets, partition=45, highWatermark=0, lastStableOffset=0, logStartOffset=0, logEndOffset=0) with 1 segments, local-log-start-offset 0 and log-end-offset 0 in 7ms (47/56 completed in /var/lib/kafka/data) (kafka.log.LogManager)
kafka-1-1  | 2026-09-25T22:52:10.513695822Z [2026-09-25 22:52:10,513] INFO [LogLoader partition=__consumer_offsets-24, dir=/var/lib/kafka/data] Recovering unflushed segment 0. 0 recovered for __consumer_offsets-24. (org.apache.kafka.storage.internals.log.LogLoader)
kafka-1-1  | 2026-09-25T22:52:10.514071591Z [2026-09-25 22:52:10,513] INFO [LogLoader partition=__consumer_offsets-24, dir=/var/lib/kafka/data] Loading producer state till offset 0 (org.apache.kafka.storage.internals.log.UnifiedLog)
kafka-1-1  | 2026-09-25T22:52:10.514173792Z [2026-09-25 22:52:10,514] INFO [LogLoader partition=__consumer_offsets-24, dir=/var/lib/kafka/data] Reloading from producer snapshot and rebuilding producer state from offset 0 (org.apache.kafka.storage.internals.log.UnifiedLog)
kafka-1-1  | 2026-09-25T22:52:10.514400425Z [2026-09-25 22:52:10,514] INFO [LogLoader partition=__consumer_offsets-24, dir=/var/lib/kafka/data] Producer state recovery took 0ms for snapshot load and 0ms for segment recovery from offset 0 (org.apache.kafka.storage.internals.log.UnifiedLog)
kafka-1-1  | 2026-09-25T22:52:10.516398894Z [2026-09-25 22:52:10,516] INFO [LogLoader partition=__consumer_offsets-24, dir=/var/lib/kafka/data] Loading producer state till offset 0 (org.apache.kafka.storage.internals.log.UnifiedLog)
kafka-1-1  | 2026-09-25T22:52:10.517353683Z [2026-09-25 22:52:10,517] INFO [LogLoader partition=__consumer_offsets-24, dir=/var/lib/kafka/data] Reloading from producer snapshot and rebuilding producer state from offset 0 (org.apache.kafka.storage.internals.log.UnifiedLog)
kafka-1-1  | 2026-09-25T22:52:10.517373676Z [2026-09-25 22:52:10,517] INFO [LogLoader partition=__consumer_offsets-24, dir=/var/lib/kafka/data] Producer state recovery took 0ms for snapshot load and 0ms for segment recovery from offset 0 (org.apache.kafka.storage.internals.log.UnifiedLog)
kafka-1-1  | 2026-09-25T22:52:10.518686925Z [2026-09-25 22:52:10,518] INFO Completed load of Log(dir=/var/lib/kafka/data/__consumer_offsets-24, topicId=z0JJoNscSBKv29UaLoZ9NQ, topic=__consumer_offsets, partition=24, highWatermark=0, lastStableOffset=0, logStartOffset=0, logEndOffset=0) with 1 segments, local-log-start-offset 0 and log-end-offset 0 in 7ms (48/56 completed in /var/lib/kafka/data) (kafka.log.LogManager)
kafka-1-1  | 2026-09-25T22:52:10.520732488Z [2026-09-25 22:52:10,518] INFO [ProducerStateManager partition=dados-sensores-3] Wrote producer snapshot at offset 574 with 2 producer ids in 9 ms. (org.apache.kafka.storage.internals.log.ProducerStateManager)
kafka-1-1  | 2026-09-25T22:52:10.520758075Z [2026-09-25 22:52:10,519] INFO [LogLoader partition=__consumer_offsets-17, dir=/var/lib/kafka/data] Recovering unflushed segment 0. 0 recovered for __consumer_offsets-17. (org.apache.kafka.storage.internals.log.LogLoader)
kafka-1-1  | 2026-09-25T22:52:10.521577336Z [2026-09-25 22:52:10,521] INFO [LogLoader partition=__consumer_offsets-17, dir=/var/lib/kafka/data] Loading producer state till offset 0 (org.apache.kafka.storage.internals.log.UnifiedLog)
kafka-1-1  | 2026-09-25T22:52:10.521600832Z [2026-09-25 22:52:10,521] INFO [LogLoader partition=__consumer_offsets-17, dir=/var/lib/kafka/data] Reloading from producer snapshot and rebuilding producer state from offset 0 (org.apache.kafka.storage.internals.log.UnifiedLog)
kafka-1-1  | 2026-09-25T22:52:10.521605906Z [2026-09-25 22:52:10,521] INFO [LogLoader partition=__consumer_offsets-17, dir=/var/lib/kafka/data] Producer state recovery took 0ms for snapshot load and 0ms for segment recovery from offset 0 (org.apache.kafka.storage.internals.log.UnifiedLog)
kafka-1-1  | 2026-09-25T22:52:10.521808933Z [2026-09-25 22:52:10,521] INFO [LogLoader partition=dados-sensores-3, dir=/var/lib/kafka/data] Loading producer state till offset 574 (org.apache.kafka.storage.internals.log.UnifiedLog)
kafka-1-1  | 2026-09-25T22:52:10.521824297Z [2026-09-25 22:52:10,521] INFO [LogLoader partition=dados-sensores-3, dir=/var/lib/kafka/data] Reloading from producer snapshot and rebuilding producer state from offset 574 (org.apache.kafka.storage.internals.log.UnifiedLog)
kafka-1-1  | 2026-09-25T22:52:10.521994288Z [2026-09-25 22:52:10,521] INFO [ProducerStateManager partition=dados-sensores-3] Loading producer state from snapshot file 'SnapshotFile(offset=574, file=/var/lib/kafka/data/dados-sensores-3/00000000000000000574.snapshot)' (org.apache.kafka.storage.internals.log.ProducerStateManager)
kafka-1-1  | 2026-09-25T22:52:10.522223793Z [2026-09-25 22:52:10,522] INFO [LogLoader partition=dados-sensores-3, dir=/var/lib/kafka/data] Producer state recovery took 1ms for snapshot load and 0ms for segment recovery from offset 574 (org.apache.kafka.storage.internals.log.UnifiedLog)
kafka-1-1  | 2026-09-25T22:52:10.523457238Z [2026-09-25 22:52:10,523] INFO Completed load of Log(dir=/var/lib/kafka/data/dados-sensores-3, topicId=bpNag2Q4SrSHzixJwrCS8Q, topic=dados-sensores, partition=3, highWatermark=0, lastStableOffset=0, logStartOffset=0, logEndOffset=574) with 1 segments, local-log-start-offset 0 and log-end-offset 574 in 21ms (49/56 completed in /var/lib/kafka/data) (kafka.log.LogManager)
kafka-1-1  | 2026-09-25T22:52:10.523781449Z [2026-09-25 22:52:10,523] INFO [LogLoader partition=__consumer_offsets-17, dir=/var/lib/kafka/data] Loading producer state till offset 0 (org.apache.kafka.storage.internals.log.UnifiedLog)
kafka-1-1  | 2026-09-25T22:52:10.523803823Z [2026-09-25 22:52:10,523] INFO [LogLoader partition=__consumer_offsets-17, dir=/var/lib/kafka/data] Reloading from producer snapshot and rebuilding producer state from offset 0 (org.apache.kafka.storage.internals.log.UnifiedLog)
kafka-1-1  | 2026-09-25T22:52:10.523822465Z [2026-09-25 22:52:10,523] INFO [LogLoader partition=__consumer_offsets-17, dir=/var/lib/kafka/data] Producer state recovery took 0ms for snapshot load and 0ms for segment recovery from offset 0 (org.apache.kafka.storage.internals.log.UnifiedLog)
kafka-1-1  | 2026-09-25T22:52:10.524753702Z [2026-09-25 22:52:10,524] INFO Completed load of Log(dir=/var/lib/kafka/data/__consumer_offsets-17, topicId=z0JJoNscSBKv29UaLoZ9NQ, topic=__consumer_offsets, partition=17, highWatermark=0, lastStableOffset=0, logStartOffset=0, logEndOffset=0) with 1 segments, local-log-start-offset 0 and log-end-offset 0 in 7ms (50/56 completed in /var/lib/kafka/data) (kafka.log.LogManager)
kafka-1-1  | 2026-09-25T22:52:10.525695686Z [2026-09-25 22:52:10,525] INFO [LogLoader partition=__consumer_offsets-6, dir=/var/lib/kafka/data] Recovering unflushed segment 0. 0 recovered for __consumer_offsets-6. (org.apache.kafka.storage.internals.log.LogLoader)
kafka-1-1  | 2026-09-25T22:52:10.527254527Z [2026-09-25 22:52:10,525] INFO [LogLoader partition=__consumer_offsets-10, dir=/var/lib/kafka/data] Recovering unflushed segment 0. 0 recovered for __consumer_offsets-10. (org.apache.kafka.storage.internals.log.LogLoader)
kafka-1-1  | 2026-09-25T22:52:10.527792475Z [2026-09-25 22:52:10,527] INFO [LogLoader partition=__consumer_offsets-6, dir=/var/lib/kafka/data] Loading producer state till offset 0 (org.apache.kafka.storage.internals.log.UnifiedLog)
kafka-1-1  | 2026-09-25T22:52:10.527807628Z [2026-09-25 22:52:10,527] INFO [LogLoader partition=__consumer_offsets-6, dir=/var/lib/kafka/data] Reloading from producer snapshot and rebuilding producer state from offset 0 (org.apache.kafka.storage.internals.log.UnifiedLog)
kafka-1-1  | 2026-09-25T22:52:10.527812263Z [2026-09-25 22:52:10,527] INFO [LogLoader partition=__consumer_offsets-10, dir=/var/lib/kafka/data] Loading producer state till offset 0 (org.apache.kafka.storage.internals.log.UnifiedLog)
kafka-1-1  | 2026-09-25T22:52:10.527815472Z [2026-09-25 22:52:10,527] INFO [LogLoader partition=__consumer_offsets-6, dir=/var/lib/kafka/data] Producer state recovery took 0ms for snapshot load and 0ms for segment recovery from offset 0 (org.apache.kafka.storage.internals.log.UnifiedLog)
kafka-1-1  | 2026-09-25T22:52:10.527818935Z [2026-09-25 22:52:10,527] INFO [LogLoader partition=__consumer_offsets-10, dir=/var/lib/kafka/data] Reloading from producer snapshot and rebuilding producer state from offset 0 (org.apache.kafka.storage.internals.log.UnifiedLog)
kafka-1-1  | 2026-09-25T22:52:10.528006370Z [2026-09-25 22:52:10,527] INFO [LogLoader partition=__consumer_offsets-10, dir=/var/lib/kafka/data] Producer state recovery took 0ms for snapshot load and 0ms for segment recovery from offset 0 (org.apache.kafka.storage.internals.log.UnifiedLog)
kafka-1-1  | 2026-09-25T22:52:10.528423151Z [2026-09-25 22:52:10,528] INFO [LogLoader partition=__consumer_offsets-6, dir=/var/lib/kafka/data] Loading producer state till offset 0 (org.apache.kafka.storage.internals.log.UnifiedLog)
kafka-1-1  | 2026-09-25T22:52:10.528436153Z [2026-09-25 22:52:10,528] INFO [LogLoader partition=__consumer_offsets-6, dir=/var/lib/kafka/data] Reloading from producer snapshot and rebuilding producer state from offset 0 (org.apache.kafka.storage.internals.log.UnifiedLog)
kafka-1-1  | 2026-09-25T22:52:10.528473919Z [2026-09-25 22:52:10,528] INFO [LogLoader partition=__consumer_offsets-6, dir=/var/lib/kafka/data] Producer state recovery took 0ms for snapshot load and 0ms for segment recovery from offset 0 (org.apache.kafka.storage.internals.log.UnifiedLog)
kafka-1-1  | 2026-09-25T22:52:10.529181966Z [2026-09-25 22:52:10,528] INFO [LogLoader partition=__consumer_offsets-10, dir=/var/lib/kafka/data] Loading producer state till offset 0 (org.apache.kafka.storage.internals.log.UnifiedLog)
kafka-1-1  | 2026-09-25T22:52:10.529463799Z [2026-09-25 22:52:10,529] INFO Completed load of Log(dir=/var/lib/kafka/data/__consumer_offsets-6, topicId=z0JJoNscSBKv29UaLoZ9NQ, topic=__consumer_offsets, partition=6, highWatermark=0, lastStableOffset=0, logStartOffset=0, logEndOffset=0) with 1 segments, local-log-start-offset 0 and log-end-offset 0 in 4ms (51/56 completed in /var/lib/kafka/data) (kafka.log.LogManager)
kafka-1-1  | 2026-09-25T22:52:10.529946164Z [2026-09-25 22:52:10,529] INFO [LogLoader partition=__consumer_offsets-10, dir=/var/lib/kafka/data] Reloading from producer snapshot and rebuilding producer state from offset 0 (org.apache.kafka.storage.internals.log.UnifiedLog)
kafka-1-1  | 2026-09-25T22:52:10.530142446Z [2026-09-25 22:52:10,529] INFO [LogLoader partition=__consumer_offsets-10, dir=/var/lib/kafka/data] Producer state recovery took 0ms for snapshot load and 0ms for segment recovery from offset 0 (org.apache.kafka.storage.internals.log.UnifiedLog)
kafka-1-1  | 2026-09-25T22:52:10.530835052Z [2026-09-25 22:52:10,530] INFO [LogLoader partition=__consumer_offsets-36, dir=/var/lib/kafka/data] Recovering unflushed segment 0. 0 recovered for __consumer_offsets-36. (org.apache.kafka.storage.internals.log.LogLoader)
kafka-1-1  | 2026-09-25T22:52:10.532136036Z [2026-09-25 22:52:10,530] INFO [LogLoader partition=__consumer_offsets-36, dir=/var/lib/kafka/data] Loading producer state till offset 0 (org.apache.kafka.storage.internals.log.UnifiedLog)
kafka-1-1  | 2026-09-25T22:52:10.532150945Z [2026-09-25 22:52:10,531] INFO Completed load of Log(dir=/var/lib/kafka/data/__consumer_offsets-10, topicId=z0JJoNscSBKv29UaLoZ9NQ, topic=__consumer_offsets, partition=10, highWatermark=0, lastStableOffset=0, logStartOffset=0, logEndOffset=0) with 1 segments, local-log-start-offset 0 and log-end-offset 0 in 7ms (52/56 completed in /var/lib/kafka/data) (kafka.log.LogManager)
kafka-1-1  | 2026-09-25T22:52:10.532484423Z [2026-09-25 22:52:10,532] INFO [LogLoader partition=__consumer_offsets-36, dir=/var/lib/kafka/data] Reloading from producer snapshot and rebuilding producer state from offset 0 (org.apache.kafka.storage.internals.log.UnifiedLog)
kafka-1-1  | 2026-09-25T22:52:10.532610589Z [2026-09-25 22:52:10,532] INFO [LogLoader partition=__consumer_offsets-36, dir=/var/lib/kafka/data] Producer state recovery took 0ms for snapshot load and 0ms for segment recovery from offset 0 (org.apache.kafka.storage.internals.log.UnifiedLog)
kafka-1-1  | 2026-09-25T22:52:10.533473033Z [2026-09-25 22:52:10,533] INFO [LogLoader partition=__consumer_offsets-36, dir=/var/lib/kafka/data] Loading producer state till offset 0 (org.apache.kafka.storage.internals.log.UnifiedLog)
kafka-1-1  | 2026-09-25T22:52:10.533624894Z [2026-09-25 22:52:10,533] INFO [LogLoader partition=__consumer_offsets-36, dir=/var/lib/kafka/data] Reloading from producer snapshot and rebuilding producer state from offset 0 (org.apache.kafka.storage.internals.log.UnifiedLog)
kafka-1-1  | 2026-09-25T22:52:10.533692858Z [2026-09-25 22:52:10,533] INFO [LogLoader partition=__consumer_offsets-29, dir=/var/lib/kafka/data] Recovering unflushed segment 0. 0 recovered for __consumer_offsets-29. (org.apache.kafka.storage.internals.log.LogLoader)
kafka-1-1  | 2026-09-25T22:52:10.533935151Z [2026-09-25 22:52:10,533] INFO [LogLoader partition=__consumer_offsets-36, dir=/var/lib/kafka/data] Producer state recovery took 0ms for snapshot load and 0ms for segment recovery from offset 0 (org.apache.kafka.storage.internals.log.UnifiedLog)
kafka-1-1  | 2026-09-25T22:52:10.535258811Z [2026-09-25 22:52:10,534] INFO [LogLoader partition=__consumer_offsets-29, dir=/var/lib/kafka/data] Loading producer state till offset 0 (org.apache.kafka.storage.internals.log.UnifiedLog)
kafka-1-1  | 2026-09-25T22:52:10.535295608Z [2026-09-25 22:52:10,535] INFO [LogLoader partition=__consumer_offsets-29, dir=/var/lib/kafka/data] Reloading from producer snapshot and rebuilding producer state from offset 0 (org.apache.kafka.storage.internals.log.UnifiedLog)
kafka-1-1  | 2026-09-25T22:52:10.535300480Z [2026-09-25 22:52:10,535] INFO [LogLoader partition=__consumer_offsets-29, dir=/var/lib/kafka/data] Producer state recovery took 0ms for snapshot load and 0ms for segment recovery from offset 0 (org.apache.kafka.storage.internals.log.UnifiedLog)
kafka-1-1  | 2026-09-25T22:52:10.536025893Z [2026-09-25 22:52:10,535] INFO [LogLoader partition=__consumer_offsets-29, dir=/var/lib/kafka/data] Loading producer state till offset 0 (org.apache.kafka.storage.internals.log.UnifiedLog)
kafka-1-1  | 2026-09-25T22:52:10.536904645Z [2026-09-25 22:52:10,535] INFO [LogLoader partition=__consumer_offsets-29, dir=/var/lib/kafka/data] Reloading from producer snapshot and rebuilding producer state from offset 0 (org.apache.kafka.storage.internals.log.UnifiedLog)
kafka-1-1  | 2026-09-25T22:52:10.536921893Z [2026-09-25 22:52:10,535] INFO Completed load of Log(dir=/var/lib/kafka/data/__consumer_offsets-36, topicId=z0JJoNscSBKv29UaLoZ9NQ, topic=__consumer_offsets, partition=36, highWatermark=0, lastStableOffset=0, logStartOffset=0, logEndOffset=0) with 1 segments, local-log-start-offset 0 and log-end-offset 0 in 6ms (53/56 completed in /var/lib/kafka/data) (kafka.log.LogManager)
kafka-1-1  | 2026-09-25T22:52:10.536926653Z [2026-09-25 22:52:10,535] INFO [LogLoader partition=__consumer_offsets-29, dir=/var/lib/kafka/data] Producer state recovery took 0ms for snapshot load and 0ms for segment recovery from offset 0 (org.apache.kafka.storage.internals.log.UnifiedLog)
kafka-1-1  | 2026-09-25T22:52:10.537114814Z [2026-09-25 22:52:10,536] INFO [LogLoader partition=__consumer_offsets-16, dir=/var/lib/kafka/data] Recovering unflushed segment 0. 0 recovered for __consumer_offsets-16. (org.apache.kafka.storage.internals.log.LogLoader)
kafka-1-1  | 2026-09-25T22:52:10.537130107Z [2026-09-25 22:52:10,537] INFO Completed load of Log(dir=/var/lib/kafka/data/__consumer_offsets-29, topicId=z0JJoNscSBKv29UaLoZ9NQ, topic=__consumer_offsets, partition=29, highWatermark=0, lastStableOffset=0, logStartOffset=0, logEndOffset=0) with 1 segments, local-log-start-offset 0 and log-end-offset 0 in 5ms (54/56 completed in /var/lib/kafka/data) (kafka.log.LogManager)
kafka-1-1  | 2026-09-25T22:52:10.537263971Z [2026-09-25 22:52:10,537] INFO [LogLoader partition=__consumer_offsets-16, dir=/var/lib/kafka/data] Loading producer state till offset 0 (org.apache.kafka.storage.internals.log.UnifiedLog)
kafka-1-1  | 2026-09-25T22:52:10.537279963Z [2026-09-25 22:52:10,537] INFO [LogLoader partition=__consumer_offsets-16, dir=/var/lib/kafka/data] Reloading from producer snapshot and rebuilding producer state from offset 0 (org.apache.kafka.storage.internals.log.UnifiedLog)
kafka-1-1  | 2026-09-25T22:52:10.537283666Z [2026-09-25 22:52:10,537] INFO [LogLoader partition=__consumer_offsets-16, dir=/var/lib/kafka/data] Producer state recovery took 0ms for snapshot load and 0ms for segment recovery from offset 0 (org.apache.kafka.storage.internals.log.UnifiedLog)
kafka-1-1  | 2026-09-25T22:52:10.537961678Z [2026-09-25 22:52:10,537] INFO [LogLoader partition=__consumer_offsets-16, dir=/var/lib/kafka/data] Loading producer state till offset 0 (org.apache.kafka.storage.internals.log.UnifiedLog)
kafka-1-1  | 2026-09-25T22:52:10.537977535Z [2026-09-25 22:52:10,537] INFO [LogLoader partition=__consumer_offsets-16, dir=/var/lib/kafka/data] Reloading from producer snapshot and rebuilding producer state from offset 0 (org.apache.kafka.storage.internals.log.UnifiedLog)
kafka-1-1  | 2026-09-25T22:52:10.537990249Z [2026-09-25 22:52:10,537] INFO [LogLoader partition=__consumer_offsets-16, dir=/var/lib/kafka/data] Producer state recovery took 0ms for snapshot load and 0ms for segment recovery from offset 0 (org.apache.kafka.storage.internals.log.UnifiedLog)
kafka-1-1  | 2026-09-25T22:52:10.538374615Z [2026-09-25 22:52:10,538] INFO [LogLoader partition=dados-sensores-5, dir=/var/lib/kafka/data] Recovering unflushed segment 0. 0 recovered for dados-sensores-5. (org.apache.kafka.storage.internals.log.LogLoader)
kafka-1-1  | 2026-09-25T22:52:10.538478737Z [2026-09-25 22:52:10,538] INFO [LogLoader partition=dados-sensores-5, dir=/var/lib/kafka/data] Loading producer state till offset 0 (org.apache.kafka.storage.internals.log.UnifiedLog)
kafka-1-1  | 2026-09-25T22:52:10.538491628Z [2026-09-25 22:52:10,538] INFO [LogLoader partition=dados-sensores-5, dir=/var/lib/kafka/data] Reloading from producer snapshot and rebuilding producer state from offset 0 (org.apache.kafka.storage.internals.log.UnifiedLog)
kafka-1-1  | 2026-09-25T22:52:10.538494894Z [2026-09-25 22:52:10,538] INFO [LogLoader partition=dados-sensores-5, dir=/var/lib/kafka/data] Producer state recovery took 0ms for snapshot load and 0ms for segment recovery from offset 0 (org.apache.kafka.storage.internals.log.UnifiedLog)
kafka-1-1  | 2026-09-25T22:52:10.538643958Z [2026-09-25 22:52:10,538] INFO Completed load of Log(dir=/var/lib/kafka/data/__consumer_offsets-16, topicId=z0JJoNscSBKv29UaLoZ9NQ, topic=__consumer_offsets, partition=16, highWatermark=0, lastStableOffset=0, logStartOffset=0, logEndOffset=0) with 1 segments, local-log-start-offset 0 and log-end-offset 0 in 3ms (55/56 completed in /var/lib/kafka/data) (kafka.log.LogManager)
kafka-1-1  | 2026-09-25T22:52:10.542678563Z [2026-09-25 22:52:10,542] INFO [ProducerStateManager partition=dados-sensores-5] Wrote producer snapshot at offset 432 with 1 producer ids in 2 ms. (org.apache.kafka.storage.internals.log.ProducerStateManager)
kafka-1-1  | 2026-09-25T22:52:10.543330336Z [2026-09-25 22:52:10,543] INFO [LogLoader partition=dados-sensores-5, dir=/var/lib/kafka/data] Loading producer state till offset 432 (org.apache.kafka.storage.internals.log.UnifiedLog)
kafka-1-1  | 2026-09-25T22:52:10.543350269Z [2026-09-25 22:52:10,543] INFO [LogLoader partition=dados-sensores-5, dir=/var/lib/kafka/data] Reloading from producer snapshot and rebuilding producer state from offset 432 (org.apache.kafka.storage.internals.log.UnifiedLog)
kafka-1-1  | 2026-09-25T22:52:10.543354320Z [2026-09-25 22:52:10,543] INFO [ProducerStateManager partition=dados-sensores-5] Loading producer state from snapshot file 'SnapshotFile(offset=432, file=/var/lib/kafka/data/dados-sensores-5/00000000000000000432.snapshot)' (org.apache.kafka.storage.internals.log.ProducerStateManager)
kafka-1-1  | 2026-09-25T22:52:10.543602643Z [2026-09-25 22:52:10,543] INFO [LogLoader partition=dados-sensores-5, dir=/var/lib/kafka/data] Producer state recovery took 0ms for snapshot load and 0ms for segment recovery from offset 432 (org.apache.kafka.storage.internals.log.UnifiedLog)
kafka-1-1  | 2026-09-25T22:52:10.544251089Z [2026-09-25 22:52:10,544] INFO Completed load of Log(dir=/var/lib/kafka/data/dados-sensores-5, topicId=bpNag2Q4SrSHzixJwrCS8Q, topic=dados-sensores, partition=5, highWatermark=0, lastStableOffset=0, logStartOffset=0, logEndOffset=432) with 1 segments, local-log-start-offset 0 and log-end-offset 432 in 7ms (56/56 completed in /var/lib/kafka/data) (kafka.log.LogManager)
kafka-1-1  | 2026-09-25T22:52:10.548084261Z [2026-09-25 22:52:10,547] INFO Loaded 56 logs in 242ms (unclean log dirs = ArrayBuffer(/var/lib/kafka/data)) (kafka.log.LogManager)
kafka-1-1  | 2026-09-25T22:52:10.548346733Z [2026-09-25 22:52:10,548] INFO Starting log cleanup with a period of 300000 ms. (kafka.log.LogManager)
kafka-1-1  | 2026-09-25T22:52:10.548719355Z [2026-09-25 22:52:10,548] INFO Starting log flusher with a default period of 9223372036854775807 ms. (kafka.log.LogManager)
kafka-1-1  | 2026-09-25T22:52:10.593858991Z [2026-09-25 22:52:10,593] INFO [kafka-log-cleaner-thread-0]: Starting (kafka.log.LogCleaner$CleanerThread)
kafka-1-1  | 2026-09-25T22:52:10.595105154Z [2026-09-25 22:52:10,594] INFO [LogDirFailureHandler]: Starting (kafka.server.ReplicaManager$LogDirFailureHandler)
kafka-1-1  | 2026-09-25T22:52:10.595538575Z [2026-09-25 22:52:10,595] INFO [AddPartitionsToTxnSenderThread-1]: Starting (kafka.server.AddPartitionsToTxnManager)
kafka-1-1  | 2026-09-25T22:52:10.595864034Z [2026-09-25 22:52:10,595] INFO [GroupCoordinator id=1] Starting up. (org.apache.kafka.coordinator.group.GroupCoordinatorService)
kafka-1-1  | 2026-09-25T22:52:10.596532372Z [2026-09-25 22:52:10,596] INFO [GroupCoordinator id=1] Startup complete. (org.apache.kafka.coordinator.group.GroupCoordinatorService)
kafka-1-1  | 2026-09-25T22:52:10.596884752Z [2026-09-25 22:52:10,596] INFO [TransactionCoordinator id=1] Starting up. (kafka.coordinator.transaction.TransactionCoordinator)
kafka-1-1  | 2026-09-25T22:52:10.598213549Z [2026-09-25 22:52:10,597] INFO [TxnMarkerSenderThread-1]: Starting (kafka.coordinator.transaction.TransactionMarkerChannelManager)
kafka-1-1  | 2026-09-25T22:52:10.598232944Z [2026-09-25 22:52:10,598] INFO [TransactionCoordinator id=1] Startup complete. (kafka.coordinator.transaction.TransactionCoordinator)
kafka-1-1  | 2026-09-25T22:52:10.614157184Z [2026-09-25 22:52:10,613] INFO [Partition __consumer_offsets-13 broker=1] Log loaded for partition __consumer_offsets-13 with initial high watermark 0 (kafka.cluster.Partition)
kafka-1-1  | 2026-09-25T22:52:10.675576330Z [2026-09-25 22:52:10,674] INFO [Partition __consumer_offsets-46 broker=1] Log loaded for partition __consumer_offsets-46 with initial high watermark 0 (kafka.cluster.Partition)
kafka-1-1  | 2026-09-25T22:52:10.675804047Z [2026-09-25 22:52:10,675] INFO [Partition __consumer_offsets-9 broker=1] Log loaded for partition __consumer_offsets-9 with initial high watermark 0 (kafka.cluster.Partition)
kafka-1-1  | 2026-09-25T22:52:10.676473316Z [2026-09-25 22:52:10,676] INFO [Partition __consumer_offsets-42 broker=1] Log loaded for partition __consumer_offsets-42 with initial high watermark 0 (kafka.cluster.Partition)
kafka-1-1  | 2026-09-25T22:52:10.676582310Z [2026-09-25 22:52:10,676] INFO [Partition __consumer_offsets-21 broker=1] Log loaded for partition __consumer_offsets-21 with initial high watermark 0 (kafka.cluster.Partition)
kafka-1-1  | 2026-09-25T22:52:10.677013846Z [2026-09-25 22:52:10,676] INFO [Partition __consumer_offsets-17 broker=1] Log loaded for partition __consumer_offsets-17 with initial high watermark 0 (kafka.cluster.Partition)
kafka-1-1  | 2026-09-25T22:52:10.679154183Z [2026-09-25 22:52:10,677] INFO [Partition dados-sensores-4 broker=1] Log loaded for partition dados-sensores-4 with initial high watermark 568 (kafka.cluster.Partition)
kafka-1-1  | 2026-09-25T22:52:10.679175105Z [2026-09-25 22:52:10,677] INFO [Partition __consumer_offsets-30 broker=1] Log loaded for partition __consumer_offsets-30 with initial high watermark 0 (kafka.cluster.Partition)
kafka-1-1  | 2026-09-25T22:52:10.679179102Z [2026-09-25 22:52:10,677] INFO [Partition __consumer_offsets-26 broker=1] Log loaded for partition __consumer_offsets-26 with initial high watermark 0 (kafka.cluster.Partition)
kafka-1-1  | 2026-09-25T22:52:10.679195584Z [2026-09-25 22:52:10,678] INFO [Partition __consumer_offsets-5 broker=1] Log loaded for partition __consumer_offsets-5 with initial high watermark 182 (kafka.cluster.Partition)
kafka-1-1  | 2026-09-25T22:52:10.679198367Z [2026-09-25 22:52:10,678] INFO [Partition __consumer_offsets-38 broker=1] Log loaded for partition __consumer_offsets-38 with initial high watermark 0 (kafka.cluster.Partition)
kafka-1-1  | 2026-09-25T22:52:10.679200796Z [2026-09-25 22:52:10,678] INFO [Partition dados-sensores-0 broker=1] Log loaded for partition dados-sensores-0 with initial high watermark 568 (kafka.cluster.Partition)
kafka-1-1  | 2026-09-25T22:52:10.679324481Z [2026-09-25 22:52:10,679] INFO [Partition __consumer_offsets-1 broker=1] Log loaded for partition __consumer_offsets-1 with initial high watermark 0 (kafka.cluster.Partition)
kafka-1-1  | 2026-09-25T22:52:10.681532826Z [2026-09-25 22:52:10,679] INFO [Partition __consumer_offsets-34 broker=1] Log loaded for partition __consumer_offsets-34 with initial high watermark 0 (kafka.cluster.Partition)
kafka-1-1  | 2026-09-25T22:52:10.681625332Z [2026-09-25 22:52:10,679] INFO [Partition __consumer_offsets-16 broker=1] Log loaded for partition __consumer_offsets-16 with initial high watermark 0 (kafka.cluster.Partition)
kafka-1-1  | 2026-09-25T22:52:10.681629655Z [2026-09-25 22:52:10,680] INFO [Partition __consumer_offsets-45 broker=1] Log loaded for partition __consumer_offsets-45 with initial high watermark 0 (kafka.cluster.Partition)
kafka-1-1  | 2026-09-25T22:52:10.681631180Z [2026-09-25 22:52:10,680] INFO [Partition __consumer_offsets-12 broker=1] Log loaded for partition __consumer_offsets-12 with initial high watermark 0 (kafka.cluster.Partition)
kafka-1-1  | 2026-09-25T22:52:10.681632511Z [2026-09-25 22:52:10,680] INFO [Partition __consumer_offsets-41 broker=1] Log loaded for partition __consumer_offsets-41 with initial high watermark 0 (kafka.cluster.Partition)
kafka-1-1  | 2026-09-25T22:52:10.681633776Z [2026-09-25 22:52:10,680] INFO [Partition __consumer_offsets-24 broker=1] Log loaded for partition __consumer_offsets-24 with initial high watermark 0 (kafka.cluster.Partition)
kafka-1-1  | 2026-09-25T22:52:10.681635014Z [2026-09-25 22:52:10,681] INFO [Partition __consumer_offsets-20 broker=1] Log loaded for partition __consumer_offsets-20 with initial high watermark 0 (kafka.cluster.Partition)
kafka-1-1  | 2026-09-25T22:52:10.681636291Z [2026-09-25 22:52:10,681] INFO [Partition __consumer_offsets-49 broker=1] Log loaded for partition __consumer_offsets-49 with initial high watermark 0 (kafka.cluster.Partition)
kafka-1-1  | 2026-09-25T22:52:10.683337659Z [2026-09-25 22:52:10,682] INFO [Partition dados-sensores-5 broker=1] Log loaded for partition dados-sensores-5 with initial high watermark 426 (kafka.cluster.Partition)
kafka-1-1  | 2026-09-25T22:52:10.683350803Z [2026-09-25 22:52:10,682] INFO [Partition __consumer_offsets-0 broker=1] Log loaded for partition __consumer_offsets-0 with initial high watermark 0 (kafka.cluster.Partition)
kafka-1-1  | 2026-09-25T22:52:10.684051057Z [2026-09-25 22:52:10,683] INFO [Partition __consumer_offsets-29 broker=1] Log loaded for partition __consumer_offsets-29 with initial high watermark 0 (kafka.cluster.Partition)
kafka-1-1  | 2026-09-25T22:52:10.684281667Z [2026-09-25 22:52:10,684] INFO [Partition __consumer_offsets-25 broker=1] Log loaded for partition __consumer_offsets-25 with initial high watermark 0 (kafka.cluster.Partition)
kafka-1-1  | 2026-09-25T22:52:10.684650948Z [2026-09-25 22:52:10,684] INFO [Partition __consumer_offsets-8 broker=1] Log loaded for partition __consumer_offsets-8 with initial high watermark 0 (kafka.cluster.Partition)
kafka-1-1  | 2026-09-25T22:52:10.685790725Z [2026-09-25 22:52:10,684] INFO [Partition __consumer_offsets-37 broker=1] Log loaded for partition __consumer_offsets-37 with initial high watermark 0 (kafka.cluster.Partition)
kafka-1-1  | 2026-09-25T22:52:10.685818624Z [2026-09-25 22:52:10,685] INFO [Partition dados-sensores-1 broker=1] Log loaded for partition dados-sensores-1 with initial high watermark 426 (kafka.cluster.Partition)
kafka-1-1  | 2026-09-25T22:52:10.685820237Z [2026-09-25 22:52:10,685] INFO [Partition __consumer_offsets-4 broker=1] Log loaded for partition __consumer_offsets-4 with initial high watermark 0 (kafka.cluster.Partition)
kafka-1-1  | 2026-09-25T22:52:10.687071742Z [2026-09-25 22:52:10,686] INFO [Partition __consumer_offsets-33 broker=1] Log loaded for partition __consumer_offsets-33 with initial high watermark 0 (kafka.cluster.Partition)
kafka-1-1  | 2026-09-25T22:52:10.687720904Z [2026-09-25 22:52:10,687] INFO [Partition __consumer_offsets-15 broker=1] Log loaded for partition __consumer_offsets-15 with initial high watermark 0 (kafka.cluster.Partition)
kafka-1-1  | 2026-09-25T22:52:10.688712998Z [2026-09-25 22:52:10,688] INFO [Partition __consumer_offsets-48 broker=1] Log loaded for partition __consumer_offsets-48 with initial high watermark 0 (kafka.cluster.Partition)
kafka-1-1  | 2026-09-25T22:52:10.688996403Z [2026-09-25 22:52:10,688] INFO [Partition __consumer_offsets-11 broker=1] Log loaded for partition __consumer_offsets-11 with initial high watermark 0 (kafka.cluster.Partition)
kafka-1-1  | 2026-09-25T22:52:10.689884950Z [2026-09-25 22:52:10,689] INFO [Partition __consumer_offsets-44 broker=1] Log loaded for partition __consumer_offsets-44 with initial high watermark 0 (kafka.cluster.Partition)
kafka-1-1  | 2026-09-25T22:52:10.690482132Z [2026-09-25 22:52:10,690] INFO [Partition __consumer_offsets-23 broker=1] Log loaded for partition __consumer_offsets-23 with initial high watermark 0 (kafka.cluster.Partition)
kafka-1-1  | 2026-09-25T22:52:10.691210494Z [2026-09-25 22:52:10,690] INFO [Partition __consumer_offsets-19 broker=1] Log loaded for partition __consumer_offsets-19 with initial high watermark 0 (kafka.cluster.Partition)
kafka-1-1  | 2026-09-25T22:52:10.691498237Z [2026-09-25 22:52:10,691] INFO [Partition __consumer_offsets-32 broker=1] Log loaded for partition __consumer_offsets-32 with initial high watermark 0 (kafka.cluster.Partition)
kafka-1-1  | 2026-09-25T22:52:10.692006384Z [2026-09-25 22:52:10,691] INFO [Partition __consumer_offsets-28 broker=1] Log loaded for partition __consumer_offsets-28 with initial high watermark 0 (kafka.cluster.Partition)
kafka-1-1  | 2026-09-25T22:52:10.692350599Z [2026-09-25 22:52:10,692] INFO [Partition __consumer_offsets-7 broker=1] Log loaded for partition __consumer_offsets-7 with initial high watermark 0 (kafka.cluster.Partition)
kafka-1-1  | 2026-09-25T22:52:10.693039796Z [2026-09-25 22:52:10,692] INFO [Partition __consumer_offsets-40 broker=1] Log loaded for partition __consumer_offsets-40 with initial high watermark 0 (kafka.cluster.Partition)
kafka-1-1  | 2026-09-25T22:52:10.693568756Z [2026-09-25 22:52:10,693] INFO [Partition __consumer_offsets-3 broker=1] Log loaded for partition __consumer_offsets-3 with initial high watermark 0 (kafka.cluster.Partition)
kafka-1-1  | 2026-09-25T22:52:10.693990630Z [2026-09-25 22:52:10,693] INFO [Partition __consumer_offsets-36 broker=1] Log loaded for partition __consumer_offsets-36 with initial high watermark 0 (kafka.cluster.Partition)
kafka-1-1  | 2026-09-25T22:52:10.694356144Z [2026-09-25 22:52:10,694] INFO [Partition dados-sensores-2 broker=1] Log loaded for partition dados-sensores-2 with initial high watermark 852 (kafka.cluster.Partition)
kafka-1-1  | 2026-09-25T22:52:10.694685197Z [2026-09-25 22:52:10,694] INFO [Partition __consumer_offsets-47 broker=1] Log loaded for partition __consumer_offsets-47 with initial high watermark 0 (kafka.cluster.Partition)
kafka-1-1  | 2026-09-25T22:52:10.695007935Z [2026-09-25 22:52:10,694] INFO [Partition __consumer_offsets-14 broker=1] Log loaded for partition __consumer_offsets-14 with initial high watermark 0 (kafka.cluster.Partition)
kafka-1-1  | 2026-09-25T22:52:10.695370510Z [2026-09-25 22:52:10,695] INFO [Partition __consumer_offsets-43 broker=1] Log loaded for partition __consumer_offsets-43 with initial high watermark 0 (kafka.cluster.Partition)
kafka-1-1  | 2026-09-25T22:52:10.695781699Z [2026-09-25 22:52:10,695] INFO [Partition __consumer_offsets-10 broker=1] Log loaded for partition __consumer_offsets-10 with initial high watermark 0 (kafka.cluster.Partition)
kafka-1-1  | 2026-09-25T22:52:10.696365905Z [2026-09-25 22:52:10,696] INFO [Partition __consumer_offsets-22 broker=1] Log loaded for partition __consumer_offsets-22 with initial high watermark 0 (kafka.cluster.Partition)
kafka-1-1  | 2026-09-25T22:52:10.696926941Z [2026-09-25 22:52:10,696] INFO [Partition __consumer_offsets-18 broker=1] Log loaded for partition __consumer_offsets-18 with initial high watermark 0 (kafka.cluster.Partition)
kafka-1-1  | 2026-09-25T22:52:10.697372177Z [2026-09-25 22:52:10,697] INFO [Partition __consumer_offsets-31 broker=1] Log loaded for partition __consumer_offsets-31 with initial high watermark 0 (kafka.cluster.Partition)
kafka-1-1  | 2026-09-25T22:52:10.698032458Z [2026-09-25 22:52:10,697] INFO [Partition __consumer_offsets-27 broker=1] Log loaded for partition __consumer_offsets-27 with initial high watermark 0 (kafka.cluster.Partition)
kafka-1-1  | 2026-09-25T22:52:10.698313700Z [2026-09-25 22:52:10,698] INFO [Partition __consumer_offsets-39 broker=1] Log loaded for partition __consumer_offsets-39 with initial high watermark 0 (kafka.cluster.Partition)
kafka-1-1  | 2026-09-25T22:52:10.698984604Z [2026-09-25 22:52:10,698] INFO [Partition __consumer_offsets-6 broker=1] Log loaded for partition __consumer_offsets-6 with initial high watermark 0 (kafka.cluster.Partition)
kafka-1-1  | 2026-09-25T22:52:10.699459120Z [2026-09-25 22:52:10,699] INFO [Partition __consumer_offsets-35 broker=1] Log loaded for partition __consumer_offsets-35 with initial high watermark 0 (kafka.cluster.Partition)
kafka-1-1  | 2026-09-25T22:52:10.700370843Z [2026-09-25 22:52:10,700] INFO [Partition dados-sensores-3 broker=1] Log loaded for partition dados-sensores-3 with initial high watermark 568 (kafka.cluster.Partition)
kafka-1-1  | 2026-09-25T22:52:10.701009590Z [2026-09-25 22:52:10,700] INFO [Partition __consumer_offsets-2 broker=1] Log loaded for partition __consumer_offsets-2 with initial high watermark 0 (kafka.cluster.Partition)
kafka-1-1  | 2026-09-25T22:52:10.702268915Z [2026-09-25 22:52:10,702] INFO [ReplicaFetcherManager on broker 1] Removed fetcher for partitions Set(__consumer_offsets-13, __consumer_offsets-46, __consumer_offsets-9, __consumer_offsets-42, __consumer_offsets-21, __consumer_offsets-17, dados-sensores-4, __consumer_offsets-30, __consumer_offsets-26, __consumer_offsets-5, __consumer_offsets-38, dados-sensores-0, __consumer_offsets-1, __consumer_offsets-34, __consumer_offsets-16, __consumer_offsets-45, __consumer_offsets-12, __consumer_offsets-41, __consumer_offsets-24, __consumer_offsets-20, __consumer_offsets-49, dados-sensores-5, __consumer_offsets-0, __consumer_offsets-29, __consumer_offsets-25, __consumer_offsets-8, __consumer_offsets-37, dados-sensores-1, __consumer_offsets-4, __consumer_offsets-33, __consumer_offsets-15, __consumer_offsets-48, __consumer_offsets-11, __consumer_offsets-44, __consumer_offsets-23, __consumer_offsets-19, __consumer_offsets-32, __consumer_offsets-28, __consumer_offsets-7, __consumer_offsets-40, __consumer_offsets-3, __consumer_offsets-36, dados-sensores-2, __consumer_offsets-47, __consumer_offsets-14, __consumer_offsets-43, __consumer_offsets-10, __consumer_offsets-22, __consumer_offsets-18, __consumer_offsets-31, __consumer_offsets-27, __consumer_offsets-39, __consumer_offsets-6, __consumer_offsets-35, dados-sensores-3, __consumer_offsets-2) (kafka.server.ReplicaFetcherManager)
kafka-1-1  | 2026-09-25T22:52:10.719309613Z [2026-09-25 22:52:10,718] INFO [ReplicaFetcherThread-0-2]: Starting (kafka.server.ReplicaFetcherThread)
kafka-1-1  | 2026-09-25T22:52:10.721892638Z [2026-09-25 22:52:10,721] INFO [ReplicaFetcherManager on broker 1] Added fetcher to broker 2 for partitions HashMap(__consumer_offsets-16 -> InitialFetchState(Some(z0JJoNscSBKv29UaLoZ9NQ),BrokerEndPoint(id=2, host=kafka-2:9092),2,0), __consumer_offsets-46 -> InitialFetchState(Some(z0JJoNscSBKv29UaLoZ9NQ),BrokerEndPoint(id=2, host=kafka-2:9092),2,0), __consumer_offsets-43 -> InitialFetchState(Some(z0JJoNscSBKv29UaLoZ9NQ),BrokerEndPoint(id=2, host=kafka-2:9092),1,0), __consumer_offsets-11 -> InitialFetchState(Some(z0JJoNscSBKv29UaLoZ9NQ),BrokerEndPoint(id=2, host=kafka-2:9092),1,0), __consumer_offsets-12 -> InitialFetchState(Some(z0JJoNscSBKv29UaLoZ9NQ),BrokerEndPoint(id=2, host=kafka-2:9092),1,0), __consumer_offsets-23 -> InitialFetchState(Some(z0JJoNscSBKv29UaLoZ9NQ),BrokerEndPoint(id=2, host=kafka-2:9092),2,0), __consumer_offsets-24 -> InitialFetchState(Some(z0JJoNscSBKv29UaLoZ9NQ),BrokerEndPoint(id=2, host=kafka-2:9092),1,0), __consumer_offsets-20 -> InitialFetchState(Some(z0JJoNscSBKv29UaLoZ9NQ),BrokerEndPoint(id=2, host=kafka-2:9092),2,0), __consumer_offsets-0 -> InitialFetchState(Some(z0JJoNscSBKv29UaLoZ9NQ),BrokerEndPoint(id=2, host=kafka-2:9092),1,0), dados-sensores-4 -> InitialFetchState(Some(bpNag2Q4SrSHzixJwrCS8Q),BrokerEndPoint(id=2, host=kafka-2:9092),1,575), __consumer_offsets-29 -> InitialFetchState(Some(z0JJoNscSBKv29UaLoZ9NQ),BrokerEndPoint(id=2, host=kafka-2:9092),1,0), __consumer_offsets-30 -> InitialFetchState(Some(z0JJoNscSBKv29UaLoZ9NQ),BrokerEndPoint(id=2, host=kafka-2:9092),2,0), __consumer_offsets-7 -> InitialFetchState(Some(z0JJoNscSBKv29UaLoZ9NQ),BrokerEndPoint(id=2, host=kafka-2:9092),1,0), __consumer_offsets-40 -> InitialFetchState(Some(z0JJoNscSBKv29UaLoZ9NQ),BrokerEndPoint(id=2, host=kafka-2:9092),1,0), __consumer_offsets-3 -> InitialFetchState(Some(z0JJoNscSBKv29UaLoZ9NQ),BrokerEndPoint(id=2, host=kafka-2:9092),1,0), __consumer_offsets-36 -> InitialFetchState(Some(z0JJoNscSBKv29UaLoZ9NQ),BrokerEndPoint(id=2, host=kafka-2:9092),2,0), __consumer_offsets-34 -> InitialFetchState(Some(z0JJoNscSBKv29UaLoZ9NQ),BrokerEndPoint(id=2, host=kafka-2:9092),2,0), dados-sensores-2 -> InitialFetchState(Some(bpNag2Q4SrSHzixJwrCS8Q),BrokerEndPoint(id=2, host=kafka-2:9092),1,863)) (kafka.server.ReplicaFetcherManager)
kafka-1-1  | 2026-09-25T22:52:10.723034525Z [2026-09-25 22:52:10,722] INFO [ReplicaFetcher replicaId=1, leaderId=2, fetcherId=0] Truncating partition __consumer_offsets-16 with TruncationState(offset=0, completed=true) due to local high watermark 0 (kafka.server.ReplicaFetcherThread)
kafka-1-1  | 2026-09-25T22:52:10.725889207Z [2026-09-25 22:52:10,725] INFO [ReplicaFetcherThread-0-3]: Starting (kafka.server.ReplicaFetcherThread)
kafka-1-1  | 2026-09-25T22:52:10.726522781Z [2026-09-25 22:52:10,726] INFO [ReplicaFetcher replicaId=1, leaderId=3, fetcherId=0] Truncating partition __consumer_offsets-15 with TruncationState(offset=0, completed=true) due to local high watermark 0 (kafka.server.ReplicaFetcherThread)
kafka-1-1  | 2026-09-25T22:52:10.726555913Z [2026-09-25 22:52:10,726] INFO [UnifiedLog partition=__consumer_offsets-16, dir=/var/lib/kafka/data] Truncating to 0 has no effect as the largest offset in the log is -1 (kafka.log.UnifiedLog)
kafka-1-1  | 2026-09-25T22:52:10.726641412Z [2026-09-25 22:52:10,726] INFO [UnifiedLog partition=__consumer_offsets-15, dir=/var/lib/kafka/data] Truncating to 0 has no effect as the largest offset in the log is -1 (kafka.log.UnifiedLog)
kafka-1-1  | 2026-09-25T22:52:10.727251041Z [2026-09-25 22:52:10,726] INFO [ReplicaFetcherManager on broker 1] Added fetcher to broker 3 for partitions HashMap(__consumer_offsets-15 -> InitialFetchState(Some(z0JJoNscSBKv29UaLoZ9NQ),BrokerEndPoint(id=3, host=kafka-3:9092),0,0), __consumer_offsets-48 -> InitialFetchState(Some(z0JJoNscSBKv29UaLoZ9NQ),BrokerEndPoint(id=3, host=kafka-3:9092),1,0), __consumer_offsets-13 -> InitialFetchState(Some(z0JJoNscSBKv29UaLoZ9NQ),BrokerEndPoint(id=3, host=kafka-3:9092),1,0), __consumer_offsets-44 -> InitialFetchState(Some(z0JJoNscSBKv29UaLoZ9NQ),BrokerEndPoint(id=3, host=kafka-3:9092),1,0), __consumer_offsets-9 -> InitialFetchState(Some(z0JJoNscSBKv29UaLoZ9NQ),BrokerEndPoint(id=3, host=kafka-3:9092),1,0), __consumer_offsets-42 -> InitialFetchState(Some(z0JJoNscSBKv29UaLoZ9NQ),BrokerEndPoint(id=3, host=kafka-3:9092),0,0), __consumer_offsets-21 -> InitialFetchState(Some(z0JJoNscSBKv29UaLoZ9NQ),BrokerEndPoint(id=3, host=kafka-3:9092),1,0), __consumer_offsets-19 -> InitialFetchState(Some(z0JJoNscSBKv29UaLoZ9NQ),BrokerEndPoint(id=3, host=kafka-3:9092),0,0), __consumer_offsets-17 -> InitialFetchState(Some(z0JJoNscSBKv29UaLoZ9NQ),BrokerEndPoint(id=3, host=kafka-3:9092),1,0), __consumer_offsets-32 -> InitialFetchState(Some(z0JJoNscSBKv29UaLoZ9NQ),BrokerEndPoint(id=3, host=kafka-3:9092),0,0), __consumer_offsets-28 -> InitialFetchState(Some(z0JJoNscSBKv29UaLoZ9NQ),BrokerEndPoint(id=3, host=kafka-3:9092),0,0), __consumer_offsets-26 -> InitialFetchState(Some(z0JJoNscSBKv29UaLoZ9NQ),BrokerEndPoint(id=3, host=kafka-3:9092),0,0), __consumer_offsets-5 -> InitialFetchState(Some(z0JJoNscSBKv29UaLoZ9NQ),BrokerEndPoint(id=3, host=kafka-3:9092),0,182), __consumer_offsets-38 -> InitialFetchState(Some(z0JJoNscSBKv29UaLoZ9NQ),BrokerEndPoint(id=3, host=kafka-3:9092),0,0), dados-sensores-0 -> InitialFetchState(Some(bpNag2Q4SrSHzixJwrCS8Q),BrokerEndPoint(id=3, host=kafka-3:9092),1,574), __consumer_offsets-1 -> InitialFetchState(Some(z0JJoNscSBKv29UaLoZ9NQ),BrokerEndPoint(id=3, host=kafka-3:9092),1,0), __consumer_offsets-47 -> InitialFetchState(Some(z0JJoNscSBKv29UaLoZ9NQ),BrokerEndPoint(id=3, host=kafka-3:9092),1,0), __consumer_offsets-45 -> InitialFetchState(Some(z0JJoNscSBKv29UaLoZ9NQ),BrokerEndPoint(id=3, host=kafka-3:9092),0,0), __consumer_offsets-14 -> InitialFetchState(Some(z0JJoNscSBKv29UaLoZ9NQ),BrokerEndPoint(id=3, host=kafka-3:9092),0,0), __consumer_offsets-41 -> InitialFetchState(Some(z0JJoNscSBKv29UaLoZ9NQ),BrokerEndPoint(id=3, host=kafka-3:9092),1,0), __consumer_offsets-10 -> InitialFetchState(Some(z0JJoNscSBKv29UaLoZ9NQ),BrokerEndPoint(id=3, host=kafka-3:9092),0,0), __consumer_offsets-22 -> InitialFetchState(Some(z0JJoNscSBKv29UaLoZ9NQ),BrokerEndPoint(id=3, host=kafka-3:9092),0,0), __consumer_offsets-49 -> InitialFetchState(Some(z0JJoNscSBKv29UaLoZ9NQ),BrokerEndPoint(id=3, host=kafka-3:9092),0,0), __consumer_offsets-18 -> InitialFetchState(Some(z0JJoNscSBKv29UaLoZ9NQ),BrokerEndPoint(id=3, host=kafka-3:9092),1,0), __consumer_offsets-31 -> InitialFetchState(Some(z0JJoNscSBKv29UaLoZ9NQ),BrokerEndPoint(id=3, host=kafka-3:9092),1,0), dados-sensores-5 -> InitialFetchState(Some(bpNag2Q4SrSHzixJwrCS8Q),BrokerEndPoint(id=3, host=kafka-3:9092),1,432), __consumer_offsets-27 -> InitialFetchState(Some(z0JJoNscSBKv29UaLoZ9NQ),BrokerEndPoint(id=3, host=kafka-3:9092),1,0), __consumer_offsets-25 -> InitialFetchState(Some(z0JJoNscSBKv29UaLoZ9NQ),BrokerEndPoint(id=3, host=kafka-3:9092),1,0), __consumer_offsets-39 -> InitialFetchState(Some(z0JJoNscSBKv29UaLoZ9NQ),BrokerEndPoint(id=3, host=kafka-3:9092),0,0), __consumer_offsets-8 -> InitialFetchState(Some(z0JJoNscSBKv29UaLoZ9NQ),BrokerEndPoint(id=3, host=kafka-3:9092),1,0), __consumer_offsets-37 -> InitialFetchState(Some(z0JJoNscSBKv29UaLoZ9NQ),BrokerEndPoint(id=3, host=kafka-3:9092),1,0), __consumer_offsets-6 -> InitialFetchState(Some(z0JJoNscSBKv29UaLoZ9NQ),BrokerEndPoint(id=3, host=kafka-3:9092),0,0), __consumer_offsets-35 -> InitialFetchState(Some(z0JJoNscSBKv29UaLoZ9NQ),BrokerEndPoint(id=3, host=kafka-3:9092),1,0), dados-sensores-1 -> InitialFetchState(Some(bpNag2Q4SrSHzixJwrCS8Q),BrokerEndPoint(id=3, host=kafka-3:9092),0,430), __consumer_offsets-4 -> InitialFetchState(Some(z0JJoNscSBKv29UaLoZ9NQ),BrokerEndPoint(id=3, host=kafka-3:9092),1,0), __consumer_offsets-33 -> InitialFetchState(Some(z0JJoNscSBKv29UaLoZ9NQ),BrokerEndPoint(id=3, host=kafka-3:9092),0,0), dados-sensores-3 -> InitialFetchState(Some(bpNag2Q4SrSHzixJwrCS8Q),BrokerEndPoint(id=3, host=kafka-3:9092),0,574), __consumer_offsets-2 -> InitialFetchState(Some(z0JJoNscSBKv29UaLoZ9NQ),BrokerEndPoint(id=3, host=kafka-3:9092),0,0)) (kafka.server.ReplicaFetcherManager)
kafka-1-1  | 2026-09-25T22:52:10.727850864Z [2026-09-25 22:52:10,727] INFO [ReplicaFetcher replicaId=1, leaderId=2, fetcherId=0] Truncating partition __consumer_offsets-46 with TruncationState(offset=0, completed=true) due to local high watermark 0 (kafka.server.ReplicaFetcherThread)
kafka-1-1  | 2026-09-25T22:52:10.727866693Z [2026-09-25 22:52:10,727] INFO [ReplicaFetcher replicaId=1, leaderId=3, fetcherId=0] Truncating partition __consumer_offsets-48 with TruncationState(offset=0, completed=true) due to local high watermark 0 (kafka.server.ReplicaFetcherThread)
kafka-1-1  | 2026-09-25T22:52:10.728022356Z [2026-09-25 22:52:10,727] INFO [UnifiedLog partition=__consumer_offsets-48, dir=/var/lib/kafka/data] Truncating to 0 has no effect as the largest offset in the log is -1 (kafka.log.UnifiedLog)
kafka-1-1  | 2026-09-25T22:52:10.728031220Z [2026-09-25 22:52:10,727] INFO [UnifiedLog partition=__consumer_offsets-46, dir=/var/lib/kafka/data] Truncating to 0 has no effect as the largest offset in the log is -1 (kafka.log.UnifiedLog)
kafka-1-1  | 2026-09-25T22:52:10.728034783Z [2026-09-25 22:52:10,727] INFO [ReplicaFetcher replicaId=1, leaderId=3, fetcherId=0] Truncating partition __consumer_offsets-13 with TruncationState(offset=0, completed=true) due to local high watermark 0 (kafka.server.ReplicaFetcherThread)
kafka-1-1  | 2026-09-25T22:52:10.728200375Z [2026-09-25 22:52:10,728] INFO [ReplicaFetcher replicaId=1, leaderId=2, fetcherId=0] Truncating partition __consumer_offsets-43 with TruncationState(offset=0, completed=true) due to local high watermark 0 (kafka.server.ReplicaFetcherThread)
kafka-1-1  | 2026-09-25T22:52:10.728215690Z [2026-09-25 22:52:10,728] INFO [UnifiedLog partition=__consumer_offsets-13, dir=/var/lib/kafka/data] Truncating to 0 has no effect as the largest offset in the log is -1 (kafka.log.UnifiedLog)
kafka-1-1  | 2026-09-25T22:52:10.728409476Z [2026-09-25 22:52:10,728] INFO [UnifiedLog partition=__consumer_offsets-43, dir=/var/lib/kafka/data] Truncating to 0 has no effect as the largest offset in the log is -1 (kafka.log.UnifiedLog)
kafka-1-1  | 2026-09-25T22:52:10.728422512Z [2026-09-25 22:52:10,728] INFO [ReplicaFetcher replicaId=1, leaderId=3, fetcherId=0] Truncating partition __consumer_offsets-44 with TruncationState(offset=0, completed=true) due to local high watermark 0 (kafka.server.ReplicaFetcherThread)
kafka-1-1  | 2026-09-25T22:52:10.728426626Z [2026-09-25 22:52:10,728] INFO [UnifiedLog partition=__consumer_offsets-44, dir=/var/lib/kafka/data] Truncating to 0 has no effect as the largest offset in the log is -1 (kafka.log.UnifiedLog)
kafka-1-1  | 2026-09-25T22:52:10.728502412Z [2026-09-25 22:52:10,728] INFO [ReplicaFetcher replicaId=1, leaderId=2, fetcherId=0] Truncating partition __consumer_offsets-11 with TruncationState(offset=0, completed=true) due to local high watermark 0 (kafka.server.ReplicaFetcherThread)
kafka-1-1  | 2026-09-25T22:52:10.728514272Z [2026-09-25 22:52:10,728] INFO [ReplicaFetcher replicaId=1, leaderId=3, fetcherId=0] Truncating partition __consumer_offsets-9 with TruncationState(offset=0, completed=true) due to local high watermark 0 (kafka.server.ReplicaFetcherThread)
kafka-1-1  | 2026-09-25T22:52:10.728537192Z [2026-09-25 22:52:10,728] INFO [UnifiedLog partition=__consumer_offsets-9, dir=/var/lib/kafka/data] Truncating to 0 has no effect as the largest offset in the log is -1 (kafka.log.UnifiedLog)
kafka-1-1  | 2026-09-25T22:52:10.728541288Z [2026-09-25 22:52:10,728] INFO [UnifiedLog partition=__consumer_offsets-11, dir=/var/lib/kafka/data] Truncating to 0 has no effect as the largest offset in the log is -1 (kafka.log.UnifiedLog)
kafka-1-1  | 2026-09-25T22:52:10.728604663Z [2026-09-25 22:52:10,728] INFO [ReplicaFetcher replicaId=1, leaderId=3, fetcherId=0] Truncating partition __consumer_offsets-42 with TruncationState(offset=0, completed=true) due to local high watermark 0 (kafka.server.ReplicaFetcherThread)
kafka-1-1  | 2026-09-25T22:52:10.728637761Z [2026-09-25 22:52:10,728] INFO [UnifiedLog partition=__consumer_offsets-42, dir=/var/lib/kafka/data] Truncating to 0 has no effect as the largest offset in the log is -1 (kafka.log.UnifiedLog)
kafka-1-1  | 2026-09-25T22:52:10.728646599Z [2026-09-25 22:52:10,728] INFO [ReplicaFetcher replicaId=1, leaderId=2, fetcherId=0] Truncating partition __consumer_offsets-12 with TruncationState(offset=0, completed=true) due to local high watermark 0 (kafka.server.ReplicaFetcherThread)
kafka-1-1  | 2026-09-25T22:52:10.728890292Z [2026-09-25 22:52:10,728] INFO [ReplicaFetcher replicaId=1, leaderId=3, fetcherId=0] Truncating partition __consumer_offsets-21 with TruncationState(offset=0, completed=true) due to local high watermark 0 (kafka.server.ReplicaFetcherThread)
kafka-1-1  | 2026-09-25T22:52:10.728901889Z [2026-09-25 22:52:10,728] INFO [UnifiedLog partition=__consumer_offsets-21, dir=/var/lib/kafka/data] Truncating to 0 has no effect as the largest offset in the log is -1 (kafka.log.UnifiedLog)
kafka-1-1  | 2026-09-25T22:52:10.728905109Z [2026-09-25 22:52:10,728] INFO [ReplicaFetcher replicaId=1, leaderId=3, fetcherId=0] Truncating partition __consumer_offsets-19 with TruncationState(offset=0, completed=true) due to local high watermark 0 (kafka.server.ReplicaFetcherThread)
kafka-1-1  | 2026-09-25T22:52:10.728908097Z [2026-09-25 22:52:10,728] INFO [UnifiedLog partition=__consumer_offsets-12, dir=/var/lib/kafka/data] Truncating to 0 has no effect as the largest offset in the log is -1 (kafka.log.UnifiedLog)
kafka-1-1  | 2026-09-25T22:52:10.728910693Z [2026-09-25 22:52:10,728] INFO [UnifiedLog partition=__consumer_offsets-19, dir=/var/lib/kafka/data] Truncating to 0 has no effect as the largest offset in the log is -1 (kafka.log.UnifiedLog)
kafka-1-1  | 2026-09-25T22:52:10.728913178Z [2026-09-25 22:52:10,728] INFO [ReplicaFetcher replicaId=1, leaderId=3, fetcherId=0] Truncating partition __consumer_offsets-17 with TruncationState(offset=0, completed=true) due to local high watermark 0 (kafka.server.ReplicaFetcherThread)
kafka-1-1  | 2026-09-25T22:52:10.728915830Z [2026-09-25 22:52:10,728] INFO [ReplicaFetcher replicaId=1, leaderId=2, fetcherId=0] Truncating partition __consumer_offsets-23 with TruncationState(offset=0, completed=true) due to local high watermark 0 (kafka.server.ReplicaFetcherThread)
kafka-1-1  | 2026-09-25T22:52:10.728985462Z [2026-09-25 22:52:10,728] INFO [UnifiedLog partition=__consumer_offsets-17, dir=/var/lib/kafka/data] Truncating to 0 has no effect as the largest offset in the log is -1 (kafka.log.UnifiedLog)
kafka-1-1  | 2026-09-25T22:52:10.728997465Z [2026-09-25 22:52:10,728] INFO [ReplicaFetcher replicaId=1, leaderId=3, fetcherId=0] Truncating partition __consumer_offsets-32 with TruncationState(offset=0, completed=true) due to local high watermark 0 (kafka.server.ReplicaFetcherThread)
kafka-1-1  | 2026-09-25T22:52:10.729109643Z [2026-09-25 22:52:10,728] INFO [UnifiedLog partition=__consumer_offsets-23, dir=/var/lib/kafka/data] Truncating to 0 has no effect as the largest offset in the log is -1 (kafka.log.UnifiedLog)
kafka-1-1  | 2026-09-25T22:52:10.729145584Z [2026-09-25 22:52:10,728] INFO [UnifiedLog partition=__consumer_offsets-32, dir=/var/lib/kafka/data] Truncating to 0 has no effect as the largest offset in the log is -1 (kafka.log.UnifiedLog)
kafka-1-1  | 2026-09-25T22:52:10.729151372Z [2026-09-25 22:52:10,729] INFO [ReplicaFetcher replicaId=1, leaderId=3, fetcherId=0] Truncating partition __consumer_offsets-28 with TruncationState(offset=0, completed=true) due to local high watermark 0 (kafka.server.ReplicaFetcherThread)
kafka-1-1  | 2026-09-25T22:52:10.729366809Z [2026-09-25 22:52:10,729] INFO [UnifiedLog partition=__consumer_offsets-28, dir=/var/lib/kafka/data] Truncating to 0 has no effect as the largest offset in the log is -1 (kafka.log.UnifiedLog)
kafka-1-1  | 2026-09-25T22:52:10.729379047Z [2026-09-25 22:52:10,729] INFO [ReplicaFetcher replicaId=1, leaderId=2, fetcherId=0] Truncating partition __consumer_offsets-24 with TruncationState(offset=0, completed=true) due to local high watermark 0 (kafka.server.ReplicaFetcherThread)
kafka-1-1  | 2026-09-25T22:52:10.729382672Z [2026-09-25 22:52:10,729] INFO [ReplicaFetcher replicaId=1, leaderId=3, fetcherId=0] Truncating partition __consumer_offsets-26 with TruncationState(offset=0, completed=true) due to local high watermark 0 (kafka.server.ReplicaFetcherThread)
kafka-1-1  | 2026-09-25T22:52:10.729385515Z [2026-09-25 22:52:10,729] INFO [UnifiedLog partition=__consumer_offsets-26, dir=/var/lib/kafka/data] Truncating to 0 has no effect as the largest offset in the log is -1 (kafka.log.UnifiedLog)
kafka-1-1  | 2026-09-25T22:52:10.729388304Z [2026-09-25 22:52:10,729] INFO [ReplicaFetcher replicaId=1, leaderId=3, fetcherId=0] Truncating partition __consumer_offsets-38 with TruncationState(offset=0, completed=true) due to local high watermark 0 (kafka.server.ReplicaFetcherThread)
kafka-1-1  | 2026-09-25T22:52:10.729390941Z [2026-09-25 22:52:10,729] INFO [UnifiedLog partition=__consumer_offsets-24, dir=/var/lib/kafka/data] Truncating to 0 has no effect as the largest offset in the log is -1 (kafka.log.UnifiedLog)
kafka-1-1  | 2026-09-25T22:52:10.729393537Z [2026-09-25 22:52:10,729] INFO [UnifiedLog partition=__consumer_offsets-38, dir=/var/lib/kafka/data] Truncating to 0 has no effect as the largest offset in the log is -1 (kafka.log.UnifiedLog)
kafka-1-1  | 2026-09-25T22:52:10.729396050Z [2026-09-25 22:52:10,729] INFO [ReplicaFetcher replicaId=1, leaderId=3, fetcherId=0] Truncating partition __consumer_offsets-1 with TruncationState(offset=0, completed=true) due to local high watermark 0 (kafka.server.ReplicaFetcherThread)
kafka-1-1  | 2026-09-25T22:52:10.729398770Z [2026-09-25 22:52:10,729] INFO [UnifiedLog partition=__consumer_offsets-1, dir=/var/lib/kafka/data] Truncating to 0 has no effect as the largest offset in the log is -1 (kafka.log.UnifiedLog)
kafka-1-1  | 2026-09-25T22:52:10.729410662Z [2026-09-25 22:52:10,729] INFO [ReplicaFetcher replicaId=1, leaderId=2, fetcherId=0] Truncating partition __consumer_offsets-20 with TruncationState(offset=0, completed=true) due to local high watermark 0 (kafka.server.ReplicaFetcherThread)
kafka-1-1  | 2026-09-25T22:52:10.729444721Z [2026-09-25 22:52:10,729] INFO [ReplicaFetcher replicaId=1, leaderId=3, fetcherId=0] Truncating partition __consumer_offsets-47 with TruncationState(offset=0, completed=true) due to local high watermark 0 (kafka.server.ReplicaFetcherThread)
kafka-1-1  | 2026-09-25T22:52:10.729492597Z [2026-09-25 22:52:10,729] INFO [UnifiedLog partition=__consumer_offsets-47, dir=/var/lib/kafka/data] Truncating to 0 has no effect as the largest offset in the log is -1 (kafka.log.UnifiedLog)
kafka-1-1  | 2026-09-25T22:52:10.729545125Z [2026-09-25 22:52:10,729] INFO [UnifiedLog partition=__consumer_offsets-20, dir=/var/lib/kafka/data] Truncating to 0 has no effect as the largest offset in the log is -1 (kafka.log.UnifiedLog)
kafka-1-1  | 2026-09-25T22:52:10.729657366Z [2026-09-25 22:52:10,729] INFO [ReplicaFetcher replicaId=1, leaderId=3, fetcherId=0] Truncating partition __consumer_offsets-45 with TruncationState(offset=0, completed=true) due to local high watermark 0 (kafka.server.ReplicaFetcherThread)
kafka-1-1  | 2026-09-25T22:52:10.729668929Z [2026-09-25 22:52:10,729] INFO [UnifiedLog partition=__consumer_offsets-45, dir=/var/lib/kafka/data] Truncating to 0 has no effect as the largest offset in the log is -1 (kafka.log.UnifiedLog)
kafka-1-1  | 2026-09-25T22:52:10.729770476Z [2026-09-25 22:52:10,729] INFO [ReplicaFetcher replicaId=1, leaderId=2, fetcherId=0] Truncating partition __consumer_offsets-0 with TruncationState(offset=0, completed=true) due to local high watermark 0 (kafka.server.ReplicaFetcherThread)
kafka-1-1  | 2026-09-25T22:52:10.729781275Z [2026-09-25 22:52:10,729] INFO [ReplicaFetcher replicaId=1, leaderId=3, fetcherId=0] Truncating partition __consumer_offsets-14 with TruncationState(offset=0, completed=true) due to local high watermark 0 (kafka.server.ReplicaFetcherThread)
kafka-1-1  | 2026-09-25T22:52:10.729847109Z [2026-09-25 22:52:10,729] INFO [UnifiedLog partition=__consumer_offsets-14, dir=/var/lib/kafka/data] Truncating to 0 has no effect as the largest offset in the log is -1 (kafka.log.UnifiedLog)
kafka-1-1  | 2026-09-25T22:52:10.729855461Z [2026-09-25 22:52:10,729] INFO [UnifiedLog partition=__consumer_offsets-0, dir=/var/lib/kafka/data] Truncating to 0 has no effect as the largest offset in the log is -1 (kafka.log.UnifiedLog)
kafka-1-1  | 2026-09-25T22:52:10.729930807Z [2026-09-25 22:52:10,729] INFO [ReplicaFetcher replicaId=1, leaderId=3, fetcherId=0] Truncating partition __consumer_offsets-41 with TruncationState(offset=0, completed=true) due to local high watermark 0 (kafka.server.ReplicaFetcherThread)
kafka-1-1  | 2026-09-25T22:52:10.730027175Z [2026-09-25 22:52:10,729] INFO [ReplicaFetcher replicaId=1, leaderId=2, fetcherId=0] Truncating partition __consumer_offsets-29 with TruncationState(offset=0, completed=true) due to local high watermark 0 (kafka.server.ReplicaFetcherThread)
kafka-1-1  | 2026-09-25T22:52:10.730063018Z [2026-09-25 22:52:10,729] INFO [UnifiedLog partition=__consumer_offsets-41, dir=/var/lib/kafka/data] Truncating to 0 has no effect as the largest offset in the log is -1 (kafka.log.UnifiedLog)
kafka-1-1  | 2026-09-25T22:52:10.730131052Z [2026-09-25 22:52:10,730] INFO [UnifiedLog partition=__consumer_offsets-29, dir=/var/lib/kafka/data] Truncating to 0 has no effect as the largest offset in the log is -1 (kafka.log.UnifiedLog)
kafka-1-1  | 2026-09-25T22:52:10.730205905Z [2026-09-25 22:52:10,730] INFO [ReplicaFetcher replicaId=1, leaderId=3, fetcherId=0] Truncating partition __consumer_offsets-10 with TruncationState(offset=0, completed=true) due to local high watermark 0 (kafka.server.ReplicaFetcherThread)
kafka-1-1  | 2026-09-25T22:52:10.730381195Z [2026-09-25 22:52:10,730] INFO [ReplicaFetcher replicaId=1, leaderId=2, fetcherId=0] Truncating partition __consumer_offsets-30 with TruncationState(offset=0, completed=true) due to local high watermark 0 (kafka.server.ReplicaFetcherThread)
kafka-1-1  | 2026-09-25T22:52:10.730428974Z [2026-09-25 22:52:10,730] INFO [UnifiedLog partition=__consumer_offsets-30, dir=/var/lib/kafka/data] Truncating to 0 has no effect as the largest offset in the log is -1 (kafka.log.UnifiedLog)
kafka-1-1  | 2026-09-25T22:52:10.730662925Z [2026-09-25 22:52:10,730] INFO [UnifiedLog partition=__consumer_offsets-10, dir=/var/lib/kafka/data] Truncating to 0 has no effect as the largest offset in the log is -1 (kafka.log.UnifiedLog)
kafka-1-1  | 2026-09-25T22:52:10.730680897Z [2026-09-25 22:52:10,730] INFO [ReplicaFetcher replicaId=1, leaderId=2, fetcherId=0] Truncating partition __consumer_offsets-7 with TruncationState(offset=0, completed=true) due to local high watermark 0 (kafka.server.ReplicaFetcherThread)
kafka-1-1  | 2026-09-25T22:52:10.730690420Z [2026-09-25 22:52:10,730] INFO [UnifiedLog partition=__consumer_offsets-7, dir=/var/lib/kafka/data] Truncating to 0 has no effect as the largest offset in the log is -1 (kafka.log.UnifiedLog)
kafka-1-1  | 2026-09-25T22:52:10.730754737Z [2026-09-25 22:52:10,730] INFO [ReplicaFetcher replicaId=1, leaderId=3, fetcherId=0] Truncating partition __consumer_offsets-22 with TruncationState(offset=0, completed=true) due to local high watermark 0 (kafka.server.ReplicaFetcherThread)
kafka-1-1  | 2026-09-25T22:52:10.730811839Z [2026-09-25 22:52:10,730] INFO [UnifiedLog partition=__consumer_offsets-22, dir=/var/lib/kafka/data] Truncating to 0 has no effect as the largest offset in the log is -1 (kafka.log.UnifiedLog)
kafka-1-1  | 2026-09-25T22:52:10.731081155Z [2026-09-25 22:52:10,730] INFO [ReplicaFetcher replicaId=1, leaderId=2, fetcherId=0] Truncating partition __consumer_offsets-40 with TruncationState(offset=0, completed=true) due to local high watermark 0 (kafka.server.ReplicaFetcherThread)
kafka-1-1  | 2026-09-25T22:52:10.731099557Z [2026-09-25 22:52:10,730] INFO [ReplicaFetcher replicaId=1, leaderId=3, fetcherId=0] Truncating partition __consumer_offsets-49 with TruncationState(offset=0, completed=true) due to local high watermark 0 (kafka.server.ReplicaFetcherThread)
kafka-1-1  | 2026-09-25T22:52:10.731204979Z [2026-09-25 22:52:10,731] INFO [UnifiedLog partition=__consumer_offsets-40, dir=/var/lib/kafka/data] Truncating to 0 has no effect as the largest offset in the log is -1 (kafka.log.UnifiedLog)
kafka-1-1  | 2026-09-25T22:52:10.731220358Z [2026-09-25 22:52:10,731] INFO [UnifiedLog partition=__consumer_offsets-49, dir=/var/lib/kafka/data] Truncating to 0 has no effect as the largest offset in the log is -1 (kafka.log.UnifiedLog)
kafka-1-1  | 2026-09-25T22:52:10.731502442Z [2026-09-25 22:52:10,731] INFO [ReplicaFetcher replicaId=1, leaderId=3, fetcherId=0] Truncating partition __consumer_offsets-18 with TruncationState(offset=0, completed=true) due to local high watermark 0 (kafka.server.ReplicaFetcherThread)
kafka-1-1  | 2026-09-25T22:52:10.731518984Z [2026-09-25 22:52:10,731] INFO [ReplicaFetcher replicaId=1, leaderId=2, fetcherId=0] Truncating partition __consumer_offsets-3 with TruncationState(offset=0, completed=true) due to local high watermark 0 (kafka.server.ReplicaFetcherThread)
kafka-1-1  | 2026-09-25T22:52:10.731522381Z [2026-09-25 22:52:10,731] INFO [UnifiedLog partition=__consumer_offsets-18, dir=/var/lib/kafka/data] Truncating to 0 has no effect as the largest offset in the log is -1 (kafka.log.UnifiedLog)
kafka-1-1  | 2026-09-25T22:52:10.731681757Z [2026-09-25 22:52:10,731] INFO [UnifiedLog partition=__consumer_offsets-3, dir=/var/lib/kafka/data] Truncating to 0 has no effect as the largest offset in the log is -1 (kafka.log.UnifiedLog)
kafka-1-1  | 2026-09-25T22:52:10.731695331Z [2026-09-25 22:52:10,731] INFO [ReplicaFetcher replicaId=1, leaderId=3, fetcherId=0] Truncating partition __consumer_offsets-31 with TruncationState(offset=0, completed=true) due to local high watermark 0 (kafka.server.ReplicaFetcherThread)
kafka-1-1  | 2026-09-25T22:52:10.731848406Z [2026-09-25 22:52:10,731] INFO [UnifiedLog partition=__consumer_offsets-31, dir=/var/lib/kafka/data] Truncating to 0 has no effect as the largest offset in the log is -1 (kafka.log.UnifiedLog)
kafka-1-1  | 2026-09-25T22:52:10.731859998Z [2026-09-25 22:52:10,731] INFO [ReplicaFetcher replicaId=1, leaderId=2, fetcherId=0] Truncating partition __consumer_offsets-36 with TruncationState(offset=0, completed=true) due to local high watermark 0 (kafka.server.ReplicaFetcherThread)
kafka-1-1  | 2026-09-25T22:52:10.731964243Z [2026-09-25 22:52:10,731] INFO [ReplicaFetcher replicaId=1, leaderId=3, fetcherId=0] Truncating partition __consumer_offsets-27 with TruncationState(offset=0, completed=true) due to local high watermark 0 (kafka.server.ReplicaFetcherThread)
kafka-1-1  | 2026-09-25T22:52:10.732150089Z [2026-09-25 22:52:10,732] INFO [UnifiedLog partition=__consumer_offsets-36, dir=/var/lib/kafka/data] Truncating to 0 has no effect as the largest offset in the log is -1 (kafka.log.UnifiedLog)
kafka-1-1  | 2026-09-25T22:52:10.732901379Z [2026-09-25 22:52:10,732] INFO [UnifiedLog partition=__consumer_offsets-27, dir=/var/lib/kafka/data] Truncating to 0 has no effect as the largest offset in the log is -1 (kafka.log.UnifiedLog)
kafka-1-1  | 2026-09-25T22:52:10.733345375Z [2026-09-25 22:52:10,733] INFO [ReplicaFetcher replicaId=1, leaderId=3, fetcherId=0] Truncating partition __consumer_offsets-25 with TruncationState(offset=0, completed=true) due to local high watermark 0 (kafka.server.ReplicaFetcherThread)
kafka-1-1  | 2026-09-25T22:52:10.733356946Z [2026-09-25 22:52:10,733] INFO [ReplicaFetcher replicaId=1, leaderId=2, fetcherId=0] Truncating partition __consumer_offsets-34 with TruncationState(offset=0, completed=true) due to local high watermark 0 (kafka.server.ReplicaFetcherThread)
kafka-1-1  | 2026-09-25T22:52:10.733694451Z [2026-09-25 22:52:10,733] INFO [UnifiedLog partition=__consumer_offsets-25, dir=/var/lib/kafka/data] Truncating to 0 has no effect as the largest offset in the log is -1 (kafka.log.UnifiedLog)
kafka-1-1  | 2026-09-25T22:52:10.733710543Z [2026-09-25 22:52:10,733] INFO [UnifiedLog partition=__consumer_offsets-34, dir=/var/lib/kafka/data] Truncating to 0 has no effect as the largest offset in the log is -1 (kafka.log.UnifiedLog)
kafka-1-1  | 2026-09-25T22:52:10.733871205Z [2026-09-25 22:52:10,733] INFO [ReplicaFetcher replicaId=1, leaderId=3, fetcherId=0] Truncating partition __consumer_offsets-39 with TruncationState(offset=0, completed=true) due to local high watermark 0 (kafka.server.ReplicaFetcherThread)
kafka-1-1  | 2026-09-25T22:52:10.733892993Z [2026-09-25 22:52:10,733] INFO [UnifiedLog partition=__consumer_offsets-39, dir=/var/lib/kafka/data] Truncating to 0 has no effect as the largest offset in the log is -1 (kafka.log.UnifiedLog)
kafka-1-1  | 2026-09-25T22:52:10.734169029Z [2026-09-25 22:52:10,733] INFO [ReplicaFetcher replicaId=1, leaderId=3, fetcherId=0] Truncating partition __consumer_offsets-8 with TruncationState(offset=0, completed=true) due to local high watermark 0 (kafka.server.ReplicaFetcherThread)
kafka-1-1  | 2026-09-25T22:52:10.734289525Z [2026-09-25 22:52:10,734] INFO [UnifiedLog partition=__consumer_offsets-8, dir=/var/lib/kafka/data] Truncating to 0 has no effect as the largest offset in the log is -1 (kafka.log.UnifiedLog)
kafka-1-1  | 2026-09-25T22:52:10.734604568Z [2026-09-25 22:52:10,734] INFO [ReplicaFetcher replicaId=1, leaderId=3, fetcherId=0] Truncating partition __consumer_offsets-37 with TruncationState(offset=0, completed=true) due to local high watermark 0 (kafka.server.ReplicaFetcherThread)
kafka-1-1  | 2026-09-25T22:52:10.734757191Z [2026-09-25 22:52:10,734] INFO [UnifiedLog partition=__consumer_offsets-37, dir=/var/lib/kafka/data] Truncating to 0 has no effect as the largest offset in the log is -1 (kafka.log.UnifiedLog)
kafka-1-1  | 2026-09-25T22:52:10.735239462Z [2026-09-25 22:52:10,735] INFO [ReplicaFetcher replicaId=1, leaderId=3, fetcherId=0] Truncating partition __consumer_offsets-6 with TruncationState(offset=0, completed=true) due to local high watermark 0 (kafka.server.ReplicaFetcherThread)
kafka-1-1  | 2026-09-25T22:52:10.736202324Z [2026-09-25 22:52:10,735] INFO [UnifiedLog partition=__consumer_offsets-6, dir=/var/lib/kafka/data] Truncating to 0 has no effect as the largest offset in the log is -1 (kafka.log.UnifiedLog)
kafka-1-1  | 2026-09-25T22:52:10.736851677Z [2026-09-25 22:52:10,736] INFO [ReplicaFetcher replicaId=1, leaderId=3, fetcherId=0] Truncating partition __consumer_offsets-35 with TruncationState(offset=0, completed=true) due to local high watermark 0 (kafka.server.ReplicaFetcherThread)
kafka-1-1  | 2026-09-25T22:52:10.737381911Z [2026-09-25 22:52:10,736] INFO [UnifiedLog partition=__consumer_offsets-35, dir=/var/lib/kafka/data] Truncating to 0 has no effect as the largest offset in the log is -1 (kafka.log.UnifiedLog)
kafka-1-1  | 2026-09-25T22:52:10.737420028Z [2026-09-25 22:52:10,737] INFO [ReplicaFetcher replicaId=1, leaderId=3, fetcherId=0] Truncating partition __consumer_offsets-4 with TruncationState(offset=0, completed=true) due to local high watermark 0 (kafka.server.ReplicaFetcherThread)
kafka-1-1  | 2026-09-25T22:52:10.737672433Z [2026-09-25 22:52:10,737] INFO [UnifiedLog partition=__consumer_offsets-4, dir=/var/lib/kafka/data] Truncating to 0 has no effect as the largest offset in the log is -1 (kafka.log.UnifiedLog)
kafka-1-1  | 2026-09-25T22:52:10.737695080Z [2026-09-25 22:52:10,737] INFO [ReplicaFetcher replicaId=1, leaderId=3, fetcherId=0] Truncating partition __consumer_offsets-33 with TruncationState(offset=0, completed=true) due to local high watermark 0 (kafka.server.ReplicaFetcherThread)
kafka-1-1  | 2026-09-25T22:52:10.737953263Z [2026-09-25 22:52:10,737] INFO [UnifiedLog partition=__consumer_offsets-33, dir=/var/lib/kafka/data] Truncating to 0 has no effect as the largest offset in the log is -1 (kafka.log.UnifiedLog)
kafka-1-1  | 2026-09-25T22:52:10.737964777Z [2026-09-25 22:52:10,737] INFO [ReplicaFetcher replicaId=1, leaderId=3, fetcherId=0] Truncating partition __consumer_offsets-2 with TruncationState(offset=0, completed=true) due to local high watermark 0 (kafka.server.ReplicaFetcherThread)
kafka-1-1  | 2026-09-25T22:52:10.737967148Z [2026-09-25 22:52:10,737] INFO [UnifiedLog partition=__consumer_offsets-2, dir=/var/lib/kafka/data] Truncating to 0 has no effect as the largest offset in the log is -1 (kafka.log.UnifiedLog)
kafka-1-1  | 2026-09-25T22:52:10.748912659Z [2026-09-25 22:52:10,748] INFO [GroupCoordinator id=1] Scheduling unloading of metadata for __consumer_offsets-13 with epoch OptionalInt[1] (org.apache.kafka.coordinator.common.runtime.CoordinatorRuntime)
kafka-1-1  | 2026-09-25T22:52:10.749482521Z [2026-09-25 22:52:10,749] INFO [GroupCoordinator id=1] Scheduling unloading of metadata for __consumer_offsets-46 with epoch OptionalInt[2] (org.apache.kafka.coordinator.common.runtime.CoordinatorRuntime)
kafka-1-1  | 2026-09-25T22:52:10.749566017Z [2026-09-25 22:52:10,749] INFO [GroupCoordinator id=1] Scheduling unloading of metadata for __consumer_offsets-9 with epoch OptionalInt[1] (org.apache.kafka.coordinator.common.runtime.CoordinatorRuntime)
kafka-1-1  | 2026-09-25T22:52:10.749753532Z [2026-09-25 22:52:10,749] INFO [GroupCoordinator id=1] Ignored unloading metadata for __consumer_offsets-13 in epoch OptionalInt[1] since metadata was never loaded. (org.apache.kafka.coordinator.common.runtime.CoordinatorRuntime)
kafka-1-1  | 2026-09-25T22:52:10.749771402Z [2026-09-25 22:52:10,749] INFO [GroupCoordinator id=1] Scheduling unloading of metadata for __consumer_offsets-42 with epoch OptionalInt[0] (org.apache.kafka.coordinator.common.runtime.CoordinatorRuntime)
kafka-1-1  | 2026-09-25T22:52:10.749776497Z [2026-09-25 22:52:10,749] INFO [GroupCoordinator id=1] Ignored unloading metadata for __consumer_offsets-46 in epoch OptionalInt[2] since metadata was never loaded. (org.apache.kafka.coordinator.common.runtime.CoordinatorRuntime)
kafka-1-1  | 2026-09-25T22:52:10.749779811Z [2026-09-25 22:52:10,749] INFO [GroupCoordinator id=1] Ignored unloading metadata for __consumer_offsets-9 in epoch OptionalInt[1] since metadata was never loaded. (org.apache.kafka.coordinator.common.runtime.CoordinatorRuntime)
kafka-1-1  | 2026-09-25T22:52:10.749886916Z [2026-09-25 22:52:10,749] INFO [GroupCoordinator id=1] Scheduling unloading of metadata for __consumer_offsets-21 with epoch OptionalInt[1] (org.apache.kafka.coordinator.common.runtime.CoordinatorRuntime)
kafka-1-1  | 2026-09-25T22:52:10.749904349Z [2026-09-25 22:52:10,749] INFO [GroupCoordinator id=1] Ignored unloading metadata for __consumer_offsets-42 in epoch OptionalInt[0] since metadata was never loaded. (org.apache.kafka.coordinator.common.runtime.CoordinatorRuntime)
kafka-1-1  | 2026-09-25T22:52:10.750244634Z [2026-09-25 22:52:10,749] INFO [GroupCoordinator id=1] Scheduling unloading of metadata for __consumer_offsets-17 with epoch OptionalInt[1] (org.apache.kafka.coordinator.common.runtime.CoordinatorRuntime)
kafka-1-1  | 2026-09-25T22:52:10.750260850Z [2026-09-25 22:52:10,750] INFO [GroupCoordinator id=1] Ignored unloading metadata for __consumer_offsets-21 in epoch OptionalInt[1] since metadata was never loaded. (org.apache.kafka.coordinator.common.runtime.CoordinatorRuntime)
kafka-1-1  | 2026-09-25T22:52:10.750270738Z [2026-09-25 22:52:10,750] INFO [GroupCoordinator id=1] Scheduling unloading of metadata for __consumer_offsets-30 with epoch OptionalInt[2] (org.apache.kafka.coordinator.common.runtime.CoordinatorRuntime)
kafka-1-1  | 2026-09-25T22:52:10.750510686Z [2026-09-25 22:52:10,750] INFO [GroupCoordinator id=1] Ignored unloading metadata for __consumer_offsets-17 in epoch OptionalInt[1] since metadata was never loaded. (org.apache.kafka.coordinator.common.runtime.CoordinatorRuntime)
kafka-1-1  | 2026-09-25T22:52:10.750527080Z [2026-09-25 22:52:10,750] INFO [GroupCoordinator id=1] Scheduling unloading of metadata for __consumer_offsets-26 with epoch OptionalInt[0] (org.apache.kafka.coordinator.common.runtime.CoordinatorRuntime)
kafka-1-1  | 2026-09-25T22:52:10.750548183Z [2026-09-25 22:52:10,750] INFO [GroupCoordinator id=1] Scheduling unloading of metadata for __consumer_offsets-5 with epoch OptionalInt[0] (org.apache.kafka.coordinator.common.runtime.CoordinatorRuntime)
kafka-1-1  | 2026-09-25T22:52:10.750560947Z [2026-09-25 22:52:10,750] INFO [GroupCoordinator id=1] Ignored unloading metadata for __consumer_offsets-30 in epoch OptionalInt[2] since metadata was never loaded. (org.apache.kafka.coordinator.common.runtime.CoordinatorRuntime)
kafka-1-1  | 2026-09-25T22:52:10.750577360Z [2026-09-25 22:52:10,750] INFO [GroupCoordinator id=1] Ignored unloading metadata for __consumer_offsets-26 in epoch OptionalInt[0] since metadata was never loaded. (org.apache.kafka.coordinator.common.runtime.CoordinatorRuntime)
kafka-1-1  | 2026-09-25T22:52:10.750762410Z [2026-09-25 22:52:10,750] INFO [GroupCoordinator id=1] Scheduling unloading of metadata for __consumer_offsets-38 with epoch OptionalInt[0] (org.apache.kafka.coordinator.common.runtime.CoordinatorRuntime)
kafka-1-1  | 2026-09-25T22:52:10.750777778Z [2026-09-25 22:52:10,750] INFO [GroupCoordinator id=1] Ignored unloading metadata for __consumer_offsets-5 in epoch OptionalInt[0] since metadata was never loaded. (org.apache.kafka.coordinator.common.runtime.CoordinatorRuntime)
kafka-1-1  | 2026-09-25T22:52:10.750905838Z [2026-09-25 22:52:10,750] INFO [GroupCoordinator id=1] Scheduling unloading of metadata for __consumer_offsets-1 with epoch OptionalInt[1] (org.apache.kafka.coordinator.common.runtime.CoordinatorRuntime)
kafka-1-1  | 2026-09-25T22:52:10.750975771Z [2026-09-25 22:52:10,750] INFO [GroupCoordinator id=1] Ignored unloading metadata for __consumer_offsets-38 in epoch OptionalInt[0] since metadata was never loaded. (org.apache.kafka.coordinator.common.runtime.CoordinatorRuntime)
kafka-1-1  | 2026-09-25T22:52:10.751040077Z [2026-09-25 22:52:10,750] INFO [GroupCoordinator id=1] Scheduling unloading of metadata for __consumer_offsets-34 with epoch OptionalInt[2] (org.apache.kafka.coordinator.common.runtime.CoordinatorRuntime)
kafka-1-1  | 2026-09-25T22:52:10.751161169Z [2026-09-25 22:52:10,751] INFO [GroupCoordinator id=1] Ignored unloading metadata for __consumer_offsets-1 in epoch OptionalInt[1] since metadata was never loaded. (org.apache.kafka.coordinator.common.runtime.CoordinatorRuntime)
kafka-1-1  | 2026-09-25T22:52:10.751167987Z [2026-09-25 22:52:10,751] INFO [GroupCoordinator id=1] Ignored unloading metadata for __consumer_offsets-34 in epoch OptionalInt[2] since metadata was never loaded. (org.apache.kafka.coordinator.common.runtime.CoordinatorRuntime)
kafka-1-1  | 2026-09-25T22:52:10.751245420Z [2026-09-25 22:52:10,751] INFO [GroupCoordinator id=1] Scheduling unloading of metadata for __consumer_offsets-16 with epoch OptionalInt[2] (org.apache.kafka.coordinator.common.runtime.CoordinatorRuntime)
kafka-1-1  | 2026-09-25T22:52:10.751584092Z [2026-09-25 22:52:10,751] INFO [GroupCoordinator id=1] Scheduling unloading of metadata for __consumer_offsets-45 with epoch OptionalInt[0] (org.apache.kafka.coordinator.common.runtime.CoordinatorRuntime)
kafka-1-1  | 2026-09-25T22:52:10.751593796Z [2026-09-25 22:52:10,751] INFO [GroupCoordinator id=1] Ignored unloading metadata for __consumer_offsets-16 in epoch OptionalInt[2] since metadata was never loaded. (org.apache.kafka.coordinator.common.runtime.CoordinatorRuntime)
kafka-1-1  | 2026-09-25T22:52:10.751595634Z [2026-09-25 22:52:10,751] INFO [GroupCoordinator id=1] Scheduling unloading of metadata for __consumer_offsets-12 with epoch OptionalInt[1] (org.apache.kafka.coordinator.common.runtime.CoordinatorRuntime)
kafka-1-1  | 2026-09-25T22:52:10.751597098Z [2026-09-25 22:52:10,751] INFO [GroupCoordinator id=1] Ignored unloading metadata for __consumer_offsets-45 in epoch OptionalInt[0] since metadata was never loaded. (org.apache.kafka.coordinator.common.runtime.CoordinatorRuntime)
kafka-1-1  | 2026-09-25T22:52:10.751598548Z [2026-09-25 22:52:10,751] INFO [GroupCoordinator id=1] Scheduling unloading of metadata for __consumer_offsets-41 with epoch OptionalInt[1] (org.apache.kafka.coordinator.common.runtime.CoordinatorRuntime)
kafka-1-1  | 2026-09-25T22:52:10.751709821Z [2026-09-25 22:52:10,751] INFO [GroupCoordinator id=1] Ignored unloading metadata for __consumer_offsets-12 in epoch OptionalInt[1] since metadata was never loaded. (org.apache.kafka.coordinator.common.runtime.CoordinatorRuntime)
kafka-1-1  | 2026-09-25T22:52:10.751900714Z [2026-09-25 22:52:10,751] INFO [GroupCoordinator id=1] Ignored unloading metadata for __consumer_offsets-41 in epoch OptionalInt[1] since metadata was never loaded. (org.apache.kafka.coordinator.common.runtime.CoordinatorRuntime)
kafka-1-1  | 2026-09-25T22:52:10.752029896Z [2026-09-25 22:52:10,751] INFO [GroupCoordinator id=1] Scheduling unloading of metadata for __consumer_offsets-24 with epoch OptionalInt[1] (org.apache.kafka.coordinator.common.runtime.CoordinatorRuntime)
kafka-1-1  | 2026-09-25T22:52:10.752207463Z [2026-09-25 22:52:10,752] INFO [GroupCoordinator id=1] Scheduling unloading of metadata for __consumer_offsets-20 with epoch OptionalInt[2] (org.apache.kafka.coordinator.common.runtime.CoordinatorRuntime)
kafka-1-1  | 2026-09-25T22:52:10.752213989Z [2026-09-25 22:52:10,752] INFO [GroupCoordinator id=1] Ignored unloading metadata for __consumer_offsets-24 in epoch OptionalInt[1] since metadata was never loaded. (org.apache.kafka.coordinator.common.runtime.CoordinatorRuntime)
kafka-1-1  | 2026-09-25T22:52:10.752215758Z [2026-09-25 22:52:10,752] INFO [GroupCoordinator id=1] Ignored unloading metadata for __consumer_offsets-20 in epoch OptionalInt[2] since metadata was never loaded. (org.apache.kafka.coordinator.common.runtime.CoordinatorRuntime)
kafka-1-1  | 2026-09-25T22:52:10.752339335Z [2026-09-25 22:52:10,752] INFO [GroupCoordinator id=1] Scheduling unloading of metadata for __consumer_offsets-49 with epoch OptionalInt[0] (org.apache.kafka.coordinator.common.runtime.CoordinatorRuntime)
kafka-1-1  | 2026-09-25T22:52:10.752499300Z [2026-09-25 22:52:10,752] INFO [GroupCoordinator id=1] Scheduling unloading of metadata for __consumer_offsets-0 with epoch OptionalInt[1] (org.apache.kafka.coordinator.common.runtime.CoordinatorRuntime)
kafka-1-1  | 2026-09-25T22:52:10.752512101Z [2026-09-25 22:52:10,752] INFO [GroupCoordinator id=1] Ignored unloading metadata for __consumer_offsets-49 in epoch OptionalInt[0] since metadata was never loaded. (org.apache.kafka.coordinator.common.runtime.CoordinatorRuntime)
kafka-1-1  | 2026-09-25T22:52:10.752535659Z [2026-09-25 22:52:10,752] INFO [GroupCoordinator id=1] Scheduling unloading of metadata for __consumer_offsets-29 with epoch OptionalInt[1] (org.apache.kafka.coordinator.common.runtime.CoordinatorRuntime)
kafka-1-1  | 2026-09-25T22:52:10.752847601Z [2026-09-25 22:52:10,752] INFO [GroupCoordinator id=1] Ignored unloading metadata for __consumer_offsets-0 in epoch OptionalInt[1] since metadata was never loaded. (org.apache.kafka.coordinator.common.runtime.CoordinatorRuntime)
kafka-1-1  | 2026-09-25T22:52:10.752857137Z [2026-09-25 22:52:10,752] INFO [GroupCoordinator id=1] Scheduling unloading of metadata for __consumer_offsets-25 with epoch OptionalInt[1] (org.apache.kafka.coordinator.common.runtime.CoordinatorRuntime)
kafka-1-1  | 2026-09-25T22:52:10.752859600Z [2026-09-25 22:52:10,752] INFO [GroupCoordinator id=1] Ignored unloading metadata for __consumer_offsets-29 in epoch OptionalInt[1] since metadata was never loaded. (org.apache.kafka.coordinator.common.runtime.CoordinatorRuntime)
kafka-1-1  | 2026-09-25T22:52:10.752861778Z [2026-09-25 22:52:10,752] INFO [GroupCoordinator id=1] Ignored unloading metadata for __consumer_offsets-25 in epoch OptionalInt[1] since metadata was never loaded. (org.apache.kafka.coordinator.common.runtime.CoordinatorRuntime)
kafka-1-1  | 2026-09-25T22:52:10.752872353Z [2026-09-25 22:52:10,752] INFO [GroupCoordinator id=1] Scheduling unloading of metadata for __consumer_offsets-8 with epoch OptionalInt[1] (org.apache.kafka.coordinator.common.runtime.CoordinatorRuntime)
kafka-1-1  | 2026-09-25T22:52:10.753185458Z [2026-09-25 22:52:10,752] INFO [GroupCoordinator id=1] Scheduling unloading of metadata for __consumer_offsets-37 with epoch OptionalInt[1] (org.apache.kafka.coordinator.common.runtime.CoordinatorRuntime)
kafka-1-1  | 2026-09-25T22:52:10.753198103Z [2026-09-25 22:52:10,753] INFO [GroupCoordinator id=1] Scheduling unloading of metadata for __consumer_offsets-4 with epoch OptionalInt[1] (org.apache.kafka.coordinator.common.runtime.CoordinatorRuntime)
kafka-1-1  | 2026-09-25T22:52:10.753200636Z [2026-09-25 22:52:10,753] INFO [GroupCoordinator id=1] Ignored unloading metadata for __consumer_offsets-8 in epoch OptionalInt[1] since metadata was never loaded. (org.apache.kafka.coordinator.common.runtime.CoordinatorRuntime)
kafka-1-1  | 2026-09-25T22:52:10.753202613Z [2026-09-25 22:52:10,753] INFO [GroupCoordinator id=1] Scheduling unloading of metadata for __consumer_offsets-33 with epoch OptionalInt[0] (org.apache.kafka.coordinator.common.runtime.CoordinatorRuntime)
kafka-1-1  | 2026-09-25T22:52:10.753256717Z [2026-09-25 22:52:10,753] INFO [GroupCoordinator id=1] Scheduling unloading of metadata for __consumer_offsets-15 with epoch OptionalInt[0] (org.apache.kafka.coordinator.common.runtime.CoordinatorRuntime)
kafka-1-1  | 2026-09-25T22:52:10.753291494Z [2026-09-25 22:52:10,753] INFO [GroupCoordinator id=1] Ignored unloading metadata for __consumer_offsets-37 in epoch OptionalInt[1] since metadata was never loaded. (org.apache.kafka.coordinator.common.runtime.CoordinatorRuntime)
kafka-1-1  | 2026-09-25T22:52:10.753299602Z [2026-09-25 22:52:10,753] INFO [GroupCoordinator id=1] Ignored unloading metadata for __consumer_offsets-4 in epoch OptionalInt[1] since metadata was never loaded. (org.apache.kafka.coordinator.common.runtime.CoordinatorRuntime)
kafka-1-1  | 2026-09-25T22:52:10.753438600Z [2026-09-25 22:52:10,753] INFO [GroupCoordinator id=1] Ignored unloading metadata for __consumer_offsets-33 in epoch OptionalInt[0] since metadata was never loaded. (org.apache.kafka.coordinator.common.runtime.CoordinatorRuntime)
kafka-1-1  | 2026-09-25T22:52:10.753621063Z [2026-09-25 22:52:10,753] INFO [GroupCoordinator id=1] Scheduling unloading of metadata for __consumer_offsets-48 with epoch OptionalInt[1] (org.apache.kafka.coordinator.common.runtime.CoordinatorRuntime)
kafka-1-1  | 2026-09-25T22:52:10.753629707Z [2026-09-25 22:52:10,753] INFO [GroupCoordinator id=1] Ignored unloading metadata for __consumer_offsets-15 in epoch OptionalInt[0] since metadata was never loaded. (org.apache.kafka.coordinator.common.runtime.CoordinatorRuntime)
kafka-1-1  | 2026-09-25T22:52:10.753631642Z [2026-09-25 22:52:10,753] INFO [GroupCoordinator id=1] Scheduling unloading of metadata for __consumer_offsets-11 with epoch OptionalInt[1] (org.apache.kafka.coordinator.common.runtime.CoordinatorRuntime)
kafka-1-1  | 2026-09-25T22:52:10.753870794Z [2026-09-25 22:52:10,753] INFO [GroupCoordinator id=1] Ignored unloading metadata for __consumer_offsets-48 in epoch OptionalInt[1] since metadata was never loaded. (org.apache.kafka.coordinator.common.runtime.CoordinatorRuntime)
kafka-1-1  | 2026-09-25T22:52:10.753880434Z [2026-09-25 22:52:10,753] INFO [GroupCoordinator id=1] Scheduling unloading of metadata for __consumer_offsets-44 with epoch OptionalInt[1] (org.apache.kafka.coordinator.common.runtime.CoordinatorRuntime)
kafka-1-1  | 2026-09-25T22:52:10.753963886Z [2026-09-25 22:52:10,753] INFO [GroupCoordinator id=1] Scheduling unloading of metadata for __consumer_offsets-23 with epoch OptionalInt[2] (org.apache.kafka.coordinator.common.runtime.CoordinatorRuntime)
kafka-1-1  | 2026-09-25T22:52:10.753988527Z [2026-09-25 22:52:10,753] INFO [GroupCoordinator id=1] Ignored unloading metadata for __consumer_offsets-11 in epoch OptionalInt[1] since metadata was never loaded. (org.apache.kafka.coordinator.common.runtime.CoordinatorRuntime)
kafka-1-1  | 2026-09-25T22:52:10.754034179Z [2026-09-25 22:52:10,753] INFO [GroupCoordinator id=1] Ignored unloading metadata for __consumer_offsets-44 in epoch OptionalInt[1] since metadata was never loaded. (org.apache.kafka.coordinator.common.runtime.CoordinatorRuntime)
kafka-1-1  | 2026-09-25T22:52:10.754156789Z [2026-09-25 22:52:10,754] INFO [GroupCoordinator id=1] Scheduling unloading of metadata for __consumer_offsets-19 with epoch OptionalInt[0] (org.apache.kafka.coordinator.common.runtime.CoordinatorRuntime)
kafka-1-1  | 2026-09-25T22:52:10.754248848Z [2026-09-25 22:52:10,754] INFO [GroupCoordinator id=1] Ignored unloading metadata for __consumer_offsets-23 in epoch OptionalInt[2] since metadata was never loaded. (org.apache.kafka.coordinator.common.runtime.CoordinatorRuntime)
kafka-1-1  | 2026-09-25T22:52:10.754258965Z [2026-09-25 22:52:10,754] INFO [GroupCoordinator id=1] Scheduling unloading of metadata for __consumer_offsets-32 with epoch OptionalInt[0] (org.apache.kafka.coordinator.common.runtime.CoordinatorRuntime)
kafka-1-1  | 2026-09-25T22:52:10.754574046Z [2026-09-25 22:52:10,754] INFO [GroupCoordinator id=1] Ignored unloading metadata for __consumer_offsets-19 in epoch OptionalInt[0] since metadata was never loaded. (org.apache.kafka.coordinator.common.runtime.CoordinatorRuntime)
kafka-1-1  | 2026-09-25T22:52:10.754587719Z [2026-09-25 22:52:10,754] INFO [GroupCoordinator id=1] Scheduling unloading of metadata for __consumer_offsets-28 with epoch OptionalInt[0] (org.apache.kafka.coordinator.common.runtime.CoordinatorRuntime)
kafka-1-1  | 2026-09-25T22:52:10.754591725Z [2026-09-25 22:52:10,754] INFO [GroupCoordinator id=1] Ignored unloading metadata for __consumer_offsets-32 in epoch OptionalInt[0] since metadata was never loaded. (org.apache.kafka.coordinator.common.runtime.CoordinatorRuntime)
kafka-1-1  | 2026-09-25T22:52:10.754667956Z [2026-09-25 22:52:10,754] INFO [GroupCoordinator id=1] Ignored unloading metadata for __consumer_offsets-28 in epoch OptionalInt[0] since metadata was never loaded. (org.apache.kafka.coordinator.common.runtime.CoordinatorRuntime)
kafka-1-1  | 2026-09-25T22:52:10.754796246Z [2026-09-25 22:52:10,754] INFO [GroupCoordinator id=1] Scheduling unloading of metadata for __consumer_offsets-7 with epoch OptionalInt[1] (org.apache.kafka.coordinator.common.runtime.CoordinatorRuntime)
kafka-1-1  | 2026-09-25T22:52:10.755126369Z [2026-09-25 22:52:10,754] INFO [GroupCoordinator id=1] Scheduling unloading of metadata for __consumer_offsets-40 with epoch OptionalInt[1] (org.apache.kafka.coordinator.common.runtime.CoordinatorRuntime)
kafka-1-1  | 2026-09-25T22:52:10.755143591Z [2026-09-25 22:52:10,754] INFO [GroupCoordinator id=1] Ignored unloading metadata for __consumer_offsets-7 in epoch OptionalInt[1] since metadata was never loaded. (org.apache.kafka.coordinator.common.runtime.CoordinatorRuntime)
kafka-1-1  | 2026-09-25T22:52:10.755578988Z [2026-09-25 22:52:10,755] INFO [GroupCoordinator id=1] Scheduling unloading of metadata for __consumer_offsets-3 with epoch OptionalInt[1] (org.apache.kafka.coordinator.common.runtime.CoordinatorRuntime)
kafka-1-1  | 2026-09-25T22:52:10.755597334Z [2026-09-25 22:52:10,755] INFO [GroupCoordinator id=1] Ignored unloading metadata for __consumer_offsets-40 in epoch OptionalInt[1] since metadata was never loaded. (org.apache.kafka.coordinator.common.runtime.CoordinatorRuntime)
kafka-1-1  | 2026-09-25T22:52:10.755621258Z [2026-09-25 22:52:10,755] INFO [GroupCoordinator id=1] Scheduling unloading of metadata for __consumer_offsets-36 with epoch OptionalInt[2] (org.apache.kafka.coordinator.common.runtime.CoordinatorRuntime)
kafka-1-1  | 2026-09-25T22:52:10.755849868Z [2026-09-25 22:52:10,755] INFO [GroupCoordinator id=1] Scheduling unloading of metadata for __consumer_offsets-47 with epoch OptionalInt[1] (org.apache.kafka.coordinator.common.runtime.CoordinatorRuntime)
kafka-1-1  | 2026-09-25T22:52:10.755859205Z [2026-09-25 22:52:10,755] INFO [GroupCoordinator id=1] Ignored unloading metadata for __consumer_offsets-3 in epoch OptionalInt[1] since metadata was never loaded. (org.apache.kafka.coordinator.common.runtime.CoordinatorRuntime)
kafka-1-1  | 2026-09-25T22:52:10.755861821Z [2026-09-25 22:52:10,755] INFO [GroupCoordinator id=1] Ignored unloading metadata for __consumer_offsets-36 in epoch OptionalInt[2] since metadata was never loaded. (org.apache.kafka.coordinator.common.runtime.CoordinatorRuntime)
kafka-1-1  | 2026-09-25T22:52:10.755864462Z [2026-09-25 22:52:10,755] INFO [GroupCoordinator id=1] Scheduling unloading of metadata for __consumer_offsets-14 with epoch OptionalInt[0] (org.apache.kafka.coordinator.common.runtime.CoordinatorRuntime)
kafka-1-1  | 2026-09-25T22:52:10.755866698Z [2026-09-25 22:52:10,755] INFO [GroupCoordinator id=1] Ignored unloading metadata for __consumer_offsets-47 in epoch OptionalInt[1] since metadata was never loaded. (org.apache.kafka.coordinator.common.runtime.CoordinatorRuntime)
kafka-1-1  | 2026-09-25T22:52:10.756580676Z [2026-09-25 22:52:10,756] INFO [GroupCoordinator id=1] Scheduling unloading of metadata for __consumer_offsets-43 with epoch OptionalInt[1] (org.apache.kafka.coordinator.common.runtime.CoordinatorRuntime)
kafka-1-1  | 2026-09-25T22:52:10.756600998Z [2026-09-25 22:52:10,756] INFO [GroupCoordinator id=1] Ignored unloading metadata for __consumer_offsets-14 in epoch OptionalInt[0] since metadata was never loaded. (org.apache.kafka.coordinator.common.runtime.CoordinatorRuntime)
kafka-1-1  | 2026-09-25T22:52:10.756605118Z [2026-09-25 22:52:10,756] INFO [GroupCoordinator id=1] Scheduling unloading of metadata for __consumer_offsets-10 with epoch OptionalInt[0] (org.apache.kafka.coordinator.common.runtime.CoordinatorRuntime)
kafka-1-1  | 2026-09-25T22:52:10.756608151Z [2026-09-25 22:52:10,756] INFO [GroupCoordinator id=1] Ignored unloading metadata for __consumer_offsets-43 in epoch OptionalInt[1] since metadata was never loaded. (org.apache.kafka.coordinator.common.runtime.CoordinatorRuntime)
kafka-1-1  | 2026-09-25T22:52:10.756611001Z [2026-09-25 22:52:10,756] INFO [GroupCoordinator id=1] Scheduling unloading of metadata for __consumer_offsets-22 with epoch OptionalInt[0] (org.apache.kafka.coordinator.common.runtime.CoordinatorRuntime)
kafka-1-1  | 2026-09-25T22:52:10.757033891Z [2026-09-25 22:52:10,756] INFO [GroupCoordinator id=1] Ignored unloading metadata for __consumer_offsets-10 in epoch OptionalInt[0] since metadata was never loaded. (org.apache.kafka.coordinator.common.runtime.CoordinatorRuntime)
kafka-1-1  | 2026-09-25T22:52:10.757057174Z [2026-09-25 22:52:10,756] INFO [GroupCoordinator id=1] Scheduling unloading of metadata for __consumer_offsets-18 with epoch OptionalInt[1] (org.apache.kafka.coordinator.common.runtime.CoordinatorRuntime)
kafka-1-1  | 2026-09-25T22:52:10.757061146Z [2026-09-25 22:52:10,756] INFO [GroupCoordinator id=1] Ignored unloading metadata for __consumer_offsets-22 in epoch OptionalInt[0] since metadata was never loaded. (org.apache.kafka.coordinator.common.runtime.CoordinatorRuntime)
kafka-1-1  | 2026-09-25T22:52:10.757127402Z [2026-09-25 22:52:10,756] INFO [GroupCoordinator id=1] Ignored unloading metadata for __consumer_offsets-18 in epoch OptionalInt[1] since metadata was never loaded. (org.apache.kafka.coordinator.common.runtime.CoordinatorRuntime)
kafka-1-1  | 2026-09-25T22:52:10.757150722Z [2026-09-25 22:52:10,756] INFO [GroupCoordinator id=1] Scheduling unloading of metadata for __consumer_offsets-31 with epoch OptionalInt[1] (org.apache.kafka.coordinator.common.runtime.CoordinatorRuntime)
kafka-1-1  | 2026-09-25T22:52:10.757475498Z [2026-09-25 22:52:10,757] INFO [GroupCoordinator id=1] Scheduling unloading of metadata for __consumer_offsets-27 with epoch OptionalInt[1] (org.apache.kafka.coordinator.common.runtime.CoordinatorRuntime)
kafka-1-1  | 2026-09-25T22:52:10.757493929Z [2026-09-25 22:52:10,757] INFO [GroupCoordinator id=1] Scheduling unloading of metadata for __consumer_offsets-39 with epoch OptionalInt[0] (org.apache.kafka.coordinator.common.runtime.CoordinatorRuntime)
kafka-1-1  | 2026-09-25T22:52:10.757498152Z [2026-09-25 22:52:10,757] INFO [GroupCoordinator id=1] Scheduling unloading of metadata for __consumer_offsets-6 with epoch OptionalInt[0] (org.apache.kafka.coordinator.common.runtime.CoordinatorRuntime)
kafka-1-1  | 2026-09-25T22:52:10.757501463Z [2026-09-25 22:52:10,757] INFO [GroupCoordinator id=1] Ignored unloading metadata for __consumer_offsets-27 in epoch OptionalInt[1] since metadata was never loaded. (org.apache.kafka.coordinator.common.runtime.CoordinatorRuntime)
kafka-1-1  | 2026-09-25T22:52:10.757504744Z [2026-09-25 22:52:10,757] INFO [GroupCoordinator id=1] Ignored unloading metadata for __consumer_offsets-31 in epoch OptionalInt[1] since metadata was never loaded. (org.apache.kafka.coordinator.common.runtime.CoordinatorRuntime)
kafka-1-1  | 2026-09-25T22:52:10.757514395Z [2026-09-25 22:52:10,757] INFO [GroupCoordinator id=1] Ignored unloading metadata for __consumer_offsets-39 in epoch OptionalInt[0] since metadata was never loaded. (org.apache.kafka.coordinator.common.runtime.CoordinatorRuntime)
kafka-1-1  | 2026-09-25T22:52:10.757753321Z [2026-09-25 22:52:10,757] INFO [GroupCoordinator id=1] Ignored unloading metadata for __consumer_offsets-6 in epoch OptionalInt[0] since metadata was never loaded. (org.apache.kafka.coordinator.common.runtime.CoordinatorRuntime)
kafka-1-1  | 2026-09-25T22:52:10.757771178Z [2026-09-25 22:52:10,757] INFO [GroupCoordinator id=1] Scheduling unloading of metadata for __consumer_offsets-35 with epoch OptionalInt[1] (org.apache.kafka.coordinator.common.runtime.CoordinatorRuntime)
kafka-1-1  | 2026-09-25T22:52:10.757775230Z [2026-09-25 22:52:10,757] INFO [GroupCoordinator id=1] Scheduling unloading of metadata for __consumer_offsets-2 with epoch OptionalInt[0] (org.apache.kafka.coordinator.common.runtime.CoordinatorRuntime)
kafka-1-1  | 2026-09-25T22:52:10.758093445Z [2026-09-25 22:52:10,757] INFO [GroupCoordinator id=1] Ignored unloading metadata for __consumer_offsets-35 in epoch OptionalInt[1] since metadata was never loaded. (org.apache.kafka.coordinator.common.runtime.CoordinatorRuntime)
kafka-1-1  | 2026-09-25T22:52:10.758111003Z [2026-09-25 22:52:10,757] INFO [GroupCoordinator id=1] Ignored unloading metadata for __consumer_offsets-2 in epoch OptionalInt[0] since metadata was never loaded. (org.apache.kafka.coordinator.common.runtime.CoordinatorRuntime)
kafka-1-1  | 2026-09-25T22:52:10.762726008Z [2026-09-25 22:52:10,762] INFO [DynamicConfigPublisher broker id=1] Updating topic dados-sensores with new configuration : min.insync.replicas -> 2 (kafka.server.metadata.DynamicConfigPublisher)
kafka-1-1  | 2026-09-25T22:52:10.766532871Z [2026-09-25 22:52:10,766] INFO [DynamicConfigPublisher broker id=1] Updating topic __consumer_offsets with new configuration : compression.type -> producer,cleanup.policy -> compact,segment.bytes -> 104857600 (kafka.server.metadata.DynamicConfigPublisher)
kafka-1-1  | 2026-09-25T22:52:10.767915651Z [2026-09-25 22:52:10,767] INFO [MetadataLoader id=1] InitializeNewPublishers: initializing BrokerRegistrationTracker(id=1) with a snapshot at offset 650 (org.apache.kafka.image.loader.MetadataLoader)
kafka-1-1  | 2026-09-25T22:52:10.768952712Z [2026-09-25 22:52:10,768] INFO [ControllerRegistrationManager id=1 incarnation=0ei80HWOSwSKzLqwV_Ogaw] Our registration has been persisted to the metadata log. (kafka.server.ControllerRegistrationManager)
kafka-1-1  | 2026-09-25T22:52:10.777445772Z [2026-09-25 22:52:10,777] INFO [BrokerLifecycleManager id=1] The broker has caught up. Transitioning from STARTING to RECOVERY. (kafka.server.BrokerLifecycleManager)
kafka-1-1  | 2026-09-25T22:52:10.777745812Z [2026-09-25 22:52:10,777] INFO [BrokerServer id=1] Finished waiting for the controller to acknowledge that we are caught up (kafka.server.BrokerServer)
kafka-1-1  | 2026-09-25T22:52:10.777764908Z [2026-09-25 22:52:10,777] INFO [BrokerServer id=1] Waiting for the initial broker metadata update to be published (kafka.server.BrokerServer)
kafka-1-1  | 2026-09-25T22:52:10.777873868Z [2026-09-25 22:52:10,777] INFO [BrokerServer id=1] Finished waiting for the initial broker metadata update to be published (kafka.server.BrokerServer)
kafka-1-1  | 2026-09-25T22:52:10.779067070Z [2026-09-25 22:52:10,778] INFO KafkaConfig values: 
kafka-1-1  | 2026-09-25T22:52:10.779299685Z 	add.partitions.to.txn.retry.backoff.max.ms = 100
kafka-1-1  | 2026-09-25T22:52:10.779313282Z 	add.partitions.to.txn.retry.backoff.ms = 20
kafka-1-1  | 2026-09-25T22:52:10.779317331Z 	advertised.listeners = PLAINTEXT://kafka-1:9092
kafka-1-1  | 2026-09-25T22:52:10.779323599Z 	alter.config.policy.class.name = null
kafka-1-1  | 2026-09-25T22:52:10.779326376Z 	alter.log.dirs.replication.quota.window.num = 11
kafka-1-1  | 2026-09-25T22:52:10.779328923Z 	alter.log.dirs.replication.quota.window.size.seconds = 1
kafka-1-1  | 2026-09-25T22:52:10.779331430Z 	authorizer.class.name = 
kafka-1-1  | 2026-09-25T22:52:10.779334083Z 	auto.create.topics.enable = false
kafka-1-1  | 2026-09-25T22:52:10.779336500Z 	auto.leader.rebalance.enable = true
kafka-1-1  | 2026-09-25T22:52:10.779339146Z 	background.threads = 10
kafka-1-1  | 2026-09-25T22:52:10.779341646Z 	broker.heartbeat.interval.ms = 1000
kafka-1-1  | 2026-09-25T22:52:10.779344030Z 	broker.id = 1
kafka-1-1  | 2026-09-25T22:52:10.779346579Z 	broker.rack = null
kafka-1-1  | 2026-09-25T22:52:10.779348964Z 	broker.session.timeout.ms = 4000
kafka-1-1  | 2026-09-25T22:52:10.779351356Z 	client.quota.callback.class = null
kafka-1-1  | 2026-09-25T22:52:10.779353745Z 	compression.gzip.level = -1
kafka-1-1  | 2026-09-25T22:52:10.779356426Z 	compression.lz4.level = 9
kafka-1-1  | 2026-09-25T22:52:10.779358806Z 	compression.type = producer
kafka-1-1  | 2026-09-25T22:52:10.779361256Z 	compression.zstd.level = 3
kafka-1-1  | 2026-09-25T22:52:10.779363637Z 	connection.failed.authentication.delay.ms = 100
kafka-1-1  | 2026-09-25T22:52:10.779377659Z 	connections.max.idle.ms = 600000
kafka-1-1  | 2026-09-25T22:52:10.779380625Z 	connections.max.reauth.ms = 0
kafka-1-1  | 2026-09-25T22:52:10.779382977Z 	controlled.shutdown.enable = true
kafka-1-1  | 2026-09-25T22:52:10.779385377Z 	controller.listener.names = CONTROLLER
kafka-1-1  | 2026-09-25T22:52:10.779387735Z 	controller.performance.always.log.threshold.ms = 2000
kafka-1-1  | 2026-09-25T22:52:10.779390116Z 	controller.performance.sample.period.ms = 60000
kafka-1-1  | 2026-09-25T22:52:10.779392412Z 	controller.quorum.append.linger.ms = 25
kafka-1-1  | 2026-09-25T22:52:10.779394708Z 	controller.quorum.bootstrap.servers = []
kafka-1-1  | 2026-09-25T22:52:10.779397008Z 	controller.quorum.election.backoff.max.ms = 1000
kafka-1-1  | 2026-09-25T22:52:10.779399319Z 	controller.quorum.election.timeout.ms = 1000
kafka-1-1  | 2026-09-25T22:52:10.779401632Z 	controller.quorum.fetch.timeout.ms = 2000
kafka-1-1  | 2026-09-25T22:52:10.779403937Z 	controller.quorum.request.timeout.ms = 2000
kafka-1-1  | 2026-09-25T22:52:10.779406237Z 	controller.quorum.retry.backoff.ms = 20
kafka-1-1  | 2026-09-25T22:52:10.779408596Z 	controller.quorum.voters = [1@kafka-1:9093, 2@kafka-2:9093, 3@kafka-3:9093]
kafka-1-1  | 2026-09-25T22:52:10.779411105Z 	controller.quota.window.num = 11
kafka-1-1  | 2026-09-25T22:52:10.779413404Z 	controller.quota.window.size.seconds = 1
kafka-1-1  | 2026-09-25T22:52:10.779415700Z 	controller.socket.timeout.ms = 30000
kafka-1-1  | 2026-09-25T22:52:10.779418415Z 	create.topic.policy.class.name = null
kafka-1-1  | 2026-09-25T22:52:10.779420733Z 	default.replication.factor = 3
kafka-1-1  | 2026-09-25T22:52:10.779423025Z 	delegation.token.expiry.check.interval.ms = 3600000
kafka-1-1  | 2026-09-25T22:52:10.779425526Z 	delegation.token.expiry.time.ms = 86400000
kafka-1-1  | 2026-09-25T22:52:10.779427900Z 	delegation.token.max.lifetime.ms = 604800000
kafka-1-1  | 2026-09-25T22:52:10.779430272Z 	delegation.token.secret.key = null
kafka-1-1  | 2026-09-25T22:52:10.779432555Z 	delete.records.purgatory.purge.interval.requests = 1
kafka-1-1  | 2026-09-25T22:52:10.779434865Z 	delete.topic.enable = true
kafka-1-1  | 2026-09-25T22:52:10.779437159Z 	early.start.listeners = null
kafka-1-1  | 2026-09-25T22:52:10.779439473Z 	fetch.max.bytes = 57671680
kafka-1-1  | 2026-09-25T22:52:10.779441768Z 	fetch.purgatory.purge.interval.requests = 1000
kafka-1-1  | 2026-09-25T22:52:10.779444081Z 	group.consumer.assignors = [uniform, range]
kafka-1-1  | 2026-09-25T22:52:10.779446450Z 	group.consumer.heartbeat.interval.ms = 5000
kafka-1-1  | 2026-09-25T22:52:10.779451416Z 	group.consumer.max.heartbeat.interval.ms = 15000
kafka-1-1  | 2026-09-25T22:52:10.779454090Z 	group.consumer.max.session.timeout.ms = 60000
kafka-1-1  | 2026-09-25T22:52:10.779456520Z 	group.consumer.max.size = 2147483647
kafka-1-1  | 2026-09-25T22:52:10.779458842Z 	group.consumer.migration.policy = bidirectional
kafka-1-1  | 2026-09-25T22:52:10.779461340Z 	group.consumer.min.heartbeat.interval.ms = 5000
kafka-1-1  | 2026-09-25T22:52:10.779467568Z 	group.consumer.min.session.timeout.ms = 45000
kafka-1-1  | 2026-09-25T22:52:10.779470031Z 	group.consumer.session.timeout.ms = 45000
kafka-1-1  | 2026-09-25T22:52:10.779472393Z 	group.coordinator.append.linger.ms = 5
kafka-1-1  | 2026-09-25T22:52:10.779474735Z 	group.coordinator.new.enable = true
kafka-1-1  | 2026-09-25T22:52:10.779477284Z 	group.coordinator.rebalance.protocols = [classic, consumer]
kafka-1-1  | 2026-09-25T22:52:10.779479759Z 	group.coordinator.threads = 4
kafka-1-1  | 2026-09-25T22:52:10.779482050Z 	group.initial.rebalance.delay.ms = 0
kafka-1-1  | 2026-09-25T22:52:10.779484368Z 	group.max.session.timeout.ms = 1800000
kafka-1-1  | 2026-09-25T22:52:10.779486718Z 	group.max.size = 2147483647
kafka-1-1  | 2026-09-25T22:52:10.779489035Z 	group.min.session.timeout.ms = 6000
kafka-1-1  | 2026-09-25T22:52:10.779491486Z 	group.share.delivery.count.limit = 5
kafka-1-1  | 2026-09-25T22:52:10.779493822Z 	group.share.enable = false
kafka-1-1  | 2026-09-25T22:52:10.779496099Z 	group.share.heartbeat.interval.ms = 5000
kafka-1-1  | 2026-09-25T22:52:10.779498527Z 	group.share.max.groups = 10
kafka-1-1  | 2026-09-25T22:52:10.779500942Z 	group.share.max.heartbeat.interval.ms = 15000
kafka-1-1  | 2026-09-25T22:52:10.779503256Z 	group.share.max.record.lock.duration.ms = 60000
kafka-1-1  | 2026-09-25T22:52:10.779505703Z 	group.share.max.session.timeout.ms = 60000
kafka-1-1  | 2026-09-25T22:52:10.779508035Z 	group.share.max.size = 200
kafka-1-1  | 2026-09-25T22:52:10.779510332Z 	group.share.min.heartbeat.interval.ms = 5000
kafka-1-1  | 2026-09-25T22:52:10.779512798Z 	group.share.min.record.lock.duration.ms = 15000
kafka-1-1  | 2026-09-25T22:52:10.779515119Z 	group.share.min.session.timeout.ms = 45000
kafka-1-1  | 2026-09-25T22:52:10.779517443Z 	group.share.partition.max.record.locks = 200
kafka-1-1  | 2026-09-25T22:52:10.779519810Z 	group.share.persister.class.name = org.apache.kafka.server.share.persister.DefaultStatePersister
kafka-1-1  | 2026-09-25T22:52:10.779522467Z 	group.share.record.lock.duration.ms = 30000
kafka-1-1  | 2026-09-25T22:52:10.779524796Z 	group.share.session.timeout.ms = 45000
kafka-1-1  | 2026-09-25T22:52:10.779527305Z 	initial.broker.registration.timeout.ms = 60000
kafka-1-1  | 2026-09-25T22:52:10.779529674Z 	inter.broker.listener.name = PLAINTEXT
kafka-1-1  | 2026-09-25T22:52:10.779531991Z 	kafka.metrics.polling.interval.secs = 10
kafka-1-1  | 2026-09-25T22:52:10.779534308Z 	kafka.metrics.reporters = []
kafka-1-1  | 2026-09-25T22:52:10.779536745Z 	leader.imbalance.check.interval.seconds = 300
kafka-1-1  | 2026-09-25T22:52:10.779539259Z 	listener.security.protocol.map = PLAINTEXT:PLAINTEXT,CONTROLLER:PLAINTEXT
kafka-1-1  | 2026-09-25T22:52:10.779541756Z 	listeners = PLAINTEXT://0.0.0.0:9092,CONTROLLER://0.0.0.0:9093
kafka-1-1  | 2026-09-25T22:52:10.779544291Z 	log.cleaner.backoff.ms = 15000
kafka-1-1  | 2026-09-25T22:52:10.779546740Z 	log.cleaner.dedupe.buffer.size = 134217728
kafka-1-1  | 2026-09-25T22:52:10.779552188Z 	log.cleaner.delete.retention.ms = 86400000
kafka-1-1  | 2026-09-25T22:52:10.779554805Z 	log.cleaner.enable = true
kafka-1-1  | 2026-09-25T22:52:10.779557194Z 	log.cleaner.io.buffer.load.factor = 0.9
kafka-1-1  | 2026-09-25T22:52:10.779559597Z 	log.cleaner.io.buffer.size = 524288
kafka-1-1  | 2026-09-25T22:52:10.779561925Z 	log.cleaner.io.max.bytes.per.second = 1.7976931348623157E308
kafka-1-1  | 2026-09-25T22:52:10.779564663Z 	log.cleaner.max.compaction.lag.ms = 9223372036854775807
kafka-1-1  | 2026-09-25T22:52:10.779567085Z 	log.cleaner.min.cleanable.ratio = 0.5
kafka-1-1  | 2026-09-25T22:52:10.779570069Z 	log.cleaner.min.compaction.lag.ms = 0
kafka-1-1  | 2026-09-25T22:52:10.779572766Z 	log.cleaner.threads = 1
kafka-1-1  | 2026-09-25T22:52:10.779575078Z 	log.cleanup.policy = [delete]
kafka-1-1  | 2026-09-25T22:52:10.779577496Z 	log.dir = /tmp/kafka-logs
kafka-1-1  | 2026-09-25T22:52:10.779579822Z 	log.dir.failure.timeout.ms = 30000
kafka-1-1  | 2026-09-25T22:52:10.779582153Z 	log.dirs = /var/lib/kafka/data
kafka-1-1  | 2026-09-25T22:52:10.779584462Z 	log.flush.interval.messages = 9223372036854775807
kafka-1-1  | 2026-09-25T22:52:10.779586818Z 	log.flush.interval.ms = null
kafka-1-1  | 2026-09-25T22:52:10.779589151Z 	log.flush.offset.checkpoint.interval.ms = 60000
kafka-1-1  | 2026-09-25T22:52:10.779591508Z 	log.flush.scheduler.interval.ms = 9223372036854775807
kafka-1-1  | 2026-09-25T22:52:10.779593873Z 	log.flush.start.offset.checkpoint.interval.ms = 60000
kafka-1-1  | 2026-09-25T22:52:10.779596325Z 	log.index.interval.bytes = 4096
kafka-1-1  | 2026-09-25T22:52:10.779598813Z 	log.index.size.max.bytes = 10485760
kafka-1-1  | 2026-09-25T22:52:10.779601138Z 	log.initial.task.delay.ms = 30000
kafka-1-1  | 2026-09-25T22:52:10.779603430Z 	log.local.retention.bytes = -2
kafka-1-1  | 2026-09-25T22:52:10.779605762Z 	log.local.retention.ms = -2
kafka-1-1  | 2026-09-25T22:52:10.779608088Z 	log.message.timestamp.after.max.ms = 3600000
kafka-1-1  | 2026-09-25T22:52:10.779610427Z 	log.message.timestamp.before.max.ms = 9223372036854775807
kafka-1-1  | 2026-09-25T22:52:10.779612786Z 	log.message.timestamp.type = CreateTime
kafka-1-1  | 2026-09-25T22:52:10.779615097Z 	log.preallocate = false
kafka-1-1  | 2026-09-25T22:52:10.779617378Z 	log.retention.bytes = -1
kafka-1-1  | 2026-09-25T22:52:10.779619821Z 	log.retention.check.interval.ms = 300000
kafka-1-1  | 2026-09-25T22:52:10.779622110Z 	log.retention.hours = 168
kafka-1-1  | 2026-09-25T22:52:10.779624388Z 	log.retention.minutes = null
kafka-1-1  | 2026-09-25T22:52:10.779626826Z 	log.retention.ms = null
kafka-1-1  | 2026-09-25T22:52:10.779629155Z 	log.roll.hours = 168
kafka-1-1  | 2026-09-25T22:52:10.779631457Z 	log.roll.jitter.hours = 0
kafka-1-1  | 2026-09-25T22:52:10.779633744Z 	log.roll.jitter.ms = null
kafka-1-1  | 2026-09-25T22:52:10.779636045Z 	log.roll.ms = null
kafka-1-1  | 2026-09-25T22:52:10.779638303Z 	log.segment.bytes = 1073741824
kafka-1-1  | 2026-09-25T22:52:10.779643067Z 	log.segment.delete.delay.ms = 60000
kafka-1-1  | 2026-09-25T22:52:10.779645494Z 	max.connection.creation.rate = 2147483647
kafka-1-1  | 2026-09-25T22:52:10.779647822Z 	max.connections = 2147483647
kafka-1-1  | 2026-09-25T22:52:10.779650150Z 	max.connections.per.ip = 2147483647
kafka-1-1  | 2026-09-25T22:52:10.779652462Z 	max.connections.per.ip.overrides = 
kafka-1-1  | 2026-09-25T22:52:10.779654748Z 	max.incremental.fetch.session.cache.slots = 1000
kafka-1-1  | 2026-09-25T22:52:10.779657138Z 	max.request.partition.size.limit = 2000
kafka-1-1  | 2026-09-25T22:52:10.779659467Z 	message.max.bytes = 1048588
kafka-1-1  | 2026-09-25T22:52:10.779661859Z 	metadata.log.dir = null
kafka-1-1  | 2026-09-25T22:52:10.779664370Z 	metadata.log.max.record.bytes.between.snapshots = 20971520
kafka-1-1  | 2026-09-25T22:52:10.779666709Z 	metadata.log.max.snapshot.interval.ms = 3600000
kafka-1-1  | 2026-09-25T22:52:10.779669059Z 	metadata.log.segment.bytes = 1073741824
kafka-1-1  | 2026-09-25T22:52:10.779671511Z 	metadata.log.segment.min.bytes = 8388608
kafka-1-1  | 2026-09-25T22:52:10.779673934Z 	metadata.log.segment.ms = 604800000
kafka-1-1  | 2026-09-25T22:52:10.779676231Z 	metadata.max.idle.interval.ms = 500
kafka-1-1  | 2026-09-25T22:52:10.779678644Z 	metadata.max.retention.bytes = 104857600
kafka-1-1  | 2026-09-25T22:52:10.779681251Z 	metadata.max.retention.ms = 604800000
kafka-1-1  | 2026-09-25T22:52:10.779683753Z 	metric.reporters = [org.apache.kafka.common.metrics.JmxReporter]
kafka-1-1  | 2026-09-25T22:52:10.779686139Z 	metrics.num.samples = 2
kafka-1-1  | 2026-09-25T22:52:10.779688471Z 	metrics.recording.level = INFO
kafka-1-1  | 2026-09-25T22:52:10.779690984Z 	metrics.sample.window.ms = 30000
kafka-1-1  | 2026-09-25T22:52:10.779693325Z 	min.insync.replicas = 2
kafka-1-1  | 2026-09-25T22:52:10.779695700Z 	node.id = 1
kafka-1-1  | 2026-09-25T22:52:10.779698148Z 	num.io.threads = 8
kafka-1-1  | 2026-09-25T22:52:10.779700519Z 	num.network.threads = 3
kafka-1-1  | 2026-09-25T22:52:10.779703114Z 	num.partitions = 1
kafka-1-1  | 2026-09-25T22:52:10.779705642Z 	num.recovery.threads.per.data.dir = 2
kafka-1-1  | 2026-09-25T22:52:10.779708158Z 	num.replica.alter.log.dirs.threads = null
kafka-1-1  | 2026-09-25T22:52:10.779711247Z 	num.replica.fetchers = 1
kafka-1-1  | 2026-09-25T22:52:10.779713851Z 	offset.metadata.max.bytes = 4096
kafka-1-1  | 2026-09-25T22:52:10.779716207Z 	offsets.commit.timeout.ms = 5000
kafka-1-1  | 2026-09-25T22:52:10.779718518Z 	offsets.load.buffer.size = 5242880
kafka-1-1  | 2026-09-25T22:52:10.779720831Z 	offsets.retention.check.interval.ms = 600000
kafka-1-1  | 2026-09-25T22:52:10.779723214Z 	offsets.retention.minutes = 10080
kafka-1-1  | 2026-09-25T22:52:10.779725540Z 	offsets.topic.compression.codec = 0
kafka-1-1  | 2026-09-25T22:52:10.779727894Z 	offsets.topic.num.partitions = 50
kafka-1-1  | 2026-09-25T22:52:10.779730196Z 	offsets.topic.replication.factor = 3
kafka-1-1  | 2026-09-25T22:52:10.779740576Z 	offsets.topic.segment.bytes = 104857600
kafka-1-1  | 2026-09-25T22:52:10.779743548Z 	principal.builder.class = class org.apache.kafka.common.security.authenticator.DefaultKafkaPrincipalBuilder
kafka-1-1  | 2026-09-25T22:52:10.779746472Z 	process.roles = [broker, controller]
kafka-1-1  | 2026-09-25T22:52:10.779748968Z 	producer.id.expiration.check.interval.ms = 600000
kafka-1-1  | 2026-09-25T22:52:10.779751427Z 	producer.id.expiration.ms = 86400000
kafka-1-1  | 2026-09-25T22:52:10.779753869Z 	producer.purgatory.purge.interval.requests = 1000
kafka-1-1  | 2026-09-25T22:52:10.779756466Z 	queued.max.request.bytes = -1
kafka-1-1  | 2026-09-25T22:52:10.779758868Z 	queued.max.requests = 500
kafka-1-1  | 2026-09-25T22:52:10.779761436Z 	quota.window.num = 11
kafka-1-1  | 2026-09-25T22:52:10.779763720Z 	quota.window.size.seconds = 1
kafka-1-1  | 2026-09-25T22:52:10.779766137Z 	remote.fetch.max.wait.ms = 500
kafka-1-1  | 2026-09-25T22:52:10.779768491Z 	remote.list.offsets.request.timeout.ms = 30000
kafka-1-1  | 2026-09-25T22:52:10.779770901Z 	remote.log.index.file.cache.total.size.bytes = 1073741824
kafka-1-1  | 2026-09-25T22:52:10.779773358Z 	remote.log.manager.copier.thread.pool.size = 10
kafka-1-1  | 2026-09-25T22:52:10.779775720Z 	remote.log.manager.copy.max.bytes.per.second = 9223372036854775807
kafka-1-1  | 2026-09-25T22:52:10.779778265Z 	remote.log.manager.copy.quota.window.num = 11
kafka-1-1  | 2026-09-25T22:52:10.779780983Z 	remote.log.manager.copy.quota.window.size.seconds = 1
kafka-1-1  | 2026-09-25T22:52:10.779783447Z 	remote.log.manager.expiration.thread.pool.size = 10
kafka-1-1  | 2026-09-25T22:52:10.779785906Z 	remote.log.manager.fetch.max.bytes.per.second = 9223372036854775807
kafka-1-1  | 2026-09-25T22:52:10.779788568Z 	remote.log.manager.fetch.quota.window.num = 11
kafka-1-1  | 2026-09-25T22:52:10.779791288Z 	remote.log.manager.fetch.quota.window.size.seconds = 1
kafka-1-1  | 2026-09-25T22:52:10.779793815Z 	remote.log.manager.task.interval.ms = 30000
kafka-1-1  | 2026-09-25T22:52:10.779796294Z 	remote.log.manager.task.retry.backoff.max.ms = 30000
kafka-1-1  | 2026-09-25T22:52:10.779798837Z 	remote.log.manager.task.retry.backoff.ms = 500
kafka-1-1  | 2026-09-25T22:52:10.779801481Z 	remote.log.manager.task.retry.jitter = 0.2
kafka-1-1  | 2026-09-25T22:52:10.779803935Z 	remote.log.manager.thread.pool.size = 2
kafka-1-1  | 2026-09-25T22:52:10.779806323Z 	remote.log.metadata.custom.metadata.max.bytes = 128
kafka-1-1  | 2026-09-25T22:52:10.779808850Z 	remote.log.metadata.manager.class.name = org.apache.kafka.server.log.remote.metadata.storage.TopicBasedRemoteLogMetadataManager
kafka-1-1  | 2026-09-25T22:52:10.779811459Z 	remote.log.metadata.manager.class.path = null
kafka-1-1  | 2026-09-25T22:52:10.779814238Z 	remote.log.metadata.manager.impl.prefix = rlmm.config.
kafka-1-1  | 2026-09-25T22:52:10.779816706Z 	remote.log.metadata.manager.listener.name = null
kafka-1-1  | 2026-09-25T22:52:10.779819318Z 	remote.log.reader.max.pending.tasks = 100
kafka-1-1  | 2026-09-25T22:52:10.779825272Z 	remote.log.reader.threads = 10
kafka-1-1  | 2026-09-25T22:52:10.779828043Z 	remote.log.storage.manager.class.name = null
kafka-1-1  | 2026-09-25T22:52:10.779831917Z 	remote.log.storage.manager.class.path = null
kafka-1-1  | 2026-09-25T22:52:10.779834427Z 	remote.log.storage.manager.impl.prefix = rsm.config.
kafka-1-1  | 2026-09-25T22:52:10.779836859Z 	remote.log.storage.system.enable = false
kafka-1-1  | 2026-09-25T22:52:10.779839312Z 	replica.fetch.backoff.ms = 1000
kafka-1-1  | 2026-09-25T22:52:10.779841841Z 	replica.fetch.max.bytes = 1048576
kafka-1-1  | 2026-09-25T22:52:10.779844162Z 	replica.fetch.min.bytes = 1
kafka-1-1  | 2026-09-25T22:52:10.779846479Z 	replica.fetch.response.max.bytes = 10485760
kafka-1-1  | 2026-09-25T22:52:10.779848958Z 	replica.fetch.wait.max.ms = 500
kafka-1-1  | 2026-09-25T22:52:10.779851468Z 	replica.high.watermark.checkpoint.interval.ms = 5000
kafka-1-1  | 2026-09-25T22:52:10.779856459Z 	replica.lag.time.max.ms = 30000
kafka-1-1  | 2026-09-25T22:52:10.779859130Z 	replica.selector.class = null
kafka-1-1  | 2026-09-25T22:52:10.779861523Z 	replica.socket.receive.buffer.bytes = 65536
kafka-1-1  | 2026-09-25T22:52:10.779863981Z 	replica.socket.timeout.ms = 30000
kafka-1-1  | 2026-09-25T22:52:10.779866339Z 	replication.quota.window.num = 11
kafka-1-1  | 2026-09-25T22:52:10.779868712Z 	replication.quota.window.size.seconds = 1
kafka-1-1  | 2026-09-25T22:52:10.779871068Z 	request.timeout.ms = 30000
kafka-1-1  | 2026-09-25T22:52:10.779873391Z 	sasl.client.callback.handler.class = null
kafka-1-1  | 2026-09-25T22:52:10.779875728Z 	sasl.enabled.mechanisms = [GSSAPI]
kafka-1-1  | 2026-09-25T22:52:10.779878036Z 	sasl.jaas.config = null
kafka-1-1  | 2026-09-25T22:52:10.779880381Z 	sasl.kerberos.kinit.cmd = /usr/bin/kinit
kafka-1-1  | 2026-09-25T22:52:10.779882826Z 	sasl.kerberos.min.time.before.relogin = 60000
kafka-1-1  | 2026-09-25T22:52:10.779885303Z 	sasl.kerberos.principal.to.local.rules = [DEFAULT]
kafka-1-1  | 2026-09-25T22:52:10.779887766Z 	sasl.kerberos.service.name = null
kafka-1-1  | 2026-09-25T22:52:10.779890334Z 	sasl.kerberos.ticket.renew.jitter = 0.05
kafka-1-1  | 2026-09-25T22:52:10.779892711Z 	sasl.kerberos.ticket.renew.window.factor = 0.8
kafka-1-1  | 2026-09-25T22:52:10.779895113Z 	sasl.login.callback.handler.class = null
kafka-1-1  | 2026-09-25T22:52:10.779897493Z 	sasl.login.class = null
kafka-1-1  | 2026-09-25T22:52:10.779899838Z 	sasl.login.connect.timeout.ms = null
kafka-1-1  | 2026-09-25T22:52:10.779902216Z 	sasl.login.read.timeout.ms = null
kafka-1-1  | 2026-09-25T22:52:10.779904990Z 	sasl.login.refresh.buffer.seconds = 300
kafka-1-1  | 2026-09-25T22:52:10.779907602Z 	sasl.login.refresh.min.period.seconds = 60
kafka-1-1  | 2026-09-25T22:52:10.779909975Z 	sasl.login.refresh.window.factor = 0.8
kafka-1-1  | 2026-09-25T22:52:10.779912400Z 	sasl.login.refresh.window.jitter = 0.05
kafka-1-1  | 2026-09-25T22:52:10.779914795Z 	sasl.login.retry.backoff.max.ms = 10000
kafka-1-1  | 2026-09-25T22:52:10.779920904Z 	sasl.login.retry.backoff.ms = 100
kafka-1-1  | 2026-09-25T22:52:10.779923842Z 	sasl.mechanism.controller.protocol = GSSAPI
kafka-1-1  | 2026-09-25T22:52:10.779926354Z 	sasl.mechanism.inter.broker.protocol = GSSAPI
kafka-1-1  | 2026-09-25T22:52:10.779928810Z 	sasl.oauthbearer.clock.skew.seconds = 30
kafka-1-1  | 2026-09-25T22:52:10.779931394Z 	sasl.oauthbearer.expected.audience = null
kafka-1-1  | 2026-09-25T22:52:10.779933820Z 	sasl.oauthbearer.expected.issuer = null
kafka-1-1  | 2026-09-25T22:52:10.779936285Z 	sasl.oauthbearer.jwks.endpoint.refresh.ms = 3600000
kafka-1-1  | 2026-09-25T22:52:10.779938847Z 	sasl.oauthbearer.jwks.endpoint.retry.backoff.max.ms = 10000
kafka-1-1  | 2026-09-25T22:52:10.779941489Z 	sasl.oauthbearer.jwks.endpoint.retry.backoff.ms = 100
kafka-1-1  | 2026-09-25T22:52:10.779944008Z 	sasl.oauthbearer.jwks.endpoint.url = null
kafka-1-1  | 2026-09-25T22:52:10.779946358Z 	sasl.oauthbearer.scope.claim.name = scope
kafka-1-1  | 2026-09-25T22:52:10.779948727Z 	sasl.oauthbearer.sub.claim.name = sub
kafka-1-1  | 2026-09-25T22:52:10.779951168Z 	sasl.oauthbearer.token.endpoint.url = null
kafka-1-1  | 2026-09-25T22:52:10.779953713Z 	sasl.server.callback.handler.class = null
kafka-1-1  | 2026-09-25T22:52:10.779956016Z 	sasl.server.max.receive.size = 524288
kafka-1-1  | 2026-09-25T22:52:10.779958584Z 	security.inter.broker.protocol = PLAINTEXT
kafka-1-1  | 2026-09-25T22:52:10.779961551Z 	security.providers = null
kafka-1-1  | 2026-09-25T22:52:10.779964287Z 	server.max.startup.time.ms = 9223372036854775807
kafka-1-1  | 2026-09-25T22:52:10.779966906Z 	share.coordinator.append.linger.ms = 10
kafka-1-1  | 2026-09-25T22:52:10.779969254Z 	share.coordinator.load.buffer.size = 5242880
kafka-1-1  | 2026-09-25T22:52:10.779971600Z 	share.coordinator.snapshot.update.records.per.snapshot = 500
kafka-1-1  | 2026-09-25T22:52:10.779973994Z 	share.coordinator.state.topic.compression.codec = 0
kafka-1-1  | 2026-09-25T22:52:10.779976550Z 	share.coordinator.state.topic.min.isr = 2
kafka-1-1  | 2026-09-25T22:52:10.779979165Z 	share.coordinator.state.topic.num.partitions = 50
kafka-1-1  | 2026-09-25T22:52:10.779981816Z 	share.coordinator.state.topic.prune.interval.ms = 300000
kafka-1-1  | 2026-09-25T22:52:10.779984346Z 	share.coordinator.state.topic.replication.factor = 3
kafka-1-1  | 2026-09-25T22:52:10.779986984Z 	share.coordinator.state.topic.segment.bytes = 104857600
kafka-1-1  | 2026-09-25T22:52:10.779989526Z 	share.coordinator.threads = 1
kafka-1-1  | 2026-09-25T22:52:10.779992160Z 	share.coordinator.write.timeout.ms = 5000
kafka-1-1  | 2026-09-25T22:52:10.779994666Z 	share.fetch.max.fetch.records = 2147483647
kafka-1-1  | 2026-09-25T22:52:10.779997199Z 	share.fetch.purgatory.purge.interval.requests = 1000
kafka-1-1  | 2026-09-25T22:52:10.779999950Z 	socket.connection.setup.timeout.max.ms = 30000
kafka-1-1  | 2026-09-25T22:52:10.780002632Z 	socket.connection.setup.timeout.ms = 10000
kafka-1-1  | 2026-09-25T22:52:10.780005367Z 	socket.listen.backlog.size = 50
kafka-1-1  | 2026-09-25T22:52:10.780011723Z 	socket.receive.buffer.bytes = 102400
kafka-1-1  | 2026-09-25T22:52:10.780014541Z 	socket.request.max.bytes = 104857600
kafka-1-1  | 2026-09-25T22:52:10.780017337Z 	socket.send.buffer.bytes = 102400
kafka-1-1  | 2026-09-25T22:52:10.780019840Z 	ssl.allow.dn.changes = false
kafka-1-1  | 2026-09-25T22:52:10.780022302Z 	ssl.allow.san.changes = false
kafka-1-1  | 2026-09-25T22:52:10.780024799Z 	ssl.cipher.suites = []
kafka-1-1  | 2026-09-25T22:52:10.780027103Z 	ssl.client.auth = none
kafka-1-1  | 2026-09-25T22:52:10.780029437Z 	ssl.enabled.protocols = [TLSv1.2, TLSv1.3]
kafka-1-1  | 2026-09-25T22:52:10.780031876Z 	ssl.endpoint.identification.algorithm = https
kafka-1-1  | 2026-09-25T22:52:10.780034245Z 	ssl.engine.factory.class = null
kafka-1-1  | 2026-09-25T22:52:10.780036712Z 	ssl.key.password = null
kafka-1-1  | 2026-09-25T22:52:10.780039055Z 	ssl.keymanager.algorithm = SunX509
kafka-1-1  | 2026-09-25T22:52:10.780041521Z 	ssl.keystore.certificate.chain = null
kafka-1-1  | 2026-09-25T22:52:10.780043867Z 	ssl.keystore.key = null
kafka-1-1  | 2026-09-25T22:52:10.780046209Z 	ssl.keystore.location = null
kafka-1-1  | 2026-09-25T22:52:10.780048814Z 	ssl.keystore.password = null
kafka-1-1  | 2026-09-25T22:52:10.780051768Z 	ssl.keystore.type = JKS
kafka-1-1  | 2026-09-25T22:52:10.780054120Z 	ssl.principal.mapping.rules = DEFAULT
kafka-1-1  | 2026-09-25T22:52:10.780056518Z 	ssl.protocol = TLSv1.3
kafka-1-1  | 2026-09-25T22:52:10.780059357Z 	ssl.provider = null
kafka-1-1  | 2026-09-25T22:52:10.780061716Z 	ssl.secure.random.implementation = null
kafka-1-1  | 2026-09-25T22:52:10.780064581Z 	ssl.trustmanager.algorithm = PKIX
kafka-1-1  | 2026-09-25T22:52:10.780067192Z 	ssl.truststore.certificates = null
kafka-1-1  | 2026-09-25T22:52:10.780070162Z 	ssl.truststore.location = null
kafka-1-1  | 2026-09-25T22:52:10.780072951Z 	ssl.truststore.password = null
kafka-1-1  | 2026-09-25T22:52:10.780075745Z 	ssl.truststore.type = JKS
kafka-1-1  | 2026-09-25T22:52:10.780078262Z 	telemetry.max.bytes = 1048576
kafka-1-1  | 2026-09-25T22:52:10.780080803Z 	transaction.abort.timed.out.transaction.cleanup.interval.ms = 10000
kafka-1-1  | 2026-09-25T22:52:10.780083654Z 	transaction.max.timeout.ms = 900000
kafka-1-1  | 2026-09-25T22:52:10.780086332Z 	transaction.partition.verification.enable = true
kafka-1-1  | 2026-09-25T22:52:10.780089249Z 	transaction.remove.expired.transaction.cleanup.interval.ms = 3600000
kafka-1-1  | 2026-09-25T22:52:10.780091977Z 	transaction.state.log.load.buffer.size = 5242880
kafka-1-1  | 2026-09-25T22:52:10.780094784Z 	transaction.state.log.min.isr = 2
kafka-1-1  | 2026-09-25T22:52:10.780098783Z 	transaction.state.log.num.partitions = 50
kafka-1-1  | 2026-09-25T22:52:10.780102840Z 	transaction.state.log.replication.factor = 3
kafka-1-1  | 2026-09-25T22:52:10.780105641Z 	transaction.state.log.segment.bytes = 104857600
kafka-1-1  | 2026-09-25T22:52:10.780108133Z 	transactional.id.expiration.ms = 604800000
kafka-1-1  | 2026-09-25T22:52:10.780118042Z 	unclean.leader.election.enable = false
kafka-1-1  | 2026-09-25T22:52:10.780122689Z 	unclean.leader.election.interval.ms = 300000
kafka-1-1  | 2026-09-25T22:52:10.780126027Z 	unstable.api.versions.enable = false
kafka-1-1  | 2026-09-25T22:52:10.780129428Z 	unstable.feature.versions.enable = false
kafka-1-1  | 2026-09-25T22:52:10.780133011Z  (org.apache.kafka.common.config.AbstractConfig)
kafka-1-1  | 2026-09-25T22:52:10.783722757Z [2026-09-25 22:52:10,783] INFO [BrokerServer id=1] Waiting for the broker to be unfenced (kafka.server.BrokerServer)
kafka-1-1  | 2026-09-25T22:52:10.818497166Z [2026-09-25 22:52:10,818] INFO [BrokerLifecycleManager id=1] The broker has been unfenced. Transitioning from RECOVERY to RUNNING. (kafka.server.BrokerLifecycleManager)
kafka-1-1  | 2026-09-25T22:52:10.818565950Z [2026-09-25 22:52:10,818] INFO [BrokerServer id=1] Finished waiting for the broker to be unfenced (kafka.server.BrokerServer)
kafka-1-1  | 2026-09-25T22:52:10.819307107Z [2026-09-25 22:52:10,819] INFO authorizerStart completed for endpoint PLAINTEXT. Endpoint is now READY. (org.apache.kafka.server.network.EndpointReadyFutures)
kafka-1-1  | 2026-09-25T22:52:10.819327018Z [2026-09-25 22:52:10,819] INFO [SocketServer listenerType=BROKER, nodeId=1] Enabling request processing. (kafka.network.SocketServer)
kafka-1-1  | 2026-09-25T22:52:10.819642626Z [2026-09-25 22:52:10,819] INFO Awaiting socket connections on 0.0.0.0:9092. (kafka.network.DataPlaneAcceptor)
kafka-1-1  | 2026-09-25T22:52:10.820926080Z [2026-09-25 22:52:10,820] INFO [BrokerServer id=1] Waiting for all of the authorizer futures to be completed (kafka.server.BrokerServer)
kafka-1-1  | 2026-09-25T22:52:10.820949161Z [2026-09-25 22:52:10,820] INFO [BrokerServer id=1] Finished waiting for all of the authorizer futures to be completed (kafka.server.BrokerServer)
kafka-1-1  | 2026-09-25T22:52:10.820953316Z [2026-09-25 22:52:10,820] INFO [BrokerServer id=1] Waiting for all of the SocketServer Acceptors to be started (kafka.server.BrokerServer)
kafka-1-1  | 2026-09-25T22:52:10.820956053Z [2026-09-25 22:52:10,820] INFO [BrokerServer id=1] Finished waiting for all of the SocketServer Acceptors to be started (kafka.server.BrokerServer)
kafka-1-1  | 2026-09-25T22:52:10.821131724Z [2026-09-25 22:52:10,820] INFO [BrokerServer id=1] Transition from STARTING to STARTED (kafka.server.BrokerServer)
kafka-1-1  | 2026-09-25T22:52:10.821926324Z [2026-09-25 22:52:10,821] INFO Kafka version: 4.0.0 (org.apache.kafka.common.utils.AppInfoParser)
kafka-1-1  | 2026-09-25T22:52:10.821947781Z [2026-09-25 22:52:10,821] INFO Kafka commitId: 985bc99521dd22bb (org.apache.kafka.common.utils.AppInfoParser)
kafka-1-1  | 2026-09-25T22:52:10.821983183Z [2026-09-25 22:52:10,821] INFO Kafka startTimeMs: 1790376730821 (org.apache.kafka.common.utils.AppInfoParser)
kafka-1-1  | 2026-09-25T22:52:10.823278941Z [2026-09-25 22:52:10,822] INFO [KafkaRaftServer nodeId=1] Kafka Server started (kafka.server.KafkaRaftServer)
kafka-1-1  | 2026-09-25T22:52:11.070300447Z [2026-09-25 22:52:11,070] INFO [GroupCoordinator id=1] Scheduling unloading of metadata for __consumer_offsets-15 with epoch OptionalInt[0] (org.apache.kafka.coordinator.common.runtime.CoordinatorRuntime)
kafka-1-1  | 2026-09-25T22:52:11.070594696Z [2026-09-25 22:52:11,070] INFO [GroupCoordinator id=1] Ignored unloading metadata for __consumer_offsets-15 in epoch OptionalInt[0] since metadata was never loaded. (org.apache.kafka.coordinator.common.runtime.CoordinatorRuntime)
kafka-1-1  | 2026-09-25T22:52:11.144326831Z [2026-09-25 22:52:11,144] INFO [GroupCoordinator id=1] Scheduling unloading of metadata for __consumer_offsets-48 with epoch OptionalInt[1] (org.apache.kafka.coordinator.common.runtime.CoordinatorRuntime)
kafka-1-1  | 2026-09-25T22:52:11.144444823Z [2026-09-25 22:52:11,144] INFO [GroupCoordinator id=1] Scheduling unloading of metadata for __consumer_offsets-13 with epoch OptionalInt[1] (org.apache.kafka.coordinator.common.runtime.CoordinatorRuntime)
kafka-1-1  | 2026-09-25T22:52:11.144740862Z [2026-09-25 22:52:11,144] INFO [GroupCoordinator id=1] Ignored unloading metadata for __consumer_offsets-48 in epoch OptionalInt[1] since metadata was never loaded. (org.apache.kafka.coordinator.common.runtime.CoordinatorRuntime)
kafka-1-1  | 2026-09-25T22:52:11.144753452Z [2026-09-25 22:52:11,144] INFO [GroupCoordinator id=1] Scheduling unloading of metadata for __consumer_offsets-44 with epoch OptionalInt[1] (org.apache.kafka.coordinator.common.runtime.CoordinatorRuntime)
kafka-1-1  | 2026-09-25T22:52:11.144757042Z [2026-09-25 22:52:11,144] INFO [GroupCoordinator id=1] Ignored unloading metadata for __consumer_offsets-13 in epoch OptionalInt[1] since metadata was never loaded. (org.apache.kafka.coordinator.common.runtime.CoordinatorRuntime)
kafka-1-1  | 2026-09-25T22:52:11.144759722Z [2026-09-25 22:52:11,144] INFO [GroupCoordinator id=1] Scheduling unloading of metadata for __consumer_offsets-9 with epoch OptionalInt[1] (org.apache.kafka.coordinator.common.runtime.CoordinatorRuntime)
kafka-1-1  | 2026-09-25T22:52:11.144951684Z [2026-09-25 22:52:11,144] INFO [GroupCoordinator id=1] Ignored unloading metadata for __consumer_offsets-44 in epoch OptionalInt[1] since metadata was never loaded. (org.apache.kafka.coordinator.common.runtime.CoordinatorRuntime)
kafka-1-1  | 2026-09-25T22:52:11.144966242Z [2026-09-25 22:52:11,144] INFO [GroupCoordinator id=1] Ignored unloading metadata for __consumer_offsets-9 in epoch OptionalInt[1] since metadata was never loaded. (org.apache.kafka.coordinator.common.runtime.CoordinatorRuntime)
kafka-1-1  | 2026-09-25T22:52:11.144970519Z [2026-09-25 22:52:11,144] INFO [GroupCoordinator id=1] Scheduling unloading of metadata for __consumer_offsets-42 with epoch OptionalInt[0] (org.apache.kafka.coordinator.common.runtime.CoordinatorRuntime)
kafka-1-1  | 2026-09-25T22:52:11.145116037Z [2026-09-25 22:52:11,144] INFO [GroupCoordinator id=1] Scheduling unloading of metadata for __consumer_offsets-21 with epoch OptionalInt[1] (org.apache.kafka.coordinator.common.runtime.CoordinatorRuntime)
kafka-1-1  | 2026-09-25T22:52:11.145125849Z [2026-09-25 22:52:11,145] INFO [GroupCoordinator id=1] Ignored unloading metadata for __consumer_offsets-42 in epoch OptionalInt[0] since metadata was never loaded. (org.apache.kafka.coordinator.common.runtime.CoordinatorRuntime)
kafka-1-1  | 2026-09-25T22:52:11.145247760Z [2026-09-25 22:52:11,145] INFO [GroupCoordinator id=1] Ignored unloading metadata for __consumer_offsets-21 in epoch OptionalInt[1] since metadata was never loaded. (org.apache.kafka.coordinator.common.runtime.CoordinatorRuntime)
kafka-1-1  | 2026-09-25T22:52:11.145324053Z [2026-09-25 22:52:11,145] INFO [GroupCoordinator id=1] Scheduling unloading of metadata for __consumer_offsets-19 with epoch OptionalInt[0] (org.apache.kafka.coordinator.common.runtime.CoordinatorRuntime)
kafka-1-1  | 2026-09-25T22:52:11.145348155Z [2026-09-25 22:52:11,145] INFO [GroupCoordinator id=1] Scheduling unloading of metadata for __consumer_offsets-17 with epoch OptionalInt[1] (org.apache.kafka.coordinator.common.runtime.CoordinatorRuntime)
kafka-1-1  | 2026-09-25T22:52:11.145910193Z [2026-09-25 22:52:11,145] INFO [GroupCoordinator id=1] Scheduling unloading of metadata for __consumer_offsets-32 with epoch OptionalInt[0] (org.apache.kafka.coordinator.common.runtime.CoordinatorRuntime)
kafka-1-1  | 2026-09-25T22:52:11.145927074Z [2026-09-25 22:52:11,145] INFO [GroupCoordinator id=1] Scheduling unloading of metadata for __consumer_offsets-28 with epoch OptionalInt[0] (org.apache.kafka.coordinator.common.runtime.CoordinatorRuntime)
kafka-1-1  | 2026-09-25T22:52:11.145931075Z [2026-09-25 22:52:11,145] INFO [GroupCoordinator id=1] Scheduling unloading of metadata for __consumer_offsets-26 with epoch OptionalInt[0] (org.apache.kafka.coordinator.common.runtime.CoordinatorRuntime)
kafka-1-1  | 2026-09-25T22:52:11.145933971Z [2026-09-25 22:52:11,145] INFO [GroupCoordinator id=1] Ignored unloading metadata for __consumer_offsets-19 in epoch OptionalInt[0] since metadata was never loaded. (org.apache.kafka.coordinator.common.runtime.CoordinatorRuntime)
kafka-1-1  | 2026-09-25T22:52:11.145936693Z [2026-09-25 22:52:11,145] INFO [GroupCoordinator id=1] Scheduling unloading of metadata for __consumer_offsets-5 with epoch OptionalInt[0] (org.apache.kafka.coordinator.common.runtime.CoordinatorRuntime)
kafka-1-1  | 2026-09-25T22:52:11.145939196Z [2026-09-25 22:52:11,145] INFO [GroupCoordinator id=1] Scheduling unloading of metadata for __consumer_offsets-38 with epoch OptionalInt[0] (org.apache.kafka.coordinator.common.runtime.CoordinatorRuntime)
kafka-1-1  | 2026-09-25T22:52:11.145941839Z [2026-09-25 22:52:11,145] INFO [GroupCoordinator id=1] Ignored unloading metadata for __consumer_offsets-17 in epoch OptionalInt[1] since metadata was never loaded. (org.apache.kafka.coordinator.common.runtime.CoordinatorRuntime)
kafka-1-1  | 2026-09-25T22:52:11.145944533Z [2026-09-25 22:52:11,145] INFO [GroupCoordinator id=1] Ignored unloading metadata for __consumer_offsets-32 in epoch OptionalInt[0] since metadata was never loaded. (org.apache.kafka.coordinator.common.runtime.CoordinatorRuntime)
kafka-1-1  | 2026-09-25T22:52:11.145947059Z [2026-09-25 22:52:11,145] INFO [GroupCoordinator id=1] Ignored unloading metadata for __consumer_offsets-26 in epoch OptionalInt[0] since metadata was never loaded. (org.apache.kafka.coordinator.common.runtime.CoordinatorRuntime)
kafka-1-1  | 2026-09-25T22:52:11.145950028Z [2026-09-25 22:52:11,145] INFO [GroupCoordinator id=1] Ignored unloading metadata for __consumer_offsets-28 in epoch OptionalInt[0] since metadata was never loaded. (org.apache.kafka.coordinator.common.runtime.CoordinatorRuntime)
kafka-1-1  | 2026-09-25T22:52:11.145952795Z [2026-09-25 22:52:11,145] INFO [GroupCoordinator id=1] Ignored unloading metadata for __consumer_offsets-5 in epoch OptionalInt[0] since metadata was never loaded. (org.apache.kafka.coordinator.common.runtime.CoordinatorRuntime)
kafka-1-1  | 2026-09-25T22:52:11.146405292Z [2026-09-25 22:52:11,145] INFO [GroupCoordinator id=1] Scheduling unloading of metadata for __consumer_offsets-1 with epoch OptionalInt[1] (org.apache.kafka.coordinator.common.runtime.CoordinatorRuntime)
kafka-1-1  | 2026-09-25T22:52:11.146420660Z [2026-09-25 22:52:11,145] INFO [GroupCoordinator id=1] Scheduling unloading of metadata for __consumer_offsets-47 with epoch OptionalInt[1] (org.apache.kafka.coordinator.common.runtime.CoordinatorRuntime)
kafka-1-1  | 2026-09-25T22:52:11.146424463Z [2026-09-25 22:52:11,145] INFO [GroupCoordinator id=1] Scheduling unloading of metadata for __consumer_offsets-45 with epoch OptionalInt[0] (org.apache.kafka.coordinator.common.runtime.CoordinatorRuntime)
kafka-1-1  | 2026-09-25T22:52:11.146427184Z [2026-09-25 22:52:11,145] INFO [GroupCoordinator id=1] Scheduling unloading of metadata for __consumer_offsets-14 with epoch OptionalInt[0] (org.apache.kafka.coordinator.common.runtime.CoordinatorRuntime)
kafka-1-1  | 2026-09-25T22:52:11.146438098Z [2026-09-25 22:52:11,145] INFO [GroupCoordinator id=1] Scheduling unloading of metadata for __consumer_offsets-41 with epoch OptionalInt[1] (org.apache.kafka.coordinator.common.runtime.CoordinatorRuntime)
kafka-1-1  | 2026-09-25T22:52:11.146441038Z [2026-09-25 22:52:11,145] INFO [GroupCoordinator id=1] Scheduling unloading of metadata for __consumer_offsets-10 with epoch OptionalInt[0] (org.apache.kafka.coordinator.common.runtime.CoordinatorRuntime)
kafka-1-1  | 2026-09-25T22:52:11.146443880Z [2026-09-25 22:52:11,145] INFO [GroupCoordinator id=1] Scheduling unloading of metadata for __consumer_offsets-22 with epoch OptionalInt[0] (org.apache.kafka.coordinator.common.runtime.CoordinatorRuntime)
kafka-1-1  | 2026-09-25T22:52:11.146446395Z [2026-09-25 22:52:11,145] INFO [GroupCoordinator id=1] Scheduling unloading of metadata for __consumer_offsets-49 with epoch OptionalInt[0] (org.apache.kafka.coordinator.common.runtime.CoordinatorRuntime)
kafka-1-1  | 2026-09-25T22:52:11.146448924Z [2026-09-25 22:52:11,145] INFO [GroupCoordinator id=1] Scheduling unloading of metadata for __consumer_offsets-18 with epoch OptionalInt[1] (org.apache.kafka.coordinator.common.runtime.CoordinatorRuntime)
kafka-1-1  | 2026-09-25T22:52:11.146451946Z [2026-09-25 22:52:11,145] INFO [GroupCoordinator id=1] Scheduling unloading of metadata for __consumer_offsets-31 with epoch OptionalInt[1] (org.apache.kafka.coordinator.common.runtime.CoordinatorRuntime)
kafka-1-1  | 2026-09-25T22:52:11.146454631Z [2026-09-25 22:52:11,145] INFO [GroupCoordinator id=1] Scheduling unloading of metadata for __consumer_offsets-27 with epoch OptionalInt[1] (org.apache.kafka.coordinator.common.runtime.CoordinatorRuntime)
kafka-1-1  | 2026-09-25T22:52:11.146457107Z [2026-09-25 22:52:11,145] INFO [GroupCoordinator id=1] Scheduling unloading of metadata for __consumer_offsets-25 with epoch OptionalInt[1] (org.apache.kafka.coordinator.common.runtime.CoordinatorRuntime)
kafka-1-1  | 2026-09-25T22:52:11.146459983Z [2026-09-25 22:52:11,145] INFO [GroupCoordinator id=1] Scheduling unloading of metadata for __consumer_offsets-39 with epoch OptionalInt[0] (org.apache.kafka.coordinator.common.runtime.CoordinatorRuntime)
kafka-1-1  | 2026-09-25T22:52:11.146462411Z [2026-09-25 22:52:11,146] INFO [GroupCoordinator id=1] Scheduling unloading of metadata for __consumer_offsets-8 with epoch OptionalInt[1] (org.apache.kafka.coordinator.common.runtime.CoordinatorRuntime)
kafka-1-1  | 2026-09-25T22:52:11.146464929Z [2026-09-25 22:52:11,146] INFO [GroupCoordinator id=1] Scheduling unloading of metadata for __consumer_offsets-37 with epoch OptionalInt[1] (org.apache.kafka.coordinator.common.runtime.CoordinatorRuntime)
kafka-1-1  | 2026-09-25T22:52:11.146467448Z [2026-09-25 22:52:11,146] INFO [GroupCoordinator id=1] Scheduling unloading of metadata for __consumer_offsets-6 with epoch OptionalInt[0] (org.apache.kafka.coordinator.common.runtime.CoordinatorRuntime)
kafka-1-1  | 2026-09-25T22:52:11.146469943Z [2026-09-25 22:52:11,146] INFO [GroupCoordinator id=1] Scheduling unloading of metadata for __consumer_offsets-35 with epoch OptionalInt[1] (org.apache.kafka.coordinator.common.runtime.CoordinatorRuntime)
kafka-1-1  | 2026-09-25T22:52:11.146472371Z [2026-09-25 22:52:11,146] INFO [GroupCoordinator id=1] Scheduling unloading of metadata for __consumer_offsets-4 with epoch OptionalInt[1] (org.apache.kafka.coordinator.common.runtime.CoordinatorRuntime)
kafka-1-1  | 2026-09-25T22:52:11.146474795Z [2026-09-25 22:52:11,146] INFO [GroupCoordinator id=1] Scheduling unloading of metadata for __consumer_offsets-33 with epoch OptionalInt[0] (org.apache.kafka.coordinator.common.runtime.CoordinatorRuntime)
kafka-1-1  | 2026-09-25T22:52:11.146480157Z [2026-09-25 22:52:11,146] INFO [GroupCoordinator id=1] Scheduling unloading of metadata for __consumer_offsets-2 with epoch OptionalInt[0] (org.apache.kafka.coordinator.common.runtime.CoordinatorRuntime)
kafka-1-1  | 2026-09-25T22:52:11.146599571Z [2026-09-25 22:52:11,146] INFO [GroupCoordinator id=1] Ignored unloading metadata for __consumer_offsets-1 in epoch OptionalInt[1] since metadata was never loaded. (org.apache.kafka.coordinator.common.runtime.CoordinatorRuntime)
kafka-1-1  | 2026-09-25T22:52:11.146602709Z [2026-09-25 22:52:11,146] INFO [GroupCoordinator id=1] Ignored unloading metadata for __consumer_offsets-22 in epoch OptionalInt[0] since metadata was never loaded. (org.apache.kafka.coordinator.common.runtime.CoordinatorRuntime)
kafka-1-1  | 2026-09-25T22:52:11.146605259Z [2026-09-25 22:52:11,146] INFO [GroupCoordinator id=1] Ignored unloading metadata for __consumer_offsets-49 in epoch OptionalInt[0] since metadata was never loaded. (org.apache.kafka.coordinator.common.runtime.CoordinatorRuntime)
kafka-1-1  | 2026-09-25T22:52:11.146607796Z [2026-09-25 22:52:11,146] INFO [GroupCoordinator id=1] Ignored unloading metadata for __consumer_offsets-47 in epoch OptionalInt[1] since metadata was never loaded. (org.apache.kafka.coordinator.common.runtime.CoordinatorRuntime)
kafka-1-1  | 2026-09-25T22:52:11.146610293Z [2026-09-25 22:52:11,146] INFO [GroupCoordinator id=1] Ignored unloading metadata for __consumer_offsets-41 in epoch OptionalInt[1] since metadata was never loaded. (org.apache.kafka.coordinator.common.runtime.CoordinatorRuntime)
kafka-1-1  | 2026-09-25T22:52:11.146612843Z [2026-09-25 22:52:11,146] INFO [GroupCoordinator id=1] Ignored unloading metadata for __consumer_offsets-18 in epoch OptionalInt[1] since metadata was never loaded. (org.apache.kafka.coordinator.common.runtime.CoordinatorRuntime)
kafka-1-1  | 2026-09-25T22:52:11.146615380Z [2026-09-25 22:52:11,146] INFO [GroupCoordinator id=1] Ignored unloading metadata for __consumer_offsets-38 in epoch OptionalInt[0] since metadata was never loaded. (org.apache.kafka.coordinator.common.runtime.CoordinatorRuntime)
kafka-1-1  | 2026-09-25T22:52:11.146617932Z [2026-09-25 22:52:11,146] INFO [GroupCoordinator id=1] Ignored unloading metadata for __consumer_offsets-10 in epoch OptionalInt[0] since metadata was never loaded. (org.apache.kafka.coordinator.common.runtime.CoordinatorRuntime)
kafka-1-1  | 2026-09-25T22:52:11.146620701Z [2026-09-25 22:52:11,146] INFO [GroupCoordinator id=1] Ignored unloading metadata for __consumer_offsets-31 in epoch OptionalInt[1] since metadata was never loaded. (org.apache.kafka.coordinator.common.runtime.CoordinatorRuntime)
kafka-1-1  | 2026-09-25T22:52:11.146623296Z [2026-09-25 22:52:11,146] INFO [GroupCoordinator id=1] Ignored unloading metadata for __consumer_offsets-37 in epoch OptionalInt[1] since metadata was never loaded. (org.apache.kafka.coordinator.common.runtime.CoordinatorRuntime)
kafka-1-1  | 2026-09-25T22:52:11.146625828Z [2026-09-25 22:52:11,146] INFO [GroupCoordinator id=1] Ignored unloading metadata for __consumer_offsets-35 in epoch OptionalInt[1] since metadata was never loaded. (org.apache.kafka.coordinator.common.runtime.CoordinatorRuntime)
kafka-1-1  | 2026-09-25T22:52:11.146628396Z [2026-09-25 22:52:11,146] INFO [GroupCoordinator id=1] Ignored unloading metadata for __consumer_offsets-4 in epoch OptionalInt[1] since metadata was never loaded. (org.apache.kafka.coordinator.common.runtime.CoordinatorRuntime)
kafka-1-1  | 2026-09-25T22:52:11.146783274Z [2026-09-25 22:52:11,146] INFO [GroupCoordinator id=1] Ignored unloading metadata for __consumer_offsets-14 in epoch OptionalInt[0] since metadata was never loaded. (org.apache.kafka.coordinator.common.runtime.CoordinatorRuntime)
kafka-1-1  | 2026-09-25T22:52:11.146790318Z [2026-09-25 22:52:11,146] INFO [GroupCoordinator id=1] Ignored unloading metadata for __consumer_offsets-33 in epoch OptionalInt[0] since metadata was never loaded. (org.apache.kafka.coordinator.common.runtime.CoordinatorRuntime)
kafka-1-1  | 2026-09-25T22:52:11.146791957Z [2026-09-25 22:52:11,146] INFO [GroupCoordinator id=1] Ignored unloading metadata for __consumer_offsets-6 in epoch OptionalInt[0] since metadata was never loaded. (org.apache.kafka.coordinator.common.runtime.CoordinatorRuntime)
kafka-1-1  | 2026-09-25T22:52:11.146793343Z [2026-09-25 22:52:11,146] INFO [GroupCoordinator id=1] Ignored unloading metadata for __consumer_offsets-8 in epoch OptionalInt[1] since metadata was never loaded. (org.apache.kafka.coordinator.common.runtime.CoordinatorRuntime)
kafka-1-1  | 2026-09-25T22:52:11.146795036Z [2026-09-25 22:52:11,146] INFO [GroupCoordinator id=1] Ignored unloading metadata for __consumer_offsets-25 in epoch OptionalInt[1] since metadata was never loaded. (org.apache.kafka.coordinator.common.runtime.CoordinatorRuntime)
kafka-1-1  | 2026-09-25T22:52:11.146796432Z [2026-09-25 22:52:11,146] INFO [GroupCoordinator id=1] Ignored unloading metadata for __consumer_offsets-27 in epoch OptionalInt[1] since metadata was never loaded. (org.apache.kafka.coordinator.common.runtime.CoordinatorRuntime)
kafka-1-1  | 2026-09-25T22:52:11.146797761Z [2026-09-25 22:52:11,146] INFO [GroupCoordinator id=1] Ignored unloading metadata for __consumer_offsets-2 in epoch OptionalInt[0] since metadata was never loaded. (org.apache.kafka.coordinator.common.runtime.CoordinatorRuntime)
kafka-1-1  | 2026-09-25T22:52:11.146799043Z [2026-09-25 22:52:11,146] INFO [GroupCoordinator id=1] Ignored unloading metadata for __consumer_offsets-45 in epoch OptionalInt[0] since metadata was never loaded. (org.apache.kafka.coordinator.common.runtime.CoordinatorRuntime)
kafka-1-1  | 2026-09-25T22:52:11.146885001Z [2026-09-25 22:52:11,146] INFO [GroupCoordinator id=1] Ignored unloading metadata for __consumer_offsets-39 in epoch OptionalInt[0] since metadata was never loaded. (org.apache.kafka.coordinator.common.runtime.CoordinatorRuntime)
kafka-1-1  | 2026-09-25T22:52:11.177247615Z [2026-09-25 22:52:11,176] INFO [GroupCoordinator id=1] Scheduling unloading of metadata for __consumer_offsets-16 with epoch OptionalInt[2] (org.apache.kafka.coordinator.common.runtime.CoordinatorRuntime)
kafka-1-1  | 2026-09-25T22:52:11.177475230Z [2026-09-25 22:52:11,177] INFO [GroupCoordinator id=1] Ignored unloading metadata for __consumer_offsets-16 in epoch OptionalInt[2] since metadata was never loaded. (org.apache.kafka.coordinator.common.runtime.CoordinatorRuntime)
kafka-1-1  | 2026-09-25T22:52:11.237413956Z [2026-09-25 22:52:11,237] INFO [GroupCoordinator id=1] Scheduling unloading of metadata for __consumer_offsets-46 with epoch OptionalInt[2] (org.apache.kafka.coordinator.common.runtime.CoordinatorRuntime)
kafka-1-1  | 2026-09-25T22:52:11.237434875Z [2026-09-25 22:52:11,237] INFO [GroupCoordinator id=1] Scheduling unloading of metadata for __consumer_offsets-43 with epoch OptionalInt[1] (org.apache.kafka.coordinator.common.runtime.CoordinatorRuntime)
kafka-1-1  | 2026-09-25T22:52:11.237439033Z [2026-09-25 22:52:11,237] INFO [GroupCoordinator id=1] Scheduling unloading of metadata for __consumer_offsets-11 with epoch OptionalInt[1] (org.apache.kafka.coordinator.common.runtime.CoordinatorRuntime)
kafka-1-1  | 2026-09-25T22:52:11.237596245Z [2026-09-25 22:52:11,237] INFO [GroupCoordinator id=1] Scheduling unloading of metadata for __consumer_offsets-12 with epoch OptionalInt[1] (org.apache.kafka.coordinator.common.runtime.CoordinatorRuntime)
kafka-1-1  | 2026-09-25T22:52:11.237610683Z [2026-09-25 22:52:11,237] INFO [GroupCoordinator id=1] Ignored unloading metadata for __consumer_offsets-46 in epoch OptionalInt[2] since metadata was never loaded. (org.apache.kafka.coordinator.common.runtime.CoordinatorRuntime)
kafka-1-1  | 2026-09-25T22:52:11.237614627Z [2026-09-25 22:52:11,237] INFO [GroupCoordinator id=1] Ignored unloading metadata for __consumer_offsets-11 in epoch OptionalInt[1] since metadata was never loaded. (org.apache.kafka.coordinator.common.runtime.CoordinatorRuntime)
kafka-1-1  | 2026-09-25T22:52:11.237714903Z [2026-09-25 22:52:11,237] INFO [GroupCoordinator id=1] Ignored unloading metadata for __consumer_offsets-43 in epoch OptionalInt[1] since metadata was never loaded. (org.apache.kafka.coordinator.common.runtime.CoordinatorRuntime)
kafka-1-1  | 2026-09-25T22:52:11.237933342Z [2026-09-25 22:52:11,237] INFO [GroupCoordinator id=1] Ignored unloading metadata for __consumer_offsets-12 in epoch OptionalInt[1] since metadata was never loaded. (org.apache.kafka.coordinator.common.runtime.CoordinatorRuntime)
kafka-1-1  | 2026-09-25T22:52:11.238039909Z [2026-09-25 22:52:11,237] INFO [GroupCoordinator id=1] Scheduling unloading of metadata for __consumer_offsets-23 with epoch OptionalInt[2] (org.apache.kafka.coordinator.common.runtime.CoordinatorRuntime)
kafka-1-1  | 2026-09-25T22:52:11.238067131Z [2026-09-25 22:52:11,237] INFO [GroupCoordinator id=1] Scheduling unloading of metadata for __consumer_offsets-24 with epoch OptionalInt[1] (org.apache.kafka.coordinator.common.runtime.CoordinatorRuntime)
kafka-1-1  | 2026-09-25T22:52:11.238150630Z [2026-09-25 22:52:11,237] INFO [GroupCoordinator id=1] Ignored unloading metadata for __consumer_offsets-23 in epoch OptionalInt[2] since metadata was never loaded. (org.apache.kafka.coordinator.common.runtime.CoordinatorRuntime)
kafka-1-1  | 2026-09-25T22:52:11.238158265Z [2026-09-25 22:52:11,238] INFO [GroupCoordinator id=1] Scheduling unloading of metadata for __consumer_offsets-20 with epoch OptionalInt[2] (org.apache.kafka.coordinator.common.runtime.CoordinatorRuntime)
kafka-1-1  | 2026-09-25T22:52:11.238159915Z [2026-09-25 22:52:11,238] INFO [GroupCoordinator id=1] Ignored unloading metadata for __consumer_offsets-24 in epoch OptionalInt[1] since metadata was never loaded. (org.apache.kafka.coordinator.common.runtime.CoordinatorRuntime)
kafka-1-1  | 2026-09-25T22:52:11.238161374Z [2026-09-25 22:52:11,238] INFO [GroupCoordinator id=1] Scheduling unloading of metadata for __consumer_offsets-0 with epoch OptionalInt[1] (org.apache.kafka.coordinator.common.runtime.CoordinatorRuntime)
kafka-1-1  | 2026-09-25T22:52:11.238165447Z [2026-09-25 22:52:11,238] INFO [GroupCoordinator id=1] Scheduling unloading of metadata for __consumer_offsets-29 with epoch OptionalInt[1] (org.apache.kafka.coordinator.common.runtime.CoordinatorRuntime)
kafka-1-1  | 2026-09-25T22:52:11.238265018Z [2026-09-25 22:52:11,238] INFO [GroupCoordinator id=1] Scheduling unloading of metadata for __consumer_offsets-30 with epoch OptionalInt[2] (org.apache.kafka.coordinator.common.runtime.CoordinatorRuntime)
kafka-1-1  | 2026-09-25T22:52:11.238505933Z [2026-09-25 22:52:11,238] INFO [GroupCoordinator id=1] Ignored unloading metadata for __consumer_offsets-20 in epoch OptionalInt[2] since metadata was never loaded. (org.apache.kafka.coordinator.common.runtime.CoordinatorRuntime)
kafka-1-1  | 2026-09-25T22:52:11.238517870Z [2026-09-25 22:52:11,238] INFO [GroupCoordinator id=1] Ignored unloading metadata for __consumer_offsets-0 in epoch OptionalInt[1] since metadata was never loaded. (org.apache.kafka.coordinator.common.runtime.CoordinatorRuntime)
kafka-1-1  | 2026-09-25T22:52:11.238532776Z [2026-09-25 22:52:11,238] INFO [GroupCoordinator id=1] Scheduling unloading of metadata for __consumer_offsets-7 with epoch OptionalInt[1] (org.apache.kafka.coordinator.common.runtime.CoordinatorRuntime)
kafka-1-1  | 2026-09-25T22:52:11.238535960Z [2026-09-25 22:52:11,238] INFO [GroupCoordinator id=1] Ignored unloading metadata for __consumer_offsets-29 in epoch OptionalInt[1] since metadata was never loaded. (org.apache.kafka.coordinator.common.runtime.CoordinatorRuntime)
kafka-1-1  | 2026-09-25T22:52:11.238538779Z [2026-09-25 22:52:11,238] INFO [GroupCoordinator id=1] Scheduling unloading of metadata for __consumer_offsets-40 with epoch OptionalInt[1] (org.apache.kafka.coordinator.common.runtime.CoordinatorRuntime)
kafka-1-1  | 2026-09-25T22:52:11.238541514Z [2026-09-25 22:52:11,238] INFO [GroupCoordinator id=1] Scheduling unloading of metadata for __consumer_offsets-3 with epoch OptionalInt[1] (org.apache.kafka.coordinator.common.runtime.CoordinatorRuntime)
kafka-1-1  | 2026-09-25T22:52:11.238544110Z [2026-09-25 22:52:11,238] INFO [GroupCoordinator id=1] Ignored unloading metadata for __consumer_offsets-30 in epoch OptionalInt[2] since metadata was never loaded. (org.apache.kafka.coordinator.common.runtime.CoordinatorRuntime)
kafka-1-1  | 2026-09-25T22:52:11.238546811Z [2026-09-25 22:52:11,238] INFO [GroupCoordinator id=1] Scheduling unloading of metadata for __consumer_offsets-36 with epoch OptionalInt[2] (org.apache.kafka.coordinator.common.runtime.CoordinatorRuntime)
kafka-1-1  | 2026-09-25T22:52:11.238549527Z [2026-09-25 22:52:11,238] INFO [GroupCoordinator id=1] Ignored unloading metadata for __consumer_offsets-40 in epoch OptionalInt[1] since metadata was never loaded. (org.apache.kafka.coordinator.common.runtime.CoordinatorRuntime)
kafka-1-1  | 2026-09-25T22:52:11.238552761Z [2026-09-25 22:52:11,238] INFO [GroupCoordinator id=1] Ignored unloading metadata for __consumer_offsets-7 in epoch OptionalInt[1] since metadata was never loaded. (org.apache.kafka.coordinator.common.runtime.CoordinatorRuntime)
kafka-1-1  | 2026-09-25T22:52:11.238555636Z [2026-09-25 22:52:11,238] INFO [GroupCoordinator id=1] Scheduling unloading of metadata for __consumer_offsets-34 with epoch OptionalInt[2] (org.apache.kafka.coordinator.common.runtime.CoordinatorRuntime)
kafka-1-1  | 2026-09-25T22:52:11.238689534Z [2026-09-25 22:52:11,238] INFO [GroupCoordinator id=1] Ignored unloading metadata for __consumer_offsets-3 in epoch OptionalInt[1] since metadata was never loaded. (org.apache.kafka.coordinator.common.runtime.CoordinatorRuntime)
kafka-1-1  | 2026-09-25T22:52:11.238722116Z [2026-09-25 22:52:11,238] INFO [GroupCoordinator id=1] Ignored unloading metadata for __consumer_offsets-36 in epoch OptionalInt[2] since metadata was never loaded. (org.apache.kafka.coordinator.common.runtime.CoordinatorRuntime)
kafka-1-1  | 2026-09-25T22:52:11.239130624Z [2026-09-25 22:52:11,238] INFO [GroupCoordinator id=1] Ignored unloading metadata for __consumer_offsets-34 in epoch OptionalInt[2] since metadata was never loaded. (org.apache.kafka.coordinator.common.runtime.CoordinatorRuntime)
kafka-1-1  | 2026-09-25T22:56:22.233577138Z [2026-09-25 22:56:22,233] INFO [ReplicaFetcher replicaId=1, leaderId=3, fetcherId=0] Partition __consumer_offsets-48 has an older epoch (1) than the current leader. Will await the new LeaderAndIsr state before resuming fetching. (kafka.server.ReplicaFetcherThread)
kafka-1-1  | 2026-09-25T22:56:22.236584839Z [2026-09-25 22:56:22,236] WARN [ReplicaFetcher replicaId=1, leaderId=3, fetcherId=0] Partition __consumer_offsets-48 marked as failed (kafka.server.ReplicaFetcherThread)
kafka-1-1  | 2026-09-25T22:56:22.236626368Z [2026-09-25 22:56:22,236] INFO [ReplicaFetcher replicaId=1, leaderId=3, fetcherId=0] Partition __consumer_offsets-13 has an older epoch (1) than the current leader. Will await the new LeaderAndIsr state before resuming fetching. (kafka.server.ReplicaFetcherThread)
kafka-1-1  | 2026-09-25T22:56:22.236660264Z [2026-09-25 22:56:22,236] WARN [ReplicaFetcher replicaId=1, leaderId=3, fetcherId=0] Partition __consumer_offsets-13 marked as failed (kafka.server.ReplicaFetcherThread)
kafka-1-1  | 2026-09-25T22:56:22.236734133Z [2026-09-25 22:56:22,236] INFO [ReplicaFetcher replicaId=1, leaderId=3, fetcherId=0] Partition __consumer_offsets-44 has an older epoch (1) than the current leader. Will await the new LeaderAndIsr state before resuming fetching. (kafka.server.ReplicaFetcherThread)
kafka-1-1  | 2026-09-25T22:56:22.236949982Z [2026-09-25 22:56:22,236] WARN [ReplicaFetcher replicaId=1, leaderId=3, fetcherId=0] Partition __consumer_offsets-44 marked as failed (kafka.server.ReplicaFetcherThread)
kafka-1-1  | 2026-09-25T22:56:22.236968717Z [2026-09-25 22:56:22,236] INFO [ReplicaFetcher replicaId=1, leaderId=3, fetcherId=0] Partition __consumer_offsets-9 has an older epoch (1) than the current leader. Will await the new LeaderAndIsr state before resuming fetching. (kafka.server.ReplicaFetcherThread)
kafka-1-1  | 2026-09-25T22:56:22.237054421Z [2026-09-25 22:56:22,236] WARN [ReplicaFetcher replicaId=1, leaderId=3, fetcherId=0] Partition __consumer_offsets-9 marked as failed (kafka.server.ReplicaFetcherThread)
kafka-1-1  | 2026-09-25T22:56:22.237063543Z [2026-09-25 22:56:22,237] INFO [ReplicaFetcher replicaId=1, leaderId=3, fetcherId=0] Partition __consumer_offsets-21 has an older epoch (1) than the current leader. Will await the new LeaderAndIsr state before resuming fetching. (kafka.server.ReplicaFetcherThread)
kafka-1-1  | 2026-09-25T22:56:22.237126220Z [2026-09-25 22:56:22,237] WARN [ReplicaFetcher replicaId=1, leaderId=3, fetcherId=0] Partition __consumer_offsets-21 marked as failed (kafka.server.ReplicaFetcherThread)
kafka-1-1  | 2026-09-25T22:56:22.237131981Z [2026-09-25 22:56:22,237] INFO [ReplicaFetcher replicaId=1, leaderId=3, fetcherId=0] Partition __consumer_offsets-17 has an older epoch (1) than the current leader. Will await the new LeaderAndIsr state before resuming fetching. (kafka.server.ReplicaFetcherThread)
kafka-1-1  | 2026-09-25T22:56:22.237428656Z [2026-09-25 22:56:22,237] WARN [ReplicaFetcher replicaId=1, leaderId=3, fetcherId=0] Partition __consumer_offsets-17 marked as failed (kafka.server.ReplicaFetcherThread)
kafka-1-1  | 2026-09-25T22:56:22.237438748Z [2026-09-25 22:56:22,237] INFO [ReplicaFetcher replicaId=1, leaderId=3, fetcherId=0] Partition __consumer_offsets-1 has an older epoch (1) than the current leader. Will await the new LeaderAndIsr state before resuming fetching. (kafka.server.ReplicaFetcherThread)
kafka-1-1  | 2026-09-25T22:56:22.237441182Z [2026-09-25 22:56:22,237] WARN [ReplicaFetcher replicaId=1, leaderId=3, fetcherId=0] Partition __consumer_offsets-1 marked as failed (kafka.server.ReplicaFetcherThread)
kafka-1-1  | 2026-09-25T22:56:22.238147932Z [2026-09-25 22:56:22,237] INFO [ReplicaFetcher replicaId=1, leaderId=3, fetcherId=0] Partition __consumer_offsets-47 has an older epoch (1) than the current leader. Will await the new LeaderAndIsr state before resuming fetching. (kafka.server.ReplicaFetcherThread)
kafka-1-1  | 2026-09-25T22:56:22.238575097Z [2026-09-25 22:56:22,238] WARN [ReplicaFetcher replicaId=1, leaderId=3, fetcherId=0] Partition __consumer_offsets-47 marked as failed (kafka.server.ReplicaFetcherThread)
kafka-1-1  | 2026-09-25T22:56:22.238789741Z [2026-09-25 22:56:22,238] INFO [ReplicaFetcher replicaId=1, leaderId=3, fetcherId=0] Partition __consumer_offsets-41 has an older epoch (1) than the current leader. Will await the new LeaderAndIsr state before resuming fetching. (kafka.server.ReplicaFetcherThread)
kafka-1-1  | 2026-09-25T22:56:22.239320643Z [2026-09-25 22:56:22,239] WARN [ReplicaFetcher replicaId=1, leaderId=3, fetcherId=0] Partition __consumer_offsets-41 marked as failed (kafka.server.ReplicaFetcherThread)
kafka-1-1  | 2026-09-25T22:56:22.239474836Z [2026-09-25 22:56:22,239] INFO [ReplicaFetcher replicaId=1, leaderId=3, fetcherId=0] Partition __consumer_offsets-18 has an older epoch (1) than the current leader. Will await the new LeaderAndIsr state before resuming fetching. (kafka.server.ReplicaFetcherThread)
kafka-1-1  | 2026-09-25T22:56:22.240168805Z [2026-09-25 22:56:22,239] WARN [ReplicaFetcher replicaId=1, leaderId=3, fetcherId=0] Partition __consumer_offsets-18 marked as failed (kafka.server.ReplicaFetcherThread)
kafka-1-1  | 2026-09-25T22:56:22.240191261Z [2026-09-25 22:56:22,239] INFO [ReplicaFetcher replicaId=1, leaderId=3, fetcherId=0] Partition __consumer_offsets-31 has an older epoch (1) than the current leader. Will await the new LeaderAndIsr state before resuming fetching. (kafka.server.ReplicaFetcherThread)
kafka-1-1  | 2026-09-25T22:56:22.240198986Z [2026-09-25 22:56:22,240] WARN [ReplicaFetcher replicaId=1, leaderId=3, fetcherId=0] Partition __consumer_offsets-31 marked as failed (kafka.server.ReplicaFetcherThread)
kafka-1-1  | 2026-09-25T22:56:22.240225056Z [2026-09-25 22:56:22,240] INFO [ReplicaFetcher replicaId=1, leaderId=3, fetcherId=0] Partition __consumer_offsets-27 has an older epoch (1) than the current leader. Will await the new LeaderAndIsr state before resuming fetching. (kafka.server.ReplicaFetcherThread)
kafka-1-1  | 2026-09-25T22:56:22.240567159Z [2026-09-25 22:56:22,240] WARN [ReplicaFetcher replicaId=1, leaderId=3, fetcherId=0] Partition __consumer_offsets-27 marked as failed (kafka.server.ReplicaFetcherThread)
kafka-1-1  | 2026-09-25T22:56:22.240580439Z [2026-09-25 22:56:22,240] INFO [ReplicaFetcher replicaId=1, leaderId=3, fetcherId=0] Partition __consumer_offsets-25 has an older epoch (1) than the current leader. Will await the new LeaderAndIsr state before resuming fetching. (kafka.server.ReplicaFetcherThread)
kafka-1-1  | 2026-09-25T22:56:22.240676712Z [2026-09-25 22:56:22,240] WARN [ReplicaFetcher replicaId=1, leaderId=3, fetcherId=0] Partition __consumer_offsets-25 marked as failed (kafka.server.ReplicaFetcherThread)
kafka-1-1  | 2026-09-25T22:56:22.241142775Z [2026-09-25 22:56:22,240] INFO [ReplicaFetcher replicaId=1, leaderId=3, fetcherId=0] Partition __consumer_offsets-8 has an older epoch (1) than the current leader. Will await the new LeaderAndIsr state before resuming fetching. (kafka.server.ReplicaFetcherThread)
kafka-1-1  | 2026-09-25T22:56:22.241566921Z [2026-09-25 22:56:22,240] WARN [ReplicaFetcher replicaId=1, leaderId=3, fetcherId=0] Partition __consumer_offsets-8 marked as failed (kafka.server.ReplicaFetcherThread)
kafka-1-1  | 2026-09-25T22:56:22.241583080Z [2026-09-25 22:56:22,240] INFO [ReplicaFetcher replicaId=1, leaderId=3, fetcherId=0] Partition __consumer_offsets-37 has an older epoch (1) than the current leader. Will await the new LeaderAndIsr state before resuming fetching. (kafka.server.ReplicaFetcherThread)
kafka-1-1  | 2026-09-25T22:56:22.241585498Z [2026-09-25 22:56:22,241] WARN [ReplicaFetcher replicaId=1, leaderId=3, fetcherId=0] Partition __consumer_offsets-37 marked as failed (kafka.server.ReplicaFetcherThread)
kafka-1-1  | 2026-09-25T22:56:22.241602914Z [2026-09-25 22:56:22,241] INFO [ReplicaFetcher replicaId=1, leaderId=3, fetcherId=0] Partition __consumer_offsets-35 has an older epoch (1) than the current leader. Will await the new LeaderAndIsr state before resuming fetching. (kafka.server.ReplicaFetcherThread)
kafka-1-1  | 2026-09-25T22:56:22.241605040Z [2026-09-25 22:56:22,241] WARN [ReplicaFetcher replicaId=1, leaderId=3, fetcherId=0] Partition __consumer_offsets-35 marked as failed (kafka.server.ReplicaFetcherThread)
kafka-1-1  | 2026-09-25T22:56:22.241606995Z [2026-09-25 22:56:22,241] INFO [ReplicaFetcher replicaId=1, leaderId=3, fetcherId=0] Partition __consumer_offsets-4 has an older epoch (1) than the current leader. Will await the new LeaderAndIsr state before resuming fetching. (kafka.server.ReplicaFetcherThread)
kafka-1-1  | 2026-09-25T22:56:22.241608878Z [2026-09-25 22:56:22,241] WARN [ReplicaFetcher replicaId=1, leaderId=3, fetcherId=0] Partition __consumer_offsets-4 marked as failed (kafka.server.ReplicaFetcherThread)
kafka-1-1  | 2026-09-25T22:56:22.241611180Z [2026-09-25 22:56:22,241] INFO [ReplicaFetcher replicaId=1, leaderId=3, fetcherId=0] Partition dados-sensores-5 has an older epoch (1) than the current leader. Will await the new LeaderAndIsr state before resuming fetching. (kafka.server.ReplicaFetcherThread)
kafka-1-1  | 2026-09-25T22:56:22.242033485Z [2026-09-25 22:56:22,241] WARN [ReplicaFetcher replicaId=1, leaderId=3, fetcherId=0] Partition dados-sensores-5 marked as failed (kafka.server.ReplicaFetcherThread)
kafka-1-1  | 2026-09-25T22:56:22.244442092Z [2026-09-25 22:56:22,244] INFO [ReplicaFetcher replicaId=1, leaderId=3, fetcherId=0] Partition dados-sensores-0 has an older epoch (1) than the current leader. Will await the new LeaderAndIsr state before resuming fetching. (kafka.server.ReplicaFetcherThread)
kafka-1-1  | 2026-09-25T22:56:22.244664325Z [2026-09-25 22:56:22,244] WARN [ReplicaFetcher replicaId=1, leaderId=3, fetcherId=0] Partition dados-sensores-0 marked as failed (kafka.server.ReplicaFetcherThread)
kafka-1-1  | 2026-09-25T22:56:22.363463815Z [2026-09-25 22:56:22,363] INFO [ReplicaFetcherManager on broker 1] Removed fetcher for partitions Set(__consumer_offsets-47, __consumer_offsets-48, __consumer_offsets-11, __consumer_offsets-43, __consumer_offsets-12, __consumer_offsets-24, __consumer_offsets-21, __consumer_offsets-17, __consumer_offsets-18, __consumer_offsets-31, dados-sensores-4, __consumer_offsets-0, __consumer_offsets-29, __consumer_offsets-7, __consumer_offsets-40, __consumer_offsets-37, __consumer_offsets-3, __consumer_offsets-35, dados-sensores-2) (kafka.server.ReplicaFetcherManager)
kafka-1-1  | 2026-09-25T22:56:22.505018282Z [2026-09-25 22:56:22,504] INFO [ReplicaFetcherManager on broker 1] Removed fetcher for partitions Set(dados-sensores-5, __consumer_offsets-13, __consumer_offsets-27, __consumer_offsets-44, __consumer_offsets-41, __consumer_offsets-25, __consumer_offsets-9, __consumer_offsets-8, __consumer_offsets-4, dados-sensores-0, __consumer_offsets-1) (kafka.server.ReplicaFetcherManager)
kafka-1-1  | 2026-09-25T22:56:22.505517844Z [2026-09-25 22:56:22,505] INFO [ReplicaFetcherManager on broker 1] Added fetcher to broker 2 for partitions HashMap(dados-sensores-5 -> InitialFetchState(Some(bpNag2Q4SrSHzixJwrCS8Q),BrokerEndPoint(id=2, host=kafka-2:9092),2,1491), __consumer_offsets-13 -> InitialFetchState(Some(z0JJoNscSBKv29UaLoZ9NQ),BrokerEndPoint(id=2, host=kafka-2:9092),2,0), __consumer_offsets-27 -> InitialFetchState(Some(z0JJoNscSBKv29UaLoZ9NQ),BrokerEndPoint(id=2, host=kafka-2:9092),2,0), __consumer_offsets-44 -> InitialFetchState(Some(z0JJoNscSBKv29UaLoZ9NQ),BrokerEndPoint(id=2, host=kafka-2:9092),2,0), __consumer_offsets-41 -> InitialFetchState(Some(z0JJoNscSBKv29UaLoZ9NQ),BrokerEndPoint(id=2, host=kafka-2:9092),2,0), __consumer_offsets-25 -> InitialFetchState(Some(z0JJoNscSBKv29UaLoZ9NQ),BrokerEndPoint(id=2, host=kafka-2:9092),2,0), __consumer_offsets-9 -> InitialFetchState(Some(z0JJoNscSBKv29UaLoZ9NQ),BrokerEndPoint(id=2, host=kafka-2:9092),2,0), __consumer_offsets-8 -> InitialFetchState(Some(z0JJoNscSBKv29UaLoZ9NQ),BrokerEndPoint(id=2, host=kafka-2:9092),2,0), __consumer_offsets-4 -> InitialFetchState(Some(z0JJoNscSBKv29UaLoZ9NQ),BrokerEndPoint(id=2, host=kafka-2:9092),2,0), dados-sensores-0 -> InitialFetchState(Some(bpNag2Q4SrSHzixJwrCS8Q),BrokerEndPoint(id=2, host=kafka-2:9092),2,2038), __consumer_offsets-1 -> InitialFetchState(Some(z0JJoNscSBKv29UaLoZ9NQ),BrokerEndPoint(id=2, host=kafka-2:9092),2,0)) (kafka.server.ReplicaFetcherManager)
kafka-1-1  | 2026-09-25T22:56:22.506474196Z [2026-09-25 22:56:22,506] INFO [GroupCoordinator id=1] Scheduling loading of metadata from __consumer_offsets-47 with epoch 2 (org.apache.kafka.coordinator.common.runtime.CoordinatorRuntime)
kafka-1-1  | 2026-09-25T22:56:22.507286749Z [2026-09-25 22:56:22,507] INFO [GroupCoordinator id=1] Scheduling loading of metadata from __consumer_offsets-48 with epoch 2 (org.apache.kafka.coordinator.common.runtime.CoordinatorRuntime)
kafka-1-1  | 2026-09-25T22:56:22.507568816Z [2026-09-25 22:56:22,507] INFO [GroupCoordinator id=1] Scheduling loading of metadata from __consumer_offsets-11 with epoch 2 (org.apache.kafka.coordinator.common.runtime.CoordinatorRuntime)
kafka-1-1  | 2026-09-25T22:56:22.507584333Z [2026-09-25 22:56:22,507] INFO [GroupCoordinator id=1] Scheduling loading of metadata from __consumer_offsets-43 with epoch 2 (org.apache.kafka.coordinator.common.runtime.CoordinatorRuntime)
kafka-1-1  | 2026-09-25T22:56:22.507814047Z [2026-09-25 22:56:22,507] INFO [GroupCoordinator id=1] Scheduling loading of metadata from __consumer_offsets-12 with epoch 2 (org.apache.kafka.coordinator.common.runtime.CoordinatorRuntime)
kafka-1-1  | 2026-09-25T22:56:22.507826976Z [2026-09-25 22:56:22,507] INFO [GroupCoordinator id=1] Scheduling loading of metadata from __consumer_offsets-24 with epoch 2 (org.apache.kafka.coordinator.common.runtime.CoordinatorRuntime)
kafka-1-1  | 2026-09-25T22:56:22.507831003Z [2026-09-25 22:56:22,507] INFO [GroupCoordinator id=1] Scheduling loading of metadata from __consumer_offsets-21 with epoch 2 (org.apache.kafka.coordinator.common.runtime.CoordinatorRuntime)
kafka-1-1  | 2026-09-25T22:56:22.508105990Z [2026-09-25 22:56:22,507] INFO [GroupCoordinator id=1] Scheduling loading of metadata from __consumer_offsets-17 with epoch 2 (org.apache.kafka.coordinator.common.runtime.CoordinatorRuntime)
kafka-1-1  | 2026-09-25T22:56:22.508120917Z [2026-09-25 22:56:22,507] INFO [GroupCoordinator id=1] Scheduling loading of metadata from __consumer_offsets-18 with epoch 2 (org.apache.kafka.coordinator.common.runtime.CoordinatorRuntime)
kafka-1-1  | 2026-09-25T22:56:22.508125281Z [2026-09-25 22:56:22,508] INFO [GroupCoordinator id=1] Scheduling loading of metadata from __consumer_offsets-31 with epoch 2 (org.apache.kafka.coordinator.common.runtime.CoordinatorRuntime)
kafka-1-1  | 2026-09-25T22:56:22.508305826Z [2026-09-25 22:56:22,508] INFO [GroupCoordinator id=1] Scheduling loading of metadata from __consumer_offsets-0 with epoch 2 (org.apache.kafka.coordinator.common.runtime.CoordinatorRuntime)
kafka-1-1  | 2026-09-25T22:56:22.508320268Z [2026-09-25 22:56:22,508] INFO [GroupCoordinator id=1] Scheduling loading of metadata from __consumer_offsets-29 with epoch 2 (org.apache.kafka.coordinator.common.runtime.CoordinatorRuntime)
kafka-1-1  | 2026-09-25T22:56:22.508324803Z [2026-09-25 22:56:22,508] INFO [GroupCoordinator id=1] Scheduling loading of metadata from __consumer_offsets-7 with epoch 2 (org.apache.kafka.coordinator.common.runtime.CoordinatorRuntime)
kafka-1-1  | 2026-09-25T22:56:22.508338726Z [2026-09-25 22:56:22,508] INFO [GroupCoordinator id=1] Scheduling loading of metadata from __consumer_offsets-40 with epoch 2 (org.apache.kafka.coordinator.common.runtime.CoordinatorRuntime)
kafka-1-1  | 2026-09-25T22:56:22.508341908Z [2026-09-25 22:56:22,508] INFO [GroupCoordinator id=1] Scheduling loading of metadata from __consumer_offsets-37 with epoch 2 (org.apache.kafka.coordinator.common.runtime.CoordinatorRuntime)
kafka-1-1  | 2026-09-25T22:56:22.508350935Z [2026-09-25 22:56:22,508] INFO [GroupCoordinator id=1] Scheduling loading of metadata from __consumer_offsets-3 with epoch 2 (org.apache.kafka.coordinator.common.runtime.CoordinatorRuntime)
kafka-1-1  | 2026-09-25T22:56:22.508568171Z [2026-09-25 22:56:22,508] INFO [GroupCoordinator id=1] Scheduling loading of metadata from __consumer_offsets-35 with epoch 2 (org.apache.kafka.coordinator.common.runtime.CoordinatorRuntime)
kafka-1-1  | 2026-09-25T22:56:22.508583929Z [2026-09-25 22:56:22,508] INFO [GroupCoordinator id=1] Scheduling unloading of metadata for __consumer_offsets-13 with epoch OptionalInt[2] (org.apache.kafka.coordinator.common.runtime.CoordinatorRuntime)
kafka-1-1  | 2026-09-25T22:56:22.508588448Z [2026-09-25 22:56:22,508] INFO [GroupCoordinator id=1] Scheduling unloading of metadata for __consumer_offsets-27 with epoch OptionalInt[2] (org.apache.kafka.coordinator.common.runtime.CoordinatorRuntime)
kafka-1-1  | 2026-09-25T22:56:22.508688797Z [2026-09-25 22:56:22,508] INFO [GroupCoordinator id=1] Scheduling unloading of metadata for __consumer_offsets-44 with epoch OptionalInt[2] (org.apache.kafka.coordinator.common.runtime.CoordinatorRuntime)
kafka-1-1  | 2026-09-25T22:56:22.508700815Z [2026-09-25 22:56:22,508] INFO [GroupCoordinator id=1] Scheduling unloading of metadata for __consumer_offsets-9 with epoch OptionalInt[2] (org.apache.kafka.coordinator.common.runtime.CoordinatorRuntime)
kafka-1-1  | 2026-09-25T22:56:22.508705224Z [2026-09-25 22:56:22,508] INFO [GroupCoordinator id=1] Scheduling unloading of metadata for __consumer_offsets-25 with epoch OptionalInt[2] (org.apache.kafka.coordinator.common.runtime.CoordinatorRuntime)
kafka-1-1  | 2026-09-25T22:56:22.508708137Z [2026-09-25 22:56:22,508] INFO [GroupCoordinator id=1] Scheduling unloading of metadata for __consumer_offsets-41 with epoch OptionalInt[2] (org.apache.kafka.coordinator.common.runtime.CoordinatorRuntime)
kafka-1-1  | 2026-09-25T22:56:22.508710883Z [2026-09-25 22:56:22,508] INFO [GroupCoordinator id=1] Scheduling unloading of metadata for __consumer_offsets-8 with epoch OptionalInt[2] (org.apache.kafka.coordinator.common.runtime.CoordinatorRuntime)
kafka-1-1  | 2026-09-25T22:56:22.508713613Z [2026-09-25 22:56:22,508] INFO [GroupCoordinator id=1] Scheduling unloading of metadata for __consumer_offsets-4 with epoch OptionalInt[2] (org.apache.kafka.coordinator.common.runtime.CoordinatorRuntime)
kafka-1-1  | 2026-09-25T22:56:22.508716407Z [2026-09-25 22:56:22,508] INFO [GroupCoordinator id=1] Scheduling unloading of metadata for __consumer_offsets-1 with epoch OptionalInt[2] (org.apache.kafka.coordinator.common.runtime.CoordinatorRuntime)
kafka-1-1  | 2026-09-25T22:56:22.511910641Z [2026-09-25 22:56:22,511] INFO [GroupCoordinator id=1] Ignored unloading metadata for __consumer_offsets-4 in epoch OptionalInt[2] since metadata was never loaded. (org.apache.kafka.coordinator.common.runtime.CoordinatorRuntime)
kafka-1-1  | 2026-09-25T22:56:22.511933857Z [2026-09-25 22:56:22,511] INFO [GroupCoordinator id=1] Ignored unloading metadata for __consumer_offsets-1 in epoch OptionalInt[2] since metadata was never loaded. (org.apache.kafka.coordinator.common.runtime.CoordinatorRuntime)
kafka-1-1  | 2026-09-25T22:56:22.512371541Z [2026-09-25 22:56:22,511] INFO [GroupCoordinator id=1] Ignored unloading metadata for __consumer_offsets-25 in epoch OptionalInt[2] since metadata was never loaded. (org.apache.kafka.coordinator.common.runtime.CoordinatorRuntime)
kafka-1-1  | 2026-09-25T22:56:22.512402630Z [2026-09-25 22:56:22,511] INFO [GroupCoordinator id=1] Ignored unloading metadata for __consumer_offsets-8 in epoch OptionalInt[2] since metadata was never loaded. (org.apache.kafka.coordinator.common.runtime.CoordinatorRuntime)
kafka-1-1  | 2026-09-25T22:56:22.512408105Z [2026-09-25 22:56:22,511] INFO [GroupCoordinator id=1] Ignored unloading metadata for __consumer_offsets-9 in epoch OptionalInt[2] since metadata was never loaded. (org.apache.kafka.coordinator.common.runtime.CoordinatorRuntime)
kafka-1-1  | 2026-09-25T22:56:22.512410970Z [2026-09-25 22:56:22,512] INFO [GroupCoordinator id=1] Ignored unloading metadata for __consumer_offsets-44 in epoch OptionalInt[2] since metadata was never loaded. (org.apache.kafka.coordinator.common.runtime.CoordinatorRuntime)
kafka-1-1  | 2026-09-25T22:56:22.512413730Z [2026-09-25 22:56:22,512] INFO [GroupCoordinator id=1] Ignored unloading metadata for __consumer_offsets-27 in epoch OptionalInt[2] since metadata was never loaded. (org.apache.kafka.coordinator.common.runtime.CoordinatorRuntime)
kafka-1-1  | 2026-09-25T22:56:22.512416451Z [2026-09-25 22:56:22,512] INFO [GroupCoordinator id=1] Ignored unloading metadata for __consumer_offsets-13 in epoch OptionalInt[2] since metadata was never loaded. (org.apache.kafka.coordinator.common.runtime.CoordinatorRuntime)
kafka-1-1  | 2026-09-25T22:56:22.512765982Z [2026-09-25 22:56:22,512] INFO [GroupCoordinator id=1] Ignored unloading metadata for __consumer_offsets-41 in epoch OptionalInt[2] since metadata was never loaded. (org.apache.kafka.coordinator.common.runtime.CoordinatorRuntime)
kafka-1-1  | 2026-09-25T22:56:22.513933031Z [2026-09-25 22:56:22,513] INFO [GroupCoordinator id=1] Finished loading of metadata from __consumer_offsets-43 with epoch 2 in 2ms where 2ms was spent in the scheduler. Loaded 0 records which total to 0 bytes. (org.apache.kafka.coordinator.common.runtime.CoordinatorRuntime)
kafka-1-1  | 2026-09-25T22:56:22.513950551Z [2026-09-25 22:56:22,513] INFO [GroupCoordinator id=1] Finished loading of metadata from __consumer_offsets-48 with epoch 2 in 2ms where 2ms was spent in the scheduler. Loaded 0 records which total to 0 bytes. (org.apache.kafka.coordinator.common.runtime.CoordinatorRuntime)
kafka-1-1  | 2026-09-25T22:56:22.513954524Z [2026-09-25 22:56:22,513] INFO [GroupCoordinator id=1] Finished loading of metadata from __consumer_offsets-29 with epoch 2 in 1ms where 1ms was spent in the scheduler. Loaded 0 records which total to 0 bytes. (org.apache.kafka.coordinator.common.runtime.CoordinatorRuntime)
kafka-1-1  | 2026-09-25T22:56:22.513965115Z [2026-09-25 22:56:22,513] INFO [GroupCoordinator id=1] Finished loading of metadata from __consumer_offsets-40 with epoch 2 in 1ms where 1ms was spent in the scheduler. Loaded 0 records which total to 0 bytes. (org.apache.kafka.coordinator.common.runtime.CoordinatorRuntime)
kafka-1-1  | 2026-09-25T22:56:22.513968659Z [2026-09-25 22:56:22,513] INFO [GroupCoordinator id=1] Finished loading of metadata from __consumer_offsets-37 with epoch 2 in 1ms where 1ms was spent in the scheduler. Loaded 0 records which total to 0 bytes. (org.apache.kafka.coordinator.common.runtime.CoordinatorRuntime)
kafka-1-1  | 2026-09-25T22:56:22.513971549Z [2026-09-25 22:56:22,513] INFO [GroupCoordinator id=1] Finished loading of metadata from __consumer_offsets-18 with epoch 2 in 0ms where 0ms was spent in the scheduler. Loaded 0 records which total to 0 bytes. (org.apache.kafka.coordinator.common.runtime.CoordinatorRuntime)
kafka-1-1  | 2026-09-25T22:56:22.513982494Z [2026-09-25 22:56:22,513] INFO [GroupCoordinator id=1] Finished loading of metadata from __consumer_offsets-24 with epoch 2 in 0ms where 0ms was spent in the scheduler. Loaded 0 records which total to 0 bytes. (org.apache.kafka.coordinator.common.runtime.CoordinatorRuntime)
kafka-1-1  | 2026-09-25T22:56:22.513985570Z [2026-09-25 22:56:22,513] INFO [GroupCoordinator id=1] Finished loading of metadata from __consumer_offsets-21 with epoch 2 in 0ms where 0ms was spent in the scheduler. Loaded 0 records which total to 0 bytes. (org.apache.kafka.coordinator.common.runtime.CoordinatorRuntime)
kafka-1-1  | 2026-09-25T22:56:22.514100532Z [2026-09-25 22:56:22,513] INFO [GroupCoordinator id=1] Finished loading of metadata from __consumer_offsets-47 with epoch 2 in 2ms where 2ms was spent in the scheduler. Loaded 0 records which total to 0 bytes. (org.apache.kafka.coordinator.common.runtime.CoordinatorRuntime)
kafka-1-1  | 2026-09-25T22:56:22.514115386Z [2026-09-25 22:56:22,513] INFO [GroupCoordinator id=1] Finished loading of metadata from __consumer_offsets-12 with epoch 2 in 0ms where 0ms was spent in the scheduler. Loaded 0 records which total to 0 bytes. (org.apache.kafka.coordinator.common.runtime.CoordinatorRuntime)
kafka-1-1  | 2026-09-25T22:56:22.514119363Z [2026-09-25 22:56:22,514] INFO [GroupCoordinator id=1] Finished loading of metadata from __consumer_offsets-3 with epoch 2 in 0ms where 0ms was spent in the scheduler. Loaded 0 records which total to 0 bytes. (org.apache.kafka.coordinator.common.runtime.CoordinatorRuntime)
kafka-1-1  | 2026-09-25T22:56:22.514418013Z [2026-09-25 22:56:22,514] INFO [GroupCoordinator id=1] Finished loading of metadata from __consumer_offsets-35 with epoch 2 in 0ms where 0ms was spent in the scheduler. Loaded 0 records which total to 0 bytes. (org.apache.kafka.coordinator.common.runtime.CoordinatorRuntime)
kafka-1-1  | 2026-09-25T22:56:22.514429539Z [2026-09-25 22:56:22,514] INFO [GroupCoordinator id=1] Finished loading of metadata from __consumer_offsets-7 with epoch 2 in 0ms where 0ms was spent in the scheduler. Loaded 0 records which total to 0 bytes. (org.apache.kafka.coordinator.common.runtime.CoordinatorRuntime)
kafka-1-1  | 2026-09-25T22:56:22.514433739Z [2026-09-25 22:56:22,514] INFO [GroupCoordinator id=1] Finished loading of metadata from __consumer_offsets-11 with epoch 2 in 1ms where 0ms was spent in the scheduler. Loaded 0 records which total to 0 bytes. (org.apache.kafka.coordinator.common.runtime.CoordinatorRuntime)
kafka-1-1  | 2026-09-25T22:56:22.514551248Z [2026-09-25 22:56:22,514] INFO [GroupCoordinator id=1] Finished loading of metadata from __consumer_offsets-17 with epoch 2 in 0ms where 0ms was spent in the scheduler. Loaded 0 records which total to 0 bytes. (org.apache.kafka.coordinator.common.runtime.CoordinatorRuntime)
kafka-1-1  | 2026-09-25T22:56:22.514561956Z [2026-09-25 22:56:22,514] INFO [GroupCoordinator id=1] Finished loading of metadata from __consumer_offsets-31 with epoch 2 in 1ms where 1ms was spent in the scheduler. Loaded 0 records which total to 0 bytes. (org.apache.kafka.coordinator.common.runtime.CoordinatorRuntime)
kafka-1-1  | 2026-09-25T22:56:22.514566020Z [2026-09-25 22:56:22,514] INFO [GroupCoordinator id=1] Finished loading of metadata from __consumer_offsets-0 with epoch 2 in 1ms where 1ms was spent in the scheduler. Loaded 0 records which total to 0 bytes. (org.apache.kafka.coordinator.common.runtime.CoordinatorRuntime)
kafka-1-1  | 2026-09-25T22:56:22.947018495Z [2026-09-25 22:56:22,946] INFO [ReplicaFetcher replicaId=1, leaderId=2, fetcherId=0] Truncating partition __consumer_offsets-13 with TruncationState(offset=0, completed=true) due to local high watermark 0 (kafka.server.ReplicaFetcherThread)
kafka-1-1  | 2026-09-25T22:56:22.947948622Z [2026-09-25 22:56:22,947] INFO [UnifiedLog partition=__consumer_offsets-13, dir=/var/lib/kafka/data] Truncating to 0 has no effect as the largest offset in the log is -1 (kafka.log.UnifiedLog)
kafka-1-1  | 2026-09-25T22:56:22.947966462Z [2026-09-25 22:56:22,947] INFO [ReplicaFetcher replicaId=1, leaderId=2, fetcherId=0] Truncating partition __consumer_offsets-27 with TruncationState(offset=0, completed=true) due to local high watermark 0 (kafka.server.ReplicaFetcherThread)
kafka-1-1  | 2026-09-25T22:56:22.947968167Z [2026-09-25 22:56:22,947] INFO [UnifiedLog partition=__consumer_offsets-27, dir=/var/lib/kafka/data] Truncating to 0 has no effect as the largest offset in the log is -1 (kafka.log.UnifiedLog)
kafka-1-1  | 2026-09-25T22:56:22.947969559Z [2026-09-25 22:56:22,947] INFO [ReplicaFetcher replicaId=1, leaderId=2, fetcherId=0] Truncating partition __consumer_offsets-44 with TruncationState(offset=0, completed=true) due to local high watermark 0 (kafka.server.ReplicaFetcherThread)
kafka-1-1  | 2026-09-25T22:56:22.947970920Z [2026-09-25 22:56:22,947] INFO [UnifiedLog partition=__consumer_offsets-44, dir=/var/lib/kafka/data] Truncating to 0 has no effect as the largest offset in the log is -1 (kafka.log.UnifiedLog)
kafka-1-1  | 2026-09-25T22:56:22.947972186Z [2026-09-25 22:56:22,947] INFO [ReplicaFetcher replicaId=1, leaderId=2, fetcherId=0] Truncating partition __consumer_offsets-41 with TruncationState(offset=0, completed=true) due to local high watermark 0 (kafka.server.ReplicaFetcherThread)
kafka-1-1  | 2026-09-25T22:56:22.947973486Z [2026-09-25 22:56:22,947] INFO [UnifiedLog partition=__consumer_offsets-41, dir=/var/lib/kafka/data] Truncating to 0 has no effect as the largest offset in the log is -1 (kafka.log.UnifiedLog)
kafka-1-1  | 2026-09-25T22:56:22.947974721Z [2026-09-25 22:56:22,947] INFO [ReplicaFetcher replicaId=1, leaderId=2, fetcherId=0] Truncating partition __consumer_offsets-25 with TruncationState(offset=0, completed=true) due to local high watermark 0 (kafka.server.ReplicaFetcherThread)
kafka-1-1  | 2026-09-25T22:56:22.947976014Z [2026-09-25 22:56:22,947] INFO [UnifiedLog partition=__consumer_offsets-25, dir=/var/lib/kafka/data] Truncating to 0 has no effect as the largest offset in the log is -1 (kafka.log.UnifiedLog)
kafka-1-1  | 2026-09-25T22:56:22.947977569Z [2026-09-25 22:56:22,947] INFO [ReplicaFetcher replicaId=1, leaderId=2, fetcherId=0] Truncating partition __consumer_offsets-9 with TruncationState(offset=0, completed=true) due to local high watermark 0 (kafka.server.ReplicaFetcherThread)
kafka-1-1  | 2026-09-25T22:56:22.947978876Z [2026-09-25 22:56:22,947] INFO [UnifiedLog partition=__consumer_offsets-9, dir=/var/lib/kafka/data] Truncating to 0 has no effect as the largest offset in the log is -1 (kafka.log.UnifiedLog)
kafka-1-1  | 2026-09-25T22:56:22.947980149Z [2026-09-25 22:56:22,947] INFO [ReplicaFetcher replicaId=1, leaderId=2, fetcherId=0] Truncating partition __consumer_offsets-8 with TruncationState(offset=0, completed=true) due to local high watermark 0 (kafka.server.ReplicaFetcherThread)
kafka-1-1  | 2026-09-25T22:56:22.947981447Z [2026-09-25 22:56:22,947] INFO [UnifiedLog partition=__consumer_offsets-8, dir=/var/lib/kafka/data] Truncating to 0 has no effect as the largest offset in the log is -1 (kafka.log.UnifiedLog)
kafka-1-1  | 2026-09-25T22:56:22.947982712Z [2026-09-25 22:56:22,947] INFO [ReplicaFetcher replicaId=1, leaderId=2, fetcherId=0] Truncating partition __consumer_offsets-4 with TruncationState(offset=0, completed=true) due to local high watermark 0 (kafka.server.ReplicaFetcherThread)
kafka-1-1  | 2026-09-25T22:56:22.947991880Z [2026-09-25 22:56:22,947] INFO [UnifiedLog partition=__consumer_offsets-4, dir=/var/lib/kafka/data] Truncating to 0 has no effect as the largest offset in the log is -1 (kafka.log.UnifiedLog)
kafka-1-1  | 2026-09-25T22:56:22.947993221Z [2026-09-25 22:56:22,947] INFO [ReplicaFetcher replicaId=1, leaderId=2, fetcherId=0] Truncating partition __consumer_offsets-1 with TruncationState(offset=0, completed=true) due to local high watermark 0 (kafka.server.ReplicaFetcherThread)
kafka-1-1  | 2026-09-25T22:56:22.947994529Z [2026-09-25 22:56:22,947] INFO [UnifiedLog partition=__consumer_offsets-1, dir=/var/lib/kafka/data] Truncating to 0 has no effect as the largest offset in the log is -1 (kafka.log.UnifiedLog)
