kafka-3-1  | 2026-09-25T22:48:39.733626047Z ===> User
kafka-3-1  | 2026-09-25T22:48:39.735100268Z uid=1000(appuser) gid=1000(appuser) groups=1000(appuser)
kafka-3-1  | 2026-09-25T22:48:39.735479429Z ===> Setting default values of environment variables if not already set.
kafka-3-1  | 2026-09-25T22:48:39.735786119Z ===> Configuring ...
kafka-3-1  | 2026-09-25T22:48:39.736028372Z Running in KRaft mode...
kafka-3-1  | 2026-09-25T22:48:39.736470637Z ===> Launching ... 
kafka-3-1  | 2026-09-25T22:48:39.740994495Z ===> Using provided cluster id 5L6g3nShT-eMCtK--X86sw ...
kafka-3-1  | 2026-09-25T22:48:44.664875357Z [2026-09-25 22:48:44,661] INFO Registered kafka:type=kafka.Log4jController MBean (kafka.utils.Log4jControllerRegistration$)
kafka-3-1  | 2026-09-25T22:48:45.104020285Z [2026-09-25 22:48:45,101] INFO Registered signal handlers for TERM, INT, HUP (org.apache.kafka.common.utils.LoggingSignalHandler)
kafka-3-1  | 2026-09-25T22:48:45.111365852Z [2026-09-25 22:48:45,109] INFO [ControllerServer id=3] Starting controller (kafka.server.ControllerServer)
kafka-3-1  | 2026-09-25T22:48:45.510867166Z [2026-09-25 22:48:45,510] INFO Updated connection-accept-rate max connection creation rate to 2147483647 (kafka.network.ConnectionQuotas)
kafka-3-1  | 2026-09-25T22:48:45.578674276Z [2026-09-25 22:48:45,577] INFO [SocketServer listenerType=CONTROLLER, nodeId=3] Created data-plane acceptor and processors for endpoint : ListenerName(CONTROLLER) (kafka.network.SocketServer)
kafka-3-1  | 2026-09-25T22:48:45.587816425Z [2026-09-25 22:48:45,587] INFO CONTROLLER: resolved wildcard host to kafka-3 (org.apache.kafka.metadata.ListenerInfo)
kafka-3-1  | 2026-09-25T22:48:45.602693102Z [2026-09-25 22:48:45,602] INFO authorizerStart completed for endpoint CONTROLLER. Endpoint is now READY. (org.apache.kafka.server.network.EndpointReadyFutures)
kafka-3-1  | 2026-09-25T22:48:45.606292722Z [2026-09-25 22:48:45,605] INFO [SharedServer id=3] Starting SharedServer (kafka.server.SharedServer)
kafka-3-1  | 2026-09-25T22:48:45.718856102Z [2026-09-25 22:48:45,717] INFO [LogLoader partition=__cluster_metadata-0, dir=/var/lib/kafka/data] Loading producer state till offset 0 (org.apache.kafka.storage.internals.log.UnifiedLog)
kafka-3-1  | 2026-09-25T22:48:45.725174905Z [2026-09-25 22:48:45,724] INFO [LogLoader partition=__cluster_metadata-0, dir=/var/lib/kafka/data] Reloading from producer snapshot and rebuilding producer state from offset 0 (org.apache.kafka.storage.internals.log.UnifiedLog)
kafka-3-1  | 2026-09-25T22:48:45.737297626Z [2026-09-25 22:48:45,736] INFO [LogLoader partition=__cluster_metadata-0, dir=/var/lib/kafka/data] Producer state recovery took 0ms for snapshot load and 0ms for segment recovery from offset 0 (org.apache.kafka.storage.internals.log.UnifiedLog)
kafka-3-1  | 2026-09-25T22:48:45.760047702Z [2026-09-25 22:48:45,759] INFO Initialized snapshots with IDs SortedSet() from /var/lib/kafka/data/__cluster_metadata-0 (kafka.raft.KafkaMetadataLog$)
kafka-3-1  | 2026-09-25T22:48:45.781225277Z [2026-09-25 22:48:45,779] INFO [raft-expiration-reaper]: Starting (kafka.raft.TimingWheelExpirationService$ExpiredOperationReaper)
kafka-3-1  | 2026-09-25T22:48:45.793589260Z [2026-09-25 22:48:45,792] INFO [RaftManager id=3] Reading KRaft snapshot and log as part of the initialization (org.apache.kafka.raft.KafkaRaftClient)
kafka-3-1  | 2026-09-25T22:48:45.797388720Z [2026-09-25 22:48:45,796] INFO [RaftManager id=3] Starting voters are VoterSet(voters={1=VoterNode(voterKey=ReplicaKey(id=1, directoryId=<undefined>), listeners=Endpoints(endpoints={ListenerName(CONTROLLER)=kafka-1/172.18.0.4:9093}), supportedKRaftVersion=SupportedVersionRange[min_version:0, max_version:0]), 2=VoterNode(voterKey=ReplicaKey(id=2, directoryId=<undefined>), listeners=Endpoints(endpoints={ListenerName(CONTROLLER)=kafka-2/172.18.0.2:9093}), supportedKRaftVersion=SupportedVersionRange[min_version:0, max_version:0]), 3=VoterNode(voterKey=ReplicaKey(id=3, directoryId=<undefined>), listeners=Endpoints(endpoints={ListenerName(CONTROLLER)=kafka-3/172.18.0.3:9093}), supportedKRaftVersion=SupportedVersionRange[min_version:0, max_version:0])}) (org.apache.kafka.raft.KafkaRaftClient)
kafka-3-1  | 2026-09-25T22:48:45.800067026Z [2026-09-25 22:48:45,799] INFO [RaftManager id=3] Starting request manager with static voters: [kafka-1:9093 (id: 1 rack: null isFenced: false), kafka-2:9093 (id: 2 rack: null isFenced: false), kafka-3:9093 (id: 3 rack: null isFenced: false)] (org.apache.kafka.raft.KafkaRaftClient)
kafka-3-1  | 2026-09-25T22:48:45.807207579Z [2026-09-25 22:48:45,806] INFO [RaftManager id=3] Attempting durable transition to UnattachedState(epoch=0, leaderId=OptionalInt.empty, votedKey=Optional.empty, voters=[1, 2, 3], electionTimeoutMs=1348, highWatermark=Optional.empty) from null (org.apache.kafka.raft.QuorumState)
kafka-3-1  | 2026-09-25T22:48:45.829793196Z [2026-09-25 22:48:45,829] INFO [RaftManager id=3] Completed transition to UnattachedState(epoch=0, leaderId=OptionalInt.empty, votedKey=Optional.empty, voters=[1, 2, 3], electionTimeoutMs=1348, highWatermark=Optional.empty) from null (org.apache.kafka.raft.QuorumState)
kafka-3-1  | 2026-09-25T22:48:45.838677366Z [2026-09-25 22:48:45,837] INFO [kafka-3-raft-outbound-request-thread]: Starting (org.apache.kafka.raft.KafkaNetworkChannel$SendThread)
kafka-3-1  | 2026-09-25T22:48:45.854114038Z [2026-09-25 22:48:45,847] INFO [kafka-3-raft-io-thread]: Starting (org.apache.kafka.raft.KafkaRaftClientDriver)
kafka-3-1  | 2026-09-25T22:48:45.871775009Z [2026-09-25 22:48:45,871] INFO [MetadataLoader id=3] initializeNewPublishers: the loader is still catching up because we still don't know the high water mark yet. (org.apache.kafka.image.loader.MetadataLoader)
kafka-3-1  | 2026-09-25T22:48:45.874283472Z [2026-09-25 22:48:45,873] INFO [ControllerServer id=3] Waiting for controller quorum voters future (kafka.server.ControllerServer)
kafka-3-1  | 2026-09-25T22:48:45.874761024Z [2026-09-25 22:48:45,874] INFO [ControllerServer id=3] Finished waiting for controller quorum voters future (kafka.server.ControllerServer)
kafka-3-1  | 2026-09-25T22:48:45.887457365Z [2026-09-25 22:48:45,886] INFO [RaftManager id=3] Registered the listener org.apache.kafka.image.loader.MetadataLoader@1102664235 (org.apache.kafka.raft.KafkaRaftClient)
kafka-3-1  | 2026-09-25T22:48:45.947335031Z [2026-09-25 22:48:45,946] INFO [RaftManager id=3] Registered the listener org.apache.kafka.controller.QuorumController$QuorumMetaLogListener@1568499637 (org.apache.kafka.raft.KafkaRaftClient)
kafka-3-1  | 2026-09-25T22:48:45.953345847Z [2026-09-25 22:48:45,952] INFO [controller-3-ThrottledChannelReaper-Fetch]: Starting (kafka.server.ClientQuotaManager$ThrottledChannelReaper)
kafka-3-1  | 2026-09-25T22:48:45.963830156Z [2026-09-25 22:48:45,956] INFO [controller-3-ThrottledChannelReaper-Produce]: Starting (kafka.server.ClientQuotaManager$ThrottledChannelReaper)
kafka-3-1  | 2026-09-25T22:48:45.963886233Z [2026-09-25 22:48:45,960] INFO [controller-3-ThrottledChannelReaper-ControllerMutation]: Starting (kafka.server.ClientQuotaManager$ThrottledChannelReaper)
kafka-3-1  | 2026-09-25T22:48:45.973498595Z [2026-09-25 22:48:45,972] INFO [MetadataLoader id=3] initializeNewPublishers: the loader is still catching up because we still don't know the high water mark yet. (org.apache.kafka.image.loader.MetadataLoader)
kafka-3-1  | 2026-09-25T22:48:45.973721249Z [2026-09-25 22:48:45,972] INFO [controller-3-ThrottledChannelReaper-Request]: Starting (kafka.server.ClientQuotaManager$ThrottledChannelReaper)
kafka-3-1  | 2026-09-25T22:48:45.978220247Z [2026-09-25 22:48:45,975] INFO [ExpirationReaper-0-null]: Starting (org.apache.kafka.server.purgatory.DelayedOperationPurgatory$ExpiredOperationReaper)
kafka-3-1  | 2026-09-25T22:48:46.072074385Z [2026-09-25 22:48:46,071] INFO [RaftManager id=3] Node 3 disconnected. (org.apache.kafka.clients.NetworkClient)
kafka-3-1  | 2026-09-25T22:48:46.072633740Z [2026-09-25 22:48:46,072] INFO [ControllerServer id=3] Waiting for the controller metadata publishers to be installed (kafka.server.ControllerServer)
kafka-3-1  | 2026-09-25T22:48:46.072949558Z [2026-09-25 22:48:46,072] INFO [ControllerServer id=3] Finished waiting for the controller metadata publishers to be installed (kafka.server.ControllerServer)
kafka-3-1  | 2026-09-25T22:48:46.073132480Z [2026-09-25 22:48:46,072] INFO [MetadataLoader id=3] initializeNewPublishers: the loader is still catching up because we still don't know the high water mark yet. (org.apache.kafka.image.loader.MetadataLoader)
kafka-3-1  | 2026-09-25T22:48:46.074129669Z [2026-09-25 22:48:46,073] INFO [SocketServer listenerType=CONTROLLER, nodeId=3] Enabling request processing. (kafka.network.SocketServer)
kafka-3-1  | 2026-09-25T22:48:46.076826154Z [2026-09-25 22:48:46,075] WARN [RaftManager id=3] Connection to node 3 (kafka-3/172.18.0.3:9093) could not be established. Node may not be available. (org.apache.kafka.clients.NetworkClient)
kafka-3-1  | 2026-09-25T22:48:46.080858976Z [2026-09-25 22:48:46,080] INFO Awaiting socket connections on 0.0.0.0:9093. (kafka.network.DataPlaneAcceptor)
kafka-3-1  | 2026-09-25T22:48:46.115552058Z [2026-09-25 22:48:46,114] INFO [controller-3-to-controller-registration-channel-manager]: Starting (kafka.server.NodeToControllerRequestThread)
kafka-3-1  | 2026-09-25T22:48:46.115849585Z [2026-09-25 22:48:46,115] INFO [ControllerServer id=3] Waiting for all of the authorizer futures to be completed (kafka.server.ControllerServer)
kafka-3-1  | 2026-09-25T22:48:46.116398068Z [2026-09-25 22:48:46,115] INFO [ControllerRegistrationManager id=3 incarnation=Npyux3jvRbiKKpBsS6SHrQ] initialized channel manager. (kafka.server.ControllerRegistrationManager)
kafka-3-1  | 2026-09-25T22:48:46.117885677Z [2026-09-25 22:48:46,117] INFO [ControllerRegistrationManager id=3 incarnation=Npyux3jvRbiKKpBsS6SHrQ] maybeSendControllerRegistration: cannot register yet because the metadata.version is not known yet. (kafka.server.ControllerRegistrationManager)
kafka-3-1  | 2026-09-25T22:48:46.118438617Z [2026-09-25 22:48:46,118] INFO [ControllerServer id=3] Finished waiting for all of the authorizer futures to be completed (kafka.server.ControllerServer)
kafka-3-1  | 2026-09-25T22:48:46.118704299Z [2026-09-25 22:48:46,118] INFO [ControllerServer id=3] Waiting for all of the SocketServer Acceptors to be started (kafka.server.ControllerServer)
kafka-3-1  | 2026-09-25T22:48:46.118995298Z [2026-09-25 22:48:46,118] INFO [ControllerServer id=3] Finished waiting for all of the SocketServer Acceptors to be started (kafka.server.ControllerServer)
kafka-3-1  | 2026-09-25T22:48:46.128609599Z [2026-09-25 22:48:46,124] INFO [BrokerServer id=3] Transition from SHUTDOWN to STARTING (kafka.server.BrokerServer)
kafka-3-1  | 2026-09-25T22:48:46.130607503Z [2026-09-25 22:48:46,128] INFO [BrokerServer id=3] Starting broker (kafka.server.BrokerServer)
kafka-3-1  | 2026-09-25T22:48:46.147486638Z [2026-09-25 22:48:46,147] INFO [broker-3-ThrottledChannelReaper-Fetch]: Starting (kafka.server.ClientQuotaManager$ThrottledChannelReaper)
kafka-3-1  | 2026-09-25T22:48:46.154546501Z [2026-09-25 22:48:46,150] INFO [broker-3-ThrottledChannelReaper-Produce]: Starting (kafka.server.ClientQuotaManager$ThrottledChannelReaper)
kafka-3-1  | 2026-09-25T22:48:46.157007541Z [2026-09-25 22:48:46,156] INFO [broker-3-ThrottledChannelReaper-Request]: Starting (kafka.server.ClientQuotaManager$ThrottledChannelReaper)
kafka-3-1  | 2026-09-25T22:48:46.223188830Z [2026-09-25 22:48:46,222] INFO [MetadataLoader id=3] initializeNewPublishers: the loader is still catching up because we still don't know the high water mark yet. (org.apache.kafka.image.loader.MetadataLoader)
kafka-3-1  | 2026-09-25T22:48:46.227408606Z [2026-09-25 22:48:46,224] INFO [broker-3-ThrottledChannelReaper-ControllerMutation]: Starting (kafka.server.ClientQuotaManager$ThrottledChannelReaper)
kafka-3-1  | 2026-09-25T22:48:46.273241187Z [2026-09-25 22:48:46,272] INFO [BrokerServer id=3] Waiting for controller quorum voters future (kafka.server.BrokerServer)
kafka-3-1  | 2026-09-25T22:48:46.273534202Z [2026-09-25 22:48:46,273] INFO [BrokerServer id=3] Finished waiting for controller quorum voters future (kafka.server.BrokerServer)
kafka-3-1  | 2026-09-25T22:48:46.281213879Z [2026-09-25 22:48:46,280] INFO [broker-3-to-controller-forwarding-channel-manager]: Starting (kafka.server.NodeToControllerRequestThread)
kafka-3-1  | 2026-09-25T22:48:46.312557317Z [2026-09-25 22:48:46,311] INFO [client-metrics-reaper]: Starting (org.apache.kafka.server.util.timer.SystemTimerReaper$Reaper)
kafka-3-1  | 2026-09-25T22:48:46.325975811Z [2026-09-25 22:48:46,324] INFO [MetadataLoader id=3] initializeNewPublishers: the loader is still catching up because we still don't know the high water mark yet. (org.apache.kafka.image.loader.MetadataLoader)
kafka-3-1  | 2026-09-25T22:48:46.410237245Z [2026-09-25 22:48:46,409] INFO Updated connection-accept-rate max connection creation rate to 2147483647 (kafka.network.ConnectionQuotas)
kafka-3-1  | 2026-09-25T22:48:46.426399216Z [2026-09-25 22:48:46,425] INFO [SocketServer listenerType=BROKER, nodeId=3] Created data-plane acceptor and processors for endpoint : ListenerName(PLAINTEXT) (kafka.network.SocketServer)
kafka-3-1  | 2026-09-25T22:48:46.434414405Z [2026-09-25 22:48:46,432] INFO [MetadataLoader id=3] initializeNewPublishers: the loader is still catching up because we still don't know the high water mark yet. (org.apache.kafka.image.loader.MetadataLoader)
kafka-3-1  | 2026-09-25T22:48:46.442967820Z [2026-09-25 22:48:46,441] INFO [broker-3-to-controller-alter-partition-channel-manager]: Starting (kafka.server.NodeToControllerRequestThread)
kafka-3-1  | 2026-09-25T22:48:46.466075326Z [2026-09-25 22:48:46,464] INFO [broker-3-to-controller-directory-assignments-channel-manager]: Starting (kafka.server.NodeToControllerRequestThread)
kafka-3-1  | 2026-09-25T22:48:46.479337829Z [2026-09-25 22:48:46,478] INFO [ExpirationReaper-0-null]: Starting (org.apache.kafka.server.purgatory.DelayedOperationPurgatory$ExpiredOperationReaper)
kafka-3-1  | 2026-09-25T22:48:46.489064896Z [2026-09-25 22:48:46,488] INFO [ExpirationReaper-0-null]: Starting (org.apache.kafka.server.purgatory.DelayedOperationPurgatory$ExpiredOperationReaper)
kafka-3-1  | 2026-09-25T22:48:46.497438264Z [2026-09-25 22:48:46,496] INFO [ExpirationReaper-0-null]: Starting (org.apache.kafka.server.purgatory.DelayedOperationPurgatory$ExpiredOperationReaper)
kafka-3-1  | 2026-09-25T22:48:46.503330925Z [2026-09-25 22:48:46,502] INFO [ExpirationReaper-0-null]: Starting (org.apache.kafka.server.purgatory.DelayedOperationPurgatory$ExpiredOperationReaper)
kafka-3-1  | 2026-09-25T22:48:46.508275395Z [2026-09-25 22:48:46,507] INFO [ExpirationReaper-0-null]: Starting (org.apache.kafka.server.purgatory.DelayedOperationPurgatory$ExpiredOperationReaper)
kafka-3-1  | 2026-09-25T22:48:46.512935565Z [2026-09-25 22:48:46,512] INFO [ExpirationReaper-0-null]: Starting (org.apache.kafka.server.purgatory.DelayedOperationPurgatory$ExpiredOperationReaper)
kafka-3-1  | 2026-09-25T22:48:46.538321708Z [2026-09-25 22:48:46,535] INFO [MetadataLoader id=3] initializeNewPublishers: the loader is still catching up because we still don't know the high water mark yet. (org.apache.kafka.image.loader.MetadataLoader)
kafka-3-1  | 2026-09-25T22:48:46.577755061Z [2026-09-25 22:48:46,576] INFO [BrokerServer id=3] Using no op persister (kafka.server.BrokerServer)
kafka-3-1  | 2026-09-25T22:48:46.581236892Z [2026-09-25 22:48:46,579] INFO [group-coordinator-reaper]: Starting (org.apache.kafka.server.util.timer.SystemTimerReaper$Reaper)
kafka-3-1  | 2026-09-25T22:48:46.621148571Z [2026-09-25 22:48:46,620] INFO [group-coordinator-event-processor-0]: Starting (org.apache.kafka.coordinator.common.runtime.MultiThreadedEventProcessor$EventProcessorThread)
kafka-3-1  | 2026-09-25T22:48:46.622503331Z [2026-09-25 22:48:46,621] INFO [group-coordinator-event-processor-1]: Starting (org.apache.kafka.coordinator.common.runtime.MultiThreadedEventProcessor$EventProcessorThread)
kafka-3-1  | 2026-09-25T22:48:46.626486994Z [2026-09-25 22:48:46,626] INFO [group-coordinator-event-processor-2]: Starting (org.apache.kafka.coordinator.common.runtime.MultiThreadedEventProcessor$EventProcessorThread)
kafka-3-1  | 2026-09-25T22:48:46.629842624Z [2026-09-25 22:48:46,629] INFO [group-coordinator-event-processor-3]: Starting (org.apache.kafka.coordinator.common.runtime.MultiThreadedEventProcessor$EventProcessorThread)
kafka-3-1  | 2026-09-25T22:48:46.637764249Z [2026-09-25 22:48:46,637] INFO [MetadataLoader id=3] initializeNewPublishers: the loader is still catching up because we still don't know the high water mark yet. (org.apache.kafka.image.loader.MetadataLoader)
kafka-3-1  | 2026-09-25T22:48:46.674426541Z [2026-09-25 22:48:46,673] INFO Unable to read the broker epoch in /var/lib/kafka/data. (kafka.log.LogManager)
kafka-3-1  | 2026-09-25T22:48:46.678283150Z [2026-09-25 22:48:46,677] INFO [broker-3-to-controller-heartbeat-channel-manager]: Starting (kafka.server.NodeToControllerRequestThread)
kafka-3-1  | 2026-09-25T22:48:46.691421868Z [2026-09-25 22:48:46,690] INFO [BrokerLifecycleManager id=3] Incarnation uqaqhZicSL6Hd6WFs-M2Cw of broker 3 in cluster 5L6g3nShT-eMCtK--X86sw is now STARTING. (kafka.server.BrokerLifecycleManager)
kafka-3-1  | 2026-09-25T22:48:46.701150053Z [2026-09-25 22:48:46,700] INFO [share-group-lock-timeout-reaper]: Starting (org.apache.kafka.server.util.timer.SystemTimerReaper$Reaper)
kafka-3-1  | 2026-09-25T22:48:46.706015028Z [2026-09-25 22:48:46,705] INFO [ExpirationReaper-0-null]: Starting (org.apache.kafka.server.purgatory.DelayedOperationPurgatory$ExpiredOperationReaper)
kafka-3-1  | 2026-09-25T22:48:46.739387611Z [2026-09-25 22:48:46,738] INFO [MetadataLoader id=3] initializeNewPublishers: the loader is still catching up because we still don't know the high water mark yet. (org.apache.kafka.image.loader.MetadataLoader)
kafka-3-1  | 2026-09-25T22:48:46.751519996Z [2026-09-25 22:48:46,750] INFO [BrokerServer id=3] Waiting for the broker metadata publishers to be installed (kafka.server.BrokerServer)
kafka-3-1  | 2026-09-25T22:48:46.751702178Z [2026-09-25 22:48:46,751] INFO [MetadataLoader id=3] initializeNewPublishers: the loader is still catching up because we still don't know the high water mark yet. (org.apache.kafka.image.loader.MetadataLoader)
kafka-3-1  | 2026-09-25T22:48:46.752440702Z [2026-09-25 22:48:46,751] INFO [BrokerServer id=3] Finished waiting for the broker metadata publishers to be installed (kafka.server.BrokerServer)
kafka-3-1  | 2026-09-25T22:48:46.753578876Z [2026-09-25 22:48:46,752] INFO [BrokerServer id=3] Waiting for the controller to acknowledge that we are caught up (kafka.server.BrokerServer)
kafka-3-1  | 2026-09-25T22:48:46.801775962Z [2026-09-25 22:48:46,801] INFO [RaftManager id=3] Vote request VoteRequestData(clusterId='5L6g3nShT-eMCtK--X86sw', voterId=3, topics=[TopicData(topicName='__cluster_metadata', partitions=[PartitionData(partitionIndex=0, replicaEpoch=0, replicaId=2, replicaDirectoryId=zeqLTh4jufRaNO71n4EJ_g, voterDirectoryId=AAAAAAAAAAAAAAAAAAAAAA, lastOffsetEpoch=0, lastOffset=0, preVote=true)])]) with epoch 0 is granted (org.apache.kafka.raft.KafkaRaftClient)
kafka-3-1  | 2026-09-25T22:48:46.815272400Z [2026-09-25 22:48:46,813] INFO [RaftManager id=3] Vote request VoteRequestData(clusterId='5L6g3nShT-eMCtK--X86sw', voterId=3, topics=[TopicData(topicName='__cluster_metadata', partitions=[PartitionData(partitionIndex=0, replicaEpoch=0, replicaId=1, replicaDirectoryId=wTaYJkC9-g6QI1prbVCnFQ, voterDirectoryId=AAAAAAAAAAAAAAAAAAAAAA, lastOffsetEpoch=0, lastOffset=0, preVote=true)])]) with epoch 0 is granted (org.apache.kafka.raft.KafkaRaftClient)
kafka-3-1  | 2026-09-25T22:48:46.834835664Z [2026-09-25 22:48:46,834] INFO [RaftManager id=3] Attempting durable transition to UnattachedState(epoch=1, leaderId=OptionalInt.empty, votedKey=Optional.empty, voters=[1, 2, 3], electionTimeoutMs=321, highWatermark=Optional.empty) from UnattachedState(epoch=0, leaderId=OptionalInt.empty, votedKey=Optional.empty, voters=[1, 2, 3], electionTimeoutMs=1348, highWatermark=Optional.empty) (org.apache.kafka.raft.QuorumState)
kafka-3-1  | 2026-09-25T22:48:46.851129002Z [2026-09-25 22:48:46,850] INFO [RaftManager id=3] Completed transition to UnattachedState(epoch=1, leaderId=OptionalInt.empty, votedKey=Optional.empty, voters=[1, 2, 3], electionTimeoutMs=321, highWatermark=Optional.empty) from UnattachedState(epoch=0, leaderId=OptionalInt.empty, votedKey=Optional.empty, voters=[1, 2, 3], electionTimeoutMs=1348, highWatermark=Optional.empty) (org.apache.kafka.raft.QuorumState)
kafka-3-1  | 2026-09-25T22:48:46.852868979Z [2026-09-25 22:48:46,852] INFO [MetadataLoader id=3] initializeNewPublishers: the loader is still catching up because we still don't know the high water mark yet. (org.apache.kafka.image.loader.MetadataLoader)
kafka-3-1  | 2026-09-25T22:48:46.854645581Z [2026-09-25 22:48:46,854] INFO [RaftManager id=3] Attempting durable transition to UnattachedState(epoch=1, leaderId=OptionalInt.empty, votedKey=Optional[ReplicaKey(id=2, directoryId=zeqLTh4jufRaNO71n4EJ_g)], voters=[1, 2, 3], electionTimeoutMs=1104, highWatermark=Optional.empty) from UnattachedState(epoch=1, leaderId=OptionalInt.empty, votedKey=Optional.empty, voters=[1, 2, 3], electionTimeoutMs=321, highWatermark=Optional.empty) (org.apache.kafka.raft.QuorumState)
kafka-3-1  | 2026-09-25T22:48:46.869535731Z [2026-09-25 22:48:46,868] INFO [RaftManager id=3] Completed transition to UnattachedState(epoch=1, leaderId=OptionalInt.empty, votedKey=Optional[ReplicaKey(id=2, directoryId=zeqLTh4jufRaNO71n4EJ_g)], voters=[1, 2, 3], electionTimeoutMs=1104, highWatermark=Optional.empty) from UnattachedState(epoch=1, leaderId=OptionalInt.empty, votedKey=Optional.empty, voters=[1, 2, 3], electionTimeoutMs=321, highWatermark=Optional.empty) (org.apache.kafka.raft.QuorumState)
kafka-3-1  | 2026-09-25T22:48:46.870321193Z [2026-09-25 22:48:46,869] INFO [RaftManager id=3] Vote request VoteRequestData(clusterId='5L6g3nShT-eMCtK--X86sw', voterId=3, topics=[TopicData(topicName='__cluster_metadata', partitions=[PartitionData(partitionIndex=0, replicaEpoch=1, replicaId=2, replicaDirectoryId=zeqLTh4jufRaNO71n4EJ_g, voterDirectoryId=AAAAAAAAAAAAAAAAAAAAAA, lastOffsetEpoch=0, lastOffset=0, preVote=false)])]) with epoch 1 is granted (org.apache.kafka.raft.KafkaRaftClient)
kafka-3-1  | 2026-09-25T22:48:46.872088527Z [2026-09-25 22:48:46,871] INFO [RaftManager id=3] Vote request VoteRequestData(clusterId='5L6g3nShT-eMCtK--X86sw', voterId=3, topics=[TopicData(topicName='__cluster_metadata', partitions=[PartitionData(partitionIndex=0, replicaEpoch=1, replicaId=1, replicaDirectoryId=wTaYJkC9-g6QI1prbVCnFQ, voterDirectoryId=AAAAAAAAAAAAAAAAAAAAAA, lastOffsetEpoch=0, lastOffset=0, preVote=false)])]) with epoch 1 is rejected (org.apache.kafka.raft.KafkaRaftClient)
kafka-3-1  | 2026-09-25T22:48:46.883032719Z [2026-09-25 22:48:46,882] INFO [RaftManager id=3] Vote request VoteRequestData(clusterId='5L6g3nShT-eMCtK--X86sw', voterId=3, topics=[TopicData(topicName='__cluster_metadata', partitions=[PartitionData(partitionIndex=0, replicaEpoch=1, replicaId=1, replicaDirectoryId=wTaYJkC9-g6QI1prbVCnFQ, voterDirectoryId=AAAAAAAAAAAAAAAAAAAAAA, lastOffsetEpoch=0, lastOffset=0, preVote=true)])]) with epoch 1 is granted (org.apache.kafka.raft.KafkaRaftClient)
kafka-3-1  | 2026-09-25T22:48:46.899178143Z [2026-09-25 22:48:46,898] INFO [RaftManager id=3] Attempting durable transition to UnattachedState(epoch=2, leaderId=OptionalInt.empty, votedKey=Optional.empty, voters=[1, 2, 3], electionTimeoutMs=1060, highWatermark=Optional.empty) from UnattachedState(epoch=1, leaderId=OptionalInt.empty, votedKey=Optional[ReplicaKey(id=2, directoryId=zeqLTh4jufRaNO71n4EJ_g)], voters=[1, 2, 3], electionTimeoutMs=1104, highWatermark=Optional.empty) (org.apache.kafka.raft.QuorumState)
kafka-3-1  | 2026-09-25T22:48:46.924456865Z [2026-09-25 22:48:46,923] INFO [RaftManager id=3] Completed transition to UnattachedState(epoch=2, leaderId=OptionalInt.empty, votedKey=Optional.empty, voters=[1, 2, 3], electionTimeoutMs=1060, highWatermark=Optional.empty) from UnattachedState(epoch=1, leaderId=OptionalInt.empty, votedKey=Optional[ReplicaKey(id=2, directoryId=zeqLTh4jufRaNO71n4EJ_g)], voters=[1, 2, 3], electionTimeoutMs=1104, highWatermark=Optional.empty) (org.apache.kafka.raft.QuorumState)
kafka-3-1  | 2026-09-25T22:48:46.926755208Z [2026-09-25 22:48:46,926] INFO [RaftManager id=3] Attempting durable transition to UnattachedState(epoch=2, leaderId=OptionalInt.empty, votedKey=Optional[ReplicaKey(id=1, directoryId=wTaYJkC9-g6QI1prbVCnFQ)], voters=[1, 2, 3], electionTimeoutMs=1369, highWatermark=Optional.empty) from UnattachedState(epoch=2, leaderId=OptionalInt.empty, votedKey=Optional.empty, voters=[1, 2, 3], electionTimeoutMs=1060, highWatermark=Optional.empty) (org.apache.kafka.raft.QuorumState)
kafka-3-1  | 2026-09-25T22:48:46.952639432Z [2026-09-25 22:48:46,952] INFO [RaftManager id=3] Completed transition to UnattachedState(epoch=2, leaderId=OptionalInt.empty, votedKey=Optional[ReplicaKey(id=1, directoryId=wTaYJkC9-g6QI1prbVCnFQ)], voters=[1, 2, 3], electionTimeoutMs=1369, highWatermark=Optional.empty) from UnattachedState(epoch=2, leaderId=OptionalInt.empty, votedKey=Optional.empty, voters=[1, 2, 3], electionTimeoutMs=1060, highWatermark=Optional.empty) (org.apache.kafka.raft.QuorumState)
kafka-3-1  | 2026-09-25T22:48:46.953586410Z [2026-09-25 22:48:46,952] INFO [RaftManager id=3] Vote request VoteRequestData(clusterId='5L6g3nShT-eMCtK--X86sw', voterId=3, topics=[TopicData(topicName='__cluster_metadata', partitions=[PartitionData(partitionIndex=0, replicaEpoch=2, replicaId=1, replicaDirectoryId=wTaYJkC9-g6QI1prbVCnFQ, voterDirectoryId=AAAAAAAAAAAAAAAAAAAAAA, lastOffsetEpoch=0, lastOffset=0, preVote=false)])]) with epoch 2 is granted (org.apache.kafka.raft.KafkaRaftClient)
kafka-3-1  | 2026-09-25T22:48:46.953655084Z [2026-09-25 22:48:46,953] INFO [MetadataLoader id=3] initializeNewPublishers: the loader is still catching up because we still don't know the high water mark yet. (org.apache.kafka.image.loader.MetadataLoader)
kafka-3-1  | 2026-09-25T22:48:47.054502485Z [2026-09-25 22:48:47,053] INFO [MetadataLoader id=3] initializeNewPublishers: the loader is still catching up because we still don't know the high water mark yet. (org.apache.kafka.image.loader.MetadataLoader)
kafka-3-1  | 2026-09-25T22:48:47.082850685Z [2026-09-25 22:48:47,082] INFO [RaftManager id=3] Attempting durable transition to FollowerState(fetchTimeoutMs=2000, epoch=2, leader=1, leaderEndpoints=Endpoints(endpoints={ListenerName(CONTROLLER)=kafka-1/<unresolved>:9093}), votedKey=Optional[ReplicaKey(id=1, directoryId=wTaYJkC9-g6QI1prbVCnFQ)], voters=[1, 2, 3], highWatermark=Optional.empty, fetchingSnapshot=Optional.empty) from UnattachedState(epoch=2, leaderId=OptionalInt.empty, votedKey=Optional[ReplicaKey(id=1, directoryId=wTaYJkC9-g6QI1prbVCnFQ)], voters=[1, 2, 3], electionTimeoutMs=1369, highWatermark=Optional.empty) (org.apache.kafka.raft.QuorumState)
kafka-3-1  | 2026-09-25T22:48:47.124215300Z [2026-09-25 22:48:47,123] INFO [RaftManager id=3] Completed transition to FollowerState(fetchTimeoutMs=2000, epoch=2, leader=1, leaderEndpoints=Endpoints(endpoints={ListenerName(CONTROLLER)=kafka-1/<unresolved>:9093}), votedKey=Optional[ReplicaKey(id=1, directoryId=wTaYJkC9-g6QI1prbVCnFQ)], voters=[1, 2, 3], highWatermark=Optional.empty, fetchingSnapshot=Optional.empty) from UnattachedState(epoch=2, leaderId=OptionalInt.empty, votedKey=Optional[ReplicaKey(id=1, directoryId=wTaYJkC9-g6QI1prbVCnFQ)], voters=[1, 2, 3], electionTimeoutMs=1369, highWatermark=Optional.empty) (org.apache.kafka.raft.QuorumState)
kafka-3-1  | 2026-09-25T22:48:47.152365920Z [2026-09-25 22:48:47,151] INFO [broker-3-to-controller-alter-partition-channel-manager]: Recorded new KRaft controller, from now on will use node kafka-1:9093 (id: 1 rack: null isFenced: false) (kafka.server.NodeToControllerRequestThread)
kafka-3-1  | 2026-09-25T22:48:47.154835216Z [2026-09-25 22:48:47,154] INFO [controller-3-to-controller-registration-channel-manager]: Recorded new KRaft controller, from now on will use node kafka-1:9093 (id: 1 rack: null isFenced: false) (kafka.server.NodeToControllerRequestThread)
kafka-3-1  | 2026-09-25T22:48:47.157413149Z [2026-09-25 22:48:47,156] INFO [MetadataLoader id=3] initializeNewPublishers: the loader is still catching up because we still don't know the high water mark yet. (org.apache.kafka.image.loader.MetadataLoader)
kafka-3-1  | 2026-09-25T22:48:47.175664365Z [2026-09-25 22:48:47,174] INFO [broker-3-to-controller-directory-assignments-channel-manager]: Recorded new KRaft controller, from now on will use node kafka-1:9093 (id: 1 rack: null isFenced: false) (kafka.server.NodeToControllerRequestThread)
kafka-3-1  | 2026-09-25T22:48:47.183722422Z [2026-09-25 22:48:47,183] INFO [broker-3-to-controller-heartbeat-channel-manager]: Recorded new KRaft controller, from now on will use node kafka-1:9093 (id: 1 rack: null isFenced: false) (kafka.server.NodeToControllerRequestThread)
kafka-3-1  | 2026-09-25T22:48:47.201461291Z [2026-09-25 22:48:47,200] INFO [NodeToControllerChannelManager id=3 name=heartbeat] Client requested disconnect from node 1 (org.apache.kafka.clients.NetworkClient)
kafka-3-1  | 2026-09-25T22:48:47.201507776Z [2026-09-25 22:48:47,200] INFO [broker-3-to-controller-forwarding-channel-manager]: Recorded new KRaft controller, from now on will use node kafka-1:9093 (id: 1 rack: null isFenced: false) (kafka.server.NodeToControllerRequestThread)
kafka-3-1  | 2026-09-25T22:48:47.205655879Z [2026-09-25 22:48:47,203] INFO [broker-3-to-controller-heartbeat-channel-manager]: Recorded new KRaft controller, from now on will use node kafka-1:9093 (id: 1 rack: null isFenced: false) (kafka.server.NodeToControllerRequestThread)
kafka-3-1  | 2026-09-25T22:48:47.253540131Z [2026-09-25 22:48:47,252] INFO [broker-3-to-controller-heartbeat-channel-manager]: Recorded new KRaft controller, from now on will use node kafka-1:9093 (id: 1 rack: null isFenced: false) (kafka.server.NodeToControllerRequestThread)
kafka-3-1  | 2026-09-25T22:48:47.259010544Z [2026-09-25 22:48:47,258] INFO [MetadataLoader id=3] initializeNewPublishers: The loader is still catching up because we have loaded up to offset -1, but the high water mark is 1 (org.apache.kafka.image.loader.MetadataLoader)
kafka-3-1  | 2026-09-25T22:48:47.262897561Z [2026-09-25 22:48:47,262] INFO [RaftManager id=3] High watermark set to Optional[LogOffsetMetadata(offset=1, metadata=Optional.empty)] for the first time for epoch 2 (org.apache.kafka.raft.FollowerState)
kafka-3-1  | 2026-09-25T22:48:47.268968641Z [2026-09-25 22:48:47,268] INFO [RaftManager id=3] Setting the next offset of org.apache.kafka.image.loader.MetadataLoader@1102664235 to 0 since there are no snapshots (org.apache.kafka.raft.KafkaRaftClient)
kafka-3-1  | 2026-09-25T22:48:47.270551444Z [2026-09-25 22:48:47,270] INFO [RaftManager id=3] Setting the next offset of org.apache.kafka.controller.QuorumController$QuorumMetaLogListener@1568499637 to 0 since there are no snapshots (org.apache.kafka.raft.KafkaRaftClient)
kafka-3-1  | 2026-09-25T22:48:47.274865761Z [2026-09-25 22:48:47,274] INFO [MetadataLoader id=3] maybePublishMetadata(LOG_DELTA): The loader is still catching up because we have not loaded a controller record as of offset 0 and high water mark is 1 (org.apache.kafka.image.loader.MetadataLoader)
kafka-3-1  | 2026-09-25T22:48:47.333629390Z [2026-09-25 22:48:47,333] INFO [MetadataLoader id=3] maybePublishMetadata(LOG_DELTA): The loader finished catching up to the current high water mark of 7 (org.apache.kafka.image.loader.MetadataLoader)
kafka-3-1  | 2026-09-25T22:48:47.356945499Z [2026-09-25 22:48:47,347] INFO [MetadataLoader id=3] InitializeNewPublishers: initializing SnapshotGenerator with a snapshot at offset 6 (org.apache.kafka.image.loader.MetadataLoader)
kafka-3-1  | 2026-09-25T22:48:47.356987546Z [2026-09-25 22:48:47,353] INFO [MetadataLoader id=3] InitializeNewPublishers: initializing KRaftMetadataCachePublisher with a snapshot at offset 6 (org.apache.kafka.image.loader.MetadataLoader)
kafka-3-1  | 2026-09-25T22:48:47.356992123Z [2026-09-25 22:48:47,353] INFO [MetadataLoader id=3] InitializeNewPublishers: initializing FeaturesPublisher with a snapshot at offset 6 (org.apache.kafka.image.loader.MetadataLoader)
kafka-3-1  | 2026-09-25T22:48:47.367497759Z [2026-09-25 22:48:47,363] INFO [ControllerServer id=3] Loaded new metadata Features(metadataVersion=4.0-IV3, finalizedFeatures={group.version=1, transaction.version=2, metadata.version=25}, finalizedFeaturesEpoch=6). (org.apache.kafka.metadata.publisher.FeaturesPublisher)
kafka-3-1  | 2026-09-25T22:48:47.367533326Z [2026-09-25 22:48:47,364] INFO [MetadataLoader id=3] InitializeNewPublishers: initializing ControllerRegistrationsPublisher with a snapshot at offset 6 (org.apache.kafka.image.loader.MetadataLoader)
kafka-3-1  | 2026-09-25T22:48:47.367586037Z [2026-09-25 22:48:47,366] INFO [MetadataLoader id=3] InitializeNewPublishers: initializing ControllerRegistrationManager with a snapshot at offset 6 (org.apache.kafka.image.loader.MetadataLoader)
kafka-3-1  | 2026-09-25T22:48:47.369399372Z [2026-09-25 22:48:47,367] INFO [MetadataLoader id=3] InitializeNewPublishers: initializing DynamicConfigPublisher controller id=3 with a snapshot at offset 6 (org.apache.kafka.image.loader.MetadataLoader)
kafka-3-1  | 2026-09-25T22:48:47.387181003Z [2026-09-25 22:48:47,386] INFO [ControllerRegistrationManager id=3 incarnation=Npyux3jvRbiKKpBsS6SHrQ] sendControllerRegistration: attempting to send ControllerRegistrationRequestData(controllerId=3, incarnationId=Npyux3jvRbiKKpBsS6SHrQ, zkMigrationReady=false, listeners=[Listener(name='CONTROLLER', host='kafka-3', port=9093, securityProtocol=0)], features=[Feature(name='group.version', minSupportedVersion=0, maxSupportedVersion=1), Feature(name='transaction.version', minSupportedVersion=0, maxSupportedVersion=2), Feature(name='eligible.leader.replicas.version', minSupportedVersion=0, maxSupportedVersion=1), Feature(name='kraft.version', minSupportedVersion=0, maxSupportedVersion=1), Feature(name='metadata.version', minSupportedVersion=7, maxSupportedVersion=25)]) (kafka.server.ControllerRegistrationManager)
kafka-3-1  | 2026-09-25T22:48:47.387240539Z [2026-09-25 22:48:47,386] INFO [BrokerLifecycleManager id=3] Successfully registered broker 3 with broker epoch 8 (kafka.server.BrokerLifecycleManager)
kafka-3-1  | 2026-09-25T22:48:47.387249003Z [2026-09-25 22:48:47,386] INFO [MetadataLoader id=3] InitializeNewPublishers: initializing DynamicClientQuotaPublisher controller id=3 with a snapshot at offset 6 (org.apache.kafka.image.loader.MetadataLoader)
kafka-3-1  | 2026-09-25T22:48:47.402165026Z [2026-09-25 22:48:47,398] INFO [MetadataLoader id=3] InitializeNewPublishers: initializing DynamicTopicClusterQuotaPublisher controller id=3 with a snapshot at offset 6 (org.apache.kafka.image.loader.MetadataLoader)
kafka-3-1  | 2026-09-25T22:48:47.402225801Z [2026-09-25 22:48:47,401] INFO [MetadataLoader id=3] InitializeNewPublishers: initializing ScramPublisher controller id=3 with a snapshot at offset 6 (org.apache.kafka.image.loader.MetadataLoader)
kafka-3-1  | 2026-09-25T22:48:47.404726417Z [2026-09-25 22:48:47,403] INFO [MetadataLoader id=3] InitializeNewPublishers: initializing DelegationTokenPublisher controller id=3 with a snapshot at offset 6 (org.apache.kafka.image.loader.MetadataLoader)
kafka-3-1  | 2026-09-25T22:48:47.416290493Z [2026-09-25 22:48:47,415] INFO [MetadataLoader id=3] InitializeNewPublishers: initializing ControllerMetadataMetricsPublisher with a snapshot at offset 6 (org.apache.kafka.image.loader.MetadataLoader)
kafka-3-1  | 2026-09-25T22:48:47.417143511Z [2026-09-25 22:48:47,416] INFO [MetadataLoader id=3] InitializeNewPublishers: initializing AclPublisher controller id=3 with a snapshot at offset 6 (org.apache.kafka.image.loader.MetadataLoader)
kafka-3-1  | 2026-09-25T22:48:47.422094641Z [2026-09-25 22:48:47,420] INFO [MetadataLoader id=3] InitializeNewPublishers: initializing MetadataVersionPublisher(id=3) with a snapshot at offset 6 (org.apache.kafka.image.loader.MetadataLoader)
kafka-3-1  | 2026-09-25T22:48:47.422810775Z [2026-09-25 22:48:47,422] INFO [MetadataLoader id=3] InitializeNewPublishers: initializing BrokerMetadataPublisher with a snapshot at offset 6 (org.apache.kafka.image.loader.MetadataLoader)
kafka-3-1  | 2026-09-25T22:48:47.434910125Z [2026-09-25 22:48:47,434] INFO [BrokerMetadataPublisher id=3] Publishing initial metadata at offset OffsetAndEpoch(offset=6, epoch=2) with metadata.version Optional[4.0-IV3]. (kafka.server.metadata.BrokerMetadataPublisher)
kafka-3-1  | 2026-09-25T22:48:47.443394219Z [2026-09-25 22:48:47,442] INFO Loading logs from log dirs ArrayBuffer(/var/lib/kafka/data) (kafka.log.LogManager)
kafka-3-1  | 2026-09-25T22:48:47.452628371Z [2026-09-25 22:48:47,451] INFO No logs found to be loaded in /var/lib/kafka/data (kafka.log.LogManager)
kafka-3-1  | 2026-09-25T22:48:47.492323638Z [2026-09-25 22:48:47,491] INFO Loaded 0 logs in 36ms (kafka.log.LogManager)
kafka-3-1  | 2026-09-25T22:48:47.493665543Z [2026-09-25 22:48:47,493] INFO Starting log cleanup with a period of 300000 ms. (kafka.log.LogManager)
kafka-3-1  | 2026-09-25T22:48:47.495892924Z [2026-09-25 22:48:47,495] INFO Starting log flusher with a default period of 9223372036854775807 ms. (kafka.log.LogManager)
kafka-3-1  | 2026-09-25T22:48:47.861493391Z [2026-09-25 22:48:47,859] INFO [ControllerRegistrationManager id=3 incarnation=Npyux3jvRbiKKpBsS6SHrQ] RegistrationResponseHandler: controller acknowledged ControllerRegistrationRequest. (kafka.server.ControllerRegistrationManager)
kafka-3-1  | 2026-09-25T22:48:47.862514587Z [2026-09-25 22:48:47,861] INFO [kafka-log-cleaner-thread-0]: Starting (kafka.log.LogCleaner$CleanerThread)
kafka-3-1  | 2026-09-25T22:48:47.884052409Z [2026-09-25 22:48:47,883] INFO [LogDirFailureHandler]: Starting (kafka.server.ReplicaManager$LogDirFailureHandler)
kafka-3-1  | 2026-09-25T22:48:47.885205176Z [2026-09-25 22:48:47,884] INFO [AddPartitionsToTxnSenderThread-3]: Starting (kafka.server.AddPartitionsToTxnManager)
kafka-3-1  | 2026-09-25T22:48:47.887013593Z [2026-09-25 22:48:47,886] INFO [GroupCoordinator id=3] Starting up. (org.apache.kafka.coordinator.group.GroupCoordinatorService)
kafka-3-1  | 2026-09-25T22:48:47.888796665Z [2026-09-25 22:48:47,888] INFO [GroupCoordinator id=3] Startup complete. (org.apache.kafka.coordinator.group.GroupCoordinatorService)
kafka-3-1  | 2026-09-25T22:48:47.890883314Z [2026-09-25 22:48:47,890] INFO [TransactionCoordinator id=3] Starting up. (kafka.coordinator.transaction.TransactionCoordinator)
kafka-3-1  | 2026-09-25T22:48:47.902266880Z [2026-09-25 22:48:47,901] INFO [TxnMarkerSenderThread-3]: Starting (kafka.coordinator.transaction.TransactionMarkerChannelManager)
kafka-3-1  | 2026-09-25T22:48:47.903862812Z [2026-09-25 22:48:47,903] INFO [TransactionCoordinator id=3] Startup complete. (kafka.coordinator.transaction.TransactionCoordinator)
kafka-3-1  | 2026-09-25T22:48:47.940253199Z [2026-09-25 22:48:47,939] INFO [MetadataLoader id=3] InitializeNewPublishers: initializing BrokerRegistrationTracker(id=3) with a snapshot at offset 6 (org.apache.kafka.image.loader.MetadataLoader)
kafka-3-1  | 2026-09-25T22:48:47.956978346Z [2026-09-25 22:48:47,956] INFO [ControllerRegistrationManager id=3 incarnation=Npyux3jvRbiKKpBsS6SHrQ] Our registration has been persisted to the metadata log. (kafka.server.ControllerRegistrationManager)
kafka-3-1  | 2026-09-25T22:48:48.124339829Z [2026-09-25 22:48:48,123] INFO [BrokerLifecycleManager id=3] The broker has caught up. Transitioning from STARTING to RECOVERY. (kafka.server.BrokerLifecycleManager)
kafka-3-1  | 2026-09-25T22:48:48.130332842Z [2026-09-25 22:48:48,124] INFO [BrokerServer id=3] Finished waiting for the controller to acknowledge that we are caught up (kafka.server.BrokerServer)
kafka-3-1  | 2026-09-25T22:48:48.130381995Z [2026-09-25 22:48:48,125] INFO [BrokerServer id=3] Waiting for the initial broker metadata update to be published (kafka.server.BrokerServer)
kafka-3-1  | 2026-09-25T22:48:48.140001331Z [2026-09-25 22:48:48,125] INFO [BrokerServer id=3] Finished waiting for the initial broker metadata update to be published (kafka.server.BrokerServer)
kafka-3-1  | 2026-09-25T22:48:48.140047117Z [2026-09-25 22:48:48,131] INFO KafkaConfig values: 
kafka-3-1  | 2026-09-25T22:48:48.140051210Z 	add.partitions.to.txn.retry.backoff.max.ms = 100
kafka-3-1  | 2026-09-25T22:48:48.140075661Z 	add.partitions.to.txn.retry.backoff.ms = 20
kafka-3-1  | 2026-09-25T22:48:48.140078691Z 	advertised.listeners = PLAINTEXT://kafka-3:9092
kafka-3-1  | 2026-09-25T22:48:48.140081257Z 	alter.config.policy.class.name = null
kafka-3-1  | 2026-09-25T22:48:48.140084047Z 	alter.log.dirs.replication.quota.window.num = 11
kafka-3-1  | 2026-09-25T22:48:48.140087227Z 	alter.log.dirs.replication.quota.window.size.seconds = 1
kafka-3-1  | 2026-09-25T22:48:48.140090141Z 	authorizer.class.name = 
kafka-3-1  | 2026-09-25T22:48:48.140093220Z 	auto.create.topics.enable = false
kafka-3-1  | 2026-09-25T22:48:48.140096505Z 	auto.leader.rebalance.enable = true
kafka-3-1  | 2026-09-25T22:48:48.140099339Z 	background.threads = 10
kafka-3-1  | 2026-09-25T22:48:48.140102444Z 	broker.heartbeat.interval.ms = 1000
kafka-3-1  | 2026-09-25T22:48:48.140105383Z 	broker.id = 3
kafka-3-1  | 2026-09-25T22:48:48.140108421Z 	broker.rack = null
kafka-3-1  | 2026-09-25T22:48:48.140111440Z 	broker.session.timeout.ms = 4000
kafka-3-1  | 2026-09-25T22:48:48.140114315Z 	client.quota.callback.class = null
kafka-3-1  | 2026-09-25T22:48:48.140117247Z 	compression.gzip.level = -1
kafka-3-1  | 2026-09-25T22:48:48.140120121Z 	compression.lz4.level = 9
kafka-3-1  | 2026-09-25T22:48:48.140123016Z 	compression.type = producer
kafka-3-1  | 2026-09-25T22:48:48.140125988Z 	compression.zstd.level = 3
kafka-3-1  | 2026-09-25T22:48:48.140128914Z 	connection.failed.authentication.delay.ms = 100
kafka-3-1  | 2026-09-25T22:48:48.140131916Z 	connections.max.idle.ms = 600000
kafka-3-1  | 2026-09-25T22:48:48.140135087Z 	connections.max.reauth.ms = 0
kafka-3-1  | 2026-09-25T22:48:48.140138077Z 	controlled.shutdown.enable = true
kafka-3-1  | 2026-09-25T22:48:48.140141328Z 	controller.listener.names = CONTROLLER
kafka-3-1  | 2026-09-25T22:48:48.140144209Z 	controller.performance.always.log.threshold.ms = 2000
kafka-3-1  | 2026-09-25T22:48:48.140146976Z 	controller.performance.sample.period.ms = 60000
kafka-3-1  | 2026-09-25T22:48:48.140149864Z 	controller.quorum.append.linger.ms = 25
kafka-3-1  | 2026-09-25T22:48:48.140152982Z 	controller.quorum.bootstrap.servers = []
kafka-3-1  | 2026-09-25T22:48:48.140155913Z 	controller.quorum.election.backoff.max.ms = 1000
kafka-3-1  | 2026-09-25T22:48:48.140159767Z 	controller.quorum.election.timeout.ms = 1000
kafka-3-1  | 2026-09-25T22:48:48.140162744Z 	controller.quorum.fetch.timeout.ms = 2000
kafka-3-1  | 2026-09-25T22:48:48.140166384Z 	controller.quorum.request.timeout.ms = 2000
kafka-3-1  | 2026-09-25T22:48:48.140169331Z 	controller.quorum.retry.backoff.ms = 20
kafka-3-1  | 2026-09-25T22:48:48.140172350Z 	controller.quorum.voters = [1@kafka-1:9093, 2@kafka-2:9093, 3@kafka-3:9093]
kafka-3-1  | 2026-09-25T22:48:48.140175515Z 	controller.quota.window.num = 11
kafka-3-1  | 2026-09-25T22:48:48.140178358Z 	controller.quota.window.size.seconds = 1
kafka-3-1  | 2026-09-25T22:48:48.140181487Z 	controller.socket.timeout.ms = 30000
kafka-3-1  | 2026-09-25T22:48:48.140188975Z 	create.topic.policy.class.name = null
kafka-3-1  | 2026-09-25T22:48:48.140192068Z 	default.replication.factor = 3
kafka-3-1  | 2026-09-25T22:48:48.140204277Z 	delegation.token.expiry.check.interval.ms = 3600000
kafka-3-1  | 2026-09-25T22:48:48.140210386Z 	delegation.token.expiry.time.ms = 86400000
kafka-3-1  | 2026-09-25T22:48:48.140218631Z 	delegation.token.max.lifetime.ms = 604800000
kafka-3-1  | 2026-09-25T22:48:48.140223585Z 	delegation.token.secret.key = null
kafka-3-1  | 2026-09-25T22:48:48.140226833Z 	delete.records.purgatory.purge.interval.requests = 1
kafka-3-1  | 2026-09-25T22:48:48.140229810Z 	delete.topic.enable = true
kafka-3-1  | 2026-09-25T22:48:48.140232948Z 	early.start.listeners = null
kafka-3-1  | 2026-09-25T22:48:48.140237871Z 	fetch.max.bytes = 57671680
kafka-3-1  | 2026-09-25T22:48:48.140240996Z 	fetch.purgatory.purge.interval.requests = 1000
kafka-3-1  | 2026-09-25T22:48:48.140250940Z 	group.consumer.assignors = [uniform, range]
kafka-3-1  | 2026-09-25T22:48:48.140254272Z 	group.consumer.heartbeat.interval.ms = 5000
kafka-3-1  | 2026-09-25T22:48:48.140257398Z 	group.consumer.max.heartbeat.interval.ms = 15000
kafka-3-1  | 2026-09-25T22:48:48.140260287Z 	group.consumer.max.session.timeout.ms = 60000
kafka-3-1  | 2026-09-25T22:48:48.140263387Z 	group.consumer.max.size = 2147483647
kafka-3-1  | 2026-09-25T22:48:48.140266683Z 	group.consumer.migration.policy = bidirectional
kafka-3-1  | 2026-09-25T22:48:48.140270182Z 	group.consumer.min.heartbeat.interval.ms = 5000
kafka-3-1  | 2026-09-25T22:48:48.140273322Z 	group.consumer.min.session.timeout.ms = 45000
kafka-3-1  | 2026-09-25T22:48:48.140281767Z 	group.consumer.session.timeout.ms = 45000
kafka-3-1  | 2026-09-25T22:48:48.140286567Z 	group.coordinator.append.linger.ms = 5
kafka-3-1  | 2026-09-25T22:48:48.140289765Z 	group.coordinator.new.enable = true
kafka-3-1  | 2026-09-25T22:48:48.140296876Z 	group.coordinator.rebalance.protocols = [classic, consumer]
kafka-3-1  | 2026-09-25T22:48:48.140302505Z 	group.coordinator.threads = 4
kafka-3-1  | 2026-09-25T22:48:48.140305753Z 	group.initial.rebalance.delay.ms = 0
kafka-3-1  | 2026-09-25T22:48:48.140308983Z 	group.max.session.timeout.ms = 1800000
kafka-3-1  | 2026-09-25T22:48:48.140319107Z 	group.max.size = 2147483647
kafka-3-1  | 2026-09-25T22:48:48.140322332Z 	group.min.session.timeout.ms = 6000
kafka-3-1  | 2026-09-25T22:48:48.140325357Z 	group.share.delivery.count.limit = 5
kafka-3-1  | 2026-09-25T22:48:48.140364368Z 	group.share.enable = false
kafka-3-1  | 2026-09-25T22:48:48.140368522Z 	group.share.heartbeat.interval.ms = 5000
kafka-3-1  | 2026-09-25T22:48:48.140372057Z 	group.share.max.groups = 10
kafka-3-1  | 2026-09-25T22:48:48.140375357Z 	group.share.max.heartbeat.interval.ms = 15000
kafka-3-1  | 2026-09-25T22:48:48.140378503Z 	group.share.max.record.lock.duration.ms = 60000
kafka-3-1  | 2026-09-25T22:48:48.140382002Z 	group.share.max.session.timeout.ms = 60000
kafka-3-1  | 2026-09-25T22:48:48.140391260Z 	group.share.max.size = 200
kafka-3-1  | 2026-09-25T22:48:48.140394358Z 	group.share.min.heartbeat.interval.ms = 5000
kafka-3-1  | 2026-09-25T22:48:48.140397636Z 	group.share.min.record.lock.duration.ms = 15000
kafka-3-1  | 2026-09-25T22:48:48.140400320Z 	group.share.min.session.timeout.ms = 45000
kafka-3-1  | 2026-09-25T22:48:48.140403603Z 	group.share.partition.max.record.locks = 200
kafka-3-1  | 2026-09-25T22:48:48.140406849Z 	group.share.persister.class.name = org.apache.kafka.server.share.persister.DefaultStatePersister
kafka-3-1  | 2026-09-25T22:48:48.140410038Z 	group.share.record.lock.duration.ms = 30000
kafka-3-1  | 2026-09-25T22:48:48.140412930Z 	group.share.session.timeout.ms = 45000
kafka-3-1  | 2026-09-25T22:48:48.140416031Z 	initial.broker.registration.timeout.ms = 60000
kafka-3-1  | 2026-09-25T22:48:48.140419258Z 	inter.broker.listener.name = PLAINTEXT
kafka-3-1  | 2026-09-25T22:48:48.140422052Z 	kafka.metrics.polling.interval.secs = 10
kafka-3-1  | 2026-09-25T22:48:48.140424933Z 	kafka.metrics.reporters = []
kafka-3-1  | 2026-09-25T22:48:48.140427607Z 	leader.imbalance.check.interval.seconds = 300
kafka-3-1  | 2026-09-25T22:48:48.140430520Z 	listener.security.protocol.map = PLAINTEXT:PLAINTEXT,CONTROLLER:PLAINTEXT
kafka-3-1  | 2026-09-25T22:48:48.140438763Z 	listeners = PLAINTEXT://0.0.0.0:9092,CONTROLLER://0.0.0.0:9093
kafka-3-1  | 2026-09-25T22:48:48.140441892Z 	log.cleaner.backoff.ms = 15000
kafka-3-1  | 2026-09-25T22:48:48.140444504Z 	log.cleaner.dedupe.buffer.size = 134217728
kafka-3-1  | 2026-09-25T22:48:48.140447439Z 	log.cleaner.delete.retention.ms = 86400000
kafka-3-1  | 2026-09-25T22:48:48.140450624Z 	log.cleaner.enable = true
kafka-3-1  | 2026-09-25T22:48:48.140453483Z 	log.cleaner.io.buffer.load.factor = 0.9
kafka-3-1  | 2026-09-25T22:48:48.140456807Z 	log.cleaner.io.buffer.size = 524288
kafka-3-1  | 2026-09-25T22:48:48.140460907Z 	log.cleaner.io.max.bytes.per.second = 1.7976931348623157E308
kafka-3-1  | 2026-09-25T22:48:48.140464297Z 	log.cleaner.max.compaction.lag.ms = 9223372036854775807
kafka-3-1  | 2026-09-25T22:48:48.140467241Z 	log.cleaner.min.cleanable.ratio = 0.5
kafka-3-1  | 2026-09-25T22:48:48.140470177Z 	log.cleaner.min.compaction.lag.ms = 0
kafka-3-1  | 2026-09-25T22:48:48.140473009Z 	log.cleaner.threads = 1
kafka-3-1  | 2026-09-25T22:48:48.140475734Z 	log.cleanup.policy = [delete]
kafka-3-1  | 2026-09-25T22:48:48.140478869Z 	log.dir = /tmp/kafka-logs
kafka-3-1  | 2026-09-25T22:48:48.140481622Z 	log.dir.failure.timeout.ms = 30000
kafka-3-1  | 2026-09-25T22:48:48.140484492Z 	log.dirs = /var/lib/kafka/data
kafka-3-1  | 2026-09-25T22:48:48.140487163Z 	log.flush.interval.messages = 9223372036854775807
kafka-3-1  | 2026-09-25T22:48:48.140489951Z 	log.flush.interval.ms = null
kafka-3-1  | 2026-09-25T22:48:48.140492663Z 	log.flush.offset.checkpoint.interval.ms = 60000
kafka-3-1  | 2026-09-25T22:48:48.140495592Z 	log.flush.scheduler.interval.ms = 9223372036854775807
kafka-3-1  | 2026-09-25T22:48:48.140502591Z 	log.flush.start.offset.checkpoint.interval.ms = 60000
kafka-3-1  | 2026-09-25T22:48:48.140506196Z 	log.index.interval.bytes = 4096
kafka-3-1  | 2026-09-25T22:48:48.140509138Z 	log.index.size.max.bytes = 10485760
kafka-3-1  | 2026-09-25T22:48:48.140512007Z 	log.initial.task.delay.ms = 30000
kafka-3-1  | 2026-09-25T22:48:48.140515138Z 	log.local.retention.bytes = -2
kafka-3-1  | 2026-09-25T22:48:48.140518479Z 	log.local.retention.ms = -2
kafka-3-1  | 2026-09-25T22:48:48.140521656Z 	log.message.timestamp.after.max.ms = 3600000
kafka-3-1  | 2026-09-25T22:48:48.140525402Z 	log.message.timestamp.before.max.ms = 9223372036854775807
kafka-3-1  | 2026-09-25T22:48:48.140528577Z 	log.message.timestamp.type = CreateTime
kafka-3-1  | 2026-09-25T22:48:48.140531658Z 	log.preallocate = false
kafka-3-1  | 2026-09-25T22:48:48.140535159Z 	log.retention.bytes = -1
kafka-3-1  | 2026-09-25T22:48:48.140538217Z 	log.retention.check.interval.ms = 300000
kafka-3-1  | 2026-09-25T22:48:48.140541291Z 	log.retention.hours = 168
kafka-3-1  | 2026-09-25T22:48:48.140544856Z 	log.retention.minutes = null
kafka-3-1  | 2026-09-25T22:48:48.140547944Z 	log.retention.ms = null
kafka-3-1  | 2026-09-25T22:48:48.140550913Z 	log.roll.hours = 168
kafka-3-1  | 2026-09-25T22:48:48.140553735Z 	log.roll.jitter.hours = 0
kafka-3-1  | 2026-09-25T22:48:48.140556902Z 	log.roll.jitter.ms = null
kafka-3-1  | 2026-09-25T22:48:48.140559787Z 	log.roll.ms = null
kafka-3-1  | 2026-09-25T22:48:48.140563076Z 	log.segment.bytes = 1073741824
kafka-3-1  | 2026-09-25T22:48:48.140567138Z 	log.segment.delete.delay.ms = 60000
kafka-3-1  | 2026-09-25T22:48:48.140570464Z 	max.connection.creation.rate = 2147483647
kafka-3-1  | 2026-09-25T22:48:48.140573786Z 	max.connections = 2147483647
kafka-3-1  | 2026-09-25T22:48:48.140577137Z 	max.connections.per.ip = 2147483647
kafka-3-1  | 2026-09-25T22:48:48.140580095Z 	max.connections.per.ip.overrides = 
kafka-3-1  | 2026-09-25T22:48:48.140583269Z 	max.incremental.fetch.session.cache.slots = 1000
kafka-3-1  | 2026-09-25T22:48:48.140587037Z 	max.request.partition.size.limit = 2000
kafka-3-1  | 2026-09-25T22:48:48.140590540Z 	message.max.bytes = 1048588
kafka-3-1  | 2026-09-25T22:48:48.140593769Z 	metadata.log.dir = null
kafka-3-1  | 2026-09-25T22:48:48.140596604Z 	metadata.log.max.record.bytes.between.snapshots = 20971520
kafka-3-1  | 2026-09-25T22:48:48.140599393Z 	metadata.log.max.snapshot.interval.ms = 3600000
kafka-3-1  | 2026-09-25T22:48:48.140602361Z 	metadata.log.segment.bytes = 1073741824
kafka-3-1  | 2026-09-25T22:48:48.140605782Z 	metadata.log.segment.min.bytes = 8388608
kafka-3-1  | 2026-09-25T22:48:48.140609029Z 	metadata.log.segment.ms = 604800000
kafka-3-1  | 2026-09-25T22:48:48.140611978Z 	metadata.max.idle.interval.ms = 500
kafka-3-1  | 2026-09-25T22:48:48.140615370Z 	metadata.max.retention.bytes = 104857600
kafka-3-1  | 2026-09-25T22:48:48.140619290Z 	metadata.max.retention.ms = 604800000
kafka-3-1  | 2026-09-25T22:48:48.140627393Z 	metric.reporters = [org.apache.kafka.common.metrics.JmxReporter]
kafka-3-1  | 2026-09-25T22:48:48.140631567Z 	metrics.num.samples = 2
kafka-3-1  | 2026-09-25T22:48:48.140634455Z 	metrics.recording.level = INFO
kafka-3-1  | 2026-09-25T22:48:48.140637626Z 	metrics.sample.window.ms = 30000
kafka-3-1  | 2026-09-25T22:48:48.140640874Z 	min.insync.replicas = 2
kafka-3-1  | 2026-09-25T22:48:48.140647499Z 	node.id = 3
kafka-3-1  | 2026-09-25T22:48:48.140651283Z 	num.io.threads = 8
kafka-3-1  | 2026-09-25T22:48:48.140654348Z 	num.network.threads = 3
kafka-3-1  | 2026-09-25T22:48:48.140657295Z 	num.partitions = 1
kafka-3-1  | 2026-09-25T22:48:48.140660044Z 	num.recovery.threads.per.data.dir = 2
kafka-3-1  | 2026-09-25T22:48:48.140663561Z 	num.replica.alter.log.dirs.threads = null
kafka-3-1  | 2026-09-25T22:48:48.140678885Z 	num.replica.fetchers = 1
kafka-3-1  | 2026-09-25T22:48:48.140687857Z 	offset.metadata.max.bytes = 4096
kafka-3-1  | 2026-09-25T22:48:48.140693672Z 	offsets.commit.timeout.ms = 5000
kafka-3-1  | 2026-09-25T22:48:48.140697480Z 	offsets.load.buffer.size = 5242880
kafka-3-1  | 2026-09-25T22:48:48.140706521Z 	offsets.retention.check.interval.ms = 600000
kafka-3-1  | 2026-09-25T22:48:48.140713388Z 	offsets.retention.minutes = 10080
kafka-3-1  | 2026-09-25T22:48:48.140717058Z 	offsets.topic.compression.codec = 0
kafka-3-1  | 2026-09-25T22:48:48.140721374Z 	offsets.topic.num.partitions = 50
kafka-3-1  | 2026-09-25T22:48:48.140724998Z 	offsets.topic.replication.factor = 3
kafka-3-1  | 2026-09-25T22:48:48.140728591Z 	offsets.topic.segment.bytes = 104857600
kafka-3-1  | 2026-09-25T22:48:48.140737708Z 	principal.builder.class = class org.apache.kafka.common.security.authenticator.DefaultKafkaPrincipalBuilder
kafka-3-1  | 2026-09-25T22:48:48.140743278Z 	process.roles = [broker, controller]
kafka-3-1  | 2026-09-25T22:48:48.140747076Z 	producer.id.expiration.check.interval.ms = 600000
kafka-3-1  | 2026-09-25T22:48:48.140758332Z 	producer.id.expiration.ms = 86400000
kafka-3-1  | 2026-09-25T22:48:48.140762164Z 	producer.purgatory.purge.interval.requests = 1000
kafka-3-1  | 2026-09-25T22:48:48.140765569Z 	queued.max.request.bytes = -1
kafka-3-1  | 2026-09-25T22:48:48.140774231Z 	queued.max.requests = 500
kafka-3-1  | 2026-09-25T22:48:48.140777991Z 	quota.window.num = 11
kafka-3-1  | 2026-09-25T22:48:48.140781840Z 	quota.window.size.seconds = 1
kafka-3-1  | 2026-09-25T22:48:48.140790322Z 	remote.fetch.max.wait.ms = 500
kafka-3-1  | 2026-09-25T22:48:48.140795492Z 	remote.list.offsets.request.timeout.ms = 30000
kafka-3-1  | 2026-09-25T22:48:48.140798919Z 	remote.log.index.file.cache.total.size.bytes = 1073741824
kafka-3-1  | 2026-09-25T22:48:48.140801852Z 	remote.log.manager.copier.thread.pool.size = 10
kafka-3-1  | 2026-09-25T22:48:48.140812704Z 	remote.log.manager.copy.max.bytes.per.second = 9223372036854775807
kafka-3-1  | 2026-09-25T22:48:48.140817839Z 	remote.log.manager.copy.quota.window.num = 11
kafka-3-1  | 2026-09-25T22:48:48.140830630Z 	remote.log.manager.copy.quota.window.size.seconds = 1
kafka-3-1  | 2026-09-25T22:48:48.140834958Z 	remote.log.manager.expiration.thread.pool.size = 10
kafka-3-1  | 2026-09-25T22:48:48.140845985Z 	remote.log.manager.fetch.max.bytes.per.second = 9223372036854775807
kafka-3-1  | 2026-09-25T22:48:48.140850736Z 	remote.log.manager.fetch.quota.window.num = 11
kafka-3-1  | 2026-09-25T22:48:48.140854112Z 	remote.log.manager.fetch.quota.window.size.seconds = 1
kafka-3-1  | 2026-09-25T22:48:48.140857404Z 	remote.log.manager.task.interval.ms = 30000
kafka-3-1  | 2026-09-25T22:48:48.140861362Z 	remote.log.manager.task.retry.backoff.max.ms = 30000
kafka-3-1  | 2026-09-25T22:48:48.140870534Z 	remote.log.manager.task.retry.backoff.ms = 500
kafka-3-1  | 2026-09-25T22:48:48.140876520Z 	remote.log.manager.task.retry.jitter = 0.2
kafka-3-1  | 2026-09-25T22:48:48.140880688Z 	remote.log.manager.thread.pool.size = 2
kafka-3-1  | 2026-09-25T22:48:48.140888595Z 	remote.log.metadata.custom.metadata.max.bytes = 128
kafka-3-1  | 2026-09-25T22:48:48.140895973Z 	remote.log.metadata.manager.class.name = org.apache.kafka.server.log.remote.metadata.storage.TopicBasedRemoteLogMetadataManager
kafka-3-1  | 2026-09-25T22:48:48.140900464Z 	remote.log.metadata.manager.class.path = null
kafka-3-1  | 2026-09-25T22:48:48.140903623Z 	remote.log.metadata.manager.impl.prefix = rlmm.config.
kafka-3-1  | 2026-09-25T22:48:48.140909529Z 	remote.log.metadata.manager.listener.name = null
kafka-3-1  | 2026-09-25T22:48:48.140913829Z 	remote.log.reader.max.pending.tasks = 100
kafka-3-1  | 2026-09-25T22:48:48.140936077Z 	remote.log.reader.threads = 10
kafka-3-1  | 2026-09-25T22:48:48.140940944Z 	remote.log.storage.manager.class.name = null
kafka-3-1  | 2026-09-25T22:48:48.141049583Z 	remote.log.storage.manager.class.path = null
kafka-3-1  | 2026-09-25T22:48:48.141081568Z 	remote.log.storage.manager.impl.prefix = rsm.config.
kafka-3-1  | 2026-09-25T22:48:48.141087179Z 	remote.log.storage.system.enable = false
kafka-3-1  | 2026-09-25T22:48:48.141096053Z 	replica.fetch.backoff.ms = 1000
kafka-3-1  | 2026-09-25T22:48:48.141099092Z 	replica.fetch.max.bytes = 1048576
kafka-3-1  | 2026-09-25T22:48:48.141101999Z 	replica.fetch.min.bytes = 1
kafka-3-1  | 2026-09-25T22:48:48.141104755Z 	replica.fetch.response.max.bytes = 10485760
kafka-3-1  | 2026-09-25T22:48:48.141114155Z 	replica.fetch.wait.max.ms = 500
kafka-3-1  | 2026-09-25T22:48:48.141117554Z 	replica.high.watermark.checkpoint.interval.ms = 5000
kafka-3-1  | 2026-09-25T22:48:48.141120464Z 	replica.lag.time.max.ms = 30000
kafka-3-1  | 2026-09-25T22:48:48.141123096Z 	replica.selector.class = null
kafka-3-1  | 2026-09-25T22:48:48.141131035Z 	replica.socket.receive.buffer.bytes = 65536
kafka-3-1  | 2026-09-25T22:48:48.141134394Z 	replica.socket.timeout.ms = 30000
kafka-3-1  | 2026-09-25T22:48:48.141137215Z 	replication.quota.window.num = 11
kafka-3-1  | 2026-09-25T22:48:48.141140250Z 	replication.quota.window.size.seconds = 1
kafka-3-1  | 2026-09-25T22:48:48.141147862Z 	request.timeout.ms = 30000
kafka-3-1  | 2026-09-25T22:48:48.141173838Z 	sasl.client.callback.handler.class = null
kafka-3-1  | 2026-09-25T22:48:48.141183104Z 	sasl.enabled.mechanisms = [GSSAPI]
kafka-3-1  | 2026-09-25T22:48:48.141188006Z 	sasl.jaas.config = null
kafka-3-1  | 2026-09-25T22:48:48.141191146Z 	sasl.kerberos.kinit.cmd = /usr/bin/kinit
kafka-3-1  | 2026-09-25T22:48:48.141199159Z 	sasl.kerberos.min.time.before.relogin = 60000
kafka-3-1  | 2026-09-25T22:48:48.141204225Z 	sasl.kerberos.principal.to.local.rules = [DEFAULT]
kafka-3-1  | 2026-09-25T22:48:48.141207628Z 	sasl.kerberos.service.name = null
kafka-3-1  | 2026-09-25T22:48:48.141213355Z 	sasl.kerberos.ticket.renew.jitter = 0.05
kafka-3-1  | 2026-09-25T22:48:48.141219110Z 	sasl.kerberos.ticket.renew.window.factor = 0.8
kafka-3-1  | 2026-09-25T22:48:48.141222803Z 	sasl.login.callback.handler.class = null
kafka-3-1  | 2026-09-25T22:48:48.141226201Z 	sasl.login.class = null
kafka-3-1  | 2026-09-25T22:48:48.141234824Z 	sasl.login.connect.timeout.ms = null
kafka-3-1  | 2026-09-25T22:48:48.141238131Z 	sasl.login.read.timeout.ms = null
kafka-3-1  | 2026-09-25T22:48:48.141241285Z 	sasl.login.refresh.buffer.seconds = 300
kafka-3-1  | 2026-09-25T22:48:48.141249439Z 	sasl.login.refresh.min.period.seconds = 60
kafka-3-1  | 2026-09-25T22:48:48.141252822Z 	sasl.login.refresh.window.factor = 0.8
kafka-3-1  | 2026-09-25T22:48:48.141255701Z 	sasl.login.refresh.window.jitter = 0.05
kafka-3-1  | 2026-09-25T22:48:48.141315307Z 	sasl.login.retry.backoff.max.ms = 10000
kafka-3-1  | 2026-09-25T22:48:48.141319811Z 	sasl.login.retry.backoff.ms = 100
kafka-3-1  | 2026-09-25T22:48:48.141325644Z 	sasl.mechanism.controller.protocol = GSSAPI
kafka-3-1  | 2026-09-25T22:48:48.141331977Z 	sasl.mechanism.inter.broker.protocol = GSSAPI
kafka-3-1  | 2026-09-25T22:48:48.141335391Z 	sasl.oauthbearer.clock.skew.seconds = 30
kafka-3-1  | 2026-09-25T22:48:48.141338780Z 	sasl.oauthbearer.expected.audience = null
kafka-3-1  | 2026-09-25T22:48:48.141342269Z 	sasl.oauthbearer.expected.issuer = null
kafka-3-1  | 2026-09-25T22:48:48.141345586Z 	sasl.oauthbearer.jwks.endpoint.refresh.ms = 3600000
kafka-3-1  | 2026-09-25T22:48:48.141348896Z 	sasl.oauthbearer.jwks.endpoint.retry.backoff.max.ms = 10000
kafka-3-1  | 2026-09-25T22:48:48.141351999Z 	sasl.oauthbearer.jwks.endpoint.retry.backoff.ms = 100
kafka-3-1  | 2026-09-25T22:48:48.141355364Z 	sasl.oauthbearer.jwks.endpoint.url = null
kafka-3-1  | 2026-09-25T22:48:48.141358430Z 	sasl.oauthbearer.scope.claim.name = scope
kafka-3-1  | 2026-09-25T22:48:48.141361268Z 	sasl.oauthbearer.sub.claim.name = sub
kafka-3-1  | 2026-09-25T22:48:48.141364145Z 	sasl.oauthbearer.token.endpoint.url = null
kafka-3-1  | 2026-09-25T22:48:48.141366892Z 	sasl.server.callback.handler.class = null
kafka-3-1  | 2026-09-25T22:48:48.141369654Z 	sasl.server.max.receive.size = 524288
kafka-3-1  | 2026-09-25T22:48:48.141373312Z 	security.inter.broker.protocol = PLAINTEXT
kafka-3-1  | 2026-09-25T22:48:48.141378978Z 	security.providers = null
kafka-3-1  | 2026-09-25T22:48:48.141389109Z 	server.max.startup.time.ms = 9223372036854775807
kafka-3-1  | 2026-09-25T22:48:48.141392413Z 	share.coordinator.append.linger.ms = 10
kafka-3-1  | 2026-09-25T22:48:48.141395296Z 	share.coordinator.load.buffer.size = 5242880
kafka-3-1  | 2026-09-25T22:48:48.141398653Z 	share.coordinator.snapshot.update.records.per.snapshot = 500
kafka-3-1  | 2026-09-25T22:48:48.141402521Z 	share.coordinator.state.topic.compression.codec = 0
kafka-3-1  | 2026-09-25T22:48:48.141405875Z 	share.coordinator.state.topic.min.isr = 2
kafka-3-1  | 2026-09-25T22:48:48.141409202Z 	share.coordinator.state.topic.num.partitions = 50
kafka-3-1  | 2026-09-25T22:48:48.141412190Z 	share.coordinator.state.topic.prune.interval.ms = 300000
kafka-3-1  | 2026-09-25T22:48:48.141415459Z 	share.coordinator.state.topic.replication.factor = 3
kafka-3-1  | 2026-09-25T22:48:48.141419150Z 	share.coordinator.state.topic.segment.bytes = 104857600
kafka-3-1  | 2026-09-25T22:48:48.141422413Z 	share.coordinator.threads = 1
kafka-3-1  | 2026-09-25T22:48:48.141425976Z 	share.coordinator.write.timeout.ms = 5000
kafka-3-1  | 2026-09-25T22:48:48.141429199Z 	share.fetch.max.fetch.records = 2147483647
kafka-3-1  | 2026-09-25T22:48:48.141432304Z 	share.fetch.purgatory.purge.interval.requests = 1000
kafka-3-1  | 2026-09-25T22:48:48.141434928Z 	socket.connection.setup.timeout.max.ms = 30000
kafka-3-1  | 2026-09-25T22:48:48.141438001Z 	socket.connection.setup.timeout.ms = 10000
kafka-3-1  | 2026-09-25T22:48:48.141441092Z 	socket.listen.backlog.size = 50
kafka-3-1  | 2026-09-25T22:48:48.141445547Z 	socket.receive.buffer.bytes = 102400
kafka-3-1  | 2026-09-25T22:48:48.141448366Z 	socket.request.max.bytes = 104857600
kafka-3-1  | 2026-09-25T22:48:48.141457450Z 	socket.send.buffer.bytes = 102400
kafka-3-1  | 2026-09-25T22:48:48.141461892Z 	ssl.allow.dn.changes = false
kafka-3-1  | 2026-09-25T22:48:48.141465131Z 	ssl.allow.san.changes = false
kafka-3-1  | 2026-09-25T22:48:48.141468325Z 	ssl.cipher.suites = []
kafka-3-1  | 2026-09-25T22:48:48.141475241Z 	ssl.client.auth = none
kafka-3-1  | 2026-09-25T22:48:48.141480176Z 	ssl.enabled.protocols = [TLSv1.2, TLSv1.3]
kafka-3-1  | 2026-09-25T22:48:48.141483277Z 	ssl.endpoint.identification.algorithm = https
kafka-3-1  | 2026-09-25T22:48:48.141486255Z 	ssl.engine.factory.class = null
kafka-3-1  | 2026-09-25T22:48:48.141494965Z 	ssl.key.password = null
kafka-3-1  | 2026-09-25T22:48:48.141498748Z 	ssl.keymanager.algorithm = SunX509
kafka-3-1  | 2026-09-25T22:48:48.141501671Z 	ssl.keystore.certificate.chain = null
kafka-3-1  | 2026-09-25T22:48:48.141505026Z 	ssl.keystore.key = null
kafka-3-1  | 2026-09-25T22:48:48.141507946Z 	ssl.keystore.location = null
kafka-3-1  | 2026-09-25T22:48:48.141515949Z 	ssl.keystore.password = null
kafka-3-1  | 2026-09-25T22:48:48.141520866Z 	ssl.keystore.type = JKS
kafka-3-1  | 2026-09-25T22:48:48.141524255Z 	ssl.principal.mapping.rules = DEFAULT
kafka-3-1  | 2026-09-25T22:48:48.141530486Z 	ssl.protocol = TLSv1.3
kafka-3-1  | 2026-09-25T22:48:48.141541438Z 	ssl.provider = null
kafka-3-1  | 2026-09-25T22:48:48.141544440Z 	ssl.secure.random.implementation = null
kafka-3-1  | 2026-09-25T22:48:48.141547577Z 	ssl.trustmanager.algorithm = PKIX
kafka-3-1  | 2026-09-25T22:48:48.141550830Z 	ssl.truststore.certificates = null
kafka-3-1  | 2026-09-25T22:48:48.141554035Z 	ssl.truststore.location = null
kafka-3-1  | 2026-09-25T22:48:48.141561541Z 	ssl.truststore.password = null
kafka-3-1  | 2026-09-25T22:48:48.141564274Z 	ssl.truststore.type = JKS
kafka-3-1  | 2026-09-25T22:48:48.141567118Z 	telemetry.max.bytes = 1048576
kafka-3-1  | 2026-09-25T22:48:48.141570260Z 	transaction.abort.timed.out.transaction.cleanup.interval.ms = 10000
kafka-3-1  | 2026-09-25T22:48:48.141579117Z 	transaction.max.timeout.ms = 900000
kafka-3-1  | 2026-09-25T22:48:48.141583372Z 	transaction.partition.verification.enable = true
kafka-3-1  | 2026-09-25T22:48:48.141586807Z 	transaction.remove.expired.transaction.cleanup.interval.ms = 3600000
kafka-3-1  | 2026-09-25T22:48:48.141590041Z 	transaction.state.log.load.buffer.size = 5242880
kafka-3-1  | 2026-09-25T22:48:48.141592876Z 	transaction.state.log.min.isr = 2
kafka-3-1  | 2026-09-25T22:48:48.141596960Z 	transaction.state.log.num.partitions = 50
kafka-3-1  | 2026-09-25T22:48:48.141599887Z 	transaction.state.log.replication.factor = 3
kafka-3-1  | 2026-09-25T22:48:48.141603087Z 	transaction.state.log.segment.bytes = 104857600
kafka-3-1  | 2026-09-25T22:48:48.141605824Z 	transactional.id.expiration.ms = 604800000
kafka-3-1  | 2026-09-25T22:48:48.141608683Z 	unclean.leader.election.enable = false
kafka-3-1  | 2026-09-25T22:48:48.141611761Z 	unclean.leader.election.interval.ms = 300000
kafka-3-1  | 2026-09-25T22:48:48.141614760Z 	unstable.api.versions.enable = false
kafka-3-1  | 2026-09-25T22:48:48.141617751Z 	unstable.feature.versions.enable = false
kafka-3-1  | 2026-09-25T22:48:48.141620711Z  (org.apache.kafka.common.config.AbstractConfig)
kafka-3-1  | 2026-09-25T22:48:48.147870400Z [2026-09-25 22:48:48,147] INFO [BrokerLifecycleManager id=3] The broker is in RECOVERY. (kafka.server.BrokerLifecycleManager)
kafka-3-1  | 2026-09-25T22:48:48.167608075Z [2026-09-25 22:48:48,166] INFO [BrokerServer id=3] Waiting for the broker to be unfenced (kafka.server.BrokerServer)
kafka-3-1  | 2026-09-25T22:48:48.235530538Z [2026-09-25 22:48:48,234] INFO [BrokerLifecycleManager id=3] The broker has been unfenced. Transitioning from RECOVERY to RUNNING. (kafka.server.BrokerLifecycleManager)
kafka-3-1  | 2026-09-25T22:48:48.248014108Z [2026-09-25 22:48:48,235] INFO [BrokerServer id=3] Finished waiting for the broker to be unfenced (kafka.server.BrokerServer)
kafka-3-1  | 2026-09-25T22:48:48.248096240Z [2026-09-25 22:48:48,240] INFO authorizerStart completed for endpoint PLAINTEXT. Endpoint is now READY. (org.apache.kafka.server.network.EndpointReadyFutures)
kafka-3-1  | 2026-09-25T22:48:48.248101635Z [2026-09-25 22:48:48,240] INFO [SocketServer listenerType=BROKER, nodeId=3] Enabling request processing. (kafka.network.SocketServer)
kafka-3-1  | 2026-09-25T22:48:48.248105478Z [2026-09-25 22:48:48,241] INFO Awaiting socket connections on 0.0.0.0:9092. (kafka.network.DataPlaneAcceptor)
kafka-3-1  | 2026-09-25T22:48:48.249109436Z [2026-09-25 22:48:48,246] INFO [BrokerServer id=3] Waiting for all of the authorizer futures to be completed (kafka.server.BrokerServer)
kafka-3-1  | 2026-09-25T22:48:48.249359361Z [2026-09-25 22:48:48,248] INFO [BrokerServer id=3] Finished waiting for all of the authorizer futures to be completed (kafka.server.BrokerServer)
kafka-3-1  | 2026-09-25T22:48:48.249973412Z [2026-09-25 22:48:48,249] INFO [BrokerServer id=3] Waiting for all of the SocketServer Acceptors to be started (kafka.server.BrokerServer)
kafka-3-1  | 2026-09-25T22:48:48.250541073Z [2026-09-25 22:48:48,250] INFO [BrokerServer id=3] Finished waiting for all of the SocketServer Acceptors to be started (kafka.server.BrokerServer)
kafka-3-1  | 2026-09-25T22:48:48.257874077Z [2026-09-25 22:48:48,257] INFO [BrokerServer id=3] Transition from STARTING to STARTED (kafka.server.BrokerServer)
kafka-3-1  | 2026-09-25T22:48:48.260344031Z [2026-09-25 22:48:48,259] INFO Kafka version: 4.0.0 (org.apache.kafka.common.utils.AppInfoParser)
kafka-3-1  | 2026-09-25T22:48:48.260689999Z [2026-09-25 22:48:48,260] INFO Kafka commitId: 985bc99521dd22bb (org.apache.kafka.common.utils.AppInfoParser)
kafka-3-1  | 2026-09-25T22:48:48.260713876Z [2026-09-25 22:48:48,260] INFO Kafka startTimeMs: 1790376528257 (org.apache.kafka.common.utils.AppInfoParser)
kafka-3-1  | 2026-09-25T22:48:48.264467017Z [2026-09-25 22:48:48,263] INFO [KafkaRaftServer nodeId=3] Kafka Server started (kafka.server.KafkaRaftServer)
kafka-3-1  | 2026-09-25T22:48:52.422599600Z [2026-09-25 22:48:52,416] INFO [ReplicaFetcherManager on broker 3] Removed fetcher for partitions Set(dados-sensores-1, dados-sensores-3) (kafka.server.ReplicaFetcherManager)
kafka-3-1  | 2026-09-25T22:48:52.458815961Z [2026-09-25 22:48:52,458] INFO [LogLoader partition=dados-sensores-1, dir=/var/lib/kafka/data] Loading producer state till offset 0 (org.apache.kafka.storage.internals.log.UnifiedLog)
kafka-3-1  | 2026-09-25T22:48:52.469097108Z [2026-09-25 22:48:52,468] INFO Created log for partition dados-sensores-1 in /var/lib/kafka/data/dados-sensores-1 with properties {min.insync.replicas=2} (kafka.log.LogManager)
kafka-3-1  | 2026-09-25T22:48:52.473769343Z [2026-09-25 22:48:52,473] INFO [Partition dados-sensores-1 broker=3] No checkpointed highwatermark is found for partition dados-sensores-1 (kafka.cluster.Partition)
kafka-3-1  | 2026-09-25T22:48:52.485244164Z [2026-09-25 22:48:52,484] INFO [Partition dados-sensores-1 broker=3] Log loaded for partition dados-sensores-1 with initial high watermark 0 (kafka.cluster.Partition)
kafka-3-1  | 2026-09-25T22:48:52.539912209Z [2026-09-25 22:48:52,539] INFO [LogLoader partition=dados-sensores-3, dir=/var/lib/kafka/data] Loading producer state till offset 0 (org.apache.kafka.storage.internals.log.UnifiedLog)
kafka-3-1  | 2026-09-25T22:48:52.544431034Z [2026-09-25 22:48:52,541] INFO Created log for partition dados-sensores-3 in /var/lib/kafka/data/dados-sensores-3 with properties {min.insync.replicas=2} (kafka.log.LogManager)
kafka-3-1  | 2026-09-25T22:48:52.544470614Z [2026-09-25 22:48:52,542] INFO [Partition dados-sensores-3 broker=3] No checkpointed highwatermark is found for partition dados-sensores-3 (kafka.cluster.Partition)
kafka-3-1  | 2026-09-25T22:48:52.544748203Z [2026-09-25 22:48:52,543] INFO [Partition dados-sensores-3 broker=3] Log loaded for partition dados-sensores-3 with initial high watermark 0 (kafka.cluster.Partition)
kafka-3-1  | 2026-09-25T22:48:52.581758340Z [2026-09-25 22:48:52,581] INFO [LogLoader partition=dados-sensores-5, dir=/var/lib/kafka/data] Loading producer state till offset 0 (org.apache.kafka.storage.internals.log.UnifiedLog)
kafka-3-1  | 2026-09-25T22:48:52.585310564Z [2026-09-25 22:48:52,584] INFO Created log for partition dados-sensores-5 in /var/lib/kafka/data/dados-sensores-5 with properties {min.insync.replicas=2} (kafka.log.LogManager)
kafka-3-1  | 2026-09-25T22:48:52.586155513Z [2026-09-25 22:48:52,585] INFO [Partition dados-sensores-5 broker=3] No checkpointed highwatermark is found for partition dados-sensores-5 (kafka.cluster.Partition)
kafka-3-1  | 2026-09-25T22:48:52.587434764Z [2026-09-25 22:48:52,586] INFO [Partition dados-sensores-5 broker=3] Log loaded for partition dados-sensores-5 with initial high watermark 0 (kafka.cluster.Partition)
kafka-3-1  | 2026-09-25T22:48:52.617171620Z [2026-09-25 22:48:52,616] INFO [LogLoader partition=dados-sensores-4, dir=/var/lib/kafka/data] Loading producer state till offset 0 (org.apache.kafka.storage.internals.log.UnifiedLog)
kafka-3-1  | 2026-09-25T22:48:52.618957664Z [2026-09-25 22:48:52,618] INFO Created log for partition dados-sensores-4 in /var/lib/kafka/data/dados-sensores-4 with properties {min.insync.replicas=2} (kafka.log.LogManager)
kafka-3-1  | 2026-09-25T22:48:52.624791954Z [2026-09-25 22:48:52,624] INFO [Partition dados-sensores-4 broker=3] No checkpointed highwatermark is found for partition dados-sensores-4 (kafka.cluster.Partition)
kafka-3-1  | 2026-09-25T22:48:52.625271510Z [2026-09-25 22:48:52,624] INFO [Partition dados-sensores-4 broker=3] Log loaded for partition dados-sensores-4 with initial high watermark 0 (kafka.cluster.Partition)
kafka-3-1  | 2026-09-25T22:48:52.644642364Z [2026-09-25 22:48:52,643] INFO [LogLoader partition=dados-sensores-0, dir=/var/lib/kafka/data] Loading producer state till offset 0 (org.apache.kafka.storage.internals.log.UnifiedLog)
kafka-3-1  | 2026-09-25T22:48:52.649682045Z [2026-09-25 22:48:52,649] INFO Created log for partition dados-sensores-0 in /var/lib/kafka/data/dados-sensores-0 with properties {min.insync.replicas=2} (kafka.log.LogManager)
kafka-3-1  | 2026-09-25T22:48:52.651045856Z [2026-09-25 22:48:52,650] INFO [Partition dados-sensores-0 broker=3] No checkpointed highwatermark is found for partition dados-sensores-0 (kafka.cluster.Partition)
kafka-3-1  | 2026-09-25T22:48:52.651664039Z [2026-09-25 22:48:52,651] INFO [Partition dados-sensores-0 broker=3] Log loaded for partition dados-sensores-0 with initial high watermark 0 (kafka.cluster.Partition)
kafka-3-1  | 2026-09-25T22:48:52.658219265Z [2026-09-25 22:48:52,657] INFO [LogLoader partition=dados-sensores-2, dir=/var/lib/kafka/data] Loading producer state till offset 0 (org.apache.kafka.storage.internals.log.UnifiedLog)
kafka-3-1  | 2026-09-25T22:48:52.660796859Z [2026-09-25 22:48:52,660] INFO Created log for partition dados-sensores-2 in /var/lib/kafka/data/dados-sensores-2 with properties {min.insync.replicas=2} (kafka.log.LogManager)
kafka-3-1  | 2026-09-25T22:48:52.662694663Z [2026-09-25 22:48:52,662] INFO [Partition dados-sensores-2 broker=3] No checkpointed highwatermark is found for partition dados-sensores-2 (kafka.cluster.Partition)
kafka-3-1  | 2026-09-25T22:48:52.663237703Z [2026-09-25 22:48:52,662] INFO [Partition dados-sensores-2 broker=3] Log loaded for partition dados-sensores-2 with initial high watermark 0 (kafka.cluster.Partition)
kafka-3-1  | 2026-09-25T22:48:52.664309697Z [2026-09-25 22:48:52,663] INFO [ReplicaFetcherManager on broker 3] Removed fetcher for partitions Set(dados-sensores-5, dados-sensores-4, dados-sensores-0, dados-sensores-2) (kafka.server.ReplicaFetcherManager)
kafka-3-1  | 2026-09-25T22:48:52.716669914Z [2026-09-25 22:48:52,716] INFO [ReplicaFetcherThread-0-2]: Starting (kafka.server.ReplicaFetcherThread)
kafka-3-1  | 2026-09-25T22:48:52.729650007Z [2026-09-25 22:48:52,729] INFO [ReplicaFetcherManager on broker 3] Added fetcher to broker 2 for partitions HashMap(dados-sensores-5 -> InitialFetchState(Some(bpNag2Q4SrSHzixJwrCS8Q),BrokerEndPoint(id=2, host=kafka-2:9092),0,0), dados-sensores-0 -> InitialFetchState(Some(bpNag2Q4SrSHzixJwrCS8Q),BrokerEndPoint(id=2, host=kafka-2:9092),0,0)) (kafka.server.ReplicaFetcherManager)
kafka-3-1  | 2026-09-25T22:48:52.733644541Z [2026-09-25 22:48:52,733] INFO [ReplicaFetcher replicaId=3, leaderId=2, fetcherId=0] Truncating partition dados-sensores-5 with TruncationState(offset=0, completed=true) due to local high watermark 0 (kafka.server.ReplicaFetcherThread)
kafka-3-1  | 2026-09-25T22:48:52.738944611Z [2026-09-25 22:48:52,737] INFO [ReplicaFetcherThread-0-1]: Starting (kafka.server.ReplicaFetcherThread)
kafka-3-1  | 2026-09-25T22:48:52.738985098Z [2026-09-25 22:48:52,738] INFO [ReplicaFetcherManager on broker 3] Added fetcher to broker 1 for partitions HashMap(dados-sensores-4 -> InitialFetchState(Some(bpNag2Q4SrSHzixJwrCS8Q),BrokerEndPoint(id=1, host=kafka-1:9092),0,0), dados-sensores-2 -> InitialFetchState(Some(bpNag2Q4SrSHzixJwrCS8Q),BrokerEndPoint(id=1, host=kafka-1:9092),0,0)) (kafka.server.ReplicaFetcherManager)
kafka-3-1  | 2026-09-25T22:48:52.740850181Z [2026-09-25 22:48:52,739] INFO [ReplicaFetcher replicaId=3, leaderId=1, fetcherId=0] Truncating partition dados-sensores-4 with TruncationState(offset=0, completed=true) due to local high watermark 0 (kafka.server.ReplicaFetcherThread)
kafka-3-1  | 2026-09-25T22:48:52.746635952Z [2026-09-25 22:48:52,746] INFO [UnifiedLog partition=dados-sensores-5, dir=/var/lib/kafka/data] Truncating to 0 has no effect as the largest offset in the log is -1 (kafka.log.UnifiedLog)
kafka-3-1  | 2026-09-25T22:48:52.746976053Z [2026-09-25 22:48:52,746] INFO [UnifiedLog partition=dados-sensores-4, dir=/var/lib/kafka/data] Truncating to 0 has no effect as the largest offset in the log is -1 (kafka.log.UnifiedLog)
kafka-3-1  | 2026-09-25T22:48:52.749060074Z [2026-09-25 22:48:52,748] INFO [ReplicaFetcher replicaId=3, leaderId=2, fetcherId=0] Truncating partition dados-sensores-0 with TruncationState(offset=0, completed=true) due to local high watermark 0 (kafka.server.ReplicaFetcherThread)
kafka-3-1  | 2026-09-25T22:48:52.750571601Z [2026-09-25 22:48:52,749] INFO [ReplicaFetcher replicaId=3, leaderId=1, fetcherId=0] Truncating partition dados-sensores-2 with TruncationState(offset=0, completed=true) due to local high watermark 0 (kafka.server.ReplicaFetcherThread)
kafka-3-1  | 2026-09-25T22:48:52.750650297Z [2026-09-25 22:48:52,749] INFO [UnifiedLog partition=dados-sensores-0, dir=/var/lib/kafka/data] Truncating to 0 has no effect as the largest offset in the log is -1 (kafka.log.UnifiedLog)
kafka-3-1  | 2026-09-25T22:48:52.751950546Z [2026-09-25 22:48:52,751] INFO [UnifiedLog partition=dados-sensores-2, dir=/var/lib/kafka/data] Truncating to 0 has no effect as the largest offset in the log is -1 (kafka.log.UnifiedLog)
kafka-3-1  | 2026-09-25T22:48:52.782690856Z [2026-09-25 22:48:52,781] INFO [DynamicConfigPublisher broker id=3] Updating topic dados-sensores with new configuration : min.insync.replicas -> 2 (kafka.server.metadata.DynamicConfigPublisher)
kafka-3-1  | 2026-09-25T22:48:56.274034450Z [2026-09-25 22:48:56,273] INFO [ReplicaFetcherManager on broker 3] Removed fetcher for partitions Set(__consumer_offsets-15, __consumer_offsets-45, __consumer_offsets-14, __consumer_offsets-10, __consumer_offsets-42, __consumer_offsets-22, __consumer_offsets-19, __consumer_offsets-49, __consumer_offsets-32, __consumer_offsets-28, __consumer_offsets-26, __consumer_offsets-39, __consumer_offsets-5, __consumer_offsets-6, __consumer_offsets-38, __consumer_offsets-33, __consumer_offsets-2) (kafka.server.ReplicaFetcherManager)
kafka-3-1  | 2026-09-25T22:48:56.281214451Z [2026-09-25 22:48:56,280] INFO [LogLoader partition=__consumer_offsets-15, dir=/var/lib/kafka/data] Loading producer state till offset 0 (org.apache.kafka.storage.internals.log.UnifiedLog)
kafka-3-1  | 2026-09-25T22:48:56.285078962Z [2026-09-25 22:48:56,282] INFO Created log for partition __consumer_offsets-15 in /var/lib/kafka/data/__consumer_offsets-15 with properties {cleanup.policy=compact, compression.type="producer", segment.bytes=104857600} (kafka.log.LogManager)
kafka-3-1  | 2026-09-25T22:48:56.286244706Z [2026-09-25 22:48:56,284] INFO [Partition __consumer_offsets-15 broker=3] No checkpointed highwatermark is found for partition __consumer_offsets-15 (kafka.cluster.Partition)
kafka-3-1  | 2026-09-25T22:48:56.286267612Z [2026-09-25 22:48:56,284] INFO [Partition __consumer_offsets-15 broker=3] Log loaded for partition __consumer_offsets-15 with initial high watermark 0 (kafka.cluster.Partition)
kafka-3-1  | 2026-09-25T22:48:56.335106240Z [2026-09-25 22:48:56,334] INFO [LogLoader partition=__consumer_offsets-45, dir=/var/lib/kafka/data] Loading producer state till offset 0 (org.apache.kafka.storage.internals.log.UnifiedLog)
kafka-3-1  | 2026-09-25T22:48:56.337059644Z [2026-09-25 22:48:56,336] INFO Created log for partition __consumer_offsets-45 in /var/lib/kafka/data/__consumer_offsets-45 with properties {cleanup.policy=compact, compression.type="producer", segment.bytes=104857600} (kafka.log.LogManager)
kafka-3-1  | 2026-09-25T22:48:56.337733650Z [2026-09-25 22:48:56,337] INFO [Partition __consumer_offsets-45 broker=3] No checkpointed highwatermark is found for partition __consumer_offsets-45 (kafka.cluster.Partition)
kafka-3-1  | 2026-09-25T22:48:56.338498641Z [2026-09-25 22:48:56,337] INFO [Partition __consumer_offsets-45 broker=3] Log loaded for partition __consumer_offsets-45 with initial high watermark 0 (kafka.cluster.Partition)
kafka-3-1  | 2026-09-25T22:48:56.371169043Z [2026-09-25 22:48:56,370] INFO [LogLoader partition=__consumer_offsets-14, dir=/var/lib/kafka/data] Loading producer state till offset 0 (org.apache.kafka.storage.internals.log.UnifiedLog)
kafka-3-1  | 2026-09-25T22:48:56.372511230Z [2026-09-25 22:48:56,372] INFO Created log for partition __consumer_offsets-14 in /var/lib/kafka/data/__consumer_offsets-14 with properties {cleanup.policy=compact, compression.type="producer", segment.bytes=104857600} (kafka.log.LogManager)
kafka-3-1  | 2026-09-25T22:48:56.374358404Z [2026-09-25 22:48:56,373] INFO [Partition __consumer_offsets-14 broker=3] No checkpointed highwatermark is found for partition __consumer_offsets-14 (kafka.cluster.Partition)
kafka-3-1  | 2026-09-25T22:48:56.375977516Z [2026-09-25 22:48:56,375] INFO [Partition __consumer_offsets-14 broker=3] Log loaded for partition __consumer_offsets-14 with initial high watermark 0 (kafka.cluster.Partition)
kafka-3-1  | 2026-09-25T22:48:56.409524544Z [2026-09-25 22:48:56,406] INFO [LogLoader partition=__consumer_offsets-10, dir=/var/lib/kafka/data] Loading producer state till offset 0 (org.apache.kafka.storage.internals.log.UnifiedLog)
kafka-3-1  | 2026-09-25T22:48:56.412748931Z [2026-09-25 22:48:56,409] INFO Created log for partition __consumer_offsets-10 in /var/lib/kafka/data/__consumer_offsets-10 with properties {cleanup.policy=compact, compression.type="producer", segment.bytes=104857600} (kafka.log.LogManager)
kafka-3-1  | 2026-09-25T22:48:56.412847991Z [2026-09-25 22:48:56,410] INFO [Partition __consumer_offsets-10 broker=3] No checkpointed highwatermark is found for partition __consumer_offsets-10 (kafka.cluster.Partition)
kafka-3-1  | 2026-09-25T22:48:56.412882279Z [2026-09-25 22:48:56,411] INFO [Partition __consumer_offsets-10 broker=3] Log loaded for partition __consumer_offsets-10 with initial high watermark 0 (kafka.cluster.Partition)
kafka-3-1  | 2026-09-25T22:48:56.446118738Z [2026-09-25 22:48:56,445] INFO [LogLoader partition=__consumer_offsets-42, dir=/var/lib/kafka/data] Loading producer state till offset 0 (org.apache.kafka.storage.internals.log.UnifiedLog)
kafka-3-1  | 2026-09-25T22:48:56.448134358Z [2026-09-25 22:48:56,447] INFO Created log for partition __consumer_offsets-42 in /var/lib/kafka/data/__consumer_offsets-42 with properties {cleanup.policy=compact, compression.type="producer", segment.bytes=104857600} (kafka.log.LogManager)
kafka-3-1  | 2026-09-25T22:48:56.448680478Z [2026-09-25 22:48:56,448] INFO [Partition __consumer_offsets-42 broker=3] No checkpointed highwatermark is found for partition __consumer_offsets-42 (kafka.cluster.Partition)
kafka-3-1  | 2026-09-25T22:48:56.448963627Z [2026-09-25 22:48:56,448] INFO [Partition __consumer_offsets-42 broker=3] Log loaded for partition __consumer_offsets-42 with initial high watermark 0 (kafka.cluster.Partition)
kafka-3-1  | 2026-09-25T22:48:56.514393029Z [2026-09-25 22:48:56,513] INFO [LogLoader partition=__consumer_offsets-22, dir=/var/lib/kafka/data] Loading producer state till offset 0 (org.apache.kafka.storage.internals.log.UnifiedLog)
kafka-3-1  | 2026-09-25T22:48:56.529531416Z [2026-09-25 22:48:56,522] INFO Created log for partition __consumer_offsets-22 in /var/lib/kafka/data/__consumer_offsets-22 with properties {cleanup.policy=compact, compression.type="producer", segment.bytes=104857600} (kafka.log.LogManager)
kafka-3-1  | 2026-09-25T22:48:56.529543569Z [2026-09-25 22:48:56,525] INFO [Partition __consumer_offsets-22 broker=3] No checkpointed highwatermark is found for partition __consumer_offsets-22 (kafka.cluster.Partition)
kafka-3-1  | 2026-09-25T22:48:56.537011591Z [2026-09-25 22:48:56,528] INFO [Partition __consumer_offsets-22 broker=3] Log loaded for partition __consumer_offsets-22 with initial high watermark 0 (kafka.cluster.Partition)
kafka-3-1  | 2026-09-25T22:48:56.580558935Z [2026-09-25 22:48:56,579] INFO [LogLoader partition=__consumer_offsets-19, dir=/var/lib/kafka/data] Loading producer state till offset 0 (org.apache.kafka.storage.internals.log.UnifiedLog)
kafka-3-1  | 2026-09-25T22:48:56.594541438Z [2026-09-25 22:48:56,592] INFO Created log for partition __consumer_offsets-19 in /var/lib/kafka/data/__consumer_offsets-19 with properties {cleanup.policy=compact, compression.type="producer", segment.bytes=104857600} (kafka.log.LogManager)
kafka-3-1  | 2026-09-25T22:48:56.594606194Z [2026-09-25 22:48:56,593] INFO [Partition __consumer_offsets-19 broker=3] No checkpointed highwatermark is found for partition __consumer_offsets-19 (kafka.cluster.Partition)
kafka-3-1  | 2026-09-25T22:48:56.594615762Z [2026-09-25 22:48:56,594] INFO [Partition __consumer_offsets-19 broker=3] Log loaded for partition __consumer_offsets-19 with initial high watermark 0 (kafka.cluster.Partition)
kafka-3-1  | 2026-09-25T22:48:56.634372303Z [2026-09-25 22:48:56,633] INFO [LogLoader partition=__consumer_offsets-49, dir=/var/lib/kafka/data] Loading producer state till offset 0 (org.apache.kafka.storage.internals.log.UnifiedLog)
kafka-3-1  | 2026-09-25T22:48:56.637660755Z [2026-09-25 22:48:56,637] INFO Created log for partition __consumer_offsets-49 in /var/lib/kafka/data/__consumer_offsets-49 with properties {cleanup.policy=compact, compression.type="producer", segment.bytes=104857600} (kafka.log.LogManager)
kafka-3-1  | 2026-09-25T22:48:56.638637218Z [2026-09-25 22:48:56,637] INFO [Partition __consumer_offsets-49 broker=3] No checkpointed highwatermark is found for partition __consumer_offsets-49 (kafka.cluster.Partition)
kafka-3-1  | 2026-09-25T22:48:56.640386283Z [2026-09-25 22:48:56,638] INFO [Partition __consumer_offsets-49 broker=3] Log loaded for partition __consumer_offsets-49 with initial high watermark 0 (kafka.cluster.Partition)
kafka-3-1  | 2026-09-25T22:48:56.715959132Z [2026-09-25 22:48:56,715] INFO [LogLoader partition=__consumer_offsets-32, dir=/var/lib/kafka/data] Loading producer state till offset 0 (org.apache.kafka.storage.internals.log.UnifiedLog)
kafka-3-1  | 2026-09-25T22:48:56.717475322Z [2026-09-25 22:48:56,716] INFO Created log for partition __consumer_offsets-32 in /var/lib/kafka/data/__consumer_offsets-32 with properties {cleanup.policy=compact, compression.type="producer", segment.bytes=104857600} (kafka.log.LogManager)
kafka-3-1  | 2026-09-25T22:48:56.722727464Z [2026-09-25 22:48:56,721] INFO [Partition __consumer_offsets-32 broker=3] No checkpointed highwatermark is found for partition __consumer_offsets-32 (kafka.cluster.Partition)
kafka-3-1  | 2026-09-25T22:48:56.722951343Z [2026-09-25 22:48:56,722] INFO [Partition __consumer_offsets-32 broker=3] Log loaded for partition __consumer_offsets-32 with initial high watermark 0 (kafka.cluster.Partition)
kafka-3-1  | 2026-09-25T22:48:56.816699563Z [2026-09-25 22:48:56,802] INFO [LogLoader partition=__consumer_offsets-28, dir=/var/lib/kafka/data] Loading producer state till offset 0 (org.apache.kafka.storage.internals.log.UnifiedLog)
kafka-3-1  | 2026-09-25T22:48:56.816737688Z [2026-09-25 22:48:56,815] INFO Created log for partition __consumer_offsets-28 in /var/lib/kafka/data/__consumer_offsets-28 with properties {cleanup.policy=compact, compression.type="producer", segment.bytes=104857600} (kafka.log.LogManager)
kafka-3-1  | 2026-09-25T22:48:56.818039588Z [2026-09-25 22:48:56,817] INFO [Partition __consumer_offsets-28 broker=3] No checkpointed highwatermark is found for partition __consumer_offsets-28 (kafka.cluster.Partition)
kafka-3-1  | 2026-09-25T22:48:56.818913917Z [2026-09-25 22:48:56,817] INFO [Partition __consumer_offsets-28 broker=3] Log loaded for partition __consumer_offsets-28 with initial high watermark 0 (kafka.cluster.Partition)
kafka-3-1  | 2026-09-25T22:48:56.916743323Z [2026-09-25 22:48:56,915] INFO [LogLoader partition=__consumer_offsets-26, dir=/var/lib/kafka/data] Loading producer state till offset 0 (org.apache.kafka.storage.internals.log.UnifiedLog)
kafka-3-1  | 2026-09-25T22:48:56.923653560Z [2026-09-25 22:48:56,918] INFO Created log for partition __consumer_offsets-26 in /var/lib/kafka/data/__consumer_offsets-26 with properties {cleanup.policy=compact, compression.type="producer", segment.bytes=104857600} (kafka.log.LogManager)
kafka-3-1  | 2026-09-25T22:48:56.923688351Z [2026-09-25 22:48:56,919] INFO [Partition __consumer_offsets-26 broker=3] No checkpointed highwatermark is found for partition __consumer_offsets-26 (kafka.cluster.Partition)
kafka-3-1  | 2026-09-25T22:48:56.923695711Z [2026-09-25 22:48:56,920] INFO [Partition __consumer_offsets-26 broker=3] Log loaded for partition __consumer_offsets-26 with initial high watermark 0 (kafka.cluster.Partition)
kafka-3-1  | 2026-09-25T22:48:57.051596922Z [2026-09-25 22:48:57,050] INFO [LogLoader partition=__consumer_offsets-39, dir=/var/lib/kafka/data] Loading producer state till offset 0 (org.apache.kafka.storage.internals.log.UnifiedLog)
kafka-3-1  | 2026-09-25T22:48:57.052553499Z [2026-09-25 22:48:57,052] INFO Created log for partition __consumer_offsets-39 in /var/lib/kafka/data/__consumer_offsets-39 with properties {cleanup.policy=compact, compression.type="producer", segment.bytes=104857600} (kafka.log.LogManager)
kafka-3-1  | 2026-09-25T22:48:57.053606769Z [2026-09-25 22:48:57,053] INFO [Partition __consumer_offsets-39 broker=3] No checkpointed highwatermark is found for partition __consumer_offsets-39 (kafka.cluster.Partition)
kafka-3-1  | 2026-09-25T22:48:57.056199967Z [2026-09-25 22:48:57,055] INFO [Partition __consumer_offsets-39 broker=3] Log loaded for partition __consumer_offsets-39 with initial high watermark 0 (kafka.cluster.Partition)
kafka-3-1  | 2026-09-25T22:48:57.112637327Z [2026-09-25 22:48:57,112] INFO [LogLoader partition=__consumer_offsets-5, dir=/var/lib/kafka/data] Loading producer state till offset 0 (org.apache.kafka.storage.internals.log.UnifiedLog)
kafka-3-1  | 2026-09-25T22:48:57.117608717Z [2026-09-25 22:48:57,117] INFO Created log for partition __consumer_offsets-5 in /var/lib/kafka/data/__consumer_offsets-5 with properties {cleanup.policy=compact, compression.type="producer", segment.bytes=104857600} (kafka.log.LogManager)
kafka-3-1  | 2026-09-25T22:48:57.118261871Z [2026-09-25 22:48:57,117] INFO [Partition __consumer_offsets-5 broker=3] No checkpointed highwatermark is found for partition __consumer_offsets-5 (kafka.cluster.Partition)
kafka-3-1  | 2026-09-25T22:48:57.119007466Z [2026-09-25 22:48:57,118] INFO [Partition __consumer_offsets-5 broker=3] Log loaded for partition __consumer_offsets-5 with initial high watermark 0 (kafka.cluster.Partition)
kafka-3-1  | 2026-09-25T22:48:57.167264921Z [2026-09-25 22:48:57,164] INFO [LogLoader partition=__consumer_offsets-6, dir=/var/lib/kafka/data] Loading producer state till offset 0 (org.apache.kafka.storage.internals.log.UnifiedLog)
kafka-3-1  | 2026-09-25T22:48:57.167480888Z [2026-09-25 22:48:57,165] INFO Created log for partition __consumer_offsets-6 in /var/lib/kafka/data/__consumer_offsets-6 with properties {cleanup.policy=compact, compression.type="producer", segment.bytes=104857600} (kafka.log.LogManager)
kafka-3-1  | 2026-09-25T22:48:57.167490517Z [2026-09-25 22:48:57,166] INFO [Partition __consumer_offsets-6 broker=3] No checkpointed highwatermark is found for partition __consumer_offsets-6 (kafka.cluster.Partition)
kafka-3-1  | 2026-09-25T22:48:57.167496182Z [2026-09-25 22:48:57,166] INFO [Partition __consumer_offsets-6 broker=3] Log loaded for partition __consumer_offsets-6 with initial high watermark 0 (kafka.cluster.Partition)
kafka-3-1  | 2026-09-25T22:48:57.199763422Z [2026-09-25 22:48:57,198] INFO [LogLoader partition=__consumer_offsets-38, dir=/var/lib/kafka/data] Loading producer state till offset 0 (org.apache.kafka.storage.internals.log.UnifiedLog)
kafka-3-1  | 2026-09-25T22:48:57.205641702Z [2026-09-25 22:48:57,204] INFO Created log for partition __consumer_offsets-38 in /var/lib/kafka/data/__consumer_offsets-38 with properties {cleanup.policy=compact, compression.type="producer", segment.bytes=104857600} (kafka.log.LogManager)
kafka-3-1  | 2026-09-25T22:48:57.206046132Z [2026-09-25 22:48:57,205] INFO [Partition __consumer_offsets-38 broker=3] No checkpointed highwatermark is found for partition __consumer_offsets-38 (kafka.cluster.Partition)
kafka-3-1  | 2026-09-25T22:48:57.206468678Z [2026-09-25 22:48:57,206] INFO [Partition __consumer_offsets-38 broker=3] Log loaded for partition __consumer_offsets-38 with initial high watermark 0 (kafka.cluster.Partition)
kafka-3-1  | 2026-09-25T22:48:57.240908123Z [2026-09-25 22:48:57,240] INFO [LogLoader partition=__consumer_offsets-33, dir=/var/lib/kafka/data] Loading producer state till offset 0 (org.apache.kafka.storage.internals.log.UnifiedLog)
kafka-3-1  | 2026-09-25T22:48:57.242921149Z [2026-09-25 22:48:57,242] INFO Created log for partition __consumer_offsets-33 in /var/lib/kafka/data/__consumer_offsets-33 with properties {cleanup.policy=compact, compression.type="producer", segment.bytes=104857600} (kafka.log.LogManager)
kafka-3-1  | 2026-09-25T22:48:57.243499053Z [2026-09-25 22:48:57,242] INFO [Partition __consumer_offsets-33 broker=3] No checkpointed highwatermark is found for partition __consumer_offsets-33 (kafka.cluster.Partition)
kafka-3-1  | 2026-09-25T22:48:57.244240339Z [2026-09-25 22:48:57,243] INFO [Partition __consumer_offsets-33 broker=3] Log loaded for partition __consumer_offsets-33 with initial high watermark 0 (kafka.cluster.Partition)
kafka-3-1  | 2026-09-25T22:48:57.308343398Z [2026-09-25 22:48:57,307] INFO [LogLoader partition=__consumer_offsets-2, dir=/var/lib/kafka/data] Loading producer state till offset 0 (org.apache.kafka.storage.internals.log.UnifiedLog)
kafka-3-1  | 2026-09-25T22:48:57.309851151Z [2026-09-25 22:48:57,309] INFO Created log for partition __consumer_offsets-2 in /var/lib/kafka/data/__consumer_offsets-2 with properties {cleanup.policy=compact, compression.type="producer", segment.bytes=104857600} (kafka.log.LogManager)
kafka-3-1  | 2026-09-25T22:48:57.310367414Z [2026-09-25 22:48:57,310] INFO [Partition __consumer_offsets-2 broker=3] No checkpointed highwatermark is found for partition __consumer_offsets-2 (kafka.cluster.Partition)
kafka-3-1  | 2026-09-25T22:48:57.310622951Z [2026-09-25 22:48:57,310] INFO [Partition __consumer_offsets-2 broker=3] Log loaded for partition __consumer_offsets-2 with initial high watermark 0 (kafka.cluster.Partition)
kafka-3-1  | 2026-09-25T22:48:57.353914291Z [2026-09-25 22:48:57,348] INFO [LogLoader partition=__consumer_offsets-48, dir=/var/lib/kafka/data] Loading producer state till offset 0 (org.apache.kafka.storage.internals.log.UnifiedLog)
kafka-3-1  | 2026-09-25T22:48:57.357724475Z [2026-09-25 22:48:57,354] INFO Created log for partition __consumer_offsets-48 in /var/lib/kafka/data/__consumer_offsets-48 with properties {cleanup.policy=compact, compression.type="producer", segment.bytes=104857600} (kafka.log.LogManager)
kafka-3-1  | 2026-09-25T22:48:57.357755174Z [2026-09-25 22:48:57,354] INFO [Partition __consumer_offsets-48 broker=3] No checkpointed highwatermark is found for partition __consumer_offsets-48 (kafka.cluster.Partition)
kafka-3-1  | 2026-09-25T22:48:57.357762849Z [2026-09-25 22:48:57,355] INFO [Partition __consumer_offsets-48 broker=3] Log loaded for partition __consumer_offsets-48 with initial high watermark 0 (kafka.cluster.Partition)
kafka-3-1  | 2026-09-25T22:48:57.366799772Z [2026-09-25 22:48:57,366] INFO [LogLoader partition=__consumer_offsets-13, dir=/var/lib/kafka/data] Loading producer state till offset 0 (org.apache.kafka.storage.internals.log.UnifiedLog)
kafka-3-1  | 2026-09-25T22:48:57.368807102Z [2026-09-25 22:48:57,368] INFO Created log for partition __consumer_offsets-13 in /var/lib/kafka/data/__consumer_offsets-13 with properties {cleanup.policy=compact, compression.type="producer", segment.bytes=104857600} (kafka.log.LogManager)
kafka-3-1  | 2026-09-25T22:48:57.369268995Z [2026-09-25 22:48:57,368] INFO [Partition __consumer_offsets-13 broker=3] No checkpointed highwatermark is found for partition __consumer_offsets-13 (kafka.cluster.Partition)
kafka-3-1  | 2026-09-25T22:48:57.376298883Z [2026-09-25 22:48:57,375] INFO [Partition __consumer_offsets-13 broker=3] Log loaded for partition __consumer_offsets-13 with initial high watermark 0 (kafka.cluster.Partition)
kafka-3-1  | 2026-09-25T22:48:57.387880771Z [2026-09-25 22:48:57,387] INFO [LogLoader partition=__consumer_offsets-46, dir=/var/lib/kafka/data] Loading producer state till offset 0 (org.apache.kafka.storage.internals.log.UnifiedLog)
kafka-3-1  | 2026-09-25T22:48:57.391851215Z [2026-09-25 22:48:57,390] INFO Created log for partition __consumer_offsets-46 in /var/lib/kafka/data/__consumer_offsets-46 with properties {cleanup.policy=compact, compression.type="producer", segment.bytes=104857600} (kafka.log.LogManager)
kafka-3-1  | 2026-09-25T22:48:57.391892149Z [2026-09-25 22:48:57,391] INFO [Partition __consumer_offsets-46 broker=3] No checkpointed highwatermark is found for partition __consumer_offsets-46 (kafka.cluster.Partition)
kafka-3-1  | 2026-09-25T22:48:57.395244131Z [2026-09-25 22:48:57,392] INFO [Partition __consumer_offsets-46 broker=3] Log loaded for partition __consumer_offsets-46 with initial high watermark 0 (kafka.cluster.Partition)
kafka-3-1  | 2026-09-25T22:48:57.403997044Z [2026-09-25 22:48:57,403] INFO [LogLoader partition=__consumer_offsets-11, dir=/var/lib/kafka/data] Loading producer state till offset 0 (org.apache.kafka.storage.internals.log.UnifiedLog)
kafka-3-1  | 2026-09-25T22:48:57.405415284Z [2026-09-25 22:48:57,405] INFO Created log for partition __consumer_offsets-11 in /var/lib/kafka/data/__consumer_offsets-11 with properties {cleanup.policy=compact, compression.type="producer", segment.bytes=104857600} (kafka.log.LogManager)
kafka-3-1  | 2026-09-25T22:48:57.406522254Z [2026-09-25 22:48:57,405] INFO [Partition __consumer_offsets-11 broker=3] No checkpointed highwatermark is found for partition __consumer_offsets-11 (kafka.cluster.Partition)
kafka-3-1  | 2026-09-25T22:48:57.407010865Z [2026-09-25 22:48:57,406] INFO [Partition __consumer_offsets-11 broker=3] Log loaded for partition __consumer_offsets-11 with initial high watermark 0 (kafka.cluster.Partition)
kafka-3-1  | 2026-09-25T22:48:57.422050286Z [2026-09-25 22:48:57,419] INFO [LogLoader partition=__consumer_offsets-44, dir=/var/lib/kafka/data] Loading producer state till offset 0 (org.apache.kafka.storage.internals.log.UnifiedLog)
kafka-3-1  | 2026-09-25T22:48:57.423091099Z [2026-09-25 22:48:57,422] INFO Created log for partition __consumer_offsets-44 in /var/lib/kafka/data/__consumer_offsets-44 with properties {cleanup.policy=compact, compression.type="producer", segment.bytes=104857600} (kafka.log.LogManager)
kafka-3-1  | 2026-09-25T22:48:57.424107299Z [2026-09-25 22:48:57,423] INFO [Partition __consumer_offsets-44 broker=3] No checkpointed highwatermark is found for partition __consumer_offsets-44 (kafka.cluster.Partition)
kafka-3-1  | 2026-09-25T22:48:57.424689531Z [2026-09-25 22:48:57,424] INFO [Partition __consumer_offsets-44 broker=3] Log loaded for partition __consumer_offsets-44 with initial high watermark 0 (kafka.cluster.Partition)
kafka-3-1  | 2026-09-25T22:48:57.433430466Z [2026-09-25 22:48:57,432] INFO [LogLoader partition=__consumer_offsets-9, dir=/var/lib/kafka/data] Loading producer state till offset 0 (org.apache.kafka.storage.internals.log.UnifiedLog)
kafka-3-1  | 2026-09-25T22:48:57.435070712Z [2026-09-25 22:48:57,434] INFO Created log for partition __consumer_offsets-9 in /var/lib/kafka/data/__consumer_offsets-9 with properties {cleanup.policy=compact, compression.type="producer", segment.bytes=104857600} (kafka.log.LogManager)
kafka-3-1  | 2026-09-25T22:48:57.435770517Z [2026-09-25 22:48:57,435] INFO [Partition __consumer_offsets-9 broker=3] No checkpointed highwatermark is found for partition __consumer_offsets-9 (kafka.cluster.Partition)
kafka-3-1  | 2026-09-25T22:48:57.436480291Z [2026-09-25 22:48:57,436] INFO [Partition __consumer_offsets-9 broker=3] Log loaded for partition __consumer_offsets-9 with initial high watermark 0 (kafka.cluster.Partition)
kafka-3-1  | 2026-09-25T22:48:57.445212220Z [2026-09-25 22:48:57,444] INFO [LogLoader partition=__consumer_offsets-23, dir=/var/lib/kafka/data] Loading producer state till offset 0 (org.apache.kafka.storage.internals.log.UnifiedLog)
kafka-3-1  | 2026-09-25T22:48:57.446472341Z [2026-09-25 22:48:57,445] INFO Created log for partition __consumer_offsets-23 in /var/lib/kafka/data/__consumer_offsets-23 with properties {cleanup.policy=compact, compression.type="producer", segment.bytes=104857600} (kafka.log.LogManager)
kafka-3-1  | 2026-09-25T22:48:57.447649148Z [2026-09-25 22:48:57,447] INFO [Partition __consumer_offsets-23 broker=3] No checkpointed highwatermark is found for partition __consumer_offsets-23 (kafka.cluster.Partition)
kafka-3-1  | 2026-09-25T22:48:57.449425683Z [2026-09-25 22:48:57,448] INFO [Partition __consumer_offsets-23 broker=3] Log loaded for partition __consumer_offsets-23 with initial high watermark 0 (kafka.cluster.Partition)
kafka-3-1  | 2026-09-25T22:48:57.456173945Z [2026-09-25 22:48:57,455] INFO [LogLoader partition=__consumer_offsets-21, dir=/var/lib/kafka/data] Loading producer state till offset 0 (org.apache.kafka.storage.internals.log.UnifiedLog)
kafka-3-1  | 2026-09-25T22:48:57.457730835Z [2026-09-25 22:48:57,457] INFO Created log for partition __consumer_offsets-21 in /var/lib/kafka/data/__consumer_offsets-21 with properties {cleanup.policy=compact, compression.type="producer", segment.bytes=104857600} (kafka.log.LogManager)
kafka-3-1  | 2026-09-25T22:48:57.458070384Z [2026-09-25 22:48:57,457] INFO [Partition __consumer_offsets-21 broker=3] No checkpointed highwatermark is found for partition __consumer_offsets-21 (kafka.cluster.Partition)
kafka-3-1  | 2026-09-25T22:48:57.458793204Z [2026-09-25 22:48:57,458] INFO [Partition __consumer_offsets-21 broker=3] Log loaded for partition __consumer_offsets-21 with initial high watermark 0 (kafka.cluster.Partition)
kafka-3-1  | 2026-09-25T22:48:57.478157351Z [2026-09-25 22:48:57,477] INFO [LogLoader partition=__consumer_offsets-17, dir=/var/lib/kafka/data] Loading producer state till offset 0 (org.apache.kafka.storage.internals.log.UnifiedLog)
kafka-3-1  | 2026-09-25T22:48:57.483640753Z [2026-09-25 22:48:57,479] INFO Created log for partition __consumer_offsets-17 in /var/lib/kafka/data/__consumer_offsets-17 with properties {cleanup.policy=compact, compression.type="producer", segment.bytes=104857600} (kafka.log.LogManager)
kafka-3-1  | 2026-09-25T22:48:57.483677890Z [2026-09-25 22:48:57,480] INFO [Partition __consumer_offsets-17 broker=3] No checkpointed highwatermark is found for partition __consumer_offsets-17 (kafka.cluster.Partition)
kafka-3-1  | 2026-09-25T22:48:57.483682152Z [2026-09-25 22:48:57,480] INFO [Partition __consumer_offsets-17 broker=3] Log loaded for partition __consumer_offsets-17 with initial high watermark 0 (kafka.cluster.Partition)
kafka-3-1  | 2026-09-25T22:48:57.502548423Z [2026-09-25 22:48:57,501] INFO [LogLoader partition=__consumer_offsets-30, dir=/var/lib/kafka/data] Loading producer state till offset 0 (org.apache.kafka.storage.internals.log.UnifiedLog)
kafka-3-1  | 2026-09-25T22:48:57.503942310Z [2026-09-25 22:48:57,503] INFO Created log for partition __consumer_offsets-30 in /var/lib/kafka/data/__consumer_offsets-30 with properties {cleanup.policy=compact, compression.type="producer", segment.bytes=104857600} (kafka.log.LogManager)
kafka-3-1  | 2026-09-25T22:48:57.518323317Z [2026-09-25 22:48:57,517] INFO [Partition __consumer_offsets-30 broker=3] No checkpointed highwatermark is found for partition __consumer_offsets-30 (kafka.cluster.Partition)
kafka-3-1  | 2026-09-25T22:48:57.518553925Z [2026-09-25 22:48:57,518] INFO [Partition __consumer_offsets-30 broker=3] Log loaded for partition __consumer_offsets-30 with initial high watermark 0 (kafka.cluster.Partition)
kafka-3-1  | 2026-09-25T22:48:57.523924038Z [2026-09-25 22:48:57,523] INFO [LogLoader partition=__consumer_offsets-7, dir=/var/lib/kafka/data] Loading producer state till offset 0 (org.apache.kafka.storage.internals.log.UnifiedLog)
kafka-3-1  | 2026-09-25T22:48:57.524922260Z [2026-09-25 22:48:57,524] INFO Created log for partition __consumer_offsets-7 in /var/lib/kafka/data/__consumer_offsets-7 with properties {cleanup.policy=compact, compression.type="producer", segment.bytes=104857600} (kafka.log.LogManager)
kafka-3-1  | 2026-09-25T22:48:57.525475943Z [2026-09-25 22:48:57,525] INFO [Partition __consumer_offsets-7 broker=3] No checkpointed highwatermark is found for partition __consumer_offsets-7 (kafka.cluster.Partition)
kafka-3-1  | 2026-09-25T22:48:57.526140512Z [2026-09-25 22:48:57,525] INFO [Partition __consumer_offsets-7 broker=3] Log loaded for partition __consumer_offsets-7 with initial high watermark 0 (kafka.cluster.Partition)
kafka-3-1  | 2026-09-25T22:48:57.535952195Z [2026-09-25 22:48:57,535] INFO [LogLoader partition=__consumer_offsets-40, dir=/var/lib/kafka/data] Loading producer state till offset 0 (org.apache.kafka.storage.internals.log.UnifiedLog)
kafka-3-1  | 2026-09-25T22:48:57.537537437Z [2026-09-25 22:48:57,537] INFO Created log for partition __consumer_offsets-40 in /var/lib/kafka/data/__consumer_offsets-40 with properties {cleanup.policy=compact, compression.type="producer", segment.bytes=104857600} (kafka.log.LogManager)
kafka-3-1  | 2026-09-25T22:48:57.537978829Z [2026-09-25 22:48:57,537] INFO [Partition __consumer_offsets-40 broker=3] No checkpointed highwatermark is found for partition __consumer_offsets-40 (kafka.cluster.Partition)
kafka-3-1  | 2026-09-25T22:48:57.538304958Z [2026-09-25 22:48:57,538] INFO [Partition __consumer_offsets-40 broker=3] Log loaded for partition __consumer_offsets-40 with initial high watermark 0 (kafka.cluster.Partition)
kafka-3-1  | 2026-09-25T22:48:57.551259777Z [2026-09-25 22:48:57,550] INFO [LogLoader partition=__consumer_offsets-3, dir=/var/lib/kafka/data] Loading producer state till offset 0 (org.apache.kafka.storage.internals.log.UnifiedLog)
kafka-3-1  | 2026-09-25T22:48:57.554384447Z [2026-09-25 22:48:57,553] INFO Created log for partition __consumer_offsets-3 in /var/lib/kafka/data/__consumer_offsets-3 with properties {cleanup.policy=compact, compression.type="producer", segment.bytes=104857600} (kafka.log.LogManager)
kafka-3-1  | 2026-09-25T22:48:57.555659097Z [2026-09-25 22:48:57,554] INFO [Partition __consumer_offsets-3 broker=3] No checkpointed highwatermark is found for partition __consumer_offsets-3 (kafka.cluster.Partition)
kafka-3-1  | 2026-09-25T22:48:57.556461058Z [2026-09-25 22:48:57,555] INFO [Partition __consumer_offsets-3 broker=3] Log loaded for partition __consumer_offsets-3 with initial high watermark 0 (kafka.cluster.Partition)
kafka-3-1  | 2026-09-25T22:48:57.566466832Z [2026-09-25 22:48:57,565] INFO [LogLoader partition=__consumer_offsets-36, dir=/var/lib/kafka/data] Loading producer state till offset 0 (org.apache.kafka.storage.internals.log.UnifiedLog)
kafka-3-1  | 2026-09-25T22:48:57.568594364Z [2026-09-25 22:48:57,567] INFO Created log for partition __consumer_offsets-36 in /var/lib/kafka/data/__consumer_offsets-36 with properties {cleanup.policy=compact, compression.type="producer", segment.bytes=104857600} (kafka.log.LogManager)
kafka-3-1  | 2026-09-25T22:48:57.569109255Z [2026-09-25 22:48:57,568] INFO [Partition __consumer_offsets-36 broker=3] No checkpointed highwatermark is found for partition __consumer_offsets-36 (kafka.cluster.Partition)
kafka-3-1  | 2026-09-25T22:48:57.569880704Z [2026-09-25 22:48:57,569] INFO [Partition __consumer_offsets-36 broker=3] Log loaded for partition __consumer_offsets-36 with initial high watermark 0 (kafka.cluster.Partition)
kafka-3-1  | 2026-09-25T22:48:57.581658463Z [2026-09-25 22:48:57,581] INFO [LogLoader partition=__consumer_offsets-1, dir=/var/lib/kafka/data] Loading producer state till offset 0 (org.apache.kafka.storage.internals.log.UnifiedLog)
kafka-3-1  | 2026-09-25T22:48:57.583029113Z [2026-09-25 22:48:57,582] INFO Created log for partition __consumer_offsets-1 in /var/lib/kafka/data/__consumer_offsets-1 with properties {cleanup.policy=compact, compression.type="producer", segment.bytes=104857600} (kafka.log.LogManager)
kafka-3-1  | 2026-09-25T22:48:57.585679810Z [2026-09-25 22:48:57,585] INFO [Partition __consumer_offsets-1 broker=3] No checkpointed highwatermark is found for partition __consumer_offsets-1 (kafka.cluster.Partition)
kafka-3-1  | 2026-09-25T22:48:57.586367319Z [2026-09-25 22:48:57,586] INFO [Partition __consumer_offsets-1 broker=3] Log loaded for partition __consumer_offsets-1 with initial high watermark 0 (kafka.cluster.Partition)
kafka-3-1  | 2026-09-25T22:48:57.600144946Z [2026-09-25 22:48:57,599] INFO [LogLoader partition=__consumer_offsets-34, dir=/var/lib/kafka/data] Loading producer state till offset 0 (org.apache.kafka.storage.internals.log.UnifiedLog)
kafka-3-1  | 2026-09-25T22:48:57.602755064Z [2026-09-25 22:48:57,601] INFO Created log for partition __consumer_offsets-34 in /var/lib/kafka/data/__consumer_offsets-34 with properties {cleanup.policy=compact, compression.type="producer", segment.bytes=104857600} (kafka.log.LogManager)
kafka-3-1  | 2026-09-25T22:48:57.602789296Z [2026-09-25 22:48:57,602] INFO [Partition __consumer_offsets-34 broker=3] No checkpointed highwatermark is found for partition __consumer_offsets-34 (kafka.cluster.Partition)
kafka-3-1  | 2026-09-25T22:48:57.603121081Z [2026-09-25 22:48:57,602] INFO [Partition __consumer_offsets-34 broker=3] Log loaded for partition __consumer_offsets-34 with initial high watermark 0 (kafka.cluster.Partition)
kafka-3-1  | 2026-09-25T22:48:57.617443682Z [2026-09-25 22:48:57,616] INFO [LogLoader partition=__consumer_offsets-47, dir=/var/lib/kafka/data] Loading producer state till offset 0 (org.apache.kafka.storage.internals.log.UnifiedLog)
kafka-3-1  | 2026-09-25T22:48:57.618736842Z [2026-09-25 22:48:57,618] INFO Created log for partition __consumer_offsets-47 in /var/lib/kafka/data/__consumer_offsets-47 with properties {cleanup.policy=compact, compression.type="producer", segment.bytes=104857600} (kafka.log.LogManager)
kafka-3-1  | 2026-09-25T22:48:57.619291867Z [2026-09-25 22:48:57,618] INFO [Partition __consumer_offsets-47 broker=3] No checkpointed highwatermark is found for partition __consumer_offsets-47 (kafka.cluster.Partition)
kafka-3-1  | 2026-09-25T22:48:57.620437722Z [2026-09-25 22:48:57,619] INFO [Partition __consumer_offsets-47 broker=3] Log loaded for partition __consumer_offsets-47 with initial high watermark 0 (kafka.cluster.Partition)
kafka-3-1  | 2026-09-25T22:48:57.630454694Z [2026-09-25 22:48:57,630] INFO [LogLoader partition=__consumer_offsets-16, dir=/var/lib/kafka/data] Loading producer state till offset 0 (org.apache.kafka.storage.internals.log.UnifiedLog)
kafka-3-1  | 2026-09-25T22:48:57.632516937Z [2026-09-25 22:48:57,631] INFO Created log for partition __consumer_offsets-16 in /var/lib/kafka/data/__consumer_offsets-16 with properties {cleanup.policy=compact, compression.type="producer", segment.bytes=104857600} (kafka.log.LogManager)
kafka-3-1  | 2026-09-25T22:48:57.632930542Z [2026-09-25 22:48:57,631] INFO [Partition __consumer_offsets-16 broker=3] No checkpointed highwatermark is found for partition __consumer_offsets-16 (kafka.cluster.Partition)
kafka-3-1  | 2026-09-25T22:48:57.634232116Z [2026-09-25 22:48:57,632] INFO [Partition __consumer_offsets-16 broker=3] Log loaded for partition __consumer_offsets-16 with initial high watermark 0 (kafka.cluster.Partition)
kafka-3-1  | 2026-09-25T22:48:57.660235339Z [2026-09-25 22:48:57,659] INFO [LogLoader partition=__consumer_offsets-43, dir=/var/lib/kafka/data] Loading producer state till offset 0 (org.apache.kafka.storage.internals.log.UnifiedLog)
kafka-3-1  | 2026-09-25T22:48:57.661754977Z [2026-09-25 22:48:57,661] INFO Created log for partition __consumer_offsets-43 in /var/lib/kafka/data/__consumer_offsets-43 with properties {cleanup.policy=compact, compression.type="producer", segment.bytes=104857600} (kafka.log.LogManager)
kafka-3-1  | 2026-09-25T22:48:57.663289614Z [2026-09-25 22:48:57,662] INFO [Partition __consumer_offsets-43 broker=3] No checkpointed highwatermark is found for partition __consumer_offsets-43 (kafka.cluster.Partition)
kafka-3-1  | 2026-09-25T22:48:57.663350554Z [2026-09-25 22:48:57,663] INFO [Partition __consumer_offsets-43 broker=3] Log loaded for partition __consumer_offsets-43 with initial high watermark 0 (kafka.cluster.Partition)
kafka-3-1  | 2026-09-25T22:48:57.673581073Z [2026-09-25 22:48:57,673] INFO [LogLoader partition=__consumer_offsets-12, dir=/var/lib/kafka/data] Loading producer state till offset 0 (org.apache.kafka.storage.internals.log.UnifiedLog)
kafka-3-1  | 2026-09-25T22:48:57.676312748Z [2026-09-25 22:48:57,675] INFO Created log for partition __consumer_offsets-12 in /var/lib/kafka/data/__consumer_offsets-12 with properties {cleanup.policy=compact, compression.type="producer", segment.bytes=104857600} (kafka.log.LogManager)
kafka-3-1  | 2026-09-25T22:48:57.676806119Z [2026-09-25 22:48:57,676] INFO [Partition __consumer_offsets-12 broker=3] No checkpointed highwatermark is found for partition __consumer_offsets-12 (kafka.cluster.Partition)
kafka-3-1  | 2026-09-25T22:48:57.676811140Z [2026-09-25 22:48:57,676] INFO [Partition __consumer_offsets-12 broker=3] Log loaded for partition __consumer_offsets-12 with initial high watermark 0 (kafka.cluster.Partition)
kafka-3-1  | 2026-09-25T22:48:57.683360536Z [2026-09-25 22:48:57,682] INFO [LogLoader partition=__consumer_offsets-41, dir=/var/lib/kafka/data] Loading producer state till offset 0 (org.apache.kafka.storage.internals.log.UnifiedLog)
kafka-3-1  | 2026-09-25T22:48:57.685410159Z [2026-09-25 22:48:57,684] INFO Created log for partition __consumer_offsets-41 in /var/lib/kafka/data/__consumer_offsets-41 with properties {cleanup.policy=compact, compression.type="producer", segment.bytes=104857600} (kafka.log.LogManager)
kafka-3-1  | 2026-09-25T22:48:57.685443280Z [2026-09-25 22:48:57,684] INFO [Partition __consumer_offsets-41 broker=3] No checkpointed highwatermark is found for partition __consumer_offsets-41 (kafka.cluster.Partition)
kafka-3-1  | 2026-09-25T22:48:57.685447658Z [2026-09-25 22:48:57,684] INFO [Partition __consumer_offsets-41 broker=3] Log loaded for partition __consumer_offsets-41 with initial high watermark 0 (kafka.cluster.Partition)
kafka-3-1  | 2026-09-25T22:48:57.697777183Z [2026-09-25 22:48:57,697] INFO [LogLoader partition=__consumer_offsets-24, dir=/var/lib/kafka/data] Loading producer state till offset 0 (org.apache.kafka.storage.internals.log.UnifiedLog)
kafka-3-1  | 2026-09-25T22:48:57.699405951Z [2026-09-25 22:48:57,698] INFO Created log for partition __consumer_offsets-24 in /var/lib/kafka/data/__consumer_offsets-24 with properties {cleanup.policy=compact, compression.type="producer", segment.bytes=104857600} (kafka.log.LogManager)
kafka-3-1  | 2026-09-25T22:48:57.699702331Z [2026-09-25 22:48:57,699] INFO [Partition __consumer_offsets-24 broker=3] No checkpointed highwatermark is found for partition __consumer_offsets-24 (kafka.cluster.Partition)
kafka-3-1  | 2026-09-25T22:48:57.700273905Z [2026-09-25 22:48:57,699] INFO [Partition __consumer_offsets-24 broker=3] Log loaded for partition __consumer_offsets-24 with initial high watermark 0 (kafka.cluster.Partition)
kafka-3-1  | 2026-09-25T22:48:57.711651680Z [2026-09-25 22:48:57,711] INFO [LogLoader partition=__consumer_offsets-20, dir=/var/lib/kafka/data] Loading producer state till offset 0 (org.apache.kafka.storage.internals.log.UnifiedLog)
kafka-3-1  | 2026-09-25T22:48:57.714435525Z [2026-09-25 22:48:57,713] INFO Created log for partition __consumer_offsets-20 in /var/lib/kafka/data/__consumer_offsets-20 with properties {cleanup.policy=compact, compression.type="producer", segment.bytes=104857600} (kafka.log.LogManager)
kafka-3-1  | 2026-09-25T22:48:57.714628014Z [2026-09-25 22:48:57,714] INFO [Partition __consumer_offsets-20 broker=3] No checkpointed highwatermark is found for partition __consumer_offsets-20 (kafka.cluster.Partition)
kafka-3-1  | 2026-09-25T22:48:57.715411117Z [2026-09-25 22:48:57,714] INFO [Partition __consumer_offsets-20 broker=3] Log loaded for partition __consumer_offsets-20 with initial high watermark 0 (kafka.cluster.Partition)
kafka-3-1  | 2026-09-25T22:48:57.722722958Z [2026-09-25 22:48:57,722] INFO [LogLoader partition=__consumer_offsets-18, dir=/var/lib/kafka/data] Loading producer state till offset 0 (org.apache.kafka.storage.internals.log.UnifiedLog)
kafka-3-1  | 2026-09-25T22:48:57.724269434Z [2026-09-25 22:48:57,723] INFO Created log for partition __consumer_offsets-18 in /var/lib/kafka/data/__consumer_offsets-18 with properties {cleanup.policy=compact, compression.type="producer", segment.bytes=104857600} (kafka.log.LogManager)
kafka-3-1  | 2026-09-25T22:48:57.724797801Z [2026-09-25 22:48:57,724] INFO [Partition __consumer_offsets-18 broker=3] No checkpointed highwatermark is found for partition __consumer_offsets-18 (kafka.cluster.Partition)
kafka-3-1  | 2026-09-25T22:48:57.725119296Z [2026-09-25 22:48:57,724] INFO [Partition __consumer_offsets-18 broker=3] Log loaded for partition __consumer_offsets-18 with initial high watermark 0 (kafka.cluster.Partition)
kafka-3-1  | 2026-09-25T22:48:57.729918592Z [2026-09-25 22:48:57,729] INFO [LogLoader partition=__consumer_offsets-31, dir=/var/lib/kafka/data] Loading producer state till offset 0 (org.apache.kafka.storage.internals.log.UnifiedLog)
kafka-3-1  | 2026-09-25T22:48:57.730766135Z [2026-09-25 22:48:57,730] INFO Created log for partition __consumer_offsets-31 in /var/lib/kafka/data/__consumer_offsets-31 with properties {cleanup.policy=compact, compression.type="producer", segment.bytes=104857600} (kafka.log.LogManager)
kafka-3-1  | 2026-09-25T22:48:57.730796019Z [2026-09-25 22:48:57,730] INFO [Partition __consumer_offsets-31 broker=3] No checkpointed highwatermark is found for partition __consumer_offsets-31 (kafka.cluster.Partition)
kafka-3-1  | 2026-09-25T22:48:57.731012969Z [2026-09-25 22:48:57,730] INFO [Partition __consumer_offsets-31 broker=3] Log loaded for partition __consumer_offsets-31 with initial high watermark 0 (kafka.cluster.Partition)
kafka-3-1  | 2026-09-25T22:48:57.739287478Z [2026-09-25 22:48:57,738] INFO [LogLoader partition=__consumer_offsets-0, dir=/var/lib/kafka/data] Loading producer state till offset 0 (org.apache.kafka.storage.internals.log.UnifiedLog)
kafka-3-1  | 2026-09-25T22:48:57.741513032Z [2026-09-25 22:48:57,740] INFO Created log for partition __consumer_offsets-0 in /var/lib/kafka/data/__consumer_offsets-0 with properties {cleanup.policy=compact, compression.type="producer", segment.bytes=104857600} (kafka.log.LogManager)
kafka-3-1  | 2026-09-25T22:48:57.742610536Z [2026-09-25 22:48:57,742] INFO [Partition __consumer_offsets-0 broker=3] No checkpointed highwatermark is found for partition __consumer_offsets-0 (kafka.cluster.Partition)
kafka-3-1  | 2026-09-25T22:48:57.742920954Z [2026-09-25 22:48:57,742] INFO [Partition __consumer_offsets-0 broker=3] Log loaded for partition __consumer_offsets-0 with initial high watermark 0 (kafka.cluster.Partition)
kafka-3-1  | 2026-09-25T22:48:57.747598528Z [2026-09-25 22:48:57,747] INFO [LogLoader partition=__consumer_offsets-29, dir=/var/lib/kafka/data] Loading producer state till offset 0 (org.apache.kafka.storage.internals.log.UnifiedLog)
kafka-3-1  | 2026-09-25T22:48:57.749786898Z [2026-09-25 22:48:57,749] INFO Created log for partition __consumer_offsets-29 in /var/lib/kafka/data/__consumer_offsets-29 with properties {cleanup.policy=compact, compression.type="producer", segment.bytes=104857600} (kafka.log.LogManager)
kafka-3-1  | 2026-09-25T22:48:57.750778419Z [2026-09-25 22:48:57,750] INFO [Partition __consumer_offsets-29 broker=3] No checkpointed highwatermark is found for partition __consumer_offsets-29 (kafka.cluster.Partition)
kafka-3-1  | 2026-09-25T22:48:57.751947292Z [2026-09-25 22:48:57,751] INFO [Partition __consumer_offsets-29 broker=3] Log loaded for partition __consumer_offsets-29 with initial high watermark 0 (kafka.cluster.Partition)
kafka-3-1  | 2026-09-25T22:48:57.760512315Z [2026-09-25 22:48:57,760] INFO [LogLoader partition=__consumer_offsets-27, dir=/var/lib/kafka/data] Loading producer state till offset 0 (org.apache.kafka.storage.internals.log.UnifiedLog)
kafka-3-1  | 2026-09-25T22:48:57.765186243Z [2026-09-25 22:48:57,763] INFO Created log for partition __consumer_offsets-27 in /var/lib/kafka/data/__consumer_offsets-27 with properties {cleanup.policy=compact, compression.type="producer", segment.bytes=104857600} (kafka.log.LogManager)
kafka-3-1  | 2026-09-25T22:48:57.765253338Z [2026-09-25 22:48:57,764] INFO [Partition __consumer_offsets-27 broker=3] No checkpointed highwatermark is found for partition __consumer_offsets-27 (kafka.cluster.Partition)
kafka-3-1  | 2026-09-25T22:48:57.766503866Z [2026-09-25 22:48:57,765] INFO [Partition __consumer_offsets-27 broker=3] Log loaded for partition __consumer_offsets-27 with initial high watermark 0 (kafka.cluster.Partition)
kafka-3-1  | 2026-09-25T22:48:57.775919885Z [2026-09-25 22:48:57,775] INFO [LogLoader partition=__consumer_offsets-25, dir=/var/lib/kafka/data] Loading producer state till offset 0 (org.apache.kafka.storage.internals.log.UnifiedLog)
kafka-3-1  | 2026-09-25T22:48:57.778725048Z [2026-09-25 22:48:57,777] INFO Created log for partition __consumer_offsets-25 in /var/lib/kafka/data/__consumer_offsets-25 with properties {cleanup.policy=compact, compression.type="producer", segment.bytes=104857600} (kafka.log.LogManager)
kafka-3-1  | 2026-09-25T22:48:57.778772636Z [2026-09-25 22:48:57,778] INFO [Partition __consumer_offsets-25 broker=3] No checkpointed highwatermark is found for partition __consumer_offsets-25 (kafka.cluster.Partition)
kafka-3-1  | 2026-09-25T22:48:57.778900850Z [2026-09-25 22:48:57,778] INFO [Partition __consumer_offsets-25 broker=3] Log loaded for partition __consumer_offsets-25 with initial high watermark 0 (kafka.cluster.Partition)
kafka-3-1  | 2026-09-25T22:48:57.789875033Z [2026-09-25 22:48:57,789] INFO [LogLoader partition=__consumer_offsets-8, dir=/var/lib/kafka/data] Loading producer state till offset 0 (org.apache.kafka.storage.internals.log.UnifiedLog)
kafka-3-1  | 2026-09-25T22:48:57.791413861Z [2026-09-25 22:48:57,790] INFO Created log for partition __consumer_offsets-8 in /var/lib/kafka/data/__consumer_offsets-8 with properties {cleanup.policy=compact, compression.type="producer", segment.bytes=104857600} (kafka.log.LogManager)
kafka-3-1  | 2026-09-25T22:48:57.791670878Z [2026-09-25 22:48:57,791] INFO [Partition __consumer_offsets-8 broker=3] No checkpointed highwatermark is found for partition __consumer_offsets-8 (kafka.cluster.Partition)
kafka-3-1  | 2026-09-25T22:48:57.792795552Z [2026-09-25 22:48:57,791] INFO [Partition __consumer_offsets-8 broker=3] Log loaded for partition __consumer_offsets-8 with initial high watermark 0 (kafka.cluster.Partition)
kafka-3-1  | 2026-09-25T22:48:57.801196857Z [2026-09-25 22:48:57,800] INFO [LogLoader partition=__consumer_offsets-37, dir=/var/lib/kafka/data] Loading producer state till offset 0 (org.apache.kafka.storage.internals.log.UnifiedLog)
kafka-3-1  | 2026-09-25T22:48:57.802322858Z [2026-09-25 22:48:57,802] INFO Created log for partition __consumer_offsets-37 in /var/lib/kafka/data/__consumer_offsets-37 with properties {cleanup.policy=compact, compression.type="producer", segment.bytes=104857600} (kafka.log.LogManager)
kafka-3-1  | 2026-09-25T22:48:57.803858195Z [2026-09-25 22:48:57,803] INFO [Partition __consumer_offsets-37 broker=3] No checkpointed highwatermark is found for partition __consumer_offsets-37 (kafka.cluster.Partition)
kafka-3-1  | 2026-09-25T22:48:57.804106205Z [2026-09-25 22:48:57,803] INFO [Partition __consumer_offsets-37 broker=3] Log loaded for partition __consumer_offsets-37 with initial high watermark 0 (kafka.cluster.Partition)
kafka-3-1  | 2026-09-25T22:48:57.811829981Z [2026-09-25 22:48:57,811] INFO [LogLoader partition=__consumer_offsets-35, dir=/var/lib/kafka/data] Loading producer state till offset 0 (org.apache.kafka.storage.internals.log.UnifiedLog)
kafka-3-1  | 2026-09-25T22:48:57.813329425Z [2026-09-25 22:48:57,812] INFO Created log for partition __consumer_offsets-35 in /var/lib/kafka/data/__consumer_offsets-35 with properties {cleanup.policy=compact, compression.type="producer", segment.bytes=104857600} (kafka.log.LogManager)
kafka-3-1  | 2026-09-25T22:48:57.814540665Z [2026-09-25 22:48:57,813] INFO [Partition __consumer_offsets-35 broker=3] No checkpointed highwatermark is found for partition __consumer_offsets-35 (kafka.cluster.Partition)
kafka-3-1  | 2026-09-25T22:48:57.815820521Z [2026-09-25 22:48:57,815] INFO [Partition __consumer_offsets-35 broker=3] Log loaded for partition __consumer_offsets-35 with initial high watermark 0 (kafka.cluster.Partition)
kafka-3-1  | 2026-09-25T22:48:57.823985749Z [2026-09-25 22:48:57,823] INFO [LogLoader partition=__consumer_offsets-4, dir=/var/lib/kafka/data] Loading producer state till offset 0 (org.apache.kafka.storage.internals.log.UnifiedLog)
kafka-3-1  | 2026-09-25T22:48:57.825215715Z [2026-09-25 22:48:57,824] INFO Created log for partition __consumer_offsets-4 in /var/lib/kafka/data/__consumer_offsets-4 with properties {cleanup.policy=compact, compression.type="producer", segment.bytes=104857600} (kafka.log.LogManager)
kafka-3-1  | 2026-09-25T22:48:57.825491189Z [2026-09-25 22:48:57,825] INFO [Partition __consumer_offsets-4 broker=3] No checkpointed highwatermark is found for partition __consumer_offsets-4 (kafka.cluster.Partition)
kafka-3-1  | 2026-09-25T22:48:57.825960802Z [2026-09-25 22:48:57,825] INFO [Partition __consumer_offsets-4 broker=3] Log loaded for partition __consumer_offsets-4 with initial high watermark 0 (kafka.cluster.Partition)
kafka-3-1  | 2026-09-25T22:48:57.830295099Z [2026-09-25 22:48:57,829] INFO [ReplicaFetcherManager on broker 3] Removed fetcher for partitions Set(__consumer_offsets-48, __consumer_offsets-13, __consumer_offsets-46, __consumer_offsets-11, __consumer_offsets-44, __consumer_offsets-9, __consumer_offsets-23, __consumer_offsets-21, __consumer_offsets-17, __consumer_offsets-30, __consumer_offsets-7, __consumer_offsets-40, __consumer_offsets-3, __consumer_offsets-36, __consumer_offsets-1, __consumer_offsets-34, __consumer_offsets-47, __consumer_offsets-16, __consumer_offsets-43, __consumer_offsets-12, __consumer_offsets-41, __consumer_offsets-24, __consumer_offsets-20, __consumer_offsets-18, __consumer_offsets-31, __consumer_offsets-0, __consumer_offsets-29, __consumer_offsets-27, __consumer_offsets-25, __consumer_offsets-8, __consumer_offsets-37, __consumer_offsets-35, __consumer_offsets-4) (kafka.server.ReplicaFetcherManager)
kafka-3-1  | 2026-09-25T22:48:57.835140570Z [2026-09-25 22:48:57,833] INFO [ReplicaFetcherManager on broker 3] Added fetcher to broker 2 for partitions HashMap(__consumer_offsets-16 -> InitialFetchState(Some(z0JJoNscSBKv29UaLoZ9NQ),BrokerEndPoint(id=2, host=kafka-2:9092),0,0), __consumer_offsets-13 -> InitialFetchState(Some(z0JJoNscSBKv29UaLoZ9NQ),BrokerEndPoint(id=2, host=kafka-2:9092),0,0), __consumer_offsets-46 -> InitialFetchState(Some(z0JJoNscSBKv29UaLoZ9NQ),BrokerEndPoint(id=2, host=kafka-2:9092),0,0), __consumer_offsets-44 -> InitialFetchState(Some(z0JJoNscSBKv29UaLoZ9NQ),BrokerEndPoint(id=2, host=kafka-2:9092),0,0), __consumer_offsets-41 -> InitialFetchState(Some(z0JJoNscSBKv29UaLoZ9NQ),BrokerEndPoint(id=2, host=kafka-2:9092),0,0), __consumer_offsets-9 -> InitialFetchState(Some(z0JJoNscSBKv29UaLoZ9NQ),BrokerEndPoint(id=2, host=kafka-2:9092),0,0), __consumer_offsets-23 -> InitialFetchState(Some(z0JJoNscSBKv29UaLoZ9NQ),BrokerEndPoint(id=2, host=kafka-2:9092),0,0), __consumer_offsets-20 -> InitialFetchState(Some(z0JJoNscSBKv29UaLoZ9NQ),BrokerEndPoint(id=2, host=kafka-2:9092),0,0), __consumer_offsets-30 -> InitialFetchState(Some(z0JJoNscSBKv29UaLoZ9NQ),BrokerEndPoint(id=2, host=kafka-2:9092),0,0), __consumer_offsets-27 -> InitialFetchState(Some(z0JJoNscSBKv29UaLoZ9NQ),BrokerEndPoint(id=2, host=kafka-2:9092),0,0), __consumer_offsets-25 -> InitialFetchState(Some(z0JJoNscSBKv29UaLoZ9NQ),BrokerEndPoint(id=2, host=kafka-2:9092),0,0), __consumer_offsets-8 -> InitialFetchState(Some(z0JJoNscSBKv29UaLoZ9NQ),BrokerEndPoint(id=2, host=kafka-2:9092),0,0), __consumer_offsets-36 -> InitialFetchState(Some(z0JJoNscSBKv29UaLoZ9NQ),BrokerEndPoint(id=2, host=kafka-2:9092),0,0), __consumer_offsets-4 -> InitialFetchState(Some(z0JJoNscSBKv29UaLoZ9NQ),BrokerEndPoint(id=2, host=kafka-2:9092),0,0), __consumer_offsets-1 -> InitialFetchState(Some(z0JJoNscSBKv29UaLoZ9NQ),BrokerEndPoint(id=2, host=kafka-2:9092),0,0), __consumer_offsets-34 -> InitialFetchState(Some(z0JJoNscSBKv29UaLoZ9NQ),BrokerEndPoint(id=2, host=kafka-2:9092),0,0)) (kafka.server.ReplicaFetcherManager)
kafka-3-1  | 2026-09-25T22:48:57.836394158Z [2026-09-25 22:48:57,835] INFO [ReplicaFetcherManager on broker 3] Added fetcher to broker 1 for partitions HashMap(__consumer_offsets-47 -> InitialFetchState(Some(z0JJoNscSBKv29UaLoZ9NQ),BrokerEndPoint(id=1, host=kafka-1:9092),0,0), __consumer_offsets-48 -> InitialFetchState(Some(z0JJoNscSBKv29UaLoZ9NQ),BrokerEndPoint(id=1, host=kafka-1:9092),0,0), __consumer_offsets-43 -> InitialFetchState(Some(z0JJoNscSBKv29UaLoZ9NQ),BrokerEndPoint(id=1, host=kafka-1:9092),0,0), __consumer_offsets-11 -> InitialFetchState(Some(z0JJoNscSBKv29UaLoZ9NQ),BrokerEndPoint(id=1, host=kafka-1:9092),0,0), __consumer_offsets-12 -> InitialFetchState(Some(z0JJoNscSBKv29UaLoZ9NQ),BrokerEndPoint(id=1, host=kafka-1:9092),0,0), __consumer_offsets-24 -> InitialFetchState(Some(z0JJoNscSBKv29UaLoZ9NQ),BrokerEndPoint(id=1, host=kafka-1:9092),0,0), __consumer_offsets-21 -> InitialFetchState(Some(z0JJoNscSBKv29UaLoZ9NQ),BrokerEndPoint(id=1, host=kafka-1:9092),0,0), __consumer_offsets-17 -> InitialFetchState(Some(z0JJoNscSBKv29UaLoZ9NQ),BrokerEndPoint(id=1, host=kafka-1:9092),0,0), __consumer_offsets-18 -> InitialFetchState(Some(z0JJoNscSBKv29UaLoZ9NQ),BrokerEndPoint(id=1, host=kafka-1:9092),0,0), __consumer_offsets-31 -> InitialFetchState(Some(z0JJoNscSBKv29UaLoZ9NQ),BrokerEndPoint(id=1, host=kafka-1:9092),0,0), __consumer_offsets-0 -> InitialFetchState(Some(z0JJoNscSBKv29UaLoZ9NQ),BrokerEndPoint(id=1, host=kafka-1:9092),0,0), __consumer_offsets-29 -> InitialFetchState(Some(z0JJoNscSBKv29UaLoZ9NQ),BrokerEndPoint(id=1, host=kafka-1:9092),0,0), __consumer_offsets-7 -> InitialFetchState(Some(z0JJoNscSBKv29UaLoZ9NQ),BrokerEndPoint(id=1, host=kafka-1:9092),0,0), __consumer_offsets-40 -> InitialFetchState(Some(z0JJoNscSBKv29UaLoZ9NQ),BrokerEndPoint(id=1, host=kafka-1:9092),0,0), __consumer_offsets-37 -> InitialFetchState(Some(z0JJoNscSBKv29UaLoZ9NQ),BrokerEndPoint(id=1, host=kafka-1:9092),0,0), __consumer_offsets-35 -> InitialFetchState(Some(z0JJoNscSBKv29UaLoZ9NQ),BrokerEndPoint(id=1, host=kafka-1:9092),0,0), __consumer_offsets-3 -> InitialFetchState(Some(z0JJoNscSBKv29UaLoZ9NQ),BrokerEndPoint(id=1, host=kafka-1:9092),0,0)) (kafka.server.ReplicaFetcherManager)
kafka-3-1  | 2026-09-25T22:48:57.840857517Z [2026-09-25 22:48:57,840] INFO [GroupCoordinator id=3] Scheduling loading of metadata from __consumer_offsets-15 with epoch 0 (org.apache.kafka.coordinator.common.runtime.CoordinatorRuntime)
kafka-3-1  | 2026-09-25T22:48:57.842786760Z [2026-09-25 22:48:57,842] INFO [GroupCoordinator id=3] Scheduling loading of metadata from __consumer_offsets-45 with epoch 0 (org.apache.kafka.coordinator.common.runtime.CoordinatorRuntime)
kafka-3-1  | 2026-09-25T22:48:57.843186155Z [2026-09-25 22:48:57,842] INFO [GroupCoordinator id=3] Scheduling loading of metadata from __consumer_offsets-14 with epoch 0 (org.apache.kafka.coordinator.common.runtime.CoordinatorRuntime)
kafka-3-1  | 2026-09-25T22:48:57.843495106Z [2026-09-25 22:48:57,843] INFO [GroupCoordinator id=3] Scheduling loading of metadata from __consumer_offsets-10 with epoch 0 (org.apache.kafka.coordinator.common.runtime.CoordinatorRuntime)
kafka-3-1  | 2026-09-25T22:48:57.843524005Z [2026-09-25 22:48:57,843] INFO [GroupCoordinator id=3] Scheduling loading of metadata from __consumer_offsets-42 with epoch 0 (org.apache.kafka.coordinator.common.runtime.CoordinatorRuntime)
kafka-3-1  | 2026-09-25T22:48:57.843850062Z [2026-09-25 22:48:57,843] INFO [GroupCoordinator id=3] Scheduling loading of metadata from __consumer_offsets-22 with epoch 0 (org.apache.kafka.coordinator.common.runtime.CoordinatorRuntime)
kafka-3-1  | 2026-09-25T22:48:57.844145294Z [2026-09-25 22:48:57,843] INFO [GroupCoordinator id=3] Scheduling loading of metadata from __consumer_offsets-19 with epoch 0 (org.apache.kafka.coordinator.common.runtime.CoordinatorRuntime)
kafka-3-1  | 2026-09-25T22:48:57.844533297Z [2026-09-25 22:48:57,844] INFO [GroupCoordinator id=3] Scheduling loading of metadata from __consumer_offsets-49 with epoch 0 (org.apache.kafka.coordinator.common.runtime.CoordinatorRuntime)
kafka-3-1  | 2026-09-25T22:48:57.844557462Z [2026-09-25 22:48:57,844] INFO [GroupCoordinator id=3] Scheduling loading of metadata from __consumer_offsets-32 with epoch 0 (org.apache.kafka.coordinator.common.runtime.CoordinatorRuntime)
kafka-3-1  | 2026-09-25T22:48:57.845165393Z [2026-09-25 22:48:57,844] INFO [GroupCoordinator id=3] Scheduling loading of metadata from __consumer_offsets-28 with epoch 0 (org.apache.kafka.coordinator.common.runtime.CoordinatorRuntime)
kafka-3-1  | 2026-09-25T22:48:57.845213575Z [2026-09-25 22:48:57,844] INFO [GroupCoordinator id=3] Scheduling loading of metadata from __consumer_offsets-26 with epoch 0 (org.apache.kafka.coordinator.common.runtime.CoordinatorRuntime)
kafka-3-1  | 2026-09-25T22:48:57.845453699Z [2026-09-25 22:48:57,845] INFO [GroupCoordinator id=3] Scheduling loading of metadata from __consumer_offsets-39 with epoch 0 (org.apache.kafka.coordinator.common.runtime.CoordinatorRuntime)
kafka-3-1  | 2026-09-25T22:48:57.845476417Z [2026-09-25 22:48:57,845] INFO [GroupCoordinator id=3] Scheduling loading of metadata from __consumer_offsets-5 with epoch 0 (org.apache.kafka.coordinator.common.runtime.CoordinatorRuntime)
kafka-3-1  | 2026-09-25T22:48:57.846307994Z [2026-09-25 22:48:57,845] INFO [GroupCoordinator id=3] Scheduling loading of metadata from __consumer_offsets-6 with epoch 0 (org.apache.kafka.coordinator.common.runtime.CoordinatorRuntime)
kafka-3-1  | 2026-09-25T22:48:57.846335869Z [2026-09-25 22:48:57,845] INFO [GroupCoordinator id=3] Scheduling loading of metadata from __consumer_offsets-38 with epoch 0 (org.apache.kafka.coordinator.common.runtime.CoordinatorRuntime)
kafka-3-1  | 2026-09-25T22:48:57.846573216Z [2026-09-25 22:48:57,846] INFO [GroupCoordinator id=3] Scheduling loading of metadata from __consumer_offsets-33 with epoch 0 (org.apache.kafka.coordinator.common.runtime.CoordinatorRuntime)
kafka-3-1  | 2026-09-25T22:48:57.846731526Z [2026-09-25 22:48:57,846] INFO [GroupCoordinator id=3] Scheduling loading of metadata from __consumer_offsets-2 with epoch 0 (org.apache.kafka.coordinator.common.runtime.CoordinatorRuntime)
kafka-3-1  | 2026-09-25T22:48:57.847512804Z [2026-09-25 22:48:57,847] INFO [GroupCoordinator id=3] Scheduling unloading of metadata for __consumer_offsets-48 with epoch OptionalInt[0] (org.apache.kafka.coordinator.common.runtime.CoordinatorRuntime)
kafka-3-1  | 2026-09-25T22:48:57.848691727Z [2026-09-25 22:48:57,847] INFO [GroupCoordinator id=3] Scheduling unloading of metadata for __consumer_offsets-13 with epoch OptionalInt[0] (org.apache.kafka.coordinator.common.runtime.CoordinatorRuntime)
kafka-3-1  | 2026-09-25T22:48:57.848721947Z [2026-09-25 22:48:57,848] INFO [GroupCoordinator id=3] Scheduling unloading of metadata for __consumer_offsets-46 with epoch OptionalInt[0] (org.apache.kafka.coordinator.common.runtime.CoordinatorRuntime)
kafka-3-1  | 2026-09-25T22:48:57.848726025Z [2026-09-25 22:48:57,848] INFO [GroupCoordinator id=3] Scheduling unloading of metadata for __consumer_offsets-11 with epoch OptionalInt[0] (org.apache.kafka.coordinator.common.runtime.CoordinatorRuntime)
kafka-3-1  | 2026-09-25T22:48:57.848729499Z [2026-09-25 22:48:57,848] INFO [GroupCoordinator id=3] Scheduling unloading of metadata for __consumer_offsets-44 with epoch OptionalInt[0] (org.apache.kafka.coordinator.common.runtime.CoordinatorRuntime)
kafka-3-1  | 2026-09-25T22:48:57.848732717Z [2026-09-25 22:48:57,848] INFO [GroupCoordinator id=3] Ignored unloading metadata for __consumer_offsets-48 in epoch OptionalInt[0] since metadata was never loaded. (org.apache.kafka.coordinator.common.runtime.CoordinatorRuntime)
kafka-3-1  | 2026-09-25T22:48:57.848735589Z [2026-09-25 22:48:57,848] INFO [GroupCoordinator id=3] Ignored unloading metadata for __consumer_offsets-13 in epoch OptionalInt[0] since metadata was never loaded. (org.apache.kafka.coordinator.common.runtime.CoordinatorRuntime)
kafka-3-1  | 2026-09-25T22:48:57.849072254Z [2026-09-25 22:48:57,848] INFO [GroupCoordinator id=3] Scheduling unloading of metadata for __consumer_offsets-9 with epoch OptionalInt[0] (org.apache.kafka.coordinator.common.runtime.CoordinatorRuntime)
kafka-3-1  | 2026-09-25T22:48:57.849121341Z [2026-09-25 22:48:57,848] INFO [GroupCoordinator id=3] Ignored unloading metadata for __consumer_offsets-46 in epoch OptionalInt[0] since metadata was never loaded. (org.apache.kafka.coordinator.common.runtime.CoordinatorRuntime)
kafka-3-1  | 2026-09-25T22:48:57.849291675Z [2026-09-25 22:48:57,849] INFO [GroupCoordinator id=3] Scheduling unloading of metadata for __consumer_offsets-23 with epoch OptionalInt[0] (org.apache.kafka.coordinator.common.runtime.CoordinatorRuntime)
kafka-3-1  | 2026-09-25T22:48:57.849648568Z [2026-09-25 22:48:57,849] INFO [GroupCoordinator id=3] Scheduling unloading of metadata for __consumer_offsets-21 with epoch OptionalInt[0] (org.apache.kafka.coordinator.common.runtime.CoordinatorRuntime)
kafka-3-1  | 2026-09-25T22:48:57.849672644Z [2026-09-25 22:48:57,849] INFO [GroupCoordinator id=3] Ignored unloading metadata for __consumer_offsets-9 in epoch OptionalInt[0] since metadata was never loaded. (org.apache.kafka.coordinator.common.runtime.CoordinatorRuntime)
kafka-3-1  | 2026-09-25T22:48:57.849804118Z [2026-09-25 22:48:57,849] INFO [GroupCoordinator id=3] Ignored unloading metadata for __consumer_offsets-11 in epoch OptionalInt[0] since metadata was never loaded. (org.apache.kafka.coordinator.common.runtime.CoordinatorRuntime)
kafka-3-1  | 2026-09-25T22:48:57.849826559Z [2026-09-25 22:48:57,849] INFO [GroupCoordinator id=3] Scheduling unloading of metadata for __consumer_offsets-17 with epoch OptionalInt[0] (org.apache.kafka.coordinator.common.runtime.CoordinatorRuntime)
kafka-3-1  | 2026-09-25T22:48:57.849834126Z [2026-09-25 22:48:57,849] INFO [GroupCoordinator id=3] Ignored unloading metadata for __consumer_offsets-21 in epoch OptionalInt[0] since metadata was never loaded. (org.apache.kafka.coordinator.common.runtime.CoordinatorRuntime)
kafka-3-1  | 2026-09-25T22:48:57.850777244Z [2026-09-25 22:48:57,849] INFO [GroupCoordinator id=3] Ignored unloading metadata for __consumer_offsets-44 in epoch OptionalInt[0] since metadata was never loaded. (org.apache.kafka.coordinator.common.runtime.CoordinatorRuntime)
kafka-3-1  | 2026-09-25T22:48:57.851009124Z [2026-09-25 22:48:57,850] INFO [GroupCoordinator id=3] Scheduling unloading of metadata for __consumer_offsets-30 with epoch OptionalInt[0] (org.apache.kafka.coordinator.common.runtime.CoordinatorRuntime)
kafka-3-1  | 2026-09-25T22:48:57.851033553Z [2026-09-25 22:48:57,850] INFO [GroupCoordinator id=3] Ignored unloading metadata for __consumer_offsets-17 in epoch OptionalInt[0] since metadata was never loaded. (org.apache.kafka.coordinator.common.runtime.CoordinatorRuntime)
kafka-3-1  | 2026-09-25T22:48:57.851041096Z [2026-09-25 22:48:57,849] INFO [GroupCoordinator id=3] Ignored unloading metadata for __consumer_offsets-23 in epoch OptionalInt[0] since metadata was never loaded. (org.apache.kafka.coordinator.common.runtime.CoordinatorRuntime)
kafka-3-1  | 2026-09-25T22:48:57.852319713Z [2026-09-25 22:48:57,851] INFO [GroupCoordinator id=3] Scheduling unloading of metadata for __consumer_offsets-7 with epoch OptionalInt[0] (org.apache.kafka.coordinator.common.runtime.CoordinatorRuntime)
kafka-3-1  | 2026-09-25T22:48:57.852550772Z [2026-09-25 22:48:57,852] INFO [GroupCoordinator id=3] Scheduling unloading of metadata for __consumer_offsets-40 with epoch OptionalInt[0] (org.apache.kafka.coordinator.common.runtime.CoordinatorRuntime)
kafka-3-1  | 2026-09-25T22:48:57.852808587Z [2026-09-25 22:48:57,852] INFO [GroupCoordinator id=3] Scheduling unloading of metadata for __consumer_offsets-3 with epoch OptionalInt[0] (org.apache.kafka.coordinator.common.runtime.CoordinatorRuntime)
kafka-3-1  | 2026-09-25T22:48:57.853756374Z [2026-09-25 22:48:57,853] INFO [GroupCoordinator id=3] Scheduling unloading of metadata for __consumer_offsets-36 with epoch OptionalInt[0] (org.apache.kafka.coordinator.common.runtime.CoordinatorRuntime)
kafka-3-1  | 2026-09-25T22:48:57.853786692Z [2026-09-25 22:48:57,853] INFO [GroupCoordinator id=3] Finished loading of metadata from __consumer_offsets-42 with epoch 0 in 1ms where 1ms was spent in the scheduler. Loaded 0 records which total to 0 bytes. (org.apache.kafka.coordinator.common.runtime.CoordinatorRuntime)
kafka-3-1  | 2026-09-25T22:48:57.853795547Z [2026-09-25 22:48:57,853] INFO [GroupCoordinator id=3] Finished loading of metadata from __consumer_offsets-39 with epoch 0 in 2ms where 2ms was spent in the scheduler. Loaded 0 records which total to 0 bytes. (org.apache.kafka.coordinator.common.runtime.CoordinatorRuntime)
kafka-3-1  | 2026-09-25T22:48:57.853801385Z [2026-09-25 22:48:57,853] INFO [GroupCoordinator id=3] Finished loading of metadata from __consumer_offsets-33 with epoch 0 in 2ms where 2ms was spent in the scheduler. Loaded 0 records which total to 0 bytes. (org.apache.kafka.coordinator.common.runtime.CoordinatorRuntime)
kafka-3-1  | 2026-09-25T22:48:57.853806451Z [2026-09-25 22:48:57,853] INFO [GroupCoordinator id=3] Finished loading of metadata from __consumer_offsets-45 with epoch 0 in 4ms where 2ms was spent in the scheduler. Loaded 0 records which total to 0 bytes. (org.apache.kafka.coordinator.common.runtime.CoordinatorRuntime)
kafka-3-1  | 2026-09-25T22:48:57.853811327Z [2026-09-25 22:48:57,853] INFO [GroupCoordinator id=3] Scheduling unloading of metadata for __consumer_offsets-1 with epoch OptionalInt[0] (org.apache.kafka.coordinator.common.runtime.CoordinatorRuntime)
kafka-3-1  | 2026-09-25T22:48:57.854375779Z [2026-09-25 22:48:57,853] INFO [GroupCoordinator id=3] Finished loading of metadata from __consumer_offsets-28 with epoch 0 in 2ms where 2ms was spent in the scheduler. Loaded 0 records which total to 0 bytes. (org.apache.kafka.coordinator.common.runtime.CoordinatorRuntime)
kafka-3-1  | 2026-09-25T22:48:57.854404166Z [2026-09-25 22:48:57,854] INFO [GroupCoordinator id=3] Ignored unloading metadata for __consumer_offsets-30 in epoch OptionalInt[0] since metadata was never loaded. (org.apache.kafka.coordinator.common.runtime.CoordinatorRuntime)
kafka-3-1  | 2026-09-25T22:48:57.854411368Z [2026-09-25 22:48:57,854] INFO [GroupCoordinator id=3] Finished loading of metadata from __consumer_offsets-15 with epoch 0 in 5ms where 5ms was spent in the scheduler. Loaded 0 records which total to 0 bytes. (org.apache.kafka.coordinator.common.runtime.CoordinatorRuntime)
kafka-3-1  | 2026-09-25T22:48:57.854417283Z [2026-09-25 22:48:57,854] INFO [GroupCoordinator id=3] Finished loading of metadata from __consumer_offsets-26 with epoch 0 in 2ms where 2ms was spent in the scheduler. Loaded 0 records which total to 0 bytes. (org.apache.kafka.coordinator.common.runtime.CoordinatorRuntime)
kafka-3-1  | 2026-09-25T22:48:57.854434825Z [2026-09-25 22:48:57,854] INFO [GroupCoordinator id=3] Ignored unloading metadata for __consumer_offsets-40 in epoch OptionalInt[0] since metadata was never loaded. (org.apache.kafka.coordinator.common.runtime.CoordinatorRuntime)
kafka-3-1  | 2026-09-25T22:48:57.854838923Z [2026-09-25 22:48:57,854] INFO [GroupCoordinator id=3] Finished loading of metadata from __consumer_offsets-49 with epoch 0 in 3ms where 3ms was spent in the scheduler. Loaded 0 records which total to 0 bytes. (org.apache.kafka.coordinator.common.runtime.CoordinatorRuntime)
kafka-3-1  | 2026-09-25T22:48:57.854865862Z [2026-09-25 22:48:57,854] INFO [GroupCoordinator id=3] Finished loading of metadata from __consumer_offsets-32 with epoch 0 in 2ms where 2ms was spent in the scheduler. Loaded 0 records which total to 0 bytes. (org.apache.kafka.coordinator.common.runtime.CoordinatorRuntime)
kafka-3-1  | 2026-09-25T22:48:57.854888423Z [2026-09-25 22:48:57,854] INFO [GroupCoordinator id=3] Finished loading of metadata from __consumer_offsets-38 with epoch 0 in 2ms where 2ms was spent in the scheduler. Loaded 0 records which total to 0 bytes. (org.apache.kafka.coordinator.common.runtime.CoordinatorRuntime)
kafka-3-1  | 2026-09-25T22:48:57.854991280Z [2026-09-25 22:48:57,854] INFO [GroupCoordinator id=3] Finished loading of metadata from __consumer_offsets-14 with epoch 0 in 5ms where 5ms was spent in the scheduler. Loaded 0 records which total to 0 bytes. (org.apache.kafka.coordinator.common.runtime.CoordinatorRuntime)
kafka-3-1  | 2026-09-25T22:48:57.855008432Z [2026-09-25 22:48:57,854] INFO [GroupCoordinator id=3] Finished loading of metadata from __consumer_offsets-6 with epoch 0 in 1ms where 1ms was spent in the scheduler. Loaded 0 records which total to 0 bytes. (org.apache.kafka.coordinator.common.runtime.CoordinatorRuntime)
kafka-3-1  | 2026-09-25T22:48:57.855064408Z [2026-09-25 22:48:57,854] INFO [GroupCoordinator id=3] Finished loading of metadata from __consumer_offsets-22 with epoch 0 in 1ms where 1ms was spent in the scheduler. Loaded 0 records which total to 0 bytes. (org.apache.kafka.coordinator.common.runtime.CoordinatorRuntime)
kafka-3-1  | 2026-09-25T22:48:57.855306616Z [2026-09-25 22:48:57,855] INFO [GroupCoordinator id=3] Ignored unloading metadata for __consumer_offsets-1 in epoch OptionalInt[0] since metadata was never loaded. (org.apache.kafka.coordinator.common.runtime.CoordinatorRuntime)
kafka-3-1  | 2026-09-25T22:48:57.855330491Z [2026-09-25 22:48:57,854] INFO [GroupCoordinator id=3] Scheduling unloading of metadata for __consumer_offsets-34 with epoch OptionalInt[0] (org.apache.kafka.coordinator.common.runtime.CoordinatorRuntime)
kafka-3-1  | 2026-09-25T22:48:57.855494282Z [2026-09-25 22:48:57,855] INFO [GroupCoordinator id=3] Finished loading of metadata from __consumer_offsets-2 with epoch 0 in 1ms where 1ms was spent in the scheduler. Loaded 0 records which total to 0 bytes. (org.apache.kafka.coordinator.common.runtime.CoordinatorRuntime)
kafka-3-1  | 2026-09-25T22:48:57.855519620Z [2026-09-25 22:48:57,855] INFO [GroupCoordinator id=3] Scheduling unloading of metadata for __consumer_offsets-47 with epoch OptionalInt[0] (org.apache.kafka.coordinator.common.runtime.CoordinatorRuntime)
kafka-3-1  | 2026-09-25T22:48:57.855527042Z [2026-09-25 22:48:57,855] INFO [GroupCoordinator id=3] Scheduling unloading of metadata for __consumer_offsets-16 with epoch OptionalInt[0] (org.apache.kafka.coordinator.common.runtime.CoordinatorRuntime)
kafka-3-1  | 2026-09-25T22:48:57.855532170Z [2026-09-25 22:48:57,855] INFO [GroupCoordinator id=3] Finished loading of metadata from __consumer_offsets-10 with epoch 0 in 5ms where 4ms was spent in the scheduler. Loaded 0 records which total to 0 bytes. (org.apache.kafka.coordinator.common.runtime.CoordinatorRuntime)
kafka-3-1  | 2026-09-25T22:48:57.860925014Z [2026-09-25 22:48:57,854] INFO [GroupCoordinator id=3] Ignored unloading metadata for __consumer_offsets-3 in epoch OptionalInt[0] since metadata was never loaded. (org.apache.kafka.coordinator.common.runtime.CoordinatorRuntime)
kafka-3-1  | 2026-09-25T22:48:57.860954871Z [2026-09-25 22:48:57,855] INFO [GroupCoordinator id=3] Ignored unloading metadata for __consumer_offsets-47 in epoch OptionalInt[0] since metadata was never loaded. (org.apache.kafka.coordinator.common.runtime.CoordinatorRuntime)
kafka-3-1  | 2026-09-25T22:48:57.860959091Z [2026-09-25 22:48:57,855] INFO [GroupCoordinator id=3] Scheduling unloading of metadata for __consumer_offsets-43 with epoch OptionalInt[0] (org.apache.kafka.coordinator.common.runtime.CoordinatorRuntime)
kafka-3-1  | 2026-09-25T22:48:57.860989930Z [2026-09-25 22:48:57,855] INFO [GroupCoordinator id=3] Ignored unloading metadata for __consumer_offsets-16 in epoch OptionalInt[0] since metadata was never loaded. (org.apache.kafka.coordinator.common.runtime.CoordinatorRuntime)
kafka-3-1  | 2026-09-25T22:48:57.860994338Z [2026-09-25 22:48:57,855] INFO [GroupCoordinator id=3] Ignored unloading metadata for __consumer_offsets-7 in epoch OptionalInt[0] since metadata was never loaded. (org.apache.kafka.coordinator.common.runtime.CoordinatorRuntime)
kafka-3-1  | 2026-09-25T22:48:57.860997908Z [2026-09-25 22:48:57,855] INFO [GroupCoordinator id=3] Finished loading of metadata from __consumer_offsets-5 with epoch 0 in 2ms where 2ms was spent in the scheduler. Loaded 0 records which total to 0 bytes. (org.apache.kafka.coordinator.common.runtime.CoordinatorRuntime)
kafka-3-1  | 2026-09-25T22:48:57.861001658Z [2026-09-25 22:48:57,855] INFO [GroupCoordinator id=3] Ignored unloading metadata for __consumer_offsets-34 in epoch OptionalInt[0] since metadata was never loaded. (org.apache.kafka.coordinator.common.runtime.CoordinatorRuntime)
kafka-3-1  | 2026-09-25T22:48:57.861164077Z [2026-09-25 22:48:57,855] INFO [GroupCoordinator id=3] Ignored unloading metadata for __consumer_offsets-36 in epoch OptionalInt[0] since metadata was never loaded. (org.apache.kafka.coordinator.common.runtime.CoordinatorRuntime)
kafka-3-1  | 2026-09-25T22:48:57.861173717Z [2026-09-25 22:48:57,856] INFO [GroupCoordinator id=3] Finished loading of metadata from __consumer_offsets-19 with epoch 0 in 1ms where 1ms was spent in the scheduler. Loaded 0 records which total to 0 bytes. (org.apache.kafka.coordinator.common.runtime.CoordinatorRuntime)
kafka-3-1  | 2026-09-25T22:48:57.861177381Z [2026-09-25 22:48:57,859] INFO [GroupCoordinator id=3] Scheduling unloading of metadata for __consumer_offsets-12 with epoch OptionalInt[0] (org.apache.kafka.coordinator.common.runtime.CoordinatorRuntime)
kafka-3-1  | 2026-09-25T22:48:57.861180582Z [2026-09-25 22:48:57,859] INFO [GroupCoordinator id=3] Ignored unloading metadata for __consumer_offsets-43 in epoch OptionalInt[0] since metadata was never loaded. (org.apache.kafka.coordinator.common.runtime.CoordinatorRuntime)
kafka-3-1  | 2026-09-25T22:48:57.861184374Z [2026-09-25 22:48:57,860] INFO [GroupCoordinator id=3] Scheduling unloading of metadata for __consumer_offsets-41 with epoch OptionalInt[0] (org.apache.kafka.coordinator.common.runtime.CoordinatorRuntime)
kafka-3-1  | 2026-09-25T22:48:57.861187905Z [2026-09-25 22:48:57,860] INFO [GroupCoordinator id=3] Ignored unloading metadata for __consumer_offsets-12 in epoch OptionalInt[0] since metadata was never loaded. (org.apache.kafka.coordinator.common.runtime.CoordinatorRuntime)
kafka-3-1  | 2026-09-25T22:48:57.861191431Z [2026-09-25 22:48:57,860] INFO [GroupCoordinator id=3] Scheduling unloading of metadata for __consumer_offsets-24 with epoch OptionalInt[0] (org.apache.kafka.coordinator.common.runtime.CoordinatorRuntime)
kafka-3-1  | 2026-09-25T22:48:57.861195030Z [2026-09-25 22:48:57,860] INFO [GroupCoordinator id=3] Ignored unloading metadata for __consumer_offsets-41 in epoch OptionalInt[0] since metadata was never loaded. (org.apache.kafka.coordinator.common.runtime.CoordinatorRuntime)
kafka-3-1  | 2026-09-25T22:48:57.861198599Z [2026-09-25 22:48:57,860] INFO [GroupCoordinator id=3] Scheduling unloading of metadata for __consumer_offsets-20 with epoch OptionalInt[0] (org.apache.kafka.coordinator.common.runtime.CoordinatorRuntime)
kafka-3-1  | 2026-09-25T22:48:57.861202081Z [2026-09-25 22:48:57,860] INFO [GroupCoordinator id=3] Ignored unloading metadata for __consumer_offsets-24 in epoch OptionalInt[0] since metadata was never loaded. (org.apache.kafka.coordinator.common.runtime.CoordinatorRuntime)
kafka-3-1  | 2026-09-25T22:48:57.861218977Z [2026-09-25 22:48:57,860] INFO [GroupCoordinator id=3] Ignored unloading metadata for __consumer_offsets-20 in epoch OptionalInt[0] since metadata was never loaded. (org.apache.kafka.coordinator.common.runtime.CoordinatorRuntime)
kafka-3-1  | 2026-09-25T22:48:57.861222945Z [2026-09-25 22:48:57,860] INFO [GroupCoordinator id=3] Scheduling unloading of metadata for __consumer_offsets-18 with epoch OptionalInt[0] (org.apache.kafka.coordinator.common.runtime.CoordinatorRuntime)
kafka-3-1  | 2026-09-25T22:48:57.861627424Z [2026-09-25 22:48:57,860] INFO [GroupCoordinator id=3] Scheduling unloading of metadata for __consumer_offsets-31 with epoch OptionalInt[0] (org.apache.kafka.coordinator.common.runtime.CoordinatorRuntime)
kafka-3-1  | 2026-09-25T22:48:57.861656285Z [2026-09-25 22:48:57,861] INFO [GroupCoordinator id=3] Scheduling unloading of metadata for __consumer_offsets-0 with epoch OptionalInt[0] (org.apache.kafka.coordinator.common.runtime.CoordinatorRuntime)
kafka-3-1  | 2026-09-25T22:48:57.861663333Z [2026-09-25 22:48:57,861] INFO [GroupCoordinator id=3] Ignored unloading metadata for __consumer_offsets-31 in epoch OptionalInt[0] since metadata was never loaded. (org.apache.kafka.coordinator.common.runtime.CoordinatorRuntime)
kafka-3-1  | 2026-09-25T22:48:57.861668700Z [2026-09-25 22:48:57,861] INFO [GroupCoordinator id=3] Scheduling unloading of metadata for __consumer_offsets-29 with epoch OptionalInt[0] (org.apache.kafka.coordinator.common.runtime.CoordinatorRuntime)
kafka-3-1  | 2026-09-25T22:48:57.861673699Z [2026-09-25 22:48:57,861] INFO [GroupCoordinator id=3] Ignored unloading metadata for __consumer_offsets-18 in epoch OptionalInt[0] since metadata was never loaded. (org.apache.kafka.coordinator.common.runtime.CoordinatorRuntime)
kafka-3-1  | 2026-09-25T22:48:57.861678414Z [2026-09-25 22:48:57,861] INFO [GroupCoordinator id=3] Ignored unloading metadata for __consumer_offsets-0 in epoch OptionalInt[0] since metadata was never loaded. (org.apache.kafka.coordinator.common.runtime.CoordinatorRuntime)
kafka-3-1  | 2026-09-25T22:48:57.861683016Z [2026-09-25 22:48:57,861] INFO [GroupCoordinator id=3] Scheduling unloading of metadata for __consumer_offsets-27 with epoch OptionalInt[0] (org.apache.kafka.coordinator.common.runtime.CoordinatorRuntime)
kafka-3-1  | 2026-09-25T22:48:57.861688061Z [2026-09-25 22:48:57,861] INFO [GroupCoordinator id=3] Ignored unloading metadata for __consumer_offsets-29 in epoch OptionalInt[0] since metadata was never loaded. (org.apache.kafka.coordinator.common.runtime.CoordinatorRuntime)
kafka-3-1  | 2026-09-25T22:48:57.862097033Z [2026-09-25 22:48:57,861] INFO [GroupCoordinator id=3] Scheduling unloading of metadata for __consumer_offsets-25 with epoch OptionalInt[0] (org.apache.kafka.coordinator.common.runtime.CoordinatorRuntime)
kafka-3-1  | 2026-09-25T22:48:57.862189453Z [2026-09-25 22:48:57,861] INFO [GroupCoordinator id=3] Ignored unloading metadata for __consumer_offsets-27 in epoch OptionalInt[0] since metadata was never loaded. (org.apache.kafka.coordinator.common.runtime.CoordinatorRuntime)
kafka-3-1  | 2026-09-25T22:48:57.862199519Z [2026-09-25 22:48:57,861] INFO [GroupCoordinator id=3] Scheduling unloading of metadata for __consumer_offsets-8 with epoch OptionalInt[0] (org.apache.kafka.coordinator.common.runtime.CoordinatorRuntime)
kafka-3-1  | 2026-09-25T22:48:57.862338153Z [2026-09-25 22:48:57,862] INFO [GroupCoordinator id=3] Ignored unloading metadata for __consumer_offsets-25 in epoch OptionalInt[0] since metadata was never loaded. (org.apache.kafka.coordinator.common.runtime.CoordinatorRuntime)
kafka-3-1  | 2026-09-25T22:48:57.862680627Z [2026-09-25 22:48:57,862] INFO [GroupCoordinator id=3] Scheduling unloading of metadata for __consumer_offsets-37 with epoch OptionalInt[0] (org.apache.kafka.coordinator.common.runtime.CoordinatorRuntime)
kafka-3-1  | 2026-09-25T22:48:57.862701619Z [2026-09-25 22:48:57,862] INFO [GroupCoordinator id=3] Ignored unloading metadata for __consumer_offsets-8 in epoch OptionalInt[0] since metadata was never loaded. (org.apache.kafka.coordinator.common.runtime.CoordinatorRuntime)
kafka-3-1  | 2026-09-25T22:48:57.862708645Z [2026-09-25 22:48:57,862] INFO [GroupCoordinator id=3] Scheduling unloading of metadata for __consumer_offsets-35 with epoch OptionalInt[0] (org.apache.kafka.coordinator.common.runtime.CoordinatorRuntime)
kafka-3-1  | 2026-09-25T22:48:57.862713546Z [2026-09-25 22:48:57,862] INFO [GroupCoordinator id=3] Ignored unloading metadata for __consumer_offsets-37 in epoch OptionalInt[0] since metadata was never loaded. (org.apache.kafka.coordinator.common.runtime.CoordinatorRuntime)
kafka-3-1  | 2026-09-25T22:48:57.862942911Z [2026-09-25 22:48:57,862] INFO [GroupCoordinator id=3] Scheduling unloading of metadata for __consumer_offsets-4 with epoch OptionalInt[0] (org.apache.kafka.coordinator.common.runtime.CoordinatorRuntime)
kafka-3-1  | 2026-09-25T22:48:57.862961189Z [2026-09-25 22:48:57,862] INFO [GroupCoordinator id=3] Ignored unloading metadata for __consumer_offsets-35 in epoch OptionalInt[0] since metadata was never loaded. (org.apache.kafka.coordinator.common.runtime.CoordinatorRuntime)
kafka-3-1  | 2026-09-25T22:48:57.863434437Z [2026-09-25 22:48:57,863] INFO [GroupCoordinator id=3] Ignored unloading metadata for __consumer_offsets-4 in epoch OptionalInt[0] since metadata was never loaded. (org.apache.kafka.coordinator.common.runtime.CoordinatorRuntime)
kafka-3-1  | 2026-09-25T22:48:57.863457508Z [2026-09-25 22:48:57,863] INFO [DynamicConfigPublisher broker id=3] Updating topic __consumer_offsets with new configuration : compression.type -> producer,cleanup.policy -> compact,segment.bytes -> 104857600 (kafka.server.metadata.DynamicConfigPublisher)
kafka-3-1  | 2026-09-25T22:48:57.923678302Z [2026-09-25 22:48:57,923] INFO [ReplicaFetcher replicaId=3, leaderId=2, fetcherId=0] Truncating partition __consumer_offsets-16 with TruncationState(offset=0, completed=true) due to local high watermark 0 (kafka.server.ReplicaFetcherThread)
kafka-3-1  | 2026-09-25T22:48:57.924095822Z [2026-09-25 22:48:57,923] INFO [UnifiedLog partition=__consumer_offsets-16, dir=/var/lib/kafka/data] Truncating to 0 has no effect as the largest offset in the log is -1 (kafka.log.UnifiedLog)
kafka-3-1  | 2026-09-25T22:48:57.924364757Z [2026-09-25 22:48:57,924] INFO [ReplicaFetcher replicaId=3, leaderId=2, fetcherId=0] Truncating partition __consumer_offsets-13 with TruncationState(offset=0, completed=true) due to local high watermark 0 (kafka.server.ReplicaFetcherThread)
kafka-3-1  | 2026-09-25T22:48:57.924500754Z [2026-09-25 22:48:57,924] INFO [UnifiedLog partition=__consumer_offsets-13, dir=/var/lib/kafka/data] Truncating to 0 has no effect as the largest offset in the log is -1 (kafka.log.UnifiedLog)
kafka-3-1  | 2026-09-25T22:48:57.925032321Z [2026-09-25 22:48:57,924] INFO [ReplicaFetcher replicaId=3, leaderId=2, fetcherId=0] Truncating partition __consumer_offsets-46 with TruncationState(offset=0, completed=true) due to local high watermark 0 (kafka.server.ReplicaFetcherThread)
kafka-3-1  | 2026-09-25T22:48:57.925139332Z [2026-09-25 22:48:57,924] INFO [UnifiedLog partition=__consumer_offsets-46, dir=/var/lib/kafka/data] Truncating to 0 has no effect as the largest offset in the log is -1 (kafka.log.UnifiedLog)
kafka-3-1  | 2026-09-25T22:48:57.925389688Z [2026-09-25 22:48:57,925] INFO [ReplicaFetcher replicaId=3, leaderId=2, fetcherId=0] Truncating partition __consumer_offsets-44 with TruncationState(offset=0, completed=true) due to local high watermark 0 (kafka.server.ReplicaFetcherThread)
kafka-3-1  | 2026-09-25T22:48:57.925790856Z [2026-09-25 22:48:57,925] INFO [UnifiedLog partition=__consumer_offsets-44, dir=/var/lib/kafka/data] Truncating to 0 has no effect as the largest offset in the log is -1 (kafka.log.UnifiedLog)
kafka-3-1  | 2026-09-25T22:48:57.926380294Z [2026-09-25 22:48:57,925] INFO [ReplicaFetcher replicaId=3, leaderId=2, fetcherId=0] Truncating partition __consumer_offsets-41 with TruncationState(offset=0, completed=true) due to local high watermark 0 (kafka.server.ReplicaFetcherThread)
kafka-3-1  | 2026-09-25T22:48:57.926385453Z [2026-09-25 22:48:57,926] INFO [ReplicaFetcher replicaId=3, leaderId=1, fetcherId=0] Truncating partition __consumer_offsets-47 with TruncationState(offset=0, completed=true) due to local high watermark 0 (kafka.server.ReplicaFetcherThread)
kafka-3-1  | 2026-09-25T22:48:57.926388910Z [2026-09-25 22:48:57,926] INFO [UnifiedLog partition=__consumer_offsets-47, dir=/var/lib/kafka/data] Truncating to 0 has no effect as the largest offset in the log is -1 (kafka.log.UnifiedLog)
kafka-3-1  | 2026-09-25T22:48:57.926392496Z [2026-09-25 22:48:57,926] INFO [UnifiedLog partition=__consumer_offsets-41, dir=/var/lib/kafka/data] Truncating to 0 has no effect as the largest offset in the log is -1 (kafka.log.UnifiedLog)
kafka-3-1  | 2026-09-25T22:48:57.926779207Z [2026-09-25 22:48:57,926] INFO [ReplicaFetcher replicaId=3, leaderId=1, fetcherId=0] Truncating partition __consumer_offsets-48 with TruncationState(offset=0, completed=true) due to local high watermark 0 (kafka.server.ReplicaFetcherThread)
kafka-3-1  | 2026-09-25T22:48:57.926807237Z [2026-09-25 22:48:57,926] INFO [ReplicaFetcher replicaId=3, leaderId=2, fetcherId=0] Truncating partition __consumer_offsets-9 with TruncationState(offset=0, completed=true) due to local high watermark 0 (kafka.server.ReplicaFetcherThread)
kafka-3-1  | 2026-09-25T22:48:57.926815311Z [2026-09-25 22:48:57,926] INFO [UnifiedLog partition=__consumer_offsets-48, dir=/var/lib/kafka/data] Truncating to 0 has no effect as the largest offset in the log is -1 (kafka.log.UnifiedLog)
kafka-3-1  | 2026-09-25T22:48:57.926820902Z [2026-09-25 22:48:57,926] INFO [UnifiedLog partition=__consumer_offsets-9, dir=/var/lib/kafka/data] Truncating to 0 has no effect as the largest offset in the log is -1 (kafka.log.UnifiedLog)
kafka-3-1  | 2026-09-25T22:48:57.927038309Z [2026-09-25 22:48:57,926] INFO [ReplicaFetcher replicaId=3, leaderId=1, fetcherId=0] Truncating partition __consumer_offsets-43 with TruncationState(offset=0, completed=true) due to local high watermark 0 (kafka.server.ReplicaFetcherThread)
kafka-3-1  | 2026-09-25T22:48:57.927058280Z [2026-09-25 22:48:57,926] INFO [UnifiedLog partition=__consumer_offsets-43, dir=/var/lib/kafka/data] Truncating to 0 has no effect as the largest offset in the log is -1 (kafka.log.UnifiedLog)
kafka-3-1  | 2026-09-25T22:48:57.927079927Z [2026-09-25 22:48:57,926] INFO [ReplicaFetcher replicaId=3, leaderId=2, fetcherId=0] Truncating partition __consumer_offsets-23 with TruncationState(offset=0, completed=true) due to local high watermark 0 (kafka.server.ReplicaFetcherThread)
kafka-3-1  | 2026-09-25T22:48:57.927417596Z [2026-09-25 22:48:57,927] INFO [UnifiedLog partition=__consumer_offsets-23, dir=/var/lib/kafka/data] Truncating to 0 has no effect as the largest offset in the log is -1 (kafka.log.UnifiedLog)
kafka-3-1  | 2026-09-25T22:48:57.927459625Z [2026-09-25 22:48:57,927] INFO [ReplicaFetcher replicaId=3, leaderId=1, fetcherId=0] Truncating partition __consumer_offsets-11 with TruncationState(offset=0, completed=true) due to local high watermark 0 (kafka.server.ReplicaFetcherThread)
kafka-3-1  | 2026-09-25T22:48:57.927764278Z [2026-09-25 22:48:57,927] INFO [UnifiedLog partition=__consumer_offsets-11, dir=/var/lib/kafka/data] Truncating to 0 has no effect as the largest offset in the log is -1 (kafka.log.UnifiedLog)
kafka-3-1  | 2026-09-25T22:48:57.927835037Z [2026-09-25 22:48:57,927] INFO [ReplicaFetcher replicaId=3, leaderId=2, fetcherId=0] Truncating partition __consumer_offsets-20 with TruncationState(offset=0, completed=true) due to local high watermark 0 (kafka.server.ReplicaFetcherThread)
kafka-3-1  | 2026-09-25T22:48:57.928005454Z [2026-09-25 22:48:57,927] INFO [ReplicaFetcher replicaId=3, leaderId=1, fetcherId=0] Truncating partition __consumer_offsets-12 with TruncationState(offset=0, completed=true) due to local high watermark 0 (kafka.server.ReplicaFetcherThread)
kafka-3-1  | 2026-09-25T22:48:57.928538308Z [2026-09-25 22:48:57,928] INFO [UnifiedLog partition=__consumer_offsets-12, dir=/var/lib/kafka/data] Truncating to 0 has no effect as the largest offset in the log is -1 (kafka.log.UnifiedLog)
kafka-3-1  | 2026-09-25T22:48:57.928558859Z [2026-09-25 22:48:57,928] INFO [ReplicaFetcher replicaId=3, leaderId=1, fetcherId=0] Truncating partition __consumer_offsets-24 with TruncationState(offset=0, completed=true) due to local high watermark 0 (kafka.server.ReplicaFetcherThread)
kafka-3-1  | 2026-09-25T22:48:57.928816529Z [2026-09-25 22:48:57,928] INFO [UnifiedLog partition=__consumer_offsets-24, dir=/var/lib/kafka/data] Truncating to 0 has no effect as the largest offset in the log is -1 (kafka.log.UnifiedLog)
kafka-3-1  | 2026-09-25T22:48:57.929111229Z [2026-09-25 22:48:57,928] INFO [ReplicaFetcher replicaId=3, leaderId=1, fetcherId=0] Truncating partition __consumer_offsets-21 with TruncationState(offset=0, completed=true) due to local high watermark 0 (kafka.server.ReplicaFetcherThread)
kafka-3-1  | 2026-09-25T22:48:57.929351603Z [2026-09-25 22:48:57,929] INFO [UnifiedLog partition=__consumer_offsets-21, dir=/var/lib/kafka/data] Truncating to 0 has no effect as the largest offset in the log is -1 (kafka.log.UnifiedLog)
kafka-3-1  | 2026-09-25T22:48:57.929606729Z [2026-09-25 22:48:57,929] INFO [ReplicaFetcher replicaId=3, leaderId=1, fetcherId=0] Truncating partition __consumer_offsets-17 with TruncationState(offset=0, completed=true) due to local high watermark 0 (kafka.server.ReplicaFetcherThread)
kafka-3-1  | 2026-09-25T22:48:57.929920940Z [2026-09-25 22:48:57,929] INFO [UnifiedLog partition=__consumer_offsets-17, dir=/var/lib/kafka/data] Truncating to 0 has no effect as the largest offset in the log is -1 (kafka.log.UnifiedLog)
kafka-3-1  | 2026-09-25T22:48:57.929934987Z [2026-09-25 22:48:57,929] INFO [ReplicaFetcher replicaId=3, leaderId=1, fetcherId=0] Truncating partition __consumer_offsets-18 with TruncationState(offset=0, completed=true) due to local high watermark 0 (kafka.server.ReplicaFetcherThread)
kafka-3-1  | 2026-09-25T22:48:57.930190048Z [2026-09-25 22:48:57,929] INFO [UnifiedLog partition=__consumer_offsets-18, dir=/var/lib/kafka/data] Truncating to 0 has no effect as the largest offset in the log is -1 (kafka.log.UnifiedLog)
kafka-3-1  | 2026-09-25T22:48:57.930426848Z [2026-09-25 22:48:57,930] INFO [ReplicaFetcher replicaId=3, leaderId=1, fetcherId=0] Truncating partition __consumer_offsets-31 with TruncationState(offset=0, completed=true) due to local high watermark 0 (kafka.server.ReplicaFetcherThread)
kafka-3-1  | 2026-09-25T22:48:57.932571157Z [2026-09-25 22:48:57,930] INFO [UnifiedLog partition=__consumer_offsets-31, dir=/var/lib/kafka/data] Truncating to 0 has no effect as the largest offset in the log is -1 (kafka.log.UnifiedLog)
kafka-3-1  | 2026-09-25T22:48:57.933291904Z [2026-09-25 22:48:57,932] INFO [ReplicaFetcher replicaId=3, leaderId=1, fetcherId=0] Truncating partition __consumer_offsets-0 with TruncationState(offset=0, completed=true) due to local high watermark 0 (kafka.server.ReplicaFetcherThread)
kafka-3-1  | 2026-09-25T22:48:57.933628820Z [2026-09-25 22:48:57,933] INFO [UnifiedLog partition=__consumer_offsets-0, dir=/var/lib/kafka/data] Truncating to 0 has no effect as the largest offset in the log is -1 (kafka.log.UnifiedLog)
kafka-3-1  | 2026-09-25T22:48:57.934263844Z [2026-09-25 22:48:57,933] INFO [ReplicaFetcher replicaId=3, leaderId=1, fetcherId=0] Truncating partition __consumer_offsets-29 with TruncationState(offset=0, completed=true) due to local high watermark 0 (kafka.server.ReplicaFetcherThread)
kafka-3-1  | 2026-09-25T22:48:57.934433858Z [2026-09-25 22:48:57,934] INFO [UnifiedLog partition=__consumer_offsets-29, dir=/var/lib/kafka/data] Truncating to 0 has no effect as the largest offset in the log is -1 (kafka.log.UnifiedLog)
kafka-3-1  | 2026-09-25T22:48:57.935730593Z [2026-09-25 22:48:57,934] INFO [ReplicaFetcher replicaId=3, leaderId=1, fetcherId=0] Truncating partition __consumer_offsets-7 with TruncationState(offset=0, completed=true) due to local high watermark 0 (kafka.server.ReplicaFetcherThread)
kafka-3-1  | 2026-09-25T22:48:57.935786978Z [2026-09-25 22:48:57,935] INFO [UnifiedLog partition=__consumer_offsets-7, dir=/var/lib/kafka/data] Truncating to 0 has no effect as the largest offset in the log is -1 (kafka.log.UnifiedLog)
kafka-3-1  | 2026-09-25T22:48:57.936816807Z [2026-09-25 22:48:57,935] INFO [ReplicaFetcher replicaId=3, leaderId=1, fetcherId=0] Truncating partition __consumer_offsets-40 with TruncationState(offset=0, completed=true) due to local high watermark 0 (kafka.server.ReplicaFetcherThread)
kafka-3-1  | 2026-09-25T22:48:57.940331163Z [2026-09-25 22:48:57,940] INFO [UnifiedLog partition=__consumer_offsets-20, dir=/var/lib/kafka/data] Truncating to 0 has no effect as the largest offset in the log is -1 (kafka.log.UnifiedLog)
kafka-3-1  | 2026-09-25T22:48:57.941547585Z [2026-09-25 22:48:57,940] INFO [ReplicaFetcher replicaId=3, leaderId=2, fetcherId=0] Truncating partition __consumer_offsets-30 with TruncationState(offset=0, completed=true) due to local high watermark 0 (kafka.server.ReplicaFetcherThread)
kafka-3-1  | 2026-09-25T22:48:57.942716139Z [2026-09-25 22:48:57,940] INFO [UnifiedLog partition=__consumer_offsets-30, dir=/var/lib/kafka/data] Truncating to 0 has no effect as the largest offset in the log is -1 (kafka.log.UnifiedLog)
kafka-3-1  | 2026-09-25T22:48:57.942756107Z [2026-09-25 22:48:57,940] INFO [ReplicaFetcher replicaId=3, leaderId=2, fetcherId=0] Truncating partition __consumer_offsets-27 with TruncationState(offset=0, completed=true) due to local high watermark 0 (kafka.server.ReplicaFetcherThread)
kafka-3-1  | 2026-09-25T22:48:57.942763596Z [2026-09-25 22:48:57,940] INFO [UnifiedLog partition=__consumer_offsets-27, dir=/var/lib/kafka/data] Truncating to 0 has no effect as the largest offset in the log is -1 (kafka.log.UnifiedLog)
kafka-3-1  | 2026-09-25T22:48:57.942769265Z [2026-09-25 22:48:57,941] INFO [ReplicaFetcher replicaId=3, leaderId=2, fetcherId=0] Truncating partition __consumer_offsets-25 with TruncationState(offset=0, completed=true) due to local high watermark 0 (kafka.server.ReplicaFetcherThread)
kafka-3-1  | 2026-09-25T22:48:57.942774235Z [2026-09-25 22:48:57,941] INFO [UnifiedLog partition=__consumer_offsets-25, dir=/var/lib/kafka/data] Truncating to 0 has no effect as the largest offset in the log is -1 (kafka.log.UnifiedLog)
kafka-3-1  | 2026-09-25T22:48:57.942798746Z [2026-09-25 22:48:57,941] INFO [ReplicaFetcher replicaId=3, leaderId=2, fetcherId=0] Truncating partition __consumer_offsets-8 with TruncationState(offset=0, completed=true) due to local high watermark 0 (kafka.server.ReplicaFetcherThread)
kafka-3-1  | 2026-09-25T22:48:57.942805331Z [2026-09-25 22:48:57,941] INFO [UnifiedLog partition=__consumer_offsets-8, dir=/var/lib/kafka/data] Truncating to 0 has no effect as the largest offset in the log is -1 (kafka.log.UnifiedLog)
kafka-3-1  | 2026-09-25T22:48:57.942809995Z [2026-09-25 22:48:57,941] INFO [ReplicaFetcher replicaId=3, leaderId=2, fetcherId=0] Truncating partition __consumer_offsets-36 with TruncationState(offset=0, completed=true) due to local high watermark 0 (kafka.server.ReplicaFetcherThread)
kafka-3-1  | 2026-09-25T22:48:57.942814663Z [2026-09-25 22:48:57,941] INFO [UnifiedLog partition=__consumer_offsets-36, dir=/var/lib/kafka/data] Truncating to 0 has no effect as the largest offset in the log is -1 (kafka.log.UnifiedLog)
kafka-3-1  | 2026-09-25T22:48:57.942820122Z [2026-09-25 22:48:57,941] INFO [ReplicaFetcher replicaId=3, leaderId=2, fetcherId=0] Truncating partition __consumer_offsets-4 with TruncationState(offset=0, completed=true) due to local high watermark 0 (kafka.server.ReplicaFetcherThread)
kafka-3-1  | 2026-09-25T22:48:57.942825570Z [2026-09-25 22:48:57,941] INFO [UnifiedLog partition=__consumer_offsets-4, dir=/var/lib/kafka/data] Truncating to 0 has no effect as the largest offset in the log is -1 (kafka.log.UnifiedLog)
kafka-3-1  | 2026-09-25T22:48:57.942830303Z [2026-09-25 22:48:57,942] INFO [ReplicaFetcher replicaId=3, leaderId=2, fetcherId=0] Truncating partition __consumer_offsets-1 with TruncationState(offset=0, completed=true) due to local high watermark 0 (kafka.server.ReplicaFetcherThread)
kafka-3-1  | 2026-09-25T22:48:57.942835049Z [2026-09-25 22:48:57,942] INFO [UnifiedLog partition=__consumer_offsets-1, dir=/var/lib/kafka/data] Truncating to 0 has no effect as the largest offset in the log is -1 (kafka.log.UnifiedLog)
kafka-3-1  | 2026-09-25T22:48:57.942839524Z [2026-09-25 22:48:57,942] INFO [ReplicaFetcher replicaId=3, leaderId=2, fetcherId=0] Truncating partition __consumer_offsets-34 with TruncationState(offset=0, completed=true) due to local high watermark 0 (kafka.server.ReplicaFetcherThread)
kafka-3-1  | 2026-09-25T22:48:57.942844367Z [2026-09-25 22:48:57,942] INFO [UnifiedLog partition=__consumer_offsets-34, dir=/var/lib/kafka/data] Truncating to 0 has no effect as the largest offset in the log is -1 (kafka.log.UnifiedLog)
kafka-3-1  | 2026-09-25T22:48:57.943172486Z [2026-09-25 22:48:57,942] INFO [UnifiedLog partition=__consumer_offsets-40, dir=/var/lib/kafka/data] Truncating to 0 has no effect as the largest offset in the log is -1 (kafka.log.UnifiedLog)
kafka-3-1  | 2026-09-25T22:48:57.943578208Z [2026-09-25 22:48:57,943] INFO [ReplicaFetcher replicaId=3, leaderId=1, fetcherId=0] Truncating partition __consumer_offsets-37 with TruncationState(offset=0, completed=true) due to local high watermark 0 (kafka.server.ReplicaFetcherThread)
kafka-3-1  | 2026-09-25T22:48:57.943602031Z [2026-09-25 22:48:57,943] INFO [UnifiedLog partition=__consumer_offsets-37, dir=/var/lib/kafka/data] Truncating to 0 has no effect as the largest offset in the log is -1 (kafka.log.UnifiedLog)
kafka-3-1  | 2026-09-25T22:48:57.944172309Z [2026-09-25 22:48:57,943] INFO [ReplicaFetcher replicaId=3, leaderId=1, fetcherId=0] Truncating partition __consumer_offsets-35 with TruncationState(offset=0, completed=true) due to local high watermark 0 (kafka.server.ReplicaFetcherThread)
kafka-3-1  | 2026-09-25T22:48:57.944212812Z [2026-09-25 22:48:57,943] INFO [UnifiedLog partition=__consumer_offsets-35, dir=/var/lib/kafka/data] Truncating to 0 has no effect as the largest offset in the log is -1 (kafka.log.UnifiedLog)
kafka-3-1  | 2026-09-25T22:48:57.944217552Z [2026-09-25 22:48:57,943] INFO [ReplicaFetcher replicaId=3, leaderId=1, fetcherId=0] Truncating partition __consumer_offsets-3 with TruncationState(offset=0, completed=true) due to local high watermark 0 (kafka.server.ReplicaFetcherThread)
kafka-3-1  | 2026-09-25T22:48:57.944221266Z [2026-09-25 22:48:57,943] INFO [UnifiedLog partition=__consumer_offsets-3, dir=/var/lib/kafka/data] Truncating to 0 has no effect as the largest offset in the log is -1 (kafka.log.UnifiedLog)
kafka-3-1  | 2026-09-25T22:48:59.384011030Z [2026-09-25 22:48:59,383] INFO [GroupCoordinator id=3 topic=__consumer_offsets partition=5] Dynamic member with unknown member id joins group processadores in Empty state. Created a new member id 2ff87803d62b-eb0f2438-f19a-4b53-8f3b-5c121bd5c092 and requesting the member to rejoin with this id. (org.apache.kafka.coordinator.group.GroupMetadataManager)
kafka-3-1  | 2026-09-25T22:48:59.389067948Z [2026-09-25 22:48:59,388] INFO [GroupCoordinator id=3 topic=__consumer_offsets partition=5] Pending dynamic member with id 2ff87803d62b-eb0f2438-f19a-4b53-8f3b-5c121bd5c092 joins group processadores in Empty state. Adding to the group now. (org.apache.kafka.coordinator.group.GroupMetadataManager)
kafka-3-1  | 2026-09-25T22:48:59.390134378Z [2026-09-25 22:48:59,389] INFO [GroupCoordinator id=3 topic=__consumer_offsets partition=5] Preparing to rebalance group processadores in state PreparingRebalance with old generation 0 (reason: Adding new member 2ff87803d62b-eb0f2438-f19a-4b53-8f3b-5c121bd5c092 with group instance id null; client reason: not provided). (org.apache.kafka.coordinator.group.GroupMetadataManager)
kafka-3-1  | 2026-09-25T22:48:59.396374816Z [2026-09-25 22:48:59,395] INFO [GroupCoordinator id=3 topic=__consumer_offsets partition=5] Stabilized group processadores generation 1 with 1 members. (org.apache.kafka.coordinator.group.GroupMetadataManager)
kafka-3-1  | 2026-09-25T22:48:59.415419154Z [2026-09-25 22:48:59,415] INFO [GroupCoordinator id=3 topic=__consumer_offsets partition=5] Assignment received from leader 2ff87803d62b-eb0f2438-f19a-4b53-8f3b-5c121bd5c092 for group processadores for generation 1. The group has 1 members, 0 of which are static. (org.apache.kafka.coordinator.group.GroupMetadataManager)
kafka-3-1  | 2026-09-25T22:48:59.915169816Z [2026-09-25 22:48:59,914] INFO [GroupCoordinator id=3 topic=__consumer_offsets partition=5] Dynamic member with unknown member id joins group processadores in Stable state. Created a new member id 3b4721499e1b-df8379ad-5fa1-4596-9598-c3d069e8ac8a and requesting the member to rejoin with this id. (org.apache.kafka.coordinator.group.GroupMetadataManager)
kafka-3-1  | 2026-09-25T22:48:59.918011423Z [2026-09-25 22:48:59,917] INFO [GroupCoordinator id=3 topic=__consumer_offsets partition=5] Pending dynamic member with id 3b4721499e1b-df8379ad-5fa1-4596-9598-c3d069e8ac8a joins group processadores in Stable state. Adding to the group now. (org.apache.kafka.coordinator.group.GroupMetadataManager)
kafka-3-1  | 2026-09-25T22:48:59.918935456Z [2026-09-25 22:48:59,918] INFO [GroupCoordinator id=3 topic=__consumer_offsets partition=5] Preparing to rebalance group processadores in state PreparingRebalance with old generation 1 (reason: Adding new member 3b4721499e1b-df8379ad-5fa1-4596-9598-c3d069e8ac8a with group instance id null; client reason: not provided). (org.apache.kafka.coordinator.group.GroupMetadataManager)
kafka-3-1  | 2026-09-25T22:49:00.106068123Z [2026-09-25 22:49:00,090] INFO [GroupCoordinator id=3 topic=__consumer_offsets partition=5] Dynamic member with unknown member id joins group processadores in PreparingRebalance state. Created a new member id 03ebfdfe1e89-ad1b1895-8b2b-4783-9a41-9562d7b11f18 and requesting the member to rejoin with this id. (org.apache.kafka.coordinator.group.GroupMetadataManager)
kafka-3-1  | 2026-09-25T22:49:00.106131781Z [2026-09-25 22:49:00,103] INFO [GroupCoordinator id=3 topic=__consumer_offsets partition=5] Pending dynamic member with id 03ebfdfe1e89-ad1b1895-8b2b-4783-9a41-9562d7b11f18 joins group processadores in PreparingRebalance state. Adding to the group now. (org.apache.kafka.coordinator.group.GroupMetadataManager)
kafka-3-1  | 2026-09-25T22:49:02.467527640Z [2026-09-25 22:49:02,467] INFO [GroupCoordinator id=3 topic=__consumer_offsets partition=5] Stabilized group processadores generation 2 with 3 members. (org.apache.kafka.coordinator.group.GroupMetadataManager)
kafka-3-1  | 2026-09-25T22:49:02.471257693Z [2026-09-25 22:49:02,470] INFO [GroupCoordinator id=3 topic=__consumer_offsets partition=5] Assignment received from leader 2ff87803d62b-eb0f2438-f19a-4b53-8f3b-5c121bd5c092 for group processadores for generation 2. The group has 3 members, 0 of which are static. (org.apache.kafka.coordinator.group.GroupMetadataManager)
kafka-3-1  | 2026-09-25T22:49:02.514715618Z [2026-09-25 22:49:02,514] INFO [GroupCoordinator id=3 topic=__consumer_offsets partition=5] Preparing to rebalance group processadores in state PreparingRebalance with old generation 2 (reason: Leader 2ff87803d62b-eb0f2438-f19a-4b53-8f3b-5c121bd5c092 re-joining group during Stable; client reason: not provided). (org.apache.kafka.coordinator.group.GroupMetadataManager)
kafka-3-1  | 2026-09-25T22:49:05.493445887Z [2026-09-25 22:49:05,492] INFO [GroupCoordinator id=3 topic=__consumer_offsets partition=5] Stabilized group processadores generation 3 with 3 members. (org.apache.kafka.coordinator.group.GroupMetadataManager)
kafka-3-1  | 2026-09-25T22:49:05.497637160Z [2026-09-25 22:49:05,497] INFO [GroupCoordinator id=3 topic=__consumer_offsets partition=5] Assignment received from leader 2ff87803d62b-eb0f2438-f19a-4b53-8f3b-5c121bd5c092 for group processadores for generation 3. The group has 3 members, 0 of which are static. (org.apache.kafka.coordinator.group.GroupMetadataManager)
kafka-3-1  | 2026-09-25T22:50:07.906652956Z [2026-09-25 22:50:07,906] INFO [ReplicaFetcher replicaId=3, leaderId=2, fetcherId=0] Node 2 disconnected. (org.apache.kafka.clients.NetworkClient)
kafka-3-1  | 2026-09-25T22:50:07.907059639Z [2026-09-25 22:50:07,906] INFO [ReplicaFetcher replicaId=3, leaderId=2, fetcherId=0] Cancelled in-flight FETCH request with correlation id 366 due to node 2 being disconnected (elapsed time since creation: 345ms, elapsed time since send: 345ms, throttle time: 0ms, request timeout: 30000ms) (org.apache.kafka.clients.NetworkClient)
kafka-3-1  | 2026-09-25T22:50:07.907063629Z [2026-09-25 22:50:07,906] INFO [ReplicaFetcher replicaId=3, leaderId=2, fetcherId=0] Client requested connection close from node 2 (org.apache.kafka.clients.NetworkClient)
kafka-3-1  | 2026-09-25T22:50:07.908648747Z [2026-09-25 22:50:07,908] INFO [RaftManager id=3] Node 2 disconnected. (org.apache.kafka.clients.NetworkClient)
kafka-3-1  | 2026-09-25T22:50:07.912605543Z [2026-09-25 22:50:07,907] INFO [ReplicaFetcher replicaId=3, leaderId=2, fetcherId=0] Error sending fetch request (sessionId=493315065, epoch=366) to node 2: (org.apache.kafka.clients.FetchSessionHandler)
kafka-3-1  | 2026-09-25T22:50:07.912621306Z java.io.IOException: Connection to 2 was disconnected before the response was read
kafka-3-1  | 2026-09-25T22:50:07.912622902Z 	at org.apache.kafka.clients.NetworkClientUtils.sendAndReceive(NetworkClientUtils.java:111) ~[kafka-clients-4.0.0.jar:?]
kafka-3-1  | 2026-09-25T22:50:07.912631004Z 	at kafka.server.BrokerBlockingSender.sendRequest(BrokerBlockingSender.scala:112) ~[kafka_2.13-4.0.0.jar:?]
kafka-3-1  | 2026-09-25T22:50:07.912632332Z 	at kafka.server.RemoteLeaderEndPoint.fetch(RemoteLeaderEndPoint.scala:76) ~[kafka_2.13-4.0.0.jar:?]
kafka-3-1  | 2026-09-25T22:50:07.912633682Z 	at kafka.server.AbstractFetcherThread.processFetchRequest(AbstractFetcherThread.scala:315) ~[kafka_2.13-4.0.0.jar:?]
kafka-3-1  | 2026-09-25T22:50:07.912634881Z 	at kafka.server.AbstractFetcherThread.$anonfun$maybeFetch$3(AbstractFetcherThread.scala:129) ~[kafka_2.13-4.0.0.jar:?]
kafka-3-1  | 2026-09-25T22:50:07.912636059Z 	at kafka.server.AbstractFetcherThread.$anonfun$maybeFetch$3$adapted(AbstractFetcherThread.scala:128) ~[kafka_2.13-4.0.0.jar:?]
kafka-3-1  | 2026-09-25T22:50:07.912637248Z 	at scala.Option.foreach(Option.scala:437) [scala-library-2.13.15.jar:?]
kafka-3-1  | 2026-09-25T22:50:07.912638364Z 	at kafka.server.AbstractFetcherThread.maybeFetch(AbstractFetcherThread.scala:128) [kafka_2.13-4.0.0.jar:?]
kafka-3-1  | 2026-09-25T22:50:07.912639535Z 	at kafka.server.AbstractFetcherThread.doWork(AbstractFetcherThread.scala:111) [kafka_2.13-4.0.0.jar:?]
kafka-3-1  | 2026-09-25T22:50:07.912640788Z 	at kafka.server.ReplicaFetcherThread.doWork(ReplicaFetcherThread.scala:96) [kafka_2.13-4.0.0.jar:?]
kafka-3-1  | 2026-09-25T22:50:07.912642010Z 	at org.apache.kafka.server.util.ShutdownableThread.run(ShutdownableThread.java:136) [kafka-server-common-4.0.0.jar:?]
kafka-3-1  | 2026-09-25T22:50:07.915672877Z [2026-09-25 22:50:07,914] WARN [ReplicaFetcher replicaId=3, leaderId=2, fetcherId=0] Error in response for fetch request (type=FetchRequest, replicaId=3, maxWait=500, minBytes=1, maxBytes=10485760, fetchData={}, isolationLevel=read_uncommitted, removed=, replaced=, metadata=(sessionId=493315065, epoch=366), rackId=) (kafka.server.ReplicaFetcherThread)
kafka-3-1  | 2026-09-25T22:50:07.915698685Z java.io.IOException: Connection to 2 was disconnected before the response was read
kafka-3-1  | 2026-09-25T22:50:07.915702039Z 	at org.apache.kafka.clients.NetworkClientUtils.sendAndReceive(NetworkClientUtils.java:111) ~[kafka-clients-4.0.0.jar:?]
kafka-3-1  | 2026-09-25T22:50:07.915704868Z 	at kafka.server.BrokerBlockingSender.sendRequest(BrokerBlockingSender.scala:112) ~[kafka_2.13-4.0.0.jar:?]
kafka-3-1  | 2026-09-25T22:50:07.915707308Z 	at kafka.server.RemoteLeaderEndPoint.fetch(RemoteLeaderEndPoint.scala:76) ~[kafka_2.13-4.0.0.jar:?]
kafka-3-1  | 2026-09-25T22:50:07.915709566Z 	at kafka.server.AbstractFetcherThread.processFetchRequest(AbstractFetcherThread.scala:315) ~[kafka_2.13-4.0.0.jar:?]
kafka-3-1  | 2026-09-25T22:50:07.915711865Z 	at kafka.server.AbstractFetcherThread.$anonfun$maybeFetch$3(AbstractFetcherThread.scala:129) ~[kafka_2.13-4.0.0.jar:?]
kafka-3-1  | 2026-09-25T22:50:07.915714184Z 	at kafka.server.AbstractFetcherThread.$anonfun$maybeFetch$3$adapted(AbstractFetcherThread.scala:128) ~[kafka_2.13-4.0.0.jar:?]
kafka-3-1  | 2026-09-25T22:50:07.915716440Z 	at scala.Option.foreach(Option.scala:437) [scala-library-2.13.15.jar:?]
kafka-3-1  | 2026-09-25T22:50:07.915719044Z 	at kafka.server.AbstractFetcherThread.maybeFetch(AbstractFetcherThread.scala:128) [kafka_2.13-4.0.0.jar:?]
kafka-3-1  | 2026-09-25T22:50:07.915721279Z 	at kafka.server.AbstractFetcherThread.doWork(AbstractFetcherThread.scala:111) [kafka_2.13-4.0.0.jar:?]
kafka-3-1  | 2026-09-25T22:50:07.915840860Z 	at kafka.server.ReplicaFetcherThread.doWork(ReplicaFetcherThread.scala:96) [kafka_2.13-4.0.0.jar:?]
kafka-3-1  | 2026-09-25T22:50:07.915847331Z 	at org.apache.kafka.server.util.ShutdownableThread.run(ShutdownableThread.java:136) [kafka-server-common-4.0.0.jar:?]
kafka-3-1  | 2026-09-25T22:50:11.940537861Z [2026-09-25 22:50:11,940] INFO [ReplicaFetcherManager on broker 3] Removed fetcher for partitions Set(__consumer_offsets-15, __consumer_offsets-13, __consumer_offsets-44, __consumer_offsets-9, __consumer_offsets-42, __consumer_offsets-19, __consumer_offsets-32, __consumer_offsets-28, __consumer_offsets-26, __consumer_offsets-5, __consumer_offsets-38, dados-sensores-0, __consumer_offsets-1, __consumer_offsets-45, __consumer_offsets-14, __consumer_offsets-41, __consumer_offsets-10, __consumer_offsets-22, __consumer_offsets-49, dados-sensores-5, __consumer_offsets-27, __consumer_offsets-25, __consumer_offsets-39, __consumer_offsets-8, __consumer_offsets-6, dados-sensores-1, __consumer_offsets-4, dados-sensores-3, __consumer_offsets-33, __consumer_offsets-2) (kafka.server.ReplicaFetcherManager)
kafka-3-1  | 2026-09-25T22:50:12.004225017Z [2026-09-25 22:50:12,003] INFO [ReplicaFetcherManager on broker 3] Removed fetcher for partitions Set(__consumer_offsets-16, __consumer_offsets-30, __consumer_offsets-46, __consumer_offsets-23, __consumer_offsets-36, __consumer_offsets-20, __consumer_offsets-34) (kafka.server.ReplicaFetcherManager)
kafka-3-1  | 2026-09-25T22:50:12.004857861Z [2026-09-25 22:50:12,004] INFO [ReplicaFetcherManager on broker 3] Added fetcher to broker 1 for partitions HashMap(__consumer_offsets-16 -> InitialFetchState(Some(z0JJoNscSBKv29UaLoZ9NQ),BrokerEndPoint(id=1, host=kafka-1:9092),1,0), __consumer_offsets-30 -> InitialFetchState(Some(z0JJoNscSBKv29UaLoZ9NQ),BrokerEndPoint(id=1, host=kafka-1:9092),1,0), __consumer_offsets-46 -> InitialFetchState(Some(z0JJoNscSBKv29UaLoZ9NQ),BrokerEndPoint(id=1, host=kafka-1:9092),1,0), __consumer_offsets-23 -> InitialFetchState(Some(z0JJoNscSBKv29UaLoZ9NQ),BrokerEndPoint(id=1, host=kafka-1:9092),1,0), __consumer_offsets-36 -> InitialFetchState(Some(z0JJoNscSBKv29UaLoZ9NQ),BrokerEndPoint(id=1, host=kafka-1:9092),1,0), __consumer_offsets-20 -> InitialFetchState(Some(z0JJoNscSBKv29UaLoZ9NQ),BrokerEndPoint(id=1, host=kafka-1:9092),1,0), __consumer_offsets-34 -> InitialFetchState(Some(z0JJoNscSBKv29UaLoZ9NQ),BrokerEndPoint(id=1, host=kafka-1:9092),1,0)) (kafka.server.ReplicaFetcherManager)
kafka-3-1  | 2026-09-25T22:50:12.005127021Z [2026-09-25 22:50:12,004] INFO [ReplicaFetcherThread-0-2]: Shutting down (kafka.server.ReplicaFetcherThread)
kafka-3-1  | 2026-09-25T22:50:12.060832923Z [2026-09-25 22:50:12,060] INFO [ReplicaFetcher replicaId=3, leaderId=1, fetcherId=0] Truncating partition __consumer_offsets-16 with TruncationState(offset=0, completed=true) due to local high watermark 0 (kafka.server.ReplicaFetcherThread)
kafka-3-1  | 2026-09-25T22:50:12.060860274Z [2026-09-25 22:50:12,060] INFO [UnifiedLog partition=__consumer_offsets-16, dir=/var/lib/kafka/data] Truncating to 0 has no effect as the largest offset in the log is -1 (kafka.log.UnifiedLog)
kafka-3-1  | 2026-09-25T22:50:12.061073066Z [2026-09-25 22:50:12,060] INFO [ReplicaFetcher replicaId=3, leaderId=1, fetcherId=0] Truncating partition __consumer_offsets-30 with TruncationState(offset=0, completed=true) due to local high watermark 0 (kafka.server.ReplicaFetcherThread)
kafka-3-1  | 2026-09-25T22:50:12.061076629Z [2026-09-25 22:50:12,060] INFO [UnifiedLog partition=__consumer_offsets-30, dir=/var/lib/kafka/data] Truncating to 0 has no effect as the largest offset in the log is -1 (kafka.log.UnifiedLog)
kafka-3-1  | 2026-09-25T22:50:12.061086298Z [2026-09-25 22:50:12,060] INFO [ReplicaFetcher replicaId=3, leaderId=1, fetcherId=0] Truncating partition __consumer_offsets-46 with TruncationState(offset=0, completed=true) due to local high watermark 0 (kafka.server.ReplicaFetcherThread)
kafka-3-1  | 2026-09-25T22:50:12.061087741Z [2026-09-25 22:50:12,061] INFO [UnifiedLog partition=__consumer_offsets-46, dir=/var/lib/kafka/data] Truncating to 0 has no effect as the largest offset in the log is -1 (kafka.log.UnifiedLog)
kafka-3-1  | 2026-09-25T22:50:12.061089020Z [2026-09-25 22:50:12,061] INFO [ReplicaFetcher replicaId=3, leaderId=1, fetcherId=0] Truncating partition __consumer_offsets-23 with TruncationState(offset=0, completed=true) due to local high watermark 0 (kafka.server.ReplicaFetcherThread)
kafka-3-1  | 2026-09-25T22:50:12.061635385Z [2026-09-25 22:50:12,061] INFO [UnifiedLog partition=__consumer_offsets-23, dir=/var/lib/kafka/data] Truncating to 0 has no effect as the largest offset in the log is -1 (kafka.log.UnifiedLog)
kafka-3-1  | 2026-09-25T22:50:12.061644245Z [2026-09-25 22:50:12,061] INFO [ReplicaFetcher replicaId=3, leaderId=1, fetcherId=0] Truncating partition __consumer_offsets-36 with TruncationState(offset=0, completed=true) due to local high watermark 0 (kafka.server.ReplicaFetcherThread)
kafka-3-1  | 2026-09-25T22:50:12.061645802Z [2026-09-25 22:50:12,061] INFO [UnifiedLog partition=__consumer_offsets-36, dir=/var/lib/kafka/data] Truncating to 0 has no effect as the largest offset in the log is -1 (kafka.log.UnifiedLog)
kafka-3-1  | 2026-09-25T22:50:12.061647074Z [2026-09-25 22:50:12,061] INFO [ReplicaFetcher replicaId=3, leaderId=1, fetcherId=0] Truncating partition __consumer_offsets-20 with TruncationState(offset=0, completed=true) due to local high watermark 0 (kafka.server.ReplicaFetcherThread)
kafka-3-1  | 2026-09-25T22:50:12.061648389Z [2026-09-25 22:50:12,061] INFO [UnifiedLog partition=__consumer_offsets-20, dir=/var/lib/kafka/data] Truncating to 0 has no effect as the largest offset in the log is -1 (kafka.log.UnifiedLog)
kafka-3-1  | 2026-09-25T22:50:12.061649641Z [2026-09-25 22:50:12,061] INFO [ReplicaFetcher replicaId=3, leaderId=1, fetcherId=0] Truncating partition __consumer_offsets-34 with TruncationState(offset=0, completed=true) due to local high watermark 0 (kafka.server.ReplicaFetcherThread)
kafka-3-1  | 2026-09-25T22:50:12.061650924Z [2026-09-25 22:50:12,061] INFO [UnifiedLog partition=__consumer_offsets-34, dir=/var/lib/kafka/data] Truncating to 0 has no effect as the largest offset in the log is -1 (kafka.log.UnifiedLog)
kafka-3-1  | 2026-09-25T22:50:13.928254963Z [2026-09-25 22:50:13,921] WARN [ReplicaFetcher replicaId=3, leaderId=2, fetcherId=0] Error connecting to node kafka-2:9092 (id: 2 rack: null isFenced: false) (org.apache.kafka.clients.NetworkClient)
kafka-3-1  | 2026-09-25T22:50:13.928272836Z java.net.UnknownHostException: kafka-2: Try again
kafka-3-1  | 2026-09-25T22:50:13.928274436Z 	at java.base/java.net.Inet6AddressImpl.lookupAllHostAddr(Native Method) ~[?:?]
kafka-3-1  | 2026-09-25T22:50:13.928275894Z 	at java.base/java.net.Inet6AddressImpl.lookupAllHostAddr(Unknown Source) ~[?:?]
kafka-3-1  | 2026-09-25T22:50:13.928277091Z 	at java.base/java.net.InetAddress$PlatformResolver.lookupByName(Unknown Source) ~[?:?]
kafka-3-1  | 2026-09-25T22:50:13.928278243Z 	at java.base/java.net.InetAddress.getAddressesFromNameService(Unknown Source) ~[?:?]
kafka-3-1  | 2026-09-25T22:50:13.928279379Z 	at java.base/java.net.InetAddress$NameServiceAddresses.get(Unknown Source) ~[?:?]
kafka-3-1  | 2026-09-25T22:50:13.928289330Z 	at java.base/java.net.InetAddress.getAllByName0(Unknown Source) ~[?:?]
kafka-3-1  | 2026-09-25T22:50:13.928290750Z 	at java.base/java.net.InetAddress.getAllByName(Unknown Source) ~[?:?]
kafka-3-1  | 2026-09-25T22:50:13.928291914Z 	at org.apache.kafka.clients.DefaultHostResolver.resolve(DefaultHostResolver.java:27) ~[kafka-clients-4.0.0.jar:?]
kafka-3-1  | 2026-09-25T22:50:13.928293122Z 	at org.apache.kafka.clients.ClientUtils.resolve(ClientUtils.java:125) ~[kafka-clients-4.0.0.jar:?]
kafka-3-1  | 2026-09-25T22:50:13.928294339Z 	at org.apache.kafka.clients.ClusterConnectionStates$NodeConnectionState.resolveAddresses(ClusterConnectionStates.java:536) ~[kafka-clients-4.0.0.jar:?]
kafka-3-1  | 2026-09-25T22:50:13.928295580Z 	at org.apache.kafka.clients.ClusterConnectionStates$NodeConnectionState.currentAddress(ClusterConnectionStates.java:511) ~[kafka-clients-4.0.0.jar:?]
kafka-3-1  | 2026-09-25T22:50:13.928296789Z 	at org.apache.kafka.clients.ClusterConnectionStates.currentAddress(ClusterConnectionStates.java:173) ~[kafka-clients-4.0.0.jar:?]
kafka-3-1  | 2026-09-25T22:50:13.928297987Z 	at org.apache.kafka.clients.NetworkClient.initiateConnect(NetworkClient.java:1140) ~[kafka-clients-4.0.0.jar:?]
kafka-3-1  | 2026-09-25T22:50:13.928299727Z 	at org.apache.kafka.clients.NetworkClient.ready(NetworkClient.java:368) ~[kafka-clients-4.0.0.jar:?]
kafka-3-1  | 2026-09-25T22:50:13.928300942Z 	at org.apache.kafka.clients.NetworkClientUtils.awaitReady(NetworkClientUtils.java:65) ~[kafka-clients-4.0.0.jar:?]
kafka-3-1  | 2026-09-25T22:50:13.928302135Z 	at kafka.server.BrokerBlockingSender.sendRequest(BrokerBlockingSender.scala:107) ~[kafka_2.13-4.0.0.jar:?]
kafka-3-1  | 2026-09-25T22:50:13.928303296Z 	at kafka.server.RemoteLeaderEndPoint.fetch(RemoteLeaderEndPoint.scala:76) ~[kafka_2.13-4.0.0.jar:?]
kafka-3-1  | 2026-09-25T22:50:13.928305111Z 	at kafka.server.AbstractFetcherThread.processFetchRequest(AbstractFetcherThread.scala:315) ~[kafka_2.13-4.0.0.jar:?]
kafka-3-1  | 2026-09-25T22:50:13.928306304Z 	at kafka.server.AbstractFetcherThread.$anonfun$maybeFetch$3(AbstractFetcherThread.scala:129) ~[kafka_2.13-4.0.0.jar:?]
kafka-3-1  | 2026-09-25T22:50:13.928307478Z 	at kafka.server.AbstractFetcherThread.$anonfun$maybeFetch$3$adapted(AbstractFetcherThread.scala:128) ~[kafka_2.13-4.0.0.jar:?]
kafka-3-1  | 2026-09-25T22:50:13.928308648Z 	at scala.Option.foreach(Option.scala:437) [scala-library-2.13.15.jar:?]
kafka-3-1  | 2026-09-25T22:50:13.928309762Z 	at kafka.server.AbstractFetcherThread.maybeFetch(AbstractFetcherThread.scala:128) [kafka_2.13-4.0.0.jar:?]
kafka-3-1  | 2026-09-25T22:50:13.928310927Z 	at kafka.server.AbstractFetcherThread.doWork(AbstractFetcherThread.scala:111) [kafka_2.13-4.0.0.jar:?]
kafka-3-1  | 2026-09-25T22:50:13.928312086Z 	at kafka.server.ReplicaFetcherThread.doWork(ReplicaFetcherThread.scala:96) [kafka_2.13-4.0.0.jar:?]
kafka-3-1  | 2026-09-25T22:50:13.928313235Z 	at org.apache.kafka.server.util.ShutdownableThread.run(ShutdownableThread.java:136) [kafka-server-common-4.0.0.jar:?]
kafka-3-1  | 2026-09-25T22:50:13.928314439Z [2026-09-25 22:50:13,922] INFO [ReplicaFetcher replicaId=3, leaderId=2, fetcherId=0] Client requested connection close from node 2 (org.apache.kafka.clients.NetworkClient)
kafka-3-1  | 2026-09-25T22:50:13.928315713Z [2026-09-25 22:50:13,922] INFO [ReplicaFetcher replicaId=3, leaderId=2, fetcherId=0] Error sending fetch request (sessionId=493315065, epoch=INITIAL) to node 2: (org.apache.kafka.clients.FetchSessionHandler)
kafka-3-1  | 2026-09-25T22:50:13.928318573Z java.io.IOException: Connection to kafka-2:9092 (id: 2 rack: null isFenced: false) failed.
kafka-3-1  | 2026-09-25T22:50:13.928319762Z 	at org.apache.kafka.clients.NetworkClientUtils.awaitReady(NetworkClientUtils.java:71) ~[kafka-clients-4.0.0.jar:?]
kafka-3-1  | 2026-09-25T22:50:13.928320942Z 	at kafka.server.BrokerBlockingSender.sendRequest(BrokerBlockingSender.scala:107) ~[kafka_2.13-4.0.0.jar:?]
kafka-3-1  | 2026-09-25T22:50:13.928322113Z 	at kafka.server.RemoteLeaderEndPoint.fetch(RemoteLeaderEndPoint.scala:76) ~[kafka_2.13-4.0.0.jar:?]
kafka-3-1  | 2026-09-25T22:50:13.928323253Z 	at kafka.server.AbstractFetcherThread.processFetchRequest(AbstractFetcherThread.scala:315) ~[kafka_2.13-4.0.0.jar:?]
kafka-3-1  | 2026-09-25T22:50:13.928324409Z 	at kafka.server.AbstractFetcherThread.$anonfun$maybeFetch$3(AbstractFetcherThread.scala:129) ~[kafka_2.13-4.0.0.jar:?]
kafka-3-1  | 2026-09-25T22:50:13.928325558Z 	at kafka.server.AbstractFetcherThread.$anonfun$maybeFetch$3$adapted(AbstractFetcherThread.scala:128) ~[kafka_2.13-4.0.0.jar:?]
kafka-3-1  | 2026-09-25T22:50:13.928326903Z 	at scala.Option.foreach(Option.scala:437) [scala-library-2.13.15.jar:?]
kafka-3-1  | 2026-09-25T22:50:13.928328080Z 	at kafka.server.AbstractFetcherThread.maybeFetch(AbstractFetcherThread.scala:128) [kafka_2.13-4.0.0.jar:?]
kafka-3-1  | 2026-09-25T22:50:13.928329281Z 	at kafka.server.AbstractFetcherThread.doWork(AbstractFetcherThread.scala:111) [kafka_2.13-4.0.0.jar:?]
kafka-3-1  | 2026-09-25T22:50:13.928330473Z 	at kafka.server.ReplicaFetcherThread.doWork(ReplicaFetcherThread.scala:96) [kafka_2.13-4.0.0.jar:?]
kafka-3-1  | 2026-09-25T22:50:13.928331656Z 	at org.apache.kafka.server.util.ShutdownableThread.run(ShutdownableThread.java:136) [kafka-server-common-4.0.0.jar:?]
kafka-3-1  | 2026-09-25T22:50:13.928332829Z [2026-09-25 22:50:13,922] INFO [ReplicaFetcherThread-0-2]: Stopped (kafka.server.ReplicaFetcherThread)
kafka-3-1  | 2026-09-25T22:50:13.928985462Z [2026-09-25 22:50:13,922] INFO [ReplicaFetcherThread-0-2]: Shutdown completed (kafka.server.ReplicaFetcherThread)
kafka-3-1  | 2026-09-25T22:50:13.934271000Z [2026-09-25 22:50:13,933] INFO [GroupCoordinator id=3] Scheduling loading of metadata from __consumer_offsets-13 with epoch 1 (org.apache.kafka.coordinator.common.runtime.CoordinatorRuntime)
kafka-3-1  | 2026-09-25T22:50:13.935010670Z [2026-09-25 22:50:13,934] INFO [GroupCoordinator id=3] Scheduling loading of metadata from __consumer_offsets-27 with epoch 1 (org.apache.kafka.coordinator.common.runtime.CoordinatorRuntime)
kafka-3-1  | 2026-09-25T22:50:13.935079683Z [2026-09-25 22:50:13,934] INFO [GroupCoordinator id=3] Scheduling loading of metadata from __consumer_offsets-44 with epoch 1 (org.apache.kafka.coordinator.common.runtime.CoordinatorRuntime)
kafka-3-1  | 2026-09-25T22:50:13.935191128Z [2026-09-25 22:50:13,935] INFO [GroupCoordinator id=3] Finished loading of metadata from __consumer_offsets-27 with epoch 1 in 0ms where 0ms was spent in the scheduler. Loaded 0 records which total to 0 bytes. (org.apache.kafka.coordinator.common.runtime.CoordinatorRuntime)
kafka-3-1  | 2026-09-25T22:50:13.935408434Z [2026-09-25 22:50:13,935] INFO [GroupCoordinator id=3] Finished loading of metadata from __consumer_offsets-13 with epoch 1 in 1ms where 1ms was spent in the scheduler. Loaded 0 records which total to 0 bytes. (org.apache.kafka.coordinator.common.runtime.CoordinatorRuntime)
kafka-3-1  | 2026-09-25T22:50:13.935891267Z [2026-09-25 22:50:13,935] INFO [GroupCoordinator id=3] Scheduling loading of metadata from __consumer_offsets-9 with epoch 1 (org.apache.kafka.coordinator.common.runtime.CoordinatorRuntime)
kafka-3-1  | 2026-09-25T22:50:13.935906413Z [2026-09-25 22:50:13,935] INFO [GroupCoordinator id=3] Finished loading of metadata from __consumer_offsets-44 with epoch 1 in 0ms where 0ms was spent in the scheduler. Loaded 0 records which total to 0 bytes. (org.apache.kafka.coordinator.common.runtime.CoordinatorRuntime)
kafka-3-1  | 2026-09-25T22:50:13.936381860Z [2026-09-25 22:50:13,936] INFO [GroupCoordinator id=3] Scheduling loading of metadata from __consumer_offsets-25 with epoch 1 (org.apache.kafka.coordinator.common.runtime.CoordinatorRuntime)
kafka-3-1  | 2026-09-25T22:50:13.936697036Z [2026-09-25 22:50:13,936] INFO [GroupCoordinator id=3] Scheduling loading of metadata from __consumer_offsets-41 with epoch 1 (org.apache.kafka.coordinator.common.runtime.CoordinatorRuntime)
kafka-3-1  | 2026-09-25T22:50:13.936710171Z [2026-09-25 22:50:13,936] INFO [GroupCoordinator id=3] Finished loading of metadata from __consumer_offsets-9 with epoch 1 in 0ms where 0ms was spent in the scheduler. Loaded 0 records which total to 0 bytes. (org.apache.kafka.coordinator.common.runtime.CoordinatorRuntime)
kafka-3-1  | 2026-09-25T22:50:13.937122626Z [2026-09-25 22:50:13,936] INFO [GroupCoordinator id=3] Scheduling loading of metadata from __consumer_offsets-8 with epoch 1 (org.apache.kafka.coordinator.common.runtime.CoordinatorRuntime)
kafka-3-1  | 2026-09-25T22:50:13.937131162Z [2026-09-25 22:50:13,936] INFO [GroupCoordinator id=3] Finished loading of metadata from __consumer_offsets-25 with epoch 1 in 0ms where 0ms was spent in the scheduler. Loaded 0 records which total to 0 bytes. (org.apache.kafka.coordinator.common.runtime.CoordinatorRuntime)
kafka-3-1  | 2026-09-25T22:50:13.937132993Z [2026-09-25 22:50:13,936] INFO [GroupCoordinator id=3] Finished loading of metadata from __consumer_offsets-41 with epoch 1 in 0ms where 0ms was spent in the scheduler. Loaded 0 records which total to 0 bytes. (org.apache.kafka.coordinator.common.runtime.CoordinatorRuntime)
kafka-3-1  | 2026-09-25T22:50:13.937592342Z [2026-09-25 22:50:13,937] INFO [GroupCoordinator id=3] Scheduling loading of metadata from __consumer_offsets-4 with epoch 1 (org.apache.kafka.coordinator.common.runtime.CoordinatorRuntime)
kafka-3-1  | 2026-09-25T22:50:13.937711118Z [2026-09-25 22:50:13,937] INFO [GroupCoordinator id=3] Scheduling loading of metadata from __consumer_offsets-1 with epoch 1 (org.apache.kafka.coordinator.common.runtime.CoordinatorRuntime)
kafka-3-1  | 2026-09-25T22:50:13.937834958Z [2026-09-25 22:50:13,937] INFO [GroupCoordinator id=3] Finished loading of metadata from __consumer_offsets-8 with epoch 1 in 0ms where 0ms was spent in the scheduler. Loaded 0 records which total to 0 bytes. (org.apache.kafka.coordinator.common.runtime.CoordinatorRuntime)
kafka-3-1  | 2026-09-25T22:50:13.937844783Z [2026-09-25 22:50:13,937] INFO [GroupCoordinator id=3] Finished loading of metadata from __consumer_offsets-4 with epoch 1 in 0ms where 0ms was spent in the scheduler. Loaded 0 records which total to 0 bytes. (org.apache.kafka.coordinator.common.runtime.CoordinatorRuntime)
kafka-3-1  | 2026-09-25T22:50:13.938062504Z [2026-09-25 22:50:13,937] INFO [GroupCoordinator id=3] Scheduling unloading of metadata for __consumer_offsets-47 with epoch OptionalInt[0] (org.apache.kafka.coordinator.common.runtime.CoordinatorRuntime)
kafka-3-1  | 2026-09-25T22:50:13.938069272Z [2026-09-25 22:50:13,937] INFO [GroupCoordinator id=3] Scheduling unloading of metadata for __consumer_offsets-16 with epoch OptionalInt[1] (org.apache.kafka.coordinator.common.runtime.CoordinatorRuntime)
kafka-3-1  | 2026-09-25T22:50:13.938075708Z [2026-09-25 22:50:13,937] INFO [GroupCoordinator id=3] Ignored unloading metadata for __consumer_offsets-47 in epoch OptionalInt[0] since metadata was never loaded. (org.apache.kafka.coordinator.common.runtime.CoordinatorRuntime)
kafka-3-1  | 2026-09-25T22:50:13.938077148Z [2026-09-25 22:50:13,937] INFO [GroupCoordinator id=3] Ignored unloading metadata for __consumer_offsets-16 in epoch OptionalInt[1] since metadata was never loaded. (org.apache.kafka.coordinator.common.runtime.CoordinatorRuntime)
kafka-3-1  | 2026-09-25T22:50:13.938179995Z [2026-09-25 22:50:13,938] INFO [GroupCoordinator id=3] Scheduling unloading of metadata for __consumer_offsets-48 with epoch OptionalInt[0] (org.apache.kafka.coordinator.common.runtime.CoordinatorRuntime)
kafka-3-1  | 2026-09-25T22:50:13.938443339Z [2026-09-25 22:50:13,938] INFO [GroupCoordinator id=3] Finished loading of metadata from __consumer_offsets-1 with epoch 1 in 0ms where 0ms was spent in the scheduler. Loaded 0 records which total to 0 bytes. (org.apache.kafka.coordinator.common.runtime.CoordinatorRuntime)
kafka-3-1  | 2026-09-25T22:50:13.938448414Z [2026-09-25 22:50:13,938] INFO [GroupCoordinator id=3] Ignored unloading metadata for __consumer_offsets-48 in epoch OptionalInt[0] since metadata was never loaded. (org.apache.kafka.coordinator.common.runtime.CoordinatorRuntime)
kafka-3-1  | 2026-09-25T22:50:13.938567603Z [2026-09-25 22:50:13,938] INFO [GroupCoordinator id=3] Scheduling unloading of metadata for __consumer_offsets-46 with epoch OptionalInt[1] (org.apache.kafka.coordinator.common.runtime.CoordinatorRuntime)
kafka-3-1  | 2026-09-25T22:50:13.938594136Z [2026-09-25 22:50:13,938] INFO [GroupCoordinator id=3] Ignored unloading metadata for __consumer_offsets-46 in epoch OptionalInt[1] since metadata was never loaded. (org.apache.kafka.coordinator.common.runtime.CoordinatorRuntime)
kafka-3-1  | 2026-09-25T22:50:13.938802032Z [2026-09-25 22:50:13,938] INFO [GroupCoordinator id=3] Scheduling unloading of metadata for __consumer_offsets-11 with epoch OptionalInt[0] (org.apache.kafka.coordinator.common.runtime.CoordinatorRuntime)
kafka-3-1  | 2026-09-25T22:50:13.938808121Z [2026-09-25 22:50:13,938] INFO [GroupCoordinator id=3] Scheduling unloading of metadata for __consumer_offsets-43 with epoch OptionalInt[0] (org.apache.kafka.coordinator.common.runtime.CoordinatorRuntime)
kafka-3-1  | 2026-09-25T22:50:13.938809661Z [2026-09-25 22:50:13,938] INFO [GroupCoordinator id=3] Scheduling unloading of metadata for __consumer_offsets-12 with epoch OptionalInt[0] (org.apache.kafka.coordinator.common.runtime.CoordinatorRuntime)
kafka-3-1  | 2026-09-25T22:50:13.939002700Z [2026-09-25 22:50:13,938] INFO [GroupCoordinator id=3] Scheduling unloading of metadata for __consumer_offsets-23 with epoch OptionalInt[1] (org.apache.kafka.coordinator.common.runtime.CoordinatorRuntime)
kafka-3-1  | 2026-09-25T22:50:13.939007472Z [2026-09-25 22:50:13,938] INFO [GroupCoordinator id=3] Ignored unloading metadata for __consumer_offsets-11 in epoch OptionalInt[0] since metadata was never loaded. (org.apache.kafka.coordinator.common.runtime.CoordinatorRuntime)
kafka-3-1  | 2026-09-25T22:50:13.939008929Z [2026-09-25 22:50:13,938] INFO [GroupCoordinator id=3] Ignored unloading metadata for __consumer_offsets-43 in epoch OptionalInt[0] since metadata was never loaded. (org.apache.kafka.coordinator.common.runtime.CoordinatorRuntime)
kafka-3-1  | 2026-09-25T22:50:13.939010269Z [2026-09-25 22:50:13,938] INFO [GroupCoordinator id=3] Ignored unloading metadata for __consumer_offsets-23 in epoch OptionalInt[1] since metadata was never loaded. (org.apache.kafka.coordinator.common.runtime.CoordinatorRuntime)
kafka-3-1  | 2026-09-25T22:50:13.939017897Z [2026-09-25 22:50:13,938] INFO [GroupCoordinator id=3] Scheduling unloading of metadata for __consumer_offsets-24 with epoch OptionalInt[0] (org.apache.kafka.coordinator.common.runtime.CoordinatorRuntime)
kafka-3-1  | 2026-09-25T22:50:13.939019213Z [2026-09-25 22:50:13,938] INFO [GroupCoordinator id=3] Ignored unloading metadata for __consumer_offsets-12 in epoch OptionalInt[0] since metadata was never loaded. (org.apache.kafka.coordinator.common.runtime.CoordinatorRuntime)
kafka-3-1  | 2026-09-25T22:50:13.940330540Z [2026-09-25 22:50:13,939] INFO [GroupCoordinator id=3] Scheduling unloading of metadata for __consumer_offsets-21 with epoch OptionalInt[0] (org.apache.kafka.coordinator.common.runtime.CoordinatorRuntime)
kafka-3-1  | 2026-09-25T22:50:13.940345476Z [2026-09-25 22:50:13,939] INFO [GroupCoordinator id=3] Scheduling unloading of metadata for __consumer_offsets-20 with epoch OptionalInt[1] (org.apache.kafka.coordinator.common.runtime.CoordinatorRuntime)
kafka-3-1  | 2026-09-25T22:50:13.940348951Z [2026-09-25 22:50:13,939] INFO [GroupCoordinator id=3] Scheduling unloading of metadata for __consumer_offsets-17 with epoch OptionalInt[0] (org.apache.kafka.coordinator.common.runtime.CoordinatorRuntime)
kafka-3-1  | 2026-09-25T22:50:13.940351536Z [2026-09-25 22:50:13,939] INFO [GroupCoordinator id=3] Scheduling unloading of metadata for __consumer_offsets-18 with epoch OptionalInt[0] (org.apache.kafka.coordinator.common.runtime.CoordinatorRuntime)
kafka-3-1  | 2026-09-25T22:50:13.940354084Z [2026-09-25 22:50:13,939] INFO [GroupCoordinator id=3] Scheduling unloading of metadata for __consumer_offsets-31 with epoch OptionalInt[0] (org.apache.kafka.coordinator.common.runtime.CoordinatorRuntime)
kafka-3-1  | 2026-09-25T22:50:13.940356520Z [2026-09-25 22:50:13,939] INFO [GroupCoordinator id=3] Scheduling unloading of metadata for __consumer_offsets-0 with epoch OptionalInt[0] (org.apache.kafka.coordinator.common.runtime.CoordinatorRuntime)
kafka-3-1  | 2026-09-25T22:50:13.940358859Z [2026-09-25 22:50:13,939] INFO [GroupCoordinator id=3] Scheduling unloading of metadata for __consumer_offsets-29 with epoch OptionalInt[0] (org.apache.kafka.coordinator.common.runtime.CoordinatorRuntime)
kafka-3-1  | 2026-09-25T22:50:13.940361223Z [2026-09-25 22:50:13,939] INFO [GroupCoordinator id=3] Scheduling unloading of metadata for __consumer_offsets-30 with epoch OptionalInt[1] (org.apache.kafka.coordinator.common.runtime.CoordinatorRuntime)
kafka-3-1  | 2026-09-25T22:50:13.940363578Z [2026-09-25 22:50:13,939] INFO [GroupCoordinator id=3] Scheduling unloading of metadata for __consumer_offsets-7 with epoch OptionalInt[0] (org.apache.kafka.coordinator.common.runtime.CoordinatorRuntime)
kafka-3-1  | 2026-09-25T22:50:13.940365925Z [2026-09-25 22:50:13,939] INFO [GroupCoordinator id=3] Scheduling unloading of metadata for __consumer_offsets-40 with epoch OptionalInt[0] (org.apache.kafka.coordinator.common.runtime.CoordinatorRuntime)
kafka-3-1  | 2026-09-25T22:50:13.940368743Z [2026-09-25 22:50:13,939] INFO [GroupCoordinator id=3] Scheduling unloading of metadata for __consumer_offsets-37 with epoch OptionalInt[0] (org.apache.kafka.coordinator.common.runtime.CoordinatorRuntime)
kafka-3-1  | 2026-09-25T22:50:13.940371160Z [2026-09-25 22:50:13,939] INFO [GroupCoordinator id=3] Scheduling unloading of metadata for __consumer_offsets-3 with epoch OptionalInt[0] (org.apache.kafka.coordinator.common.runtime.CoordinatorRuntime)
kafka-3-1  | 2026-09-25T22:50:13.940373553Z [2026-09-25 22:50:13,939] INFO [GroupCoordinator id=3] Scheduling unloading of metadata for __consumer_offsets-35 with epoch OptionalInt[0] (org.apache.kafka.coordinator.common.runtime.CoordinatorRuntime)
kafka-3-1  | 2026-09-25T22:50:13.940385767Z [2026-09-25 22:50:13,939] INFO [GroupCoordinator id=3] Scheduling unloading of metadata for __consumer_offsets-36 with epoch OptionalInt[1] (org.apache.kafka.coordinator.common.runtime.CoordinatorRuntime)
kafka-3-1  | 2026-09-25T22:50:13.940388537Z [2026-09-25 22:50:13,939] INFO [GroupCoordinator id=3] Scheduling unloading of metadata for __consumer_offsets-34 with epoch OptionalInt[1] (org.apache.kafka.coordinator.common.runtime.CoordinatorRuntime)
kafka-3-1  | 2026-09-25T22:50:13.940390953Z [2026-09-25 22:50:13,939] INFO [GroupCoordinator id=3] Ignored unloading metadata for __consumer_offsets-21 in epoch OptionalInt[0] since metadata was never loaded. (org.apache.kafka.coordinator.common.runtime.CoordinatorRuntime)
kafka-3-1  | 2026-09-25T22:50:13.940393358Z [2026-09-25 22:50:13,939] INFO [GroupCoordinator id=3] Ignored unloading metadata for __consumer_offsets-40 in epoch OptionalInt[0] since metadata was never loaded. (org.apache.kafka.coordinator.common.runtime.CoordinatorRuntime)
kafka-3-1  | 2026-09-25T22:50:13.940395788Z [2026-09-25 22:50:13,939] INFO [GroupCoordinator id=3] Ignored unloading metadata for __consumer_offsets-17 in epoch OptionalInt[0] since metadata was never loaded. (org.apache.kafka.coordinator.common.runtime.CoordinatorRuntime)
kafka-3-1  | 2026-09-25T22:50:13.940398167Z [2026-09-25 22:50:13,939] INFO [GroupCoordinator id=3] Ignored unloading metadata for __consumer_offsets-3 in epoch OptionalInt[0] since metadata was never loaded. (org.apache.kafka.coordinator.common.runtime.CoordinatorRuntime)
kafka-3-1  | 2026-09-25T22:50:13.940400862Z [2026-09-25 22:50:13,939] INFO [GroupCoordinator id=3] Ignored unloading metadata for __consumer_offsets-31 in epoch OptionalInt[0] since metadata was never loaded. (org.apache.kafka.coordinator.common.runtime.CoordinatorRuntime)
kafka-3-1  | 2026-09-25T22:50:13.940403329Z [2026-09-25 22:50:13,939] INFO [GroupCoordinator id=3] Ignored unloading metadata for __consumer_offsets-30 in epoch OptionalInt[1] since metadata was never loaded. (org.apache.kafka.coordinator.common.runtime.CoordinatorRuntime)
kafka-3-1  | 2026-09-25T22:50:13.940405700Z [2026-09-25 22:50:13,939] INFO [GroupCoordinator id=3] Ignored unloading metadata for __consumer_offsets-35 in epoch OptionalInt[0] since metadata was never loaded. (org.apache.kafka.coordinator.common.runtime.CoordinatorRuntime)
kafka-3-1  | 2026-09-25T22:50:13.940408107Z [2026-09-25 22:50:13,939] INFO [GroupCoordinator id=3] Ignored unloading metadata for __consumer_offsets-7 in epoch OptionalInt[0] since metadata was never loaded. (org.apache.kafka.coordinator.common.runtime.CoordinatorRuntime)
kafka-3-1  | 2026-09-25T22:50:13.940410457Z [2026-09-25 22:50:13,939] INFO [GroupCoordinator id=3] Ignored unloading metadata for __consumer_offsets-29 in epoch OptionalInt[0] since metadata was never loaded. (org.apache.kafka.coordinator.common.runtime.CoordinatorRuntime)
kafka-3-1  | 2026-09-25T22:50:13.940412839Z [2026-09-25 22:50:13,939] INFO [GroupCoordinator id=3] Ignored unloading metadata for __consumer_offsets-36 in epoch OptionalInt[1] since metadata was never loaded. (org.apache.kafka.coordinator.common.runtime.CoordinatorRuntime)
kafka-3-1  | 2026-09-25T22:50:13.940415197Z [2026-09-25 22:50:13,939] INFO [GroupCoordinator id=3] Ignored unloading metadata for __consumer_offsets-34 in epoch OptionalInt[1] since metadata was never loaded. (org.apache.kafka.coordinator.common.runtime.CoordinatorRuntime)
kafka-3-1  | 2026-09-25T22:50:13.940417570Z [2026-09-25 22:50:13,939] INFO [GroupCoordinator id=3] Ignored unloading metadata for __consumer_offsets-20 in epoch OptionalInt[1] since metadata was never loaded. (org.apache.kafka.coordinator.common.runtime.CoordinatorRuntime)
kafka-3-1  | 2026-09-25T22:50:13.940422977Z [2026-09-25 22:50:13,939] INFO [GroupCoordinator id=3] Ignored unloading metadata for __consumer_offsets-18 in epoch OptionalInt[0] since metadata was never loaded. (org.apache.kafka.coordinator.common.runtime.CoordinatorRuntime)
kafka-3-1  | 2026-09-25T22:50:13.940425796Z [2026-09-25 22:50:13,939] INFO [GroupCoordinator id=3] Ignored unloading metadata for __consumer_offsets-37 in epoch OptionalInt[0] since metadata was never loaded. (org.apache.kafka.coordinator.common.runtime.CoordinatorRuntime)
kafka-3-1  | 2026-09-25T22:50:13.940428316Z [2026-09-25 22:50:13,939] INFO [GroupCoordinator id=3] Ignored unloading metadata for __consumer_offsets-24 in epoch OptionalInt[0] since metadata was never loaded. (org.apache.kafka.coordinator.common.runtime.CoordinatorRuntime)
kafka-3-1  | 2026-09-25T22:50:13.940430704Z [2026-09-25 22:50:13,939] INFO [GroupCoordinator id=3] Ignored unloading metadata for __consumer_offsets-0 in epoch OptionalInt[0] since metadata was never loaded. (org.apache.kafka.coordinator.common.runtime.CoordinatorRuntime)
kafka-3-1  | 2026-09-25T22:50:53.833231375Z [2026-09-25 22:50:53,831] INFO [GroupCoordinator id=3] Scheduling unloading of metadata for __consumer_offsets-48 with epoch OptionalInt[0] (org.apache.kafka.coordinator.common.runtime.CoordinatorRuntime)
kafka-3-1  | 2026-09-25T22:50:53.834607635Z [2026-09-25 22:50:53,832] INFO [GroupCoordinator id=3] Ignored unloading metadata for __consumer_offsets-48 in epoch OptionalInt[0] since metadata was never loaded. (org.apache.kafka.coordinator.common.runtime.CoordinatorRuntime)
kafka-3-1  | 2026-09-25T22:50:53.837426527Z [2026-09-25 22:50:53,835] INFO [Partition __consumer_offsets-15 broker=3] ISR updated to 3,1,2  and version updated to 2 (kafka.cluster.Partition)
kafka-3-1  | 2026-09-25T22:50:53.869342485Z [2026-09-25 22:50:53,869] INFO [ReplicaFetcherManager on broker 3] Removed fetcher for partitions Set(__consumer_offsets-15) (kafka.server.ReplicaFetcherManager)
kafka-3-1  | 2026-09-25T22:50:53.870659402Z [2026-09-25 22:50:53,870] INFO [Partition __consumer_offsets-45 broker=3] ISR updated to 3,1,2  and version updated to 2 (kafka.cluster.Partition)
kafka-3-1  | 2026-09-25T22:50:53.870679654Z [2026-09-25 22:50:53,870] INFO [Partition __consumer_offsets-44 broker=3] ISR updated to 3,1,2  and version updated to 2 (kafka.cluster.Partition)
kafka-3-1  | 2026-09-25T22:50:53.870684411Z [2026-09-25 22:50:53,870] INFO [Partition __consumer_offsets-49 broker=3] ISR updated to 3,1,2  and version updated to 2 (kafka.cluster.Partition)
kafka-3-1  | 2026-09-25T22:50:53.870687384Z [2026-09-25 22:50:53,870] INFO [Partition __consumer_offsets-28 broker=3] ISR updated to 3,1,2  and version updated to 2 (kafka.cluster.Partition)
kafka-3-1  | 2026-09-25T22:50:53.870690278Z [2026-09-25 22:50:53,870] INFO [Partition __consumer_offsets-33 broker=3] ISR updated to 3,1,2  and version updated to 2 (kafka.cluster.Partition)
kafka-3-1  | 2026-09-25T22:50:53.870693097Z [2026-09-25 22:50:53,870] INFO [GroupCoordinator id=3] Scheduling unloading of metadata for __consumer_offsets-47 with epoch OptionalInt[0] (org.apache.kafka.coordinator.common.runtime.CoordinatorRuntime)
kafka-3-1  | 2026-09-25T22:50:53.871713230Z [2026-09-25 22:50:53,870] INFO [GroupCoordinator id=3] Scheduling unloading of metadata for __consumer_offsets-16 with epoch OptionalInt[1] (org.apache.kafka.coordinator.common.runtime.CoordinatorRuntime)
kafka-3-1  | 2026-09-25T22:50:53.871735255Z [2026-09-25 22:50:53,870] INFO [Partition __consumer_offsets-32 broker=3] ISR updated to 3,1,2  and version updated to 2 (kafka.cluster.Partition)
kafka-3-1  | 2026-09-25T22:50:53.871749856Z [2026-09-25 22:50:53,870] INFO [GroupCoordinator id=3] Scheduling unloading of metadata for __consumer_offsets-46 with epoch OptionalInt[1] (org.apache.kafka.coordinator.common.runtime.CoordinatorRuntime)
kafka-3-1  | 2026-09-25T22:50:53.871757077Z [2026-09-25 22:50:53,870] INFO [GroupCoordinator id=3] Scheduling unloading of metadata for __consumer_offsets-43 with epoch OptionalInt[0] (org.apache.kafka.coordinator.common.runtime.CoordinatorRuntime)
kafka-3-1  | 2026-09-25T22:50:53.871759913Z [2026-09-25 22:50:53,870] INFO [GroupCoordinator id=3] Scheduling unloading of metadata for __consumer_offsets-11 with epoch OptionalInt[0] (org.apache.kafka.coordinator.common.runtime.CoordinatorRuntime)
kafka-3-1  | 2026-09-25T22:50:53.871763073Z [2026-09-25 22:50:53,870] INFO [GroupCoordinator id=3] Scheduling unloading of metadata for __consumer_offsets-12 with epoch OptionalInt[0] (org.apache.kafka.coordinator.common.runtime.CoordinatorRuntime)
kafka-3-1  | 2026-09-25T22:50:53.871765822Z [2026-09-25 22:50:53,870] INFO [GroupCoordinator id=3] Scheduling unloading of metadata for __consumer_offsets-23 with epoch OptionalInt[1] (org.apache.kafka.coordinator.common.runtime.CoordinatorRuntime)
kafka-3-1  | 2026-09-25T22:50:53.871768549Z [2026-09-25 22:50:53,870] INFO [GroupCoordinator id=3] Scheduling unloading of metadata for __consumer_offsets-24 with epoch OptionalInt[0] (org.apache.kafka.coordinator.common.runtime.CoordinatorRuntime)
kafka-3-1  | 2026-09-25T22:50:53.871771213Z [2026-09-25 22:50:53,870] INFO [GroupCoordinator id=3] Scheduling unloading of metadata for __consumer_offsets-21 with epoch OptionalInt[0] (org.apache.kafka.coordinator.common.runtime.CoordinatorRuntime)
kafka-3-1  | 2026-09-25T22:50:53.871773837Z [2026-09-25 22:50:53,870] INFO [Partition __consumer_offsets-39 broker=3] ISR updated to 3,1,2  and version updated to 2 (kafka.cluster.Partition)
kafka-3-1  | 2026-09-25T22:50:53.871777660Z [2026-09-25 22:50:53,870] INFO [GroupCoordinator id=3] Scheduling unloading of metadata for __consumer_offsets-20 with epoch OptionalInt[1] (org.apache.kafka.coordinator.common.runtime.CoordinatorRuntime)
kafka-3-1  | 2026-09-25T22:50:53.871780515Z [2026-09-25 22:50:53,870] INFO [GroupCoordinator id=3] Scheduling unloading of metadata for __consumer_offsets-17 with epoch OptionalInt[0] (org.apache.kafka.coordinator.common.runtime.CoordinatorRuntime)
kafka-3-1  | 2026-09-25T22:50:53.871783182Z [2026-09-25 22:50:53,870] INFO [GroupCoordinator id=3] Scheduling unloading of metadata for __consumer_offsets-18 with epoch OptionalInt[0] (org.apache.kafka.coordinator.common.runtime.CoordinatorRuntime)
kafka-3-1  | 2026-09-25T22:50:53.871785932Z [2026-09-25 22:50:53,870] INFO [GroupCoordinator id=3] Scheduling unloading of metadata for __consumer_offsets-31 with epoch OptionalInt[0] (org.apache.kafka.coordinator.common.runtime.CoordinatorRuntime)
kafka-3-1  | 2026-09-25T22:50:53.871788553Z [2026-09-25 22:50:53,870] INFO [GroupCoordinator id=3] Scheduling unloading of metadata for __consumer_offsets-0 with epoch OptionalInt[0] (org.apache.kafka.coordinator.common.runtime.CoordinatorRuntime)
kafka-3-1  | 2026-09-25T22:50:53.871791184Z [2026-09-25 22:50:53,870] INFO [GroupCoordinator id=3] Scheduling unloading of metadata for __consumer_offsets-29 with epoch OptionalInt[0] (org.apache.kafka.coordinator.common.runtime.CoordinatorRuntime)
kafka-3-1  | 2026-09-25T22:50:53.871793829Z [2026-09-25 22:50:53,870] INFO [Partition __consumer_offsets-38 broker=3] ISR updated to 3,1,2  and version updated to 2 (kafka.cluster.Partition)
kafka-3-1  | 2026-09-25T22:50:53.871799770Z [2026-09-25 22:50:53,870] INFO [GroupCoordinator id=3] Scheduling unloading of metadata for __consumer_offsets-30 with epoch OptionalInt[1] (org.apache.kafka.coordinator.common.runtime.CoordinatorRuntime)
kafka-3-1  | 2026-09-25T22:50:53.871802632Z [2026-09-25 22:50:53,870] INFO [GroupCoordinator id=3] Scheduling unloading of metadata for __consumer_offsets-7 with epoch OptionalInt[0] (org.apache.kafka.coordinator.common.runtime.CoordinatorRuntime)
kafka-3-1  | 2026-09-25T22:50:53.871805236Z [2026-09-25 22:50:53,870] INFO [GroupCoordinator id=3] Scheduling unloading of metadata for __consumer_offsets-40 with epoch OptionalInt[0] (org.apache.kafka.coordinator.common.runtime.CoordinatorRuntime)
kafka-3-1  | 2026-09-25T22:50:53.871808627Z [2026-09-25 22:50:53,870] INFO [GroupCoordinator id=3] Scheduling unloading of metadata for __consumer_offsets-37 with epoch OptionalInt[0] (org.apache.kafka.coordinator.common.runtime.CoordinatorRuntime)
kafka-3-1  | 2026-09-25T22:50:53.871811431Z [2026-09-25 22:50:53,870] INFO [GroupCoordinator id=3] Scheduling unloading of metadata for __consumer_offsets-35 with epoch OptionalInt[0] (org.apache.kafka.coordinator.common.runtime.CoordinatorRuntime)
kafka-3-1  | 2026-09-25T22:50:53.871814166Z [2026-09-25 22:50:53,870] INFO [GroupCoordinator id=3] Scheduling unloading of metadata for __consumer_offsets-3 with epoch OptionalInt[0] (org.apache.kafka.coordinator.common.runtime.CoordinatorRuntime)
kafka-3-1  | 2026-09-25T22:50:53.871816829Z [2026-09-25 22:50:53,870] INFO [GroupCoordinator id=3] Scheduling unloading of metadata for __consumer_offsets-36 with epoch OptionalInt[1] (org.apache.kafka.coordinator.common.runtime.CoordinatorRuntime)
kafka-3-1  | 2026-09-25T22:50:53.871819487Z [2026-09-25 22:50:53,870] INFO [GroupCoordinator id=3] Scheduling unloading of metadata for __consumer_offsets-34 with epoch OptionalInt[1] (org.apache.kafka.coordinator.common.runtime.CoordinatorRuntime)
kafka-3-1  | 2026-09-25T22:50:53.871822062Z [2026-09-25 22:50:53,870] INFO [Partition __consumer_offsets-41 broker=3] ISR updated to 3,1,2  and version updated to 2 (kafka.cluster.Partition)
kafka-3-1  | 2026-09-25T22:50:53.871824558Z [2026-09-25 22:50:53,870] INFO [GroupCoordinator id=3] Ignored unloading metadata for __consumer_offsets-30 in epoch OptionalInt[1] since metadata was never loaded. (org.apache.kafka.coordinator.common.runtime.CoordinatorRuntime)
kafka-3-1  | 2026-09-25T22:50:53.871827205Z [2026-09-25 22:50:53,870] INFO [GroupCoordinator id=3] Ignored unloading metadata for __consumer_offsets-0 in epoch OptionalInt[0] since metadata was never loaded. (org.apache.kafka.coordinator.common.runtime.CoordinatorRuntime)
kafka-3-1  | 2026-09-25T22:50:53.871829779Z [2026-09-25 22:50:53,870] INFO [GroupCoordinator id=3] Ignored unloading metadata for __consumer_offsets-35 in epoch OptionalInt[0] since metadata was never loaded. (org.apache.kafka.coordinator.common.runtime.CoordinatorRuntime)
kafka-3-1  | 2026-09-25T22:50:53.871832451Z [2026-09-25 22:50:53,871] INFO [GroupCoordinator id=3] Ignored unloading metadata for __consumer_offsets-3 in epoch OptionalInt[0] since metadata was never loaded. (org.apache.kafka.coordinator.common.runtime.CoordinatorRuntime)
kafka-3-1  | 2026-09-25T22:50:53.871835509Z [2026-09-25 22:50:53,871] INFO [GroupCoordinator id=3] Ignored unloading metadata for __consumer_offsets-17 in epoch OptionalInt[0] since metadata was never loaded. (org.apache.kafka.coordinator.common.runtime.CoordinatorRuntime)
kafka-3-1  | 2026-09-25T22:50:53.871838269Z [2026-09-25 22:50:53,871] INFO [GroupCoordinator id=3] Ignored unloading metadata for __consumer_offsets-24 in epoch OptionalInt[0] since metadata was never loaded. (org.apache.kafka.coordinator.common.runtime.CoordinatorRuntime)
kafka-3-1  | 2026-09-25T22:50:53.871843374Z [2026-09-25 22:50:53,871] INFO [GroupCoordinator id=3] Ignored unloading metadata for __consumer_offsets-47 in epoch OptionalInt[0] since metadata was never loaded. (org.apache.kafka.coordinator.common.runtime.CoordinatorRuntime)
kafka-3-1  | 2026-09-25T22:50:53.871846174Z [2026-09-25 22:50:53,871] INFO [GroupCoordinator id=3] Ignored unloading metadata for __consumer_offsets-29 in epoch OptionalInt[0] since metadata was never loaded. (org.apache.kafka.coordinator.common.runtime.CoordinatorRuntime)
kafka-3-1  | 2026-09-25T22:50:53.871848768Z [2026-09-25 22:50:53,871] INFO [GroupCoordinator id=3] Ignored unloading metadata for __consumer_offsets-7 in epoch OptionalInt[0] since metadata was never loaded. (org.apache.kafka.coordinator.common.runtime.CoordinatorRuntime)
kafka-3-1  | 2026-09-25T22:50:53.871851527Z [2026-09-25 22:50:53,871] INFO [GroupCoordinator id=3] Ignored unloading metadata for __consumer_offsets-36 in epoch OptionalInt[1] since metadata was never loaded. (org.apache.kafka.coordinator.common.runtime.CoordinatorRuntime)
kafka-3-1  | 2026-09-25T22:50:53.871854196Z [2026-09-25 22:50:53,871] INFO [GroupCoordinator id=3] Ignored unloading metadata for __consumer_offsets-23 in epoch OptionalInt[1] since metadata was never loaded. (org.apache.kafka.coordinator.common.runtime.CoordinatorRuntime)
kafka-3-1  | 2026-09-25T22:50:53.871856867Z [2026-09-25 22:50:53,871] INFO [GroupCoordinator id=3] Ignored unloading metadata for __consumer_offsets-46 in epoch OptionalInt[1] since metadata was never loaded. (org.apache.kafka.coordinator.common.runtime.CoordinatorRuntime)
kafka-3-1  | 2026-09-25T22:50:53.871859502Z [2026-09-25 22:50:53,871] INFO [GroupCoordinator id=3] Ignored unloading metadata for __consumer_offsets-16 in epoch OptionalInt[1] since metadata was never loaded. (org.apache.kafka.coordinator.common.runtime.CoordinatorRuntime)
kafka-3-1  | 2026-09-25T22:50:53.871862535Z [2026-09-25 22:50:53,871] INFO [GroupCoordinator id=3] Ignored unloading metadata for __consumer_offsets-11 in epoch OptionalInt[0] since metadata was never loaded. (org.apache.kafka.coordinator.common.runtime.CoordinatorRuntime)
kafka-3-1  | 2026-09-25T22:50:53.871865368Z [2026-09-25 22:50:53,871] INFO [GroupCoordinator id=3] Ignored unloading metadata for __consumer_offsets-37 in epoch OptionalInt[0] since metadata was never loaded. (org.apache.kafka.coordinator.common.runtime.CoordinatorRuntime)
kafka-3-1  | 2026-09-25T22:50:53.871868127Z [2026-09-25 22:50:53,871] INFO [GroupCoordinator id=3] Ignored unloading metadata for __consumer_offsets-12 in epoch OptionalInt[0] since metadata was never loaded. (org.apache.kafka.coordinator.common.runtime.CoordinatorRuntime)
kafka-3-1  | 2026-09-25T22:50:53.871870779Z [2026-09-25 22:50:53,871] INFO [GroupCoordinator id=3] Ignored unloading metadata for __consumer_offsets-43 in epoch OptionalInt[0] since metadata was never loaded. (org.apache.kafka.coordinator.common.runtime.CoordinatorRuntime)
kafka-3-1  | 2026-09-25T22:50:53.871873442Z [2026-09-25 22:50:53,870] INFO [Partition __consumer_offsets-42 broker=3] ISR updated to 3,1,2  and version updated to 2 (kafka.cluster.Partition)
kafka-3-1  | 2026-09-25T22:50:53.871945918Z [2026-09-25 22:50:53,870] INFO [GroupCoordinator id=3] Ignored unloading metadata for __consumer_offsets-34 in epoch OptionalInt[1] since metadata was never loaded. (org.apache.kafka.coordinator.common.runtime.CoordinatorRuntime)
kafka-3-1  | 2026-09-25T22:50:53.871959172Z [2026-09-25 22:50:53,871] INFO [GroupCoordinator id=3] Ignored unloading metadata for __consumer_offsets-40 in epoch OptionalInt[0] since metadata was never loaded. (org.apache.kafka.coordinator.common.runtime.CoordinatorRuntime)
kafka-3-1  | 2026-09-25T22:50:53.871971817Z [2026-09-25 22:50:53,871] INFO [GroupCoordinator id=3] Ignored unloading metadata for __consumer_offsets-20 in epoch OptionalInt[1] since metadata was never loaded. (org.apache.kafka.coordinator.common.runtime.CoordinatorRuntime)
kafka-3-1  | 2026-09-25T22:50:53.871974990Z [2026-09-25 22:50:53,871] INFO [GroupCoordinator id=3] Ignored unloading metadata for __consumer_offsets-18 in epoch OptionalInt[0] since metadata was never loaded. (org.apache.kafka.coordinator.common.runtime.CoordinatorRuntime)
kafka-3-1  | 2026-09-25T22:50:53.871977843Z [2026-09-25 22:50:53,871] INFO [GroupCoordinator id=3] Ignored unloading metadata for __consumer_offsets-21 in epoch OptionalInt[0] since metadata was never loaded. (org.apache.kafka.coordinator.common.runtime.CoordinatorRuntime)
kafka-3-1  | 2026-09-25T22:50:53.871980628Z [2026-09-25 22:50:53,871] INFO [GroupCoordinator id=3] Ignored unloading metadata for __consumer_offsets-31 in epoch OptionalInt[0] since metadata was never loaded. (org.apache.kafka.coordinator.common.runtime.CoordinatorRuntime)
kafka-3-1  | 2026-09-25T22:50:53.872371056Z [2026-09-25 22:50:53,872] INFO [Partition __consumer_offsets-13 broker=3] ISR updated to 3,1,2  and version updated to 2 (kafka.cluster.Partition)
kafka-3-1  | 2026-09-25T22:50:53.872616386Z [2026-09-25 22:50:53,872] INFO [Partition __consumer_offsets-14 broker=3] ISR updated to 3,1,2  and version updated to 2 (kafka.cluster.Partition)
kafka-3-1  | 2026-09-25T22:50:53.872631921Z [2026-09-25 22:50:53,872] INFO [Partition __consumer_offsets-19 broker=3] ISR updated to 3,1,2  and version updated to 2 (kafka.cluster.Partition)
kafka-3-1  | 2026-09-25T22:50:53.872697946Z [2026-09-25 22:50:53,872] INFO [Partition __consumer_offsets-22 broker=3] ISR updated to 3,1,2  and version updated to 2 (kafka.cluster.Partition)
kafka-3-1  | 2026-09-25T22:50:53.872889243Z [2026-09-25 22:50:53,872] INFO [Partition __consumer_offsets-25 broker=3] ISR updated to 3,1,2  and version updated to 2 (kafka.cluster.Partition)
kafka-3-1  | 2026-09-25T22:50:53.873001569Z [2026-09-25 22:50:53,872] INFO [Partition __consumer_offsets-27 broker=3] ISR updated to 3,1,2  and version updated to 2 (kafka.cluster.Partition)
kafka-3-1  | 2026-09-25T22:50:53.873121619Z [2026-09-25 22:50:53,873] INFO [Partition __consumer_offsets-26 broker=3] ISR updated to 3,1,2  and version updated to 2 (kafka.cluster.Partition)
kafka-3-1  | 2026-09-25T22:50:53.873423749Z [2026-09-25 22:50:53,873] INFO [Partition dados-sensores-0 broker=3] ISR updated to 3,1,2  and version updated to 2 (kafka.cluster.Partition)
kafka-3-1  | 2026-09-25T22:50:53.873600782Z [2026-09-25 22:50:53,873] INFO [Partition dados-sensores-1 broker=3] ISR updated to 3,1,2  and version updated to 2 (kafka.cluster.Partition)
kafka-3-1  | 2026-09-25T22:50:53.873605054Z [2026-09-25 22:50:53,873] INFO [Partition __consumer_offsets-1 broker=3] ISR updated to 3,1,2  and version updated to 2 (kafka.cluster.Partition)
kafka-3-1  | 2026-09-25T22:50:53.873607827Z [2026-09-25 22:50:53,873] INFO [Partition dados-sensores-3 broker=3] ISR updated to 3,1,2  and version updated to 2 (kafka.cluster.Partition)
kafka-3-1  | 2026-09-25T22:50:53.873787252Z [2026-09-25 22:50:53,873] INFO [Partition __consumer_offsets-2 broker=3] ISR updated to 3,1,2  and version updated to 2 (kafka.cluster.Partition)
kafka-3-1  | 2026-09-25T22:50:53.874092986Z [2026-09-25 22:50:53,873] INFO [Partition dados-sensores-5 broker=3] ISR updated to 3,1,2  and version updated to 2 (kafka.cluster.Partition)
kafka-3-1  | 2026-09-25T22:50:53.874097306Z [2026-09-25 22:50:53,873] INFO [Partition __consumer_offsets-5 broker=3] ISR updated to 3,1,2  and version updated to 2 (kafka.cluster.Partition)
kafka-3-1  | 2026-09-25T22:50:53.874098664Z [2026-09-25 22:50:53,874] INFO [Partition __consumer_offsets-4 broker=3] ISR updated to 3,1,2  and version updated to 2 (kafka.cluster.Partition)
kafka-3-1  | 2026-09-25T22:50:53.874351735Z [2026-09-25 22:50:53,874] INFO [Partition __consumer_offsets-6 broker=3] ISR updated to 3,1,2  and version updated to 2 (kafka.cluster.Partition)
kafka-3-1  | 2026-09-25T22:50:53.874355519Z [2026-09-25 22:50:53,874] INFO [Partition __consumer_offsets-9 broker=3] ISR updated to 3,1,2  and version updated to 2 (kafka.cluster.Partition)
kafka-3-1  | 2026-09-25T22:50:53.874396663Z [2026-09-25 22:50:53,874] INFO [Partition __consumer_offsets-8 broker=3] ISR updated to 3,1,2  and version updated to 2 (kafka.cluster.Partition)
kafka-3-1  | 2026-09-25T22:50:53.874487794Z [2026-09-25 22:50:53,874] INFO [Partition __consumer_offsets-10 broker=3] ISR updated to 3,1,2  and version updated to 2 (kafka.cluster.Partition)
kafka-3-1  | 2026-09-25T22:50:53.965435397Z [2026-09-25 22:50:53,964] INFO [ReplicaFetcherManager on broker 3] Removed fetcher for partitions Set(__consumer_offsets-13, __consumer_offsets-44, __consumer_offsets-9, __consumer_offsets-42, __consumer_offsets-19, __consumer_offsets-32, __consumer_offsets-28, __consumer_offsets-26, __consumer_offsets-5, __consumer_offsets-38, dados-sensores-0, __consumer_offsets-1, __consumer_offsets-45, __consumer_offsets-14, __consumer_offsets-41, __consumer_offsets-10, __consumer_offsets-22, __consumer_offsets-49, dados-sensores-5, __consumer_offsets-27, __consumer_offsets-25, __consumer_offsets-39, __consumer_offsets-8, __consumer_offsets-6, dados-sensores-1, __consumer_offsets-4, dados-sensores-3, __consumer_offsets-33, __consumer_offsets-2) (kafka.server.ReplicaFetcherManager)
kafka-3-1  | 2026-09-25T22:51:19.013350112Z [2026-09-25 22:51:19,012] INFO [NodeToControllerChannelManager id=3 name=alter-partition] Node 1 disconnected. (org.apache.kafka.clients.NetworkClient)
kafka-3-1  | 2026-09-25T22:51:19.013359776Z [2026-09-25 22:51:19,012] INFO [NodeToControllerChannelManager id=3 name=forwarding] Node 1 disconnected. (org.apache.kafka.clients.NetworkClient)
kafka-3-1  | 2026-09-25T22:51:19.013362842Z [2026-09-25 22:51:19,012] INFO [ReplicaFetcher replicaId=3, leaderId=1, fetcherId=0] Node 1 disconnected. (org.apache.kafka.clients.NetworkClient)
kafka-3-1  | 2026-09-25T22:51:19.013365619Z [2026-09-25 22:51:19,013] INFO [ReplicaFetcher replicaId=3, leaderId=1, fetcherId=0] Cancelled in-flight FETCH request with correlation id 1001 due to node 1 being disconnected (elapsed time since creation: 23ms, elapsed time since send: 23ms, throttle time: 0ms, request timeout: 30000ms) (org.apache.kafka.clients.NetworkClient)
kafka-3-1  | 2026-09-25T22:51:19.013847608Z [2026-09-25 22:51:19,013] INFO [NodeToControllerChannelManager id=3 name=heartbeat] Node 1 disconnected. (org.apache.kafka.clients.NetworkClient)
kafka-3-1  | 2026-09-25T22:51:19.013850073Z [2026-09-25 22:51:19,013] INFO [NodeToControllerChannelManager id=3 name=registration] Node 1 disconnected. (org.apache.kafka.clients.NetworkClient)
kafka-3-1  | 2026-09-25T22:51:19.014663582Z [2026-09-25 22:51:19,014] INFO [RaftManager id=3] Node 1 disconnected. (org.apache.kafka.clients.NetworkClient)
kafka-3-1  | 2026-09-25T22:51:19.014668388Z [2026-09-25 22:51:19,014] INFO [RaftManager id=3] Cancelled in-flight FETCH request with correlation id 404 due to node 1 being disconnected (elapsed time since creation: 36ms, elapsed time since send: 36ms, throttle time: 0ms, request timeout: 2000ms) (org.apache.kafka.clients.NetworkClient)
kafka-3-1  | 2026-09-25T22:51:19.016354148Z [2026-09-25 22:51:19,014] INFO [ReplicaFetcher replicaId=3, leaderId=1, fetcherId=0] Client requested connection close from node 1 (org.apache.kafka.clients.NetworkClient)
kafka-3-1  | 2026-09-25T22:51:19.016380109Z [2026-09-25 22:51:19,014] INFO [ReplicaFetcher replicaId=3, leaderId=1, fetcherId=0] Error sending fetch request (sessionId=63179424, epoch=1001) to node 1: (org.apache.kafka.clients.FetchSessionHandler)
kafka-3-1  | 2026-09-25T22:51:19.016382616Z java.io.IOException: Connection to 1 was disconnected before the response was read
kafka-3-1  | 2026-09-25T22:51:19.016383903Z 	at org.apache.kafka.clients.NetworkClientUtils.sendAndReceive(NetworkClientUtils.java:111) ~[kafka-clients-4.0.0.jar:?]
kafka-3-1  | 2026-09-25T22:51:19.016385912Z 	at kafka.server.BrokerBlockingSender.sendRequest(BrokerBlockingSender.scala:112) ~[kafka_2.13-4.0.0.jar:?]
kafka-3-1  | 2026-09-25T22:51:19.016387127Z 	at kafka.server.RemoteLeaderEndPoint.fetch(RemoteLeaderEndPoint.scala:76) ~[kafka_2.13-4.0.0.jar:?]
kafka-3-1  | 2026-09-25T22:51:19.016388299Z 	at kafka.server.AbstractFetcherThread.processFetchRequest(AbstractFetcherThread.scala:315) ~[kafka_2.13-4.0.0.jar:?]
kafka-3-1  | 2026-09-25T22:51:19.016389479Z 	at kafka.server.AbstractFetcherThread.$anonfun$maybeFetch$3(AbstractFetcherThread.scala:129) ~[kafka_2.13-4.0.0.jar:?]
kafka-3-1  | 2026-09-25T22:51:19.016390661Z 	at kafka.server.AbstractFetcherThread.$anonfun$maybeFetch$3$adapted(AbstractFetcherThread.scala:128) ~[kafka_2.13-4.0.0.jar:?]
kafka-3-1  | 2026-09-25T22:51:19.016391849Z 	at scala.Option.foreach(Option.scala:437) [scala-library-2.13.15.jar:?]
kafka-3-1  | 2026-09-25T22:51:19.016392992Z 	at kafka.server.AbstractFetcherThread.maybeFetch(AbstractFetcherThread.scala:128) [kafka_2.13-4.0.0.jar:?]
kafka-3-1  | 2026-09-25T22:51:19.016394155Z 	at kafka.server.AbstractFetcherThread.doWork(AbstractFetcherThread.scala:111) [kafka_2.13-4.0.0.jar:?]
kafka-3-1  | 2026-09-25T22:51:19.016395340Z 	at kafka.server.ReplicaFetcherThread.doWork(ReplicaFetcherThread.scala:96) [kafka_2.13-4.0.0.jar:?]
kafka-3-1  | 2026-09-25T22:51:19.016396585Z 	at org.apache.kafka.server.util.ShutdownableThread.run(ShutdownableThread.java:136) [kafka-server-common-4.0.0.jar:?]
kafka-3-1  | 2026-09-25T22:51:19.017255005Z [2026-09-25 22:51:19,016] WARN [ReplicaFetcher replicaId=3, leaderId=1, fetcherId=0] Error in response for fetch request (type=FetchRequest, replicaId=3, maxWait=500, minBytes=1, maxBytes=10485760, fetchData={dados-sensores-2=PartitionData(topicId=bpNag2Q4SrSHzixJwrCS8Q, fetchOffset=863, logStartOffset=0, maxBytes=1048576, currentLeaderEpoch=Optional[0], lastFetchedEpoch=Optional[0])}, isolationLevel=read_uncommitted, removed=, replaced=, metadata=(sessionId=63179424, epoch=1001), rackId=) (kafka.server.ReplicaFetcherThread)
kafka-3-1  | 2026-09-25T22:51:19.017280777Z java.io.IOException: Connection to 1 was disconnected before the response was read
kafka-3-1  | 2026-09-25T22:51:19.017282179Z 	at org.apache.kafka.clients.NetworkClientUtils.sendAndReceive(NetworkClientUtils.java:111) ~[kafka-clients-4.0.0.jar:?]
kafka-3-1  | 2026-09-25T22:51:19.017283556Z 	at kafka.server.BrokerBlockingSender.sendRequest(BrokerBlockingSender.scala:112) ~[kafka_2.13-4.0.0.jar:?]
kafka-3-1  | 2026-09-25T22:51:19.017284776Z 	at kafka.server.RemoteLeaderEndPoint.fetch(RemoteLeaderEndPoint.scala:76) ~[kafka_2.13-4.0.0.jar:?]
kafka-3-1  | 2026-09-25T22:51:19.017294815Z 	at kafka.server.AbstractFetcherThread.processFetchRequest(AbstractFetcherThread.scala:315) ~[kafka_2.13-4.0.0.jar:?]
kafka-3-1  | 2026-09-25T22:51:19.017296105Z 	at kafka.server.AbstractFetcherThread.$anonfun$maybeFetch$3(AbstractFetcherThread.scala:129) ~[kafka_2.13-4.0.0.jar:?]
kafka-3-1  | 2026-09-25T22:51:19.017297317Z 	at kafka.server.AbstractFetcherThread.$anonfun$maybeFetch$3$adapted(AbstractFetcherThread.scala:128) ~[kafka_2.13-4.0.0.jar:?]
kafka-3-1  | 2026-09-25T22:51:19.017298544Z 	at scala.Option.foreach(Option.scala:437) [scala-library-2.13.15.jar:?]
kafka-3-1  | 2026-09-25T22:51:19.017299694Z 	at kafka.server.AbstractFetcherThread.maybeFetch(AbstractFetcherThread.scala:128) [kafka_2.13-4.0.0.jar:?]
kafka-3-1  | 2026-09-25T22:51:19.017300894Z 	at kafka.server.AbstractFetcherThread.doWork(AbstractFetcherThread.scala:111) [kafka_2.13-4.0.0.jar:?]
kafka-3-1  | 2026-09-25T22:51:19.017302077Z 	at kafka.server.ReplicaFetcherThread.doWork(ReplicaFetcherThread.scala:96) [kafka_2.13-4.0.0.jar:?]
kafka-3-1  | 2026-09-25T22:51:19.017303260Z 	at org.apache.kafka.server.util.ShutdownableThread.run(ShutdownableThread.java:136) [kafka-server-common-4.0.0.jar:?]
kafka-3-1  | 2026-09-25T22:51:20.971923289Z [2026-09-25 22:51:20,971] INFO [RaftManager id=3] Transitioning to Prospective state due to fetch timeout (org.apache.kafka.raft.KafkaRaftClient)
kafka-3-1  | 2026-09-25T22:51:20.974814037Z [2026-09-25 22:51:20,973] INFO [RaftManager id=3] Completed transition to ProspectiveState(epoch=2, leaderId=OptionalInt[1], retries=1, votedKey=Optional[ReplicaKey(id=1, directoryId=wTaYJkC9-g6QI1prbVCnFQ)], epochElection=EpochElection(voterStates={1=VoterState(replicaKey=ReplicaKey(id=1, directoryId=<undefined>), state=UNRECORDED), 2=VoterState(replicaKey=ReplicaKey(id=2, directoryId=<undefined>), state=UNRECORDED), 3=VoterState(replicaKey=ReplicaKey(id=3, directoryId=<undefined>), state=GRANTED)}), electionTimeoutMs=1742, highWatermark=Optional[LogOffsetMetadata(offset=497, metadata=Optional.empty)]) from FollowerState(fetchTimeoutMs=2000, epoch=2, leader=1, leaderEndpoints=Endpoints(endpoints={ListenerName(CONTROLLER)=kafka-1/<unresolved>:9093}), votedKey=Optional[ReplicaKey(id=1, directoryId=wTaYJkC9-g6QI1prbVCnFQ)], voters=[1, 2, 3], highWatermark=Optional[LogOffsetMetadata(offset=497, metadata=Optional.empty)], fetchingSnapshot=Optional.empty) (org.apache.kafka.raft.QuorumState)
kafka-3-1  | 2026-09-25T22:51:20.977819601Z [2026-09-25 22:51:20,977] INFO [RaftManager id=3] Vote request VoteRequestData(clusterId='5L6g3nShT-eMCtK--X86sw', voterId=3, topics=[TopicData(topicName='__cluster_metadata', partitions=[PartitionData(partitionIndex=0, replicaEpoch=2, replicaId=2, replicaDirectoryId=zeqLTh4jufRaNO71n4EJ_g, voterDirectoryId=AAAAAAAAAAAAAAAAAAAAAA, lastOffsetEpoch=2, lastOffset=498, preVote=true)])]) with epoch 2 is granted (org.apache.kafka.raft.KafkaRaftClient)
kafka-3-1  | 2026-09-25T22:51:20.984514526Z [2026-09-25 22:51:20,984] INFO [RaftManager id=3] Attempting durable transition to CandidateState(localId=3, localDirectoryId=8UF3920IgitHE0H0GuJcUw, epoch=3, retries=1, epochElection=EpochElection(voterStates={1=VoterState(replicaKey=ReplicaKey(id=1, directoryId=<undefined>), state=UNRECORDED), 2=VoterState(replicaKey=ReplicaKey(id=2, directoryId=<undefined>), state=UNRECORDED), 3=VoterState(replicaKey=ReplicaKey(id=3, directoryId=<undefined>), state=GRANTED)}), highWatermark=Optional[LogOffsetMetadata(offset=497, metadata=Optional.empty)], electionTimeoutMs=1151) from ProspectiveState(epoch=2, leaderId=OptionalInt[1], retries=1, votedKey=Optional[ReplicaKey(id=1, directoryId=wTaYJkC9-g6QI1prbVCnFQ)], epochElection=EpochElection(voterStates={1=VoterState(replicaKey=ReplicaKey(id=1, directoryId=<undefined>), state=UNRECORDED), 2=VoterState(replicaKey=ReplicaKey(id=2, directoryId=<undefined>), state=GRANTED), 3=VoterState(replicaKey=ReplicaKey(id=3, directoryId=<undefined>), state=GRANTED)}), electionTimeoutMs=1742, highWatermark=Optional[LogOffsetMetadata(offset=497, metadata=Optional.empty)]) (org.apache.kafka.raft.QuorumState)
kafka-3-1  | 2026-09-25T22:51:20.994605708Z [2026-09-25 22:51:20,994] INFO [RaftManager id=3] Completed transition to CandidateState(localId=3, localDirectoryId=8UF3920IgitHE0H0GuJcUw, epoch=3, retries=1, epochElection=EpochElection(voterStates={1=VoterState(replicaKey=ReplicaKey(id=1, directoryId=<undefined>), state=UNRECORDED), 2=VoterState(replicaKey=ReplicaKey(id=2, directoryId=<undefined>), state=UNRECORDED), 3=VoterState(replicaKey=ReplicaKey(id=3, directoryId=<undefined>), state=GRANTED)}), highWatermark=Optional[LogOffsetMetadata(offset=497, metadata=Optional.empty)], electionTimeoutMs=1151) from ProspectiveState(epoch=2, leaderId=OptionalInt[1], retries=1, votedKey=Optional[ReplicaKey(id=1, directoryId=wTaYJkC9-g6QI1prbVCnFQ)], epochElection=EpochElection(voterStates={1=VoterState(replicaKey=ReplicaKey(id=1, directoryId=<undefined>), state=UNRECORDED), 2=VoterState(replicaKey=ReplicaKey(id=2, directoryId=<undefined>), state=GRANTED), 3=VoterState(replicaKey=ReplicaKey(id=3, directoryId=<undefined>), state=GRANTED)}), electionTimeoutMs=1742, highWatermark=Optional[LogOffsetMetadata(offset=497, metadata=Optional.empty)]) (org.apache.kafka.raft.QuorumState)
kafka-3-1  | 2026-09-25T22:51:20.995195277Z [2026-09-25 22:51:20,994] INFO [RaftManager id=3] Vote request VoteRequestData(clusterId='5L6g3nShT-eMCtK--X86sw', voterId=3, topics=[TopicData(topicName='__cluster_metadata', partitions=[PartitionData(partitionIndex=0, replicaEpoch=3, replicaId=2, replicaDirectoryId=zeqLTh4jufRaNO71n4EJ_g, voterDirectoryId=AAAAAAAAAAAAAAAAAAAAAA, lastOffsetEpoch=2, lastOffset=498, preVote=false)])]) with epoch 3 is rejected (org.apache.kafka.raft.KafkaRaftClient)
kafka-3-1  | 2026-09-25T22:51:21.536835106Z [2026-09-25 22:51:21,535] INFO [BrokerLifecycleManager id=3] Unable to send a heartbeat because the RPC got timed out before it could be sent. (kafka.server.BrokerLifecycleManager)
kafka-3-1  | 2026-09-25T22:51:22.135184463Z [2026-09-25 22:51:22,134] INFO [RaftManager id=3] Election was not granted, transitioning to prospective (org.apache.kafka.raft.KafkaRaftClient)
kafka-3-1  | 2026-09-25T22:51:22.135373989Z [2026-09-25 22:51:22,135] INFO [RaftManager id=3] Completed transition to ProspectiveState(epoch=3, leaderId=OptionalInt.empty, retries=2, votedKey=Optional[ReplicaKey(id=3, directoryId=8UF3920IgitHE0H0GuJcUw)], epochElection=EpochElection(voterStates={1=VoterState(replicaKey=ReplicaKey(id=1, directoryId=<undefined>), state=UNRECORDED), 2=VoterState(replicaKey=ReplicaKey(id=2, directoryId=<undefined>), state=UNRECORDED), 3=VoterState(replicaKey=ReplicaKey(id=3, directoryId=<undefined>), state=GRANTED)}), electionTimeoutMs=1297, highWatermark=Optional[LogOffsetMetadata(offset=497, metadata=Optional.empty)]) from CandidateState(localId=3, localDirectoryId=8UF3920IgitHE0H0GuJcUw, epoch=3, retries=1, epochElection=EpochElection(voterStates={1=VoterState(replicaKey=ReplicaKey(id=1, directoryId=<undefined>), state=UNRECORDED), 2=VoterState(replicaKey=ReplicaKey(id=2, directoryId=<undefined>), state=REJECTED), 3=VoterState(replicaKey=ReplicaKey(id=3, directoryId=<undefined>), state=GRANTED)}), highWatermark=Optional[LogOffsetMetadata(offset=497, metadata=Optional.empty)], electionTimeoutMs=1151) (org.apache.kafka.raft.QuorumState)
kafka-3-1  | 2026-09-25T22:51:22.137640808Z [2026-09-25 22:51:22,137] INFO [RaftManager id=3] Attempting durable transition to CandidateState(localId=3, localDirectoryId=8UF3920IgitHE0H0GuJcUw, epoch=4, retries=2, epochElection=EpochElection(voterStates={1=VoterState(replicaKey=ReplicaKey(id=1, directoryId=<undefined>), state=UNRECORDED), 2=VoterState(replicaKey=ReplicaKey(id=2, directoryId=<undefined>), state=UNRECORDED), 3=VoterState(replicaKey=ReplicaKey(id=3, directoryId=<undefined>), state=GRANTED)}), highWatermark=Optional[LogOffsetMetadata(offset=497, metadata=Optional.empty)], electionTimeoutMs=1654) from ProspectiveState(epoch=3, leaderId=OptionalInt.empty, retries=2, votedKey=Optional[ReplicaKey(id=3, directoryId=8UF3920IgitHE0H0GuJcUw)], epochElection=EpochElection(voterStates={1=VoterState(replicaKey=ReplicaKey(id=1, directoryId=<undefined>), state=UNRECORDED), 2=VoterState(replicaKey=ReplicaKey(id=2, directoryId=<undefined>), state=GRANTED), 3=VoterState(replicaKey=ReplicaKey(id=3, directoryId=<undefined>), state=GRANTED)}), electionTimeoutMs=1297, highWatermark=Optional[LogOffsetMetadata(offset=497, metadata=Optional.empty)]) (org.apache.kafka.raft.QuorumState)
kafka-3-1  | 2026-09-25T22:51:22.144420791Z [2026-09-25 22:51:22,144] INFO [RaftManager id=3] Completed transition to CandidateState(localId=3, localDirectoryId=8UF3920IgitHE0H0GuJcUw, epoch=4, retries=2, epochElection=EpochElection(voterStates={1=VoterState(replicaKey=ReplicaKey(id=1, directoryId=<undefined>), state=UNRECORDED), 2=VoterState(replicaKey=ReplicaKey(id=2, directoryId=<undefined>), state=UNRECORDED), 3=VoterState(replicaKey=ReplicaKey(id=3, directoryId=<undefined>), state=GRANTED)}), highWatermark=Optional[LogOffsetMetadata(offset=497, metadata=Optional.empty)], electionTimeoutMs=1654) from ProspectiveState(epoch=3, leaderId=OptionalInt.empty, retries=2, votedKey=Optional[ReplicaKey(id=3, directoryId=8UF3920IgitHE0H0GuJcUw)], epochElection=EpochElection(voterStates={1=VoterState(replicaKey=ReplicaKey(id=1, directoryId=<undefined>), state=UNRECORDED), 2=VoterState(replicaKey=ReplicaKey(id=2, directoryId=<undefined>), state=GRANTED), 3=VoterState(replicaKey=ReplicaKey(id=3, directoryId=<undefined>), state=GRANTED)}), electionTimeoutMs=1297, highWatermark=Optional[LogOffsetMetadata(offset=497, metadata=Optional.empty)]) (org.apache.kafka.raft.QuorumState)
kafka-3-1  | 2026-09-25T22:51:22.155943545Z [2026-09-25 22:51:22,155] INFO [RaftManager id=3] Attempting durable transition to Leader(localReplicaKey=ReplicaKey(id=3, directoryId=8UF3920IgitHE0H0GuJcUw), epoch=4, epochStartOffset=498, highWatermark=Optional.empty, voterStates={1=ReplicaState(replicaKey=ReplicaKey(id=1, directoryId=<undefined>), endOffset=Optional.empty, lastFetchTimestamp=-1, lastCaughtUpTimestamp=-1, hasAcknowledgedLeader=false), 2=ReplicaState(replicaKey=ReplicaKey(id=2, directoryId=<undefined>), endOffset=Optional.empty, lastFetchTimestamp=-1, lastCaughtUpTimestamp=-1, hasAcknowledgedLeader=false), 3=ReplicaState(replicaKey=ReplicaKey(id=3, directoryId=<undefined>), endOffset=Optional.empty, lastFetchTimestamp=-1, lastCaughtUpTimestamp=-1, hasAcknowledgedLeader=true)}) from CandidateState(localId=3, localDirectoryId=8UF3920IgitHE0H0GuJcUw, epoch=4, retries=2, epochElection=EpochElection(voterStates={1=VoterState(replicaKey=ReplicaKey(id=1, directoryId=<undefined>), state=UNRECORDED), 2=VoterState(replicaKey=ReplicaKey(id=2, directoryId=<undefined>), state=GRANTED), 3=VoterState(replicaKey=ReplicaKey(id=3, directoryId=<undefined>), state=GRANTED)}), highWatermark=Optional[LogOffsetMetadata(offset=497, metadata=Optional.empty)], electionTimeoutMs=1654) (org.apache.kafka.raft.QuorumState)
kafka-3-1  | 2026-09-25T22:51:22.158898995Z [2026-09-25 22:51:22,158] INFO [RaftManager id=3] Completed transition to Leader(localReplicaKey=ReplicaKey(id=3, directoryId=8UF3920IgitHE0H0GuJcUw), epoch=4, epochStartOffset=498, highWatermark=Optional.empty, voterStates={1=ReplicaState(replicaKey=ReplicaKey(id=1, directoryId=<undefined>), endOffset=Optional.empty, lastFetchTimestamp=-1, lastCaughtUpTimestamp=-1, hasAcknowledgedLeader=false), 2=ReplicaState(replicaKey=ReplicaKey(id=2, directoryId=<undefined>), endOffset=Optional.empty, lastFetchTimestamp=-1, lastCaughtUpTimestamp=-1, hasAcknowledgedLeader=false), 3=ReplicaState(replicaKey=ReplicaKey(id=3, directoryId=<undefined>), endOffset=Optional.empty, lastFetchTimestamp=-1, lastCaughtUpTimestamp=-1, hasAcknowledgedLeader=true)}) from CandidateState(localId=3, localDirectoryId=8UF3920IgitHE0H0GuJcUw, epoch=4, retries=2, epochElection=EpochElection(voterStates={1=VoterState(replicaKey=ReplicaKey(id=1, directoryId=<undefined>), state=UNRECORDED), 2=VoterState(replicaKey=ReplicaKey(id=2, directoryId=<undefined>), state=GRANTED), 3=VoterState(replicaKey=ReplicaKey(id=3, directoryId=<undefined>), state=GRANTED)}), highWatermark=Optional[LogOffsetMetadata(offset=497, metadata=Optional.empty)], electionTimeoutMs=1654) (org.apache.kafka.raft.QuorumState)
kafka-3-1  | 2026-09-25T22:51:22.181367486Z [2026-09-25 22:51:22,181] INFO [RaftManager id=3] High watermark set to LogOffsetMetadata(offset=499, metadata=Optional[(segmentBaseOffset=0,relativePositionInSegment=37140)]) for the first time for epoch 4 based on indexOfHw 1 and voters [ReplicaState(replicaKey=ReplicaKey(id=2, directoryId=<undefined>), endOffset=Optional[LogOffsetMetadata(offset=499, metadata=Optional[(segmentBaseOffset=0,relativePositionInSegment=37140)])], lastFetchTimestamp=1790376682180, lastCaughtUpTimestamp=1790376682180, hasAcknowledgedLeader=true), ReplicaState(replicaKey=ReplicaKey(id=3, directoryId=<undefined>), endOffset=Optional[LogOffsetMetadata(offset=499, metadata=Optional[(segmentBaseOffset=0,relativePositionInSegment=37140)])], lastFetchTimestamp=-1, lastCaughtUpTimestamp=-1, hasAcknowledgedLeader=true), ReplicaState(replicaKey=ReplicaKey(id=1, directoryId=<undefined>), endOffset=Optional.empty, lastFetchTimestamp=-1, lastCaughtUpTimestamp=-1, hasAcknowledgedLeader=false)] (org.apache.kafka.raft.LeaderState)
kafka-3-1  | 2026-09-25T22:51:22.239371412Z [2026-09-25 22:51:22,238] INFO [broker-3-to-controller-heartbeat-channel-manager]: Recorded new KRaft controller, from now on will use node kafka-3:9093 (id: 3 rack: null isFenced: false) (kafka.server.NodeToControllerRequestThread)
kafka-3-1  | 2026-09-25T22:51:26.216044144Z [2026-09-25 22:51:26,215] INFO [ReplicaFetcherManager on broker 3] Removed fetcher for partitions Set(__consumer_offsets-15, __consumer_offsets-48, __consumer_offsets-13, __consumer_offsets-44, __consumer_offsets-9, __consumer_offsets-42, __consumer_offsets-21, __consumer_offsets-19, __consumer_offsets-17, __consumer_offsets-32, __consumer_offsets-28, __consumer_offsets-26, __consumer_offsets-5, __consumer_offsets-38, dados-sensores-0, __consumer_offsets-1, __consumer_offsets-47, __consumer_offsets-45, __consumer_offsets-14, __consumer_offsets-41, __consumer_offsets-10, __consumer_offsets-22, __consumer_offsets-49, __consumer_offsets-18, dados-sensores-5, __consumer_offsets-31, __consumer_offsets-27, __consumer_offsets-25, __consumer_offsets-39, __consumer_offsets-8, __consumer_offsets-37, __consumer_offsets-6, dados-sensores-1, __consumer_offsets-35, __consumer_offsets-4, dados-sensores-3, __consumer_offsets-33, __consumer_offsets-2) (kafka.server.ReplicaFetcherManager)
kafka-3-1  | 2026-09-25T22:51:26.275022710Z [2026-09-25 22:51:26,274] INFO [ReplicaFetcherManager on broker 3] Removed fetcher for partitions Set(__consumer_offsets-16, __consumer_offsets-46, __consumer_offsets-43, __consumer_offsets-11, __consumer_offsets-12, __consumer_offsets-23, __consumer_offsets-24, __consumer_offsets-20, __consumer_offsets-0, dados-sensores-4, __consumer_offsets-29, __consumer_offsets-30, __consumer_offsets-7, __consumer_offsets-40, __consumer_offsets-3, __consumer_offsets-36, __consumer_offsets-34, dados-sensores-2) (kafka.server.ReplicaFetcherManager)
kafka-3-1  | 2026-09-25T22:51:26.277202108Z [2026-09-25 22:51:26,276] INFO [ReplicaFetcherThread-0-2]: Starting (kafka.server.ReplicaFetcherThread)
kafka-3-1  | 2026-09-25T22:51:26.277235949Z [2026-09-25 22:51:26,276] INFO [ReplicaFetcherManager on broker 3] Added fetcher to broker 2 for partitions HashMap(__consumer_offsets-16 -> InitialFetchState(Some(z0JJoNscSBKv29UaLoZ9NQ),BrokerEndPoint(id=2, host=kafka-2:9092),2,0), __consumer_offsets-46 -> InitialFetchState(Some(z0JJoNscSBKv29UaLoZ9NQ),BrokerEndPoint(id=2, host=kafka-2:9092),2,0), __consumer_offsets-43 -> InitialFetchState(Some(z0JJoNscSBKv29UaLoZ9NQ),BrokerEndPoint(id=2, host=kafka-2:9092),1,0), __consumer_offsets-11 -> InitialFetchState(Some(z0JJoNscSBKv29UaLoZ9NQ),BrokerEndPoint(id=2, host=kafka-2:9092),1,0), __consumer_offsets-12 -> InitialFetchState(Some(z0JJoNscSBKv29UaLoZ9NQ),BrokerEndPoint(id=2, host=kafka-2:9092),1,0), __consumer_offsets-23 -> InitialFetchState(Some(z0JJoNscSBKv29UaLoZ9NQ),BrokerEndPoint(id=2, host=kafka-2:9092),2,0), __consumer_offsets-24 -> InitialFetchState(Some(z0JJoNscSBKv29UaLoZ9NQ),BrokerEndPoint(id=2, host=kafka-2:9092),1,0), __consumer_offsets-20 -> InitialFetchState(Some(z0JJoNscSBKv29UaLoZ9NQ),BrokerEndPoint(id=2, host=kafka-2:9092),2,0), __consumer_offsets-0 -> InitialFetchState(Some(z0JJoNscSBKv29UaLoZ9NQ),BrokerEndPoint(id=2, host=kafka-2:9092),1,0), dados-sensores-4 -> InitialFetchState(Some(bpNag2Q4SrSHzixJwrCS8Q),BrokerEndPoint(id=2, host=kafka-2:9092),1,575), __consumer_offsets-29 -> InitialFetchState(Some(z0JJoNscSBKv29UaLoZ9NQ),BrokerEndPoint(id=2, host=kafka-2:9092),1,0), __consumer_offsets-30 -> InitialFetchState(Some(z0JJoNscSBKv29UaLoZ9NQ),BrokerEndPoint(id=2, host=kafka-2:9092),2,0), __consumer_offsets-7 -> InitialFetchState(Some(z0JJoNscSBKv29UaLoZ9NQ),BrokerEndPoint(id=2, host=kafka-2:9092),1,0), __consumer_offsets-40 -> InitialFetchState(Some(z0JJoNscSBKv29UaLoZ9NQ),BrokerEndPoint(id=2, host=kafka-2:9092),1,0), __consumer_offsets-3 -> InitialFetchState(Some(z0JJoNscSBKv29UaLoZ9NQ),BrokerEndPoint(id=2, host=kafka-2:9092),1,0), __consumer_offsets-36 -> InitialFetchState(Some(z0JJoNscSBKv29UaLoZ9NQ),BrokerEndPoint(id=2, host=kafka-2:9092),2,0), __consumer_offsets-34 -> InitialFetchState(Some(z0JJoNscSBKv29UaLoZ9NQ),BrokerEndPoint(id=2, host=kafka-2:9092),2,0), dados-sensores-2 -> InitialFetchState(Some(bpNag2Q4SrSHzixJwrCS8Q),BrokerEndPoint(id=2, host=kafka-2:9092),1,863)) (kafka.server.ReplicaFetcherManager)
kafka-3-1  | 2026-09-25T22:51:26.277268303Z [2026-09-25 22:51:26,277] INFO [ReplicaFetcher replicaId=3, leaderId=2, fetcherId=0] Truncating partition __consumer_offsets-16 with TruncationState(offset=0, completed=true) due to local high watermark 0 (kafka.server.ReplicaFetcherThread)
kafka-3-1  | 2026-09-25T22:51:26.277673325Z [2026-09-25 22:51:26,277] INFO [UnifiedLog partition=__consumer_offsets-16, dir=/var/lib/kafka/data] Truncating to 0 has no effect as the largest offset in the log is -1 (kafka.log.UnifiedLog)
kafka-3-1  | 2026-09-25T22:51:26.277980118Z [2026-09-25 22:51:26,277] INFO [ReplicaFetcher replicaId=3, leaderId=2, fetcherId=0] Truncating partition __consumer_offsets-46 with TruncationState(offset=0, completed=true) due to local high watermark 0 (kafka.server.ReplicaFetcherThread)
kafka-3-1  | 2026-09-25T22:51:26.278079370Z [2026-09-25 22:51:26,277] INFO [UnifiedLog partition=__consumer_offsets-46, dir=/var/lib/kafka/data] Truncating to 0 has no effect as the largest offset in the log is -1 (kafka.log.UnifiedLog)
kafka-3-1  | 2026-09-25T22:51:26.278315465Z [2026-09-25 22:51:26,278] INFO [ReplicaFetcher replicaId=3, leaderId=2, fetcherId=0] Truncating partition __consumer_offsets-43 with TruncationState(offset=0, completed=true) due to local high watermark 0 (kafka.server.ReplicaFetcherThread)
kafka-3-1  | 2026-09-25T22:51:26.278337628Z [2026-09-25 22:51:26,278] INFO [UnifiedLog partition=__consumer_offsets-43, dir=/var/lib/kafka/data] Truncating to 0 has no effect as the largest offset in the log is -1 (kafka.log.UnifiedLog)
kafka-3-1  | 2026-09-25T22:51:26.278341733Z [2026-09-25 22:51:26,278] INFO [ReplicaFetcher replicaId=3, leaderId=2, fetcherId=0] Truncating partition __consumer_offsets-11 with TruncationState(offset=0, completed=true) due to local high watermark 0 (kafka.server.ReplicaFetcherThread)
kafka-3-1  | 2026-09-25T22:51:26.278344591Z [2026-09-25 22:51:26,278] INFO [UnifiedLog partition=__consumer_offsets-11, dir=/var/lib/kafka/data] Truncating to 0 has no effect as the largest offset in the log is -1 (kafka.log.UnifiedLog)
kafka-3-1  | 2026-09-25T22:51:26.278347175Z [2026-09-25 22:51:26,278] INFO [ReplicaFetcher replicaId=3, leaderId=2, fetcherId=0] Truncating partition __consumer_offsets-12 with TruncationState(offset=0, completed=true) due to local high watermark 0 (kafka.server.ReplicaFetcherThread)
kafka-3-1  | 2026-09-25T22:51:26.278349896Z [2026-09-25 22:51:26,278] INFO [UnifiedLog partition=__consumer_offsets-12, dir=/var/lib/kafka/data] Truncating to 0 has no effect as the largest offset in the log is -1 (kafka.log.UnifiedLog)
kafka-3-1  | 2026-09-25T22:51:26.278352445Z [2026-09-25 22:51:26,278] INFO [ReplicaFetcher replicaId=3, leaderId=2, fetcherId=0] Truncating partition __consumer_offsets-23 with TruncationState(offset=0, completed=true) due to local high watermark 0 (kafka.server.ReplicaFetcherThread)
kafka-3-1  | 2026-09-25T22:51:26.278389754Z [2026-09-25 22:51:26,278] INFO [UnifiedLog partition=__consumer_offsets-23, dir=/var/lib/kafka/data] Truncating to 0 has no effect as the largest offset in the log is -1 (kafka.log.UnifiedLog)
kafka-3-1  | 2026-09-25T22:51:26.278394737Z [2026-09-25 22:51:26,278] INFO [ReplicaFetcher replicaId=3, leaderId=2, fetcherId=0] Truncating partition __consumer_offsets-24 with TruncationState(offset=0, completed=true) due to local high watermark 0 (kafka.server.ReplicaFetcherThread)
kafka-3-1  | 2026-09-25T22:51:26.278401915Z [2026-09-25 22:51:26,278] INFO [UnifiedLog partition=__consumer_offsets-24, dir=/var/lib/kafka/data] Truncating to 0 has no effect as the largest offset in the log is -1 (kafka.log.UnifiedLog)
kafka-3-1  | 2026-09-25T22:51:26.278589931Z [2026-09-25 22:51:26,278] INFO [ReplicaFetcher replicaId=3, leaderId=2, fetcherId=0] Truncating partition __consumer_offsets-20 with TruncationState(offset=0, completed=true) due to local high watermark 0 (kafka.server.ReplicaFetcherThread)
kafka-3-1  | 2026-09-25T22:51:26.278604106Z [2026-09-25 22:51:26,278] INFO [UnifiedLog partition=__consumer_offsets-20, dir=/var/lib/kafka/data] Truncating to 0 has no effect as the largest offset in the log is -1 (kafka.log.UnifiedLog)
kafka-3-1  | 2026-09-25T22:51:26.278608102Z [2026-09-25 22:51:26,278] INFO [ReplicaFetcher replicaId=3, leaderId=2, fetcherId=0] Truncating partition __consumer_offsets-0 with TruncationState(offset=0, completed=true) due to local high watermark 0 (kafka.server.ReplicaFetcherThread)
kafka-3-1  | 2026-09-25T22:51:26.278611023Z [2026-09-25 22:51:26,278] INFO [UnifiedLog partition=__consumer_offsets-0, dir=/var/lib/kafka/data] Truncating to 0 has no effect as the largest offset in the log is -1 (kafka.log.UnifiedLog)
kafka-3-1  | 2026-09-25T22:51:26.278614112Z [2026-09-25 22:51:26,278] INFO [ReplicaFetcher replicaId=3, leaderId=2, fetcherId=0] Truncating partition __consumer_offsets-29 with TruncationState(offset=0, completed=true) due to local high watermark 0 (kafka.server.ReplicaFetcherThread)
kafka-3-1  | 2026-09-25T22:51:26.278626674Z [2026-09-25 22:51:26,278] INFO [UnifiedLog partition=__consumer_offsets-29, dir=/var/lib/kafka/data] Truncating to 0 has no effect as the largest offset in the log is -1 (kafka.log.UnifiedLog)
kafka-3-1  | 2026-09-25T22:51:26.278629738Z [2026-09-25 22:51:26,278] INFO [ReplicaFetcher replicaId=3, leaderId=2, fetcherId=0] Truncating partition __consumer_offsets-30 with TruncationState(offset=0, completed=true) due to local high watermark 0 (kafka.server.ReplicaFetcherThread)
kafka-3-1  | 2026-09-25T22:51:26.278632760Z [2026-09-25 22:51:26,278] INFO [UnifiedLog partition=__consumer_offsets-30, dir=/var/lib/kafka/data] Truncating to 0 has no effect as the largest offset in the log is -1 (kafka.log.UnifiedLog)
kafka-3-1  | 2026-09-25T22:51:26.278674743Z [2026-09-25 22:51:26,278] INFO [ReplicaFetcher replicaId=3, leaderId=2, fetcherId=0] Truncating partition __consumer_offsets-7 with TruncationState(offset=0, completed=true) due to local high watermark 0 (kafka.server.ReplicaFetcherThread)
kafka-3-1  | 2026-09-25T22:51:26.278689822Z [2026-09-25 22:51:26,278] INFO [UnifiedLog partition=__consumer_offsets-7, dir=/var/lib/kafka/data] Truncating to 0 has no effect as the largest offset in the log is -1 (kafka.log.UnifiedLog)
kafka-3-1  | 2026-09-25T22:51:26.278693474Z [2026-09-25 22:51:26,278] INFO [ReplicaFetcher replicaId=3, leaderId=2, fetcherId=0] Truncating partition __consumer_offsets-40 with TruncationState(offset=0, completed=true) due to local high watermark 0 (kafka.server.ReplicaFetcherThread)
kafka-3-1  | 2026-09-25T22:51:26.278696352Z [2026-09-25 22:51:26,278] INFO [UnifiedLog partition=__consumer_offsets-40, dir=/var/lib/kafka/data] Truncating to 0 has no effect as the largest offset in the log is -1 (kafka.log.UnifiedLog)
kafka-3-1  | 2026-09-25T22:51:26.278776658Z [2026-09-25 22:51:26,278] INFO [ReplicaFetcher replicaId=3, leaderId=2, fetcherId=0] Truncating partition __consumer_offsets-3 with TruncationState(offset=0, completed=true) due to local high watermark 0 (kafka.server.ReplicaFetcherThread)
kafka-3-1  | 2026-09-25T22:51:26.278785530Z [2026-09-25 22:51:26,278] INFO [UnifiedLog partition=__consumer_offsets-3, dir=/var/lib/kafka/data] Truncating to 0 has no effect as the largest offset in the log is -1 (kafka.log.UnifiedLog)
kafka-3-1  | 2026-09-25T22:51:26.278789680Z [2026-09-25 22:51:26,278] INFO [ReplicaFetcher replicaId=3, leaderId=2, fetcherId=0] Truncating partition __consumer_offsets-36 with TruncationState(offset=0, completed=true) due to local high watermark 0 (kafka.server.ReplicaFetcherThread)
kafka-3-1  | 2026-09-25T22:51:26.278792598Z [2026-09-25 22:51:26,278] INFO [UnifiedLog partition=__consumer_offsets-36, dir=/var/lib/kafka/data] Truncating to 0 has no effect as the largest offset in the log is -1 (kafka.log.UnifiedLog)
kafka-3-1  | 2026-09-25T22:51:26.278937080Z [2026-09-25 22:51:26,278] INFO [ReplicaFetcher replicaId=3, leaderId=2, fetcherId=0] Truncating partition __consumer_offsets-34 with TruncationState(offset=0, completed=true) due to local high watermark 0 (kafka.server.ReplicaFetcherThread)
kafka-3-1  | 2026-09-25T22:51:26.279119332Z [2026-09-25 22:51:26,278] INFO [UnifiedLog partition=__consumer_offsets-34, dir=/var/lib/kafka/data] Truncating to 0 has no effect as the largest offset in the log is -1 (kafka.log.UnifiedLog)
kafka-3-1  | 2026-09-25T22:51:26.279164646Z [2026-09-25 22:51:26,279] INFO [ReplicaFetcherThread-0-1]: Shutting down (kafka.server.ReplicaFetcherThread)
kafka-3-1  | 2026-09-25T22:51:26.279914124Z [2026-09-25 22:51:26,279] INFO [ReplicaFetcher replicaId=3, leaderId=1, fetcherId=0] Client requested connection close from node 1 (org.apache.kafka.clients.NetworkClient)
kafka-3-1  | 2026-09-25T22:51:26.280117282Z [2026-09-25 22:51:26,279] INFO [ReplicaFetcher replicaId=3, leaderId=1, fetcherId=0] Error sending fetch request (sessionId=63179424, epoch=INITIAL) to node 1: (org.apache.kafka.clients.FetchSessionHandler)
kafka-3-1  | 2026-09-25T22:51:26.280130440Z org.apache.kafka.common.errors.DisconnectException: NetworkClient is no longer active, state is CLOSING
kafka-3-1  | 2026-09-25T22:51:26.280133928Z [2026-09-25 22:51:26,280] INFO [ReplicaFetcherThread-0-1]: Stopped (kafka.server.ReplicaFetcherThread)
kafka-3-1  | 2026-09-25T22:51:26.280345650Z [2026-09-25 22:51:26,280] INFO [ReplicaFetcherThread-0-1]: Shutdown completed (kafka.server.ReplicaFetcherThread)
kafka-3-1  | 2026-09-25T22:51:26.280995437Z [2026-09-25 22:51:26,280] INFO [GroupCoordinator id=3] Scheduling loading of metadata from __consumer_offsets-31 with epoch 1 (org.apache.kafka.coordinator.common.runtime.CoordinatorRuntime)
kafka-3-1  | 2026-09-25T22:51:26.281631541Z [2026-09-25 22:51:26,281] INFO [GroupCoordinator id=3] Scheduling loading of metadata from __consumer_offsets-47 with epoch 1 (org.apache.kafka.coordinator.common.runtime.CoordinatorRuntime)
kafka-3-1  | 2026-09-25T22:51:26.281709714Z [2026-09-25 22:51:26,281] INFO [GroupCoordinator id=3] Scheduling loading of metadata from __consumer_offsets-48 with epoch 1 (org.apache.kafka.coordinator.common.runtime.CoordinatorRuntime)
kafka-3-1  | 2026-09-25T22:51:26.281717709Z [2026-09-25 22:51:26,281] INFO [GroupCoordinator id=3] Scheduling loading of metadata from __consumer_offsets-21 with epoch 1 (org.apache.kafka.coordinator.common.runtime.CoordinatorRuntime)
kafka-3-1  | 2026-09-25T22:51:26.281720729Z [2026-09-25 22:51:26,281] INFO [GroupCoordinator id=3] Scheduling loading of metadata from __consumer_offsets-37 with epoch 1 (org.apache.kafka.coordinator.common.runtime.CoordinatorRuntime)
kafka-3-1  | 2026-09-25T22:51:26.281723719Z [2026-09-25 22:51:26,281] INFO [GroupCoordinator id=3] Scheduling loading of metadata from __consumer_offsets-35 with epoch 1 (org.apache.kafka.coordinator.common.runtime.CoordinatorRuntime)
kafka-3-1  | 2026-09-25T22:51:26.281774015Z [2026-09-25 22:51:26,281] INFO [GroupCoordinator id=3] Scheduling loading of metadata from __consumer_offsets-17 with epoch 1 (org.apache.kafka.coordinator.common.runtime.CoordinatorRuntime)
kafka-3-1  | 2026-09-25T22:51:26.281779315Z [2026-09-25 22:51:26,281] INFO [GroupCoordinator id=3] Scheduling loading of metadata from __consumer_offsets-18 with epoch 1 (org.apache.kafka.coordinator.common.runtime.CoordinatorRuntime)
kafka-3-1  | 2026-09-25T22:51:26.281954394Z [2026-09-25 22:51:26,281] INFO [GroupCoordinator id=3] Scheduling unloading of metadata for __consumer_offsets-16 with epoch OptionalInt[2] (org.apache.kafka.coordinator.common.runtime.CoordinatorRuntime)
kafka-3-1  | 2026-09-25T22:51:26.281963790Z [2026-09-25 22:51:26,281] INFO [GroupCoordinator id=3] Scheduling unloading of metadata for __consumer_offsets-46 with epoch OptionalInt[2] (org.apache.kafka.coordinator.common.runtime.CoordinatorRuntime)
kafka-3-1  | 2026-09-25T22:51:26.281965485Z [2026-09-25 22:51:26,281] INFO [GroupCoordinator id=3] Scheduling unloading of metadata for __consumer_offsets-11 with epoch OptionalInt[1] (org.apache.kafka.coordinator.common.runtime.CoordinatorRuntime)
kafka-3-1  | 2026-09-25T22:51:26.281967053Z [2026-09-25 22:51:26,281] INFO [GroupCoordinator id=3] Scheduling unloading of metadata for __consumer_offsets-43 with epoch OptionalInt[1] (org.apache.kafka.coordinator.common.runtime.CoordinatorRuntime)
kafka-3-1  | 2026-09-25T22:51:26.281974604Z [2026-09-25 22:51:26,281] INFO [GroupCoordinator id=3] Scheduling unloading of metadata for __consumer_offsets-12 with epoch OptionalInt[1] (org.apache.kafka.coordinator.common.runtime.CoordinatorRuntime)
kafka-3-1  | 2026-09-25T22:51:26.281975927Z [2026-09-25 22:51:26,281] INFO [GroupCoordinator id=3] Scheduling unloading of metadata for __consumer_offsets-23 with epoch OptionalInt[2] (org.apache.kafka.coordinator.common.runtime.CoordinatorRuntime)
kafka-3-1  | 2026-09-25T22:51:26.281977262Z [2026-09-25 22:51:26,281] INFO [GroupCoordinator id=3] Scheduling unloading of metadata for __consumer_offsets-24 with epoch OptionalInt[1] (org.apache.kafka.coordinator.common.runtime.CoordinatorRuntime)
kafka-3-1  | 2026-09-25T22:51:26.281978991Z [2026-09-25 22:51:26,281] INFO [GroupCoordinator id=3] Ignored unloading metadata for __consumer_offsets-46 in epoch OptionalInt[2] since metadata was never loaded. (org.apache.kafka.coordinator.common.runtime.CoordinatorRuntime)
kafka-3-1  | 2026-09-25T22:51:26.282343109Z [2026-09-25 22:51:26,282] INFO [GroupCoordinator id=3] Ignored unloading metadata for __consumer_offsets-11 in epoch OptionalInt[1] since metadata was never loaded. (org.apache.kafka.coordinator.common.runtime.CoordinatorRuntime)
kafka-3-1  | 2026-09-25T22:51:26.282358315Z [2026-09-25 22:51:26,282] INFO [GroupCoordinator id=3] Ignored unloading metadata for __consumer_offsets-23 in epoch OptionalInt[2] since metadata was never loaded. (org.apache.kafka.coordinator.common.runtime.CoordinatorRuntime)
kafka-3-1  | 2026-09-25T22:51:26.282362658Z [2026-09-25 22:51:26,282] INFO [GroupCoordinator id=3] Ignored unloading metadata for __consumer_offsets-12 in epoch OptionalInt[1] since metadata was never loaded. (org.apache.kafka.coordinator.common.runtime.CoordinatorRuntime)
kafka-3-1  | 2026-09-25T22:51:26.282547135Z [2026-09-25 22:51:26,282] INFO [GroupCoordinator id=3] Ignored unloading metadata for __consumer_offsets-24 in epoch OptionalInt[1] since metadata was never loaded. (org.apache.kafka.coordinator.common.runtime.CoordinatorRuntime)
kafka-3-1  | 2026-09-25T22:51:26.282692640Z [2026-09-25 22:51:26,282] INFO [GroupCoordinator id=3] Ignored unloading metadata for __consumer_offsets-16 in epoch OptionalInt[2] since metadata was never loaded. (org.apache.kafka.coordinator.common.runtime.CoordinatorRuntime)
kafka-3-1  | 2026-09-25T22:51:26.282704119Z [2026-09-25 22:51:26,282] INFO [GroupCoordinator id=3] Ignored unloading metadata for __consumer_offsets-43 in epoch OptionalInt[1] since metadata was never loaded. (org.apache.kafka.coordinator.common.runtime.CoordinatorRuntime)
kafka-3-1  | 2026-09-25T22:51:26.282713977Z [2026-09-25 22:51:26,282] INFO [GroupCoordinator id=3] Scheduling unloading of metadata for __consumer_offsets-20 with epoch OptionalInt[2] (org.apache.kafka.coordinator.common.runtime.CoordinatorRuntime)
kafka-3-1  | 2026-09-25T22:51:26.282956673Z [2026-09-25 22:51:26,282] INFO [GroupCoordinator id=3] Scheduling unloading of metadata for __consumer_offsets-0 with epoch OptionalInt[1] (org.apache.kafka.coordinator.common.runtime.CoordinatorRuntime)
kafka-3-1  | 2026-09-25T22:51:26.282968334Z [2026-09-25 22:51:26,282] INFO [GroupCoordinator id=3] Ignored unloading metadata for __consumer_offsets-20 in epoch OptionalInt[2] since metadata was never loaded. (org.apache.kafka.coordinator.common.runtime.CoordinatorRuntime)
kafka-3-1  | 2026-09-25T22:51:26.282971598Z [2026-09-25 22:51:26,282] INFO [GroupCoordinator id=3] Ignored unloading metadata for __consumer_offsets-0 in epoch OptionalInt[1] since metadata was never loaded. (org.apache.kafka.coordinator.common.runtime.CoordinatorRuntime)
kafka-3-1  | 2026-09-25T22:51:26.282987386Z [2026-09-25 22:51:26,282] INFO [GroupCoordinator id=3] Finished loading of metadata from __consumer_offsets-37 with epoch 1 in 1ms where 1ms was spent in the scheduler. Loaded 0 records which total to 0 bytes. (org.apache.kafka.coordinator.common.runtime.CoordinatorRuntime)
kafka-3-1  | 2026-09-25T22:51:26.282994811Z [2026-09-25 22:51:26,282] INFO [GroupCoordinator id=3] Finished loading of metadata from __consumer_offsets-31 with epoch 1 in 1ms where 1ms was spent in the scheduler. Loaded 0 records which total to 0 bytes. (org.apache.kafka.coordinator.common.runtime.CoordinatorRuntime)
kafka-3-1  | 2026-09-25T22:51:26.283043361Z [2026-09-25 22:51:26,282] INFO [GroupCoordinator id=3] Scheduling unloading of metadata for __consumer_offsets-29 with epoch OptionalInt[1] (org.apache.kafka.coordinator.common.runtime.CoordinatorRuntime)
kafka-3-1  | 2026-09-25T22:51:26.283072021Z [2026-09-25 22:51:26,283] INFO [GroupCoordinator id=3] Finished loading of metadata from __consumer_offsets-48 with epoch 1 in 1ms where 1ms was spent in the scheduler. Loaded 0 records which total to 0 bytes. (org.apache.kafka.coordinator.common.runtime.CoordinatorRuntime)
kafka-3-1  | 2026-09-25T22:51:26.283074427Z [2026-09-25 22:51:26,283] INFO [GroupCoordinator id=3] Scheduling unloading of metadata for __consumer_offsets-30 with epoch OptionalInt[2] (org.apache.kafka.coordinator.common.runtime.CoordinatorRuntime)
kafka-3-1  | 2026-09-25T22:51:26.283255434Z [2026-09-25 22:51:26,283] INFO [GroupCoordinator id=3] Scheduling unloading of metadata for __consumer_offsets-7 with epoch OptionalInt[1] (org.apache.kafka.coordinator.common.runtime.CoordinatorRuntime)
kafka-3-1  | 2026-09-25T22:51:26.283263977Z [2026-09-25 22:51:26,283] INFO [GroupCoordinator id=3] Finished loading of metadata from __consumer_offsets-18 with epoch 1 in 1ms where 1ms was spent in the scheduler. Loaded 0 records which total to 0 bytes. (org.apache.kafka.coordinator.common.runtime.CoordinatorRuntime)
kafka-3-1  | 2026-09-25T22:51:26.283266723Z [2026-09-25 22:51:26,283] INFO [GroupCoordinator id=3] Finished loading of metadata from __consumer_offsets-47 with epoch 1 in 2ms where 1ms was spent in the scheduler. Loaded 0 records which total to 0 bytes. (org.apache.kafka.coordinator.common.runtime.CoordinatorRuntime)
kafka-3-1  | 2026-09-25T22:51:26.283309450Z [2026-09-25 22:51:26,283] INFO [GroupCoordinator id=3] Ignored unloading metadata for __consumer_offsets-29 in epoch OptionalInt[1] since metadata was never loaded. (org.apache.kafka.coordinator.common.runtime.CoordinatorRuntime)
kafka-3-1  | 2026-09-25T22:51:26.283315056Z [2026-09-25 22:51:26,283] INFO [GroupCoordinator id=3] Scheduling unloading of metadata for __consumer_offsets-40 with epoch OptionalInt[1] (org.apache.kafka.coordinator.common.runtime.CoordinatorRuntime)
kafka-3-1  | 2026-09-25T22:51:26.283316546Z [2026-09-25 22:51:26,283] INFO [GroupCoordinator id=3] Finished loading of metadata from __consumer_offsets-35 with epoch 1 in 1ms where 1ms was spent in the scheduler. Loaded 0 records which total to 0 bytes. (org.apache.kafka.coordinator.common.runtime.CoordinatorRuntime)
kafka-3-1  | 2026-09-25T22:51:26.283318004Z [2026-09-25 22:51:26,283] INFO [GroupCoordinator id=3] Finished loading of metadata from __consumer_offsets-17 with epoch 1 in 1ms where 1ms was spent in the scheduler. Loaded 0 records which total to 0 bytes. (org.apache.kafka.coordinator.common.runtime.CoordinatorRuntime)
kafka-3-1  | 2026-09-25T22:51:26.283319382Z [2026-09-25 22:51:26,283] INFO [GroupCoordinator id=3] Ignored unloading metadata for __consumer_offsets-30 in epoch OptionalInt[2] since metadata was never loaded. (org.apache.kafka.coordinator.common.runtime.CoordinatorRuntime)
kafka-3-1  | 2026-09-25T22:51:26.283383072Z [2026-09-25 22:51:26,283] INFO [GroupCoordinator id=3] Finished loading of metadata from __consumer_offsets-21 with epoch 1 in 1ms where 1ms was spent in the scheduler. Loaded 0 records which total to 0 bytes. (org.apache.kafka.coordinator.common.runtime.CoordinatorRuntime)
kafka-3-1  | 2026-09-25T22:51:26.283387827Z [2026-09-25 22:51:26,283] INFO [GroupCoordinator id=3] Scheduling unloading of metadata for __consumer_offsets-3 with epoch OptionalInt[1] (org.apache.kafka.coordinator.common.runtime.CoordinatorRuntime)
kafka-3-1  | 2026-09-25T22:51:26.283389292Z [2026-09-25 22:51:26,283] INFO [GroupCoordinator id=3] Ignored unloading metadata for __consumer_offsets-7 in epoch OptionalInt[1] since metadata was never loaded. (org.apache.kafka.coordinator.common.runtime.CoordinatorRuntime)
kafka-3-1  | 2026-09-25T22:51:26.283390753Z [2026-09-25 22:51:26,283] INFO [GroupCoordinator id=3] Scheduling unloading of metadata for __consumer_offsets-36 with epoch OptionalInt[2] (org.apache.kafka.coordinator.common.runtime.CoordinatorRuntime)
kafka-3-1  | 2026-09-25T22:51:26.283566795Z [2026-09-25 22:51:26,283] INFO [GroupCoordinator id=3] Ignored unloading metadata for __consumer_offsets-3 in epoch OptionalInt[1] since metadata was never loaded. (org.apache.kafka.coordinator.common.runtime.CoordinatorRuntime)
kafka-3-1  | 2026-09-25T22:51:26.283579496Z [2026-09-25 22:51:26,283] INFO [GroupCoordinator id=3] Ignored unloading metadata for __consumer_offsets-40 in epoch OptionalInt[1] since metadata was never loaded. (org.apache.kafka.coordinator.common.runtime.CoordinatorRuntime)
kafka-3-1  | 2026-09-25T22:51:26.284004411Z [2026-09-25 22:51:26,283] INFO [GroupCoordinator id=3] Ignored unloading metadata for __consumer_offsets-36 in epoch OptionalInt[2] since metadata was never loaded. (org.apache.kafka.coordinator.common.runtime.CoordinatorRuntime)
kafka-3-1  | 2026-09-25T22:51:26.284022016Z [2026-09-25 22:51:26,283] INFO [GroupCoordinator id=3] Scheduling unloading of metadata for __consumer_offsets-34 with epoch OptionalInt[2] (org.apache.kafka.coordinator.common.runtime.CoordinatorRuntime)
kafka-3-1  | 2026-09-25T22:51:26.284327416Z [2026-09-25 22:51:26,284] INFO [GroupCoordinator id=3] Ignored unloading metadata for __consumer_offsets-34 in epoch OptionalInt[2] since metadata was never loaded. (org.apache.kafka.coordinator.common.runtime.CoordinatorRuntime)
kafka-3-1  | 2026-09-25T22:51:29.249813651Z [2026-09-25 22:51:29,249] INFO [NodeToControllerChannelManager id=3 name=heartbeat] Disconnecting from node 1 due to socket connection setup timeout. The timeout value is 8929 ms. (org.apache.kafka.clients.NetworkClient)
kafka-3-1  | 2026-09-25T22:51:31.168361089Z [2026-09-25 22:51:31,167] INFO [RaftManager id=3] Disconnecting from node 1 due to socket connection setup timeout. The timeout value is 11772 ms. (org.apache.kafka.clients.NetworkClient)
kafka-3-1  | 2026-09-25T22:51:37.174187092Z [2026-09-25 22:51:37,172] WARN [RaftManager id=3] Error connecting to node kafka-1:9093 (id: 1 rack: null isFenced: false) (org.apache.kafka.clients.NetworkClient)
kafka-3-1  | 2026-09-25T22:51:37.174203425Z java.net.UnknownHostException: kafka-1: Try again
kafka-3-1  | 2026-09-25T22:51:37.174204910Z 	at java.base/java.net.Inet6AddressImpl.lookupAllHostAddr(Native Method) ~[?:?]
kafka-3-1  | 2026-09-25T22:51:37.174206380Z 	at java.base/java.net.Inet6AddressImpl.lookupAllHostAddr(Unknown Source) ~[?:?]
kafka-3-1  | 2026-09-25T22:51:37.174207522Z 	at java.base/java.net.InetAddress$PlatformResolver.lookupByName(Unknown Source) ~[?:?]
kafka-3-1  | 2026-09-25T22:51:37.174214955Z 	at java.base/java.net.InetAddress.getAddressesFromNameService(Unknown Source) ~[?:?]
kafka-3-1  | 2026-09-25T22:51:37.174216127Z 	at java.base/java.net.InetAddress$NameServiceAddresses.get(Unknown Source) ~[?:?]
kafka-3-1  | 2026-09-25T22:51:37.174217453Z 	at java.base/java.net.InetAddress.getAllByName0(Unknown Source) ~[?:?]
kafka-3-1  | 2026-09-25T22:51:37.174218518Z 	at java.base/java.net.InetAddress.getAllByName(Unknown Source) ~[?:?]
kafka-3-1  | 2026-09-25T22:51:37.174219590Z 	at org.apache.kafka.clients.DefaultHostResolver.resolve(DefaultHostResolver.java:27) ~[kafka-clients-4.0.0.jar:?]
kafka-3-1  | 2026-09-25T22:51:37.174220704Z 	at org.apache.kafka.clients.ClientUtils.resolve(ClientUtils.java:125) ~[kafka-clients-4.0.0.jar:?]
kafka-3-1  | 2026-09-25T22:51:37.174221791Z 	at org.apache.kafka.clients.ClusterConnectionStates$NodeConnectionState.resolveAddresses(ClusterConnectionStates.java:536) ~[kafka-clients-4.0.0.jar:?]
kafka-3-1  | 2026-09-25T22:51:37.174222931Z 	at org.apache.kafka.clients.ClusterConnectionStates$NodeConnectionState.currentAddress(ClusterConnectionStates.java:511) ~[kafka-clients-4.0.0.jar:?]
kafka-3-1  | 2026-09-25T22:51:37.174224043Z 	at org.apache.kafka.clients.ClusterConnectionStates.currentAddress(ClusterConnectionStates.java:173) ~[kafka-clients-4.0.0.jar:?]
kafka-3-1  | 2026-09-25T22:51:37.174225175Z 	at org.apache.kafka.clients.NetworkClient.initiateConnect(NetworkClient.java:1140) [kafka-clients-4.0.0.jar:?]
kafka-3-1  | 2026-09-25T22:51:37.174226318Z 	at org.apache.kafka.clients.NetworkClient.ready(NetworkClient.java:368) [kafka-clients-4.0.0.jar:?]
kafka-3-1  | 2026-09-25T22:51:37.174227418Z 	at org.apache.kafka.server.util.InterBrokerSendThread.sendRequests(InterBrokerSendThread.java:146) [kafka-server-common-4.0.0.jar:?]
kafka-3-1  | 2026-09-25T22:51:37.174228515Z 	at org.apache.kafka.server.util.InterBrokerSendThread.pollOnce(InterBrokerSendThread.java:109) [kafka-server-common-4.0.0.jar:?]
kafka-3-1  | 2026-09-25T22:51:37.174229623Z 	at org.apache.kafka.server.util.InterBrokerSendThread.doWork(InterBrokerSendThread.java:137) [kafka-server-common-4.0.0.jar:?]
kafka-3-1  | 2026-09-25T22:51:37.174231163Z 	at org.apache.kafka.server.util.ShutdownableThread.run(ShutdownableThread.java:136) [kafka-server-common-4.0.0.jar:?]
kafka-3-1  | 2026-09-25T22:51:37.174232287Z [2026-09-25 22:51:37,173] INFO [RaftManager id=3] Disconnecting from node 2 due to request timeout. (org.apache.kafka.clients.NetworkClient)
kafka-3-1  | 2026-09-25T22:51:37.174233455Z [2026-09-25 22:51:37,173] INFO [RaftManager id=3] Cancelled in-flight BEGIN_QUORUM_EPOCH request with correlation id 468 due to node 2 being disconnected (elapsed time since creation: 5006ms, elapsed time since send: 5006ms, throttle time: 0ms, request timeout: 2000ms) (org.apache.kafka.clients.NetworkClient)
kafka-3-1  | 2026-09-25T22:51:37.174234792Z [2026-09-25 22:51:37,173] WARN [RaftManager id=3] Error connecting to node kafka-1:9093 (id: 1 rack: null isFenced: false) (org.apache.kafka.clients.NetworkClient)
kafka-3-1  | 2026-09-25T22:51:37.174235931Z java.net.UnknownHostException: kafka-1
kafka-3-1  | 2026-09-25T22:51:37.174236986Z 	at java.base/java.net.InetAddress$CachedLookup.get(Unknown Source) ~[?:?]
kafka-3-1  | 2026-09-25T22:51:37.174238036Z 	at java.base/java.net.InetAddress.getAllByName0(Unknown Source) ~[?:?]
kafka-3-1  | 2026-09-25T22:51:37.174240823Z 	at java.base/java.net.InetAddress.getAllByName(Unknown Source) ~[?:?]
kafka-3-1  | 2026-09-25T22:51:37.174241930Z 	at org.apache.kafka.clients.DefaultHostResolver.resolve(DefaultHostResolver.java:27) ~[kafka-clients-4.0.0.jar:?]
kafka-3-1  | 2026-09-25T22:51:37.174243045Z 	at org.apache.kafka.clients.ClientUtils.resolve(ClientUtils.java:125) ~[kafka-clients-4.0.0.jar:?]
kafka-3-1  | 2026-09-25T22:51:37.174244129Z 	at org.apache.kafka.clients.ClusterConnectionStates$NodeConnectionState.resolveAddresses(ClusterConnectionStates.java:536) ~[kafka-clients-4.0.0.jar:?]
kafka-3-1  | 2026-09-25T22:51:37.174245269Z 	at org.apache.kafka.clients.ClusterConnectionStates$NodeConnectionState.currentAddress(ClusterConnectionStates.java:511) ~[kafka-clients-4.0.0.jar:?]
kafka-3-1  | 2026-09-25T22:51:37.174246435Z 	at org.apache.kafka.clients.ClusterConnectionStates.currentAddress(ClusterConnectionStates.java:173) ~[kafka-clients-4.0.0.jar:?]
kafka-3-1  | 2026-09-25T22:51:37.174247559Z 	at org.apache.kafka.clients.NetworkClient.initiateConnect(NetworkClient.java:1140) [kafka-clients-4.0.0.jar:?]
kafka-3-1  | 2026-09-25T22:51:37.174248732Z 	at org.apache.kafka.clients.NetworkClient.ready(NetworkClient.java:368) [kafka-clients-4.0.0.jar:?]
kafka-3-1  | 2026-09-25T22:51:37.174249798Z 	at org.apache.kafka.server.util.InterBrokerSendThread.sendRequests(InterBrokerSendThread.java:146) [kafka-server-common-4.0.0.jar:?]
kafka-3-1  | 2026-09-25T22:51:37.174251063Z 	at org.apache.kafka.server.util.InterBrokerSendThread.pollOnce(InterBrokerSendThread.java:109) [kafka-server-common-4.0.0.jar:?]
kafka-3-1  | 2026-09-25T22:51:37.174252197Z 	at org.apache.kafka.server.util.InterBrokerSendThread.doWork(InterBrokerSendThread.java:137) [kafka-server-common-4.0.0.jar:?]
kafka-3-1  | 2026-09-25T22:51:37.174253297Z 	at org.apache.kafka.server.util.ShutdownableThread.run(ShutdownableThread.java:136) [kafka-server-common-4.0.0.jar:?]
kafka-3-1  | 2026-09-25T22:51:38.168403800Z [2026-09-25 22:51:38,167] WARN [RaftManager id=3] Error connecting to node kafka-1:9093 (id: 1 rack: null isFenced: false) (org.apache.kafka.clients.NetworkClient)
kafka-3-1  | 2026-09-25T22:51:38.168429464Z java.net.UnknownHostException: kafka-1
kafka-3-1  | 2026-09-25T22:51:38.168433011Z 	at java.base/java.net.InetAddress$CachedLookup.get(Unknown Source) ~[?:?]
kafka-3-1  | 2026-09-25T22:51:38.168435839Z 	at java.base/java.net.InetAddress.getAllByName0(Unknown Source) ~[?:?]
kafka-3-1  | 2026-09-25T22:51:38.168438148Z 	at java.base/java.net.InetAddress.getAllByName(Unknown Source) ~[?:?]
kafka-3-1  | 2026-09-25T22:51:38.168440312Z 	at org.apache.kafka.clients.DefaultHostResolver.resolve(DefaultHostResolver.java:27) ~[kafka-clients-4.0.0.jar:?]
kafka-3-1  | 2026-09-25T22:51:38.168442578Z 	at org.apache.kafka.clients.ClientUtils.resolve(ClientUtils.java:125) ~[kafka-clients-4.0.0.jar:?]
kafka-3-1  | 2026-09-25T22:51:38.168444825Z 	at org.apache.kafka.clients.ClusterConnectionStates$NodeConnectionState.resolveAddresses(ClusterConnectionStates.java:536) ~[kafka-clients-4.0.0.jar:?]
kafka-3-1  | 2026-09-25T22:51:38.168447222Z 	at org.apache.kafka.clients.ClusterConnectionStates$NodeConnectionState.currentAddress(ClusterConnectionStates.java:511) ~[kafka-clients-4.0.0.jar:?]
kafka-3-1  | 2026-09-25T22:51:38.168449480Z 	at org.apache.kafka.clients.ClusterConnectionStates.currentAddress(ClusterConnectionStates.java:173) ~[kafka-clients-4.0.0.jar:?]
kafka-3-1  | 2026-09-25T22:51:38.168465045Z 	at org.apache.kafka.clients.NetworkClient.initiateConnect(NetworkClient.java:1140) [kafka-clients-4.0.0.jar:?]
kafka-3-1  | 2026-09-25T22:51:38.168467555Z 	at org.apache.kafka.clients.NetworkClient.ready(NetworkClient.java:368) [kafka-clients-4.0.0.jar:?]
kafka-3-1  | 2026-09-25T22:51:38.168469773Z 	at org.apache.kafka.server.util.InterBrokerSendThread.sendRequests(InterBrokerSendThread.java:146) [kafka-server-common-4.0.0.jar:?]
kafka-3-1  | 2026-09-25T22:51:38.168472040Z 	at org.apache.kafka.server.util.InterBrokerSendThread.pollOnce(InterBrokerSendThread.java:109) [kafka-server-common-4.0.0.jar:?]
kafka-3-1  | 2026-09-25T22:51:38.168474314Z 	at org.apache.kafka.server.util.InterBrokerSendThread.doWork(InterBrokerSendThread.java:137) [kafka-server-common-4.0.0.jar:?]
kafka-3-1  | 2026-09-25T22:51:38.168476532Z 	at org.apache.kafka.server.util.ShutdownableThread.run(ShutdownableThread.java:136) [kafka-server-common-4.0.0.jar:?]
kafka-3-1  | 2026-09-25T22:51:39.169416068Z [2026-09-25 22:51:39,168] WARN [RaftManager id=3] Error connecting to node kafka-1:9093 (id: 1 rack: null isFenced: false) (org.apache.kafka.clients.NetworkClient)
kafka-3-1  | 2026-09-25T22:51:39.169439558Z java.net.UnknownHostException: kafka-1
kafka-3-1  | 2026-09-25T22:51:39.169441240Z 	at java.base/java.net.InetAddress$CachedLookup.get(Unknown Source) ~[?:?]
kafka-3-1  | 2026-09-25T22:51:39.169442875Z 	at java.base/java.net.InetAddress.getAllByName0(Unknown Source) ~[?:?]
kafka-3-1  | 2026-09-25T22:51:39.169444027Z 	at java.base/java.net.InetAddress.getAllByName(Unknown Source) ~[?:?]
kafka-3-1  | 2026-09-25T22:51:39.169445180Z 	at org.apache.kafka.clients.DefaultHostResolver.resolve(DefaultHostResolver.java:27) ~[kafka-clients-4.0.0.jar:?]
kafka-3-1  | 2026-09-25T22:51:39.169446335Z 	at org.apache.kafka.clients.ClientUtils.resolve(ClientUtils.java:125) ~[kafka-clients-4.0.0.jar:?]
kafka-3-1  | 2026-09-25T22:51:39.169447774Z 	at org.apache.kafka.clients.ClusterConnectionStates$NodeConnectionState.resolveAddresses(ClusterConnectionStates.java:536) ~[kafka-clients-4.0.0.jar:?]
kafka-3-1  | 2026-09-25T22:51:39.169448983Z 	at org.apache.kafka.clients.ClusterConnectionStates$NodeConnectionState.currentAddress(ClusterConnectionStates.java:511) ~[kafka-clients-4.0.0.jar:?]
kafka-3-1  | 2026-09-25T22:51:39.169450245Z 	at org.apache.kafka.clients.ClusterConnectionStates.currentAddress(ClusterConnectionStates.java:173) ~[kafka-clients-4.0.0.jar:?]
kafka-3-1  | 2026-09-25T22:51:39.169454443Z 	at org.apache.kafka.clients.NetworkClient.initiateConnect(NetworkClient.java:1140) [kafka-clients-4.0.0.jar:?]
kafka-3-1  | 2026-09-25T22:51:39.169455642Z 	at org.apache.kafka.clients.NetworkClient.ready(NetworkClient.java:368) [kafka-clients-4.0.0.jar:?]
kafka-3-1  | 2026-09-25T22:51:39.169456798Z 	at org.apache.kafka.server.util.InterBrokerSendThread.sendRequests(InterBrokerSendThread.java:146) [kafka-server-common-4.0.0.jar:?]
kafka-3-1  | 2026-09-25T22:51:39.169457981Z 	at org.apache.kafka.server.util.InterBrokerSendThread.pollOnce(InterBrokerSendThread.java:109) [kafka-server-common-4.0.0.jar:?]
kafka-3-1  | 2026-09-25T22:51:39.169459167Z 	at org.apache.kafka.server.util.InterBrokerSendThread.doWork(InterBrokerSendThread.java:137) [kafka-server-common-4.0.0.jar:?]
kafka-3-1  | 2026-09-25T22:51:39.169460463Z 	at org.apache.kafka.server.util.ShutdownableThread.run(ShutdownableThread.java:136) [kafka-server-common-4.0.0.jar:?]
kafka-3-1  | 2026-09-25T22:51:40.169317987Z [2026-09-25 22:51:40,168] WARN [RaftManager id=3] Error connecting to node kafka-1:9093 (id: 1 rack: null isFenced: false) (org.apache.kafka.clients.NetworkClient)
kafka-3-1  | 2026-09-25T22:51:40.169337891Z java.net.UnknownHostException: kafka-1
kafka-3-1  | 2026-09-25T22:51:40.169339498Z 	at java.base/java.net.InetAddress$CachedLookup.get(Unknown Source) ~[?:?]
kafka-3-1  | 2026-09-25T22:51:40.169340966Z 	at java.base/java.net.InetAddress.getAllByName0(Unknown Source) ~[?:?]
kafka-3-1  | 2026-09-25T22:51:40.169342131Z 	at java.base/java.net.InetAddress.getAllByName(Unknown Source) ~[?:?]
kafka-3-1  | 2026-09-25T22:51:40.169343290Z 	at org.apache.kafka.clients.DefaultHostResolver.resolve(DefaultHostResolver.java:27) ~[kafka-clients-4.0.0.jar:?]
kafka-3-1  | 2026-09-25T22:51:40.169344752Z 	at org.apache.kafka.clients.ClientUtils.resolve(ClientUtils.java:125) ~[kafka-clients-4.0.0.jar:?]
kafka-3-1  | 2026-09-25T22:51:40.169346116Z 	at org.apache.kafka.clients.ClusterConnectionStates$NodeConnectionState.resolveAddresses(ClusterConnectionStates.java:536) ~[kafka-clients-4.0.0.jar:?]
kafka-3-1  | 2026-09-25T22:51:40.169347360Z 	at org.apache.kafka.clients.ClusterConnectionStates$NodeConnectionState.currentAddress(ClusterConnectionStates.java:511) ~[kafka-clients-4.0.0.jar:?]
kafka-3-1  | 2026-09-25T22:51:40.169348598Z 	at org.apache.kafka.clients.ClusterConnectionStates.currentAddress(ClusterConnectionStates.java:173) ~[kafka-clients-4.0.0.jar:?]
kafka-3-1  | 2026-09-25T22:51:40.169349796Z 	at org.apache.kafka.clients.NetworkClient.initiateConnect(NetworkClient.java:1140) [kafka-clients-4.0.0.jar:?]
kafka-3-1  | 2026-09-25T22:51:40.169350981Z 	at org.apache.kafka.clients.NetworkClient.ready(NetworkClient.java:368) [kafka-clients-4.0.0.jar:?]
kafka-3-1  | 2026-09-25T22:51:40.169352153Z 	at org.apache.kafka.server.util.InterBrokerSendThread.sendRequests(InterBrokerSendThread.java:146) [kafka-server-common-4.0.0.jar:?]
kafka-3-1  | 2026-09-25T22:51:40.169353341Z 	at org.apache.kafka.server.util.InterBrokerSendThread.pollOnce(InterBrokerSendThread.java:109) [kafka-server-common-4.0.0.jar:?]
kafka-3-1  | 2026-09-25T22:51:40.169354542Z 	at org.apache.kafka.server.util.InterBrokerSendThread.doWork(InterBrokerSendThread.java:137) [kafka-server-common-4.0.0.jar:?]
kafka-3-1  | 2026-09-25T22:51:40.169355827Z 	at org.apache.kafka.server.util.ShutdownableThread.run(ShutdownableThread.java:136) [kafka-server-common-4.0.0.jar:?]
kafka-3-1  | 2026-09-25T22:51:41.169876741Z [2026-09-25 22:51:41,169] WARN [RaftManager id=3] Error connecting to node kafka-1:9093 (id: 1 rack: null isFenced: false) (org.apache.kafka.clients.NetworkClient)
kafka-3-1  | 2026-09-25T22:51:41.169898469Z java.net.UnknownHostException: kafka-1
kafka-3-1  | 2026-09-25T22:51:41.169899994Z 	at java.base/java.net.InetAddress$CachedLookup.get(Unknown Source) ~[?:?]
kafka-3-1  | 2026-09-25T22:51:41.169901399Z 	at java.base/java.net.InetAddress.getAllByName0(Unknown Source) ~[?:?]
kafka-3-1  | 2026-09-25T22:51:41.169902603Z 	at java.base/java.net.InetAddress.getAllByName(Unknown Source) ~[?:?]
kafka-3-1  | 2026-09-25T22:51:41.169903791Z 	at org.apache.kafka.clients.DefaultHostResolver.resolve(DefaultHostResolver.java:27) ~[kafka-clients-4.0.0.jar:?]
kafka-3-1  | 2026-09-25T22:51:41.169915073Z 	at org.apache.kafka.clients.ClientUtils.resolve(ClientUtils.java:125) ~[kafka-clients-4.0.0.jar:?]
kafka-3-1  | 2026-09-25T22:51:41.169916316Z 	at org.apache.kafka.clients.ClusterConnectionStates$NodeConnectionState.resolveAddresses(ClusterConnectionStates.java:536) ~[kafka-clients-4.0.0.jar:?]
kafka-3-1  | 2026-09-25T22:51:41.169917537Z 	at org.apache.kafka.clients.ClusterConnectionStates$NodeConnectionState.currentAddress(ClusterConnectionStates.java:511) ~[kafka-clients-4.0.0.jar:?]
kafka-3-1  | 2026-09-25T22:51:41.169918731Z 	at org.apache.kafka.clients.ClusterConnectionStates.currentAddress(ClusterConnectionStates.java:173) ~[kafka-clients-4.0.0.jar:?]
kafka-3-1  | 2026-09-25T22:51:41.169919907Z 	at org.apache.kafka.clients.NetworkClient.initiateConnect(NetworkClient.java:1140) [kafka-clients-4.0.0.jar:?]
kafka-3-1  | 2026-09-25T22:51:41.169921077Z 	at org.apache.kafka.clients.NetworkClient.ready(NetworkClient.java:368) [kafka-clients-4.0.0.jar:?]
kafka-3-1  | 2026-09-25T22:51:41.169922245Z 	at org.apache.kafka.server.util.InterBrokerSendThread.sendRequests(InterBrokerSendThread.java:146) [kafka-server-common-4.0.0.jar:?]
kafka-3-1  | 2026-09-25T22:51:41.169923454Z 	at org.apache.kafka.server.util.InterBrokerSendThread.pollOnce(InterBrokerSendThread.java:109) [kafka-server-common-4.0.0.jar:?]
kafka-3-1  | 2026-09-25T22:51:41.169924631Z 	at org.apache.kafka.server.util.InterBrokerSendThread.doWork(InterBrokerSendThread.java:137) [kafka-server-common-4.0.0.jar:?]
kafka-3-1  | 2026-09-25T22:51:41.169925829Z 	at org.apache.kafka.server.util.ShutdownableThread.run(ShutdownableThread.java:136) [kafka-server-common-4.0.0.jar:?]
kafka-3-1  | 2026-09-25T22:51:42.170814064Z [2026-09-25 22:51:42,170] WARN [RaftManager id=3] Error connecting to node kafka-1:9093 (id: 1 rack: null isFenced: false) (org.apache.kafka.clients.NetworkClient)
kafka-3-1  | 2026-09-25T22:51:42.170836034Z java.net.UnknownHostException: kafka-1
kafka-3-1  | 2026-09-25T22:51:42.170837684Z 	at java.base/java.net.InetAddress$CachedLookup.get(Unknown Source) ~[?:?]
kafka-3-1  | 2026-09-25T22:51:42.170839082Z 	at java.base/java.net.InetAddress.getAllByName0(Unknown Source) ~[?:?]
kafka-3-1  | 2026-09-25T22:51:42.170840495Z 	at java.base/java.net.InetAddress.getAllByName(Unknown Source) ~[?:?]
kafka-3-1  | 2026-09-25T22:51:42.170841654Z 	at org.apache.kafka.clients.DefaultHostResolver.resolve(DefaultHostResolver.java:27) ~[kafka-clients-4.0.0.jar:?]
kafka-3-1  | 2026-09-25T22:51:42.170842852Z 	at org.apache.kafka.clients.ClientUtils.resolve(ClientUtils.java:125) ~[kafka-clients-4.0.0.jar:?]
kafka-3-1  | 2026-09-25T22:51:42.170844023Z 	at org.apache.kafka.clients.ClusterConnectionStates$NodeConnectionState.resolveAddresses(ClusterConnectionStates.java:536) ~[kafka-clients-4.0.0.jar:?]
kafka-3-1  | 2026-09-25T22:51:42.170845295Z 	at org.apache.kafka.clients.ClusterConnectionStates$NodeConnectionState.currentAddress(ClusterConnectionStates.java:511) ~[kafka-clients-4.0.0.jar:?]
kafka-3-1  | 2026-09-25T22:51:42.170846520Z 	at org.apache.kafka.clients.ClusterConnectionStates.currentAddress(ClusterConnectionStates.java:173) ~[kafka-clients-4.0.0.jar:?]
kafka-3-1  | 2026-09-25T22:51:42.170847767Z 	at org.apache.kafka.clients.NetworkClient.initiateConnect(NetworkClient.java:1140) [kafka-clients-4.0.0.jar:?]
kafka-3-1  | 2026-09-25T22:51:42.170848982Z 	at org.apache.kafka.clients.NetworkClient.ready(NetworkClient.java:368) [kafka-clients-4.0.0.jar:?]
kafka-3-1  | 2026-09-25T22:51:42.170857740Z 	at org.apache.kafka.server.util.InterBrokerSendThread.sendRequests(InterBrokerSendThread.java:146) [kafka-server-common-4.0.0.jar:?]
kafka-3-1  | 2026-09-25T22:51:42.170859057Z 	at org.apache.kafka.server.util.InterBrokerSendThread.pollOnce(InterBrokerSendThread.java:109) [kafka-server-common-4.0.0.jar:?]
kafka-3-1  | 2026-09-25T22:51:42.170860280Z 	at org.apache.kafka.server.util.InterBrokerSendThread.doWork(InterBrokerSendThread.java:137) [kafka-server-common-4.0.0.jar:?]
kafka-3-1  | 2026-09-25T22:51:42.170861506Z 	at org.apache.kafka.server.util.ShutdownableThread.run(ShutdownableThread.java:136) [kafka-server-common-4.0.0.jar:?]
kafka-3-1  | 2026-09-25T22:51:43.171007037Z [2026-09-25 22:51:43,170] WARN [RaftManager id=3] Error connecting to node kafka-1:9093 (id: 1 rack: null isFenced: false) (org.apache.kafka.clients.NetworkClient)
kafka-3-1  | 2026-09-25T22:51:43.171029837Z java.net.UnknownHostException: kafka-1
kafka-3-1  | 2026-09-25T22:51:43.171031494Z 	at java.base/java.net.InetAddress$CachedLookup.get(Unknown Source) ~[?:?]
kafka-3-1  | 2026-09-25T22:51:43.171033246Z 	at java.base/java.net.InetAddress.getAllByName0(Unknown Source) ~[?:?]
kafka-3-1  | 2026-09-25T22:51:43.171034436Z 	at java.base/java.net.InetAddress.getAllByName(Unknown Source) ~[?:?]
kafka-3-1  | 2026-09-25T22:51:43.171035609Z 	at org.apache.kafka.clients.DefaultHostResolver.resolve(DefaultHostResolver.java:27) ~[kafka-clients-4.0.0.jar:?]
kafka-3-1  | 2026-09-25T22:51:43.171036801Z 	at org.apache.kafka.clients.ClientUtils.resolve(ClientUtils.java:125) ~[kafka-clients-4.0.0.jar:?]
kafka-3-1  | 2026-09-25T22:51:43.171037990Z 	at org.apache.kafka.clients.ClusterConnectionStates$NodeConnectionState.resolveAddresses(ClusterConnectionStates.java:536) ~[kafka-clients-4.0.0.jar:?]
kafka-3-1  | 2026-09-25T22:51:43.171039305Z 	at org.apache.kafka.clients.ClusterConnectionStates$NodeConnectionState.currentAddress(ClusterConnectionStates.java:511) ~[kafka-clients-4.0.0.jar:?]
kafka-3-1  | 2026-09-25T22:51:43.171040521Z 	at org.apache.kafka.clients.ClusterConnectionStates.currentAddress(ClusterConnectionStates.java:173) ~[kafka-clients-4.0.0.jar:?]
kafka-3-1  | 2026-09-25T22:51:43.171041707Z 	at org.apache.kafka.clients.NetworkClient.initiateConnect(NetworkClient.java:1140) [kafka-clients-4.0.0.jar:?]
kafka-3-1  | 2026-09-25T22:51:43.171042931Z 	at org.apache.kafka.clients.NetworkClient.ready(NetworkClient.java:368) [kafka-clients-4.0.0.jar:?]
kafka-3-1  | 2026-09-25T22:51:43.171044110Z 	at org.apache.kafka.server.util.InterBrokerSendThread.sendRequests(InterBrokerSendThread.java:146) [kafka-server-common-4.0.0.jar:?]
kafka-3-1  | 2026-09-25T22:51:43.171045345Z 	at org.apache.kafka.server.util.InterBrokerSendThread.pollOnce(InterBrokerSendThread.java:109) [kafka-server-common-4.0.0.jar:?]
kafka-3-1  | 2026-09-25T22:51:43.171046551Z 	at org.apache.kafka.server.util.InterBrokerSendThread.doWork(InterBrokerSendThread.java:137) [kafka-server-common-4.0.0.jar:?]
kafka-3-1  | 2026-09-25T22:51:43.171047739Z 	at org.apache.kafka.server.util.ShutdownableThread.run(ShutdownableThread.java:136) [kafka-server-common-4.0.0.jar:?]
kafka-3-1  | 2026-09-25T22:51:44.173857269Z [2026-09-25 22:51:44,171] WARN [RaftManager id=3] Error connecting to node kafka-1:9093 (id: 1 rack: null isFenced: false) (org.apache.kafka.clients.NetworkClient)
kafka-3-1  | 2026-09-25T22:51:44.173892933Z java.net.UnknownHostException: kafka-1
kafka-3-1  | 2026-09-25T22:51:44.173894554Z 	at java.base/java.net.InetAddress$CachedLookup.get(Unknown Source) ~[?:?]
kafka-3-1  | 2026-09-25T22:51:44.173895953Z 	at java.base/java.net.InetAddress.getAllByName0(Unknown Source) ~[?:?]
kafka-3-1  | 2026-09-25T22:51:44.173897038Z 	at java.base/java.net.InetAddress.getAllByName(Unknown Source) ~[?:?]
kafka-3-1  | 2026-09-25T22:51:44.173898105Z 	at org.apache.kafka.clients.DefaultHostResolver.resolve(DefaultHostResolver.java:27) ~[kafka-clients-4.0.0.jar:?]
kafka-3-1  | 2026-09-25T22:51:44.173899195Z 	at org.apache.kafka.clients.ClientUtils.resolve(ClientUtils.java:125) ~[kafka-clients-4.0.0.jar:?]
kafka-3-1  | 2026-09-25T22:51:44.173900313Z 	at org.apache.kafka.clients.ClusterConnectionStates$NodeConnectionState.resolveAddresses(ClusterConnectionStates.java:536) ~[kafka-clients-4.0.0.jar:?]
kafka-3-1  | 2026-09-25T22:51:44.173901468Z 	at org.apache.kafka.clients.ClusterConnectionStates$NodeConnectionState.currentAddress(ClusterConnectionStates.java:511) ~[kafka-clients-4.0.0.jar:?]
kafka-3-1  | 2026-09-25T22:51:44.173902605Z 	at org.apache.kafka.clients.ClusterConnectionStates.currentAddress(ClusterConnectionStates.java:173) ~[kafka-clients-4.0.0.jar:?]
kafka-3-1  | 2026-09-25T22:51:44.173903744Z 	at org.apache.kafka.clients.NetworkClient.initiateConnect(NetworkClient.java:1140) [kafka-clients-4.0.0.jar:?]
kafka-3-1  | 2026-09-25T22:51:44.173904847Z 	at org.apache.kafka.clients.NetworkClient.ready(NetworkClient.java:368) [kafka-clients-4.0.0.jar:?]
kafka-3-1  | 2026-09-25T22:51:44.173906019Z 	at org.apache.kafka.server.util.InterBrokerSendThread.sendRequests(InterBrokerSendThread.java:146) [kafka-server-common-4.0.0.jar:?]
kafka-3-1  | 2026-09-25T22:51:44.173910782Z 	at org.apache.kafka.server.util.InterBrokerSendThread.pollOnce(InterBrokerSendThread.java:109) [kafka-server-common-4.0.0.jar:?]
kafka-3-1  | 2026-09-25T22:51:44.173911952Z 	at org.apache.kafka.server.util.InterBrokerSendThread.doWork(InterBrokerSendThread.java:137) [kafka-server-common-4.0.0.jar:?]
kafka-3-1  | 2026-09-25T22:51:44.173913102Z 	at org.apache.kafka.server.util.ShutdownableThread.run(ShutdownableThread.java:136) [kafka-server-common-4.0.0.jar:?]
kafka-3-1  | 2026-09-25T22:51:45.172149345Z [2026-09-25 22:51:45,171] WARN [RaftManager id=3] Error connecting to node kafka-1:9093 (id: 1 rack: null isFenced: false) (org.apache.kafka.clients.NetworkClient)
kafka-3-1  | 2026-09-25T22:51:45.172177035Z java.net.UnknownHostException: kafka-1
kafka-3-1  | 2026-09-25T22:51:45.172178879Z 	at java.base/java.net.InetAddress$CachedLookup.get(Unknown Source) ~[?:?]
kafka-3-1  | 2026-09-25T22:51:45.172180274Z 	at java.base/java.net.InetAddress.getAllByName0(Unknown Source) ~[?:?]
kafka-3-1  | 2026-09-25T22:51:45.172181411Z 	at java.base/java.net.InetAddress.getAllByName(Unknown Source) ~[?:?]
kafka-3-1  | 2026-09-25T22:51:45.172182557Z 	at org.apache.kafka.clients.DefaultHostResolver.resolve(DefaultHostResolver.java:27) ~[kafka-clients-4.0.0.jar:?]
kafka-3-1  | 2026-09-25T22:51:45.172183725Z 	at org.apache.kafka.clients.ClientUtils.resolve(ClientUtils.java:125) ~[kafka-clients-4.0.0.jar:?]
kafka-3-1  | 2026-09-25T22:51:45.172184911Z 	at org.apache.kafka.clients.ClusterConnectionStates$NodeConnectionState.resolveAddresses(ClusterConnectionStates.java:536) ~[kafka-clients-4.0.0.jar:?]
kafka-3-1  | 2026-09-25T22:51:45.172197481Z 	at org.apache.kafka.clients.ClusterConnectionStates$NodeConnectionState.currentAddress(ClusterConnectionStates.java:511) ~[kafka-clients-4.0.0.jar:?]
kafka-3-1  | 2026-09-25T22:51:45.172198839Z 	at org.apache.kafka.clients.ClusterConnectionStates.currentAddress(ClusterConnectionStates.java:173) ~[kafka-clients-4.0.0.jar:?]
kafka-3-1  | 2026-09-25T22:51:45.172200062Z 	at org.apache.kafka.clients.NetworkClient.initiateConnect(NetworkClient.java:1140) [kafka-clients-4.0.0.jar:?]
kafka-3-1  | 2026-09-25T22:51:45.172201269Z 	at org.apache.kafka.clients.NetworkClient.ready(NetworkClient.java:368) [kafka-clients-4.0.0.jar:?]
kafka-3-1  | 2026-09-25T22:51:45.172202441Z 	at org.apache.kafka.server.util.InterBrokerSendThread.sendRequests(InterBrokerSendThread.java:146) [kafka-server-common-4.0.0.jar:?]
kafka-3-1  | 2026-09-25T22:51:45.172203621Z 	at org.apache.kafka.server.util.InterBrokerSendThread.pollOnce(InterBrokerSendThread.java:109) [kafka-server-common-4.0.0.jar:?]
kafka-3-1  | 2026-09-25T22:51:45.172204810Z 	at org.apache.kafka.server.util.InterBrokerSendThread.doWork(InterBrokerSendThread.java:137) [kafka-server-common-4.0.0.jar:?]
kafka-3-1  | 2026-09-25T22:51:45.172206047Z 	at org.apache.kafka.server.util.ShutdownableThread.run(ShutdownableThread.java:136) [kafka-server-common-4.0.0.jar:?]
kafka-3-1  | 2026-09-25T22:51:46.172735556Z [2026-09-25 22:51:46,172] WARN [RaftManager id=3] Error connecting to node kafka-1:9093 (id: 1 rack: null isFenced: false) (org.apache.kafka.clients.NetworkClient)
kafka-3-1  | 2026-09-25T22:51:46.172756001Z java.net.UnknownHostException: kafka-1
kafka-3-1  | 2026-09-25T22:51:46.172757591Z 	at java.base/java.net.InetAddress$CachedLookup.get(Unknown Source) ~[?:?]
kafka-3-1  | 2026-09-25T22:51:46.172759056Z 	at java.base/java.net.InetAddress.getAllByName0(Unknown Source) ~[?:?]
kafka-3-1  | 2026-09-25T22:51:46.172760253Z 	at java.base/java.net.InetAddress.getAllByName(Unknown Source) ~[?:?]
kafka-3-1  | 2026-09-25T22:51:46.172761407Z 	at org.apache.kafka.clients.DefaultHostResolver.resolve(DefaultHostResolver.java:27) ~[kafka-clients-4.0.0.jar:?]
kafka-3-1  | 2026-09-25T22:51:46.172762570Z 	at org.apache.kafka.clients.ClientUtils.resolve(ClientUtils.java:125) ~[kafka-clients-4.0.0.jar:?]
kafka-3-1  | 2026-09-25T22:51:46.172763787Z 	at org.apache.kafka.clients.ClusterConnectionStates$NodeConnectionState.resolveAddresses(ClusterConnectionStates.java:536) ~[kafka-clients-4.0.0.jar:?]
kafka-3-1  | 2026-09-25T22:51:46.172765079Z 	at org.apache.kafka.clients.ClusterConnectionStates$NodeConnectionState.currentAddress(ClusterConnectionStates.java:511) ~[kafka-clients-4.0.0.jar:?]
kafka-3-1  | 2026-09-25T22:51:46.172766295Z 	at org.apache.kafka.clients.ClusterConnectionStates.currentAddress(ClusterConnectionStates.java:173) ~[kafka-clients-4.0.0.jar:?]
kafka-3-1  | 2026-09-25T22:51:46.172767949Z 	at org.apache.kafka.clients.NetworkClient.initiateConnect(NetworkClient.java:1140) [kafka-clients-4.0.0.jar:?]
kafka-3-1  | 2026-09-25T22:51:46.172769172Z 	at org.apache.kafka.clients.NetworkClient.ready(NetworkClient.java:368) [kafka-clients-4.0.0.jar:?]
kafka-3-1  | 2026-09-25T22:51:46.172770350Z 	at org.apache.kafka.server.util.InterBrokerSendThread.sendRequests(InterBrokerSendThread.java:146) [kafka-server-common-4.0.0.jar:?]
kafka-3-1  | 2026-09-25T22:51:46.172771574Z 	at org.apache.kafka.server.util.InterBrokerSendThread.pollOnce(InterBrokerSendThread.java:109) [kafka-server-common-4.0.0.jar:?]
kafka-3-1  | 2026-09-25T22:51:46.172780786Z 	at org.apache.kafka.server.util.InterBrokerSendThread.doWork(InterBrokerSendThread.java:137) [kafka-server-common-4.0.0.jar:?]
kafka-3-1  | 2026-09-25T22:51:46.172782057Z 	at org.apache.kafka.server.util.ShutdownableThread.run(ShutdownableThread.java:136) [kafka-server-common-4.0.0.jar:?]
kafka-3-1  | 2026-09-25T22:51:47.172332004Z [2026-09-25 22:51:47,171] WARN [RaftManager id=3] Error connecting to node kafka-1:9093 (id: 1 rack: null isFenced: false) (org.apache.kafka.clients.NetworkClient)
kafka-3-1  | 2026-09-25T22:51:47.172358163Z java.net.UnknownHostException: kafka-1
kafka-3-1  | 2026-09-25T22:51:47.172359918Z 	at java.base/java.net.InetAddress$CachedLookup.get(Unknown Source) ~[?:?]
kafka-3-1  | 2026-09-25T22:51:47.172361373Z 	at java.base/java.net.InetAddress.getAllByName0(Unknown Source) ~[?:?]
kafka-3-1  | 2026-09-25T22:51:47.172362514Z 	at java.base/java.net.InetAddress.getAllByName(Unknown Source) ~[?:?]
kafka-3-1  | 2026-09-25T22:51:47.172363661Z 	at org.apache.kafka.clients.DefaultHostResolver.resolve(DefaultHostResolver.java:27) ~[kafka-clients-4.0.0.jar:?]
kafka-3-1  | 2026-09-25T22:51:47.172364928Z 	at org.apache.kafka.clients.ClientUtils.resolve(ClientUtils.java:125) ~[kafka-clients-4.0.0.jar:?]
kafka-3-1  | 2026-09-25T22:51:47.172366219Z 	at org.apache.kafka.clients.ClusterConnectionStates$NodeConnectionState.resolveAddresses(ClusterConnectionStates.java:536) ~[kafka-clients-4.0.0.jar:?]
kafka-3-1  | 2026-09-25T22:51:47.172367464Z 	at org.apache.kafka.clients.ClusterConnectionStates$NodeConnectionState.currentAddress(ClusterConnectionStates.java:511) ~[kafka-clients-4.0.0.jar:?]
kafka-3-1  | 2026-09-25T22:51:47.172368691Z 	at org.apache.kafka.clients.ClusterConnectionStates.currentAddress(ClusterConnectionStates.java:173) ~[kafka-clients-4.0.0.jar:?]
kafka-3-1  | 2026-09-25T22:51:47.172369877Z 	at org.apache.kafka.clients.NetworkClient.initiateConnect(NetworkClient.java:1140) [kafka-clients-4.0.0.jar:?]
kafka-3-1  | 2026-09-25T22:51:47.172371043Z 	at org.apache.kafka.clients.NetworkClient.ready(NetworkClient.java:368) [kafka-clients-4.0.0.jar:?]
kafka-3-1  | 2026-09-25T22:51:47.172372210Z 	at org.apache.kafka.server.util.InterBrokerSendThread.sendRequests(InterBrokerSendThread.java:146) [kafka-server-common-4.0.0.jar:?]
kafka-3-1  | 2026-09-25T22:51:47.172373428Z 	at org.apache.kafka.server.util.InterBrokerSendThread.pollOnce(InterBrokerSendThread.java:109) [kafka-server-common-4.0.0.jar:?]
kafka-3-1  | 2026-09-25T22:51:47.172374647Z 	at org.apache.kafka.server.util.InterBrokerSendThread.doWork(InterBrokerSendThread.java:137) [kafka-server-common-4.0.0.jar:?]
kafka-3-1  | 2026-09-25T22:51:47.172375864Z 	at org.apache.kafka.server.util.ShutdownableThread.run(ShutdownableThread.java:136) [kafka-server-common-4.0.0.jar:?]
kafka-3-1  | 2026-09-25T22:51:53.174416707Z [2026-09-25 22:51:53,173] WARN [RaftManager id=3] Error connecting to node kafka-1:9093 (id: 1 rack: null isFenced: false) (org.apache.kafka.clients.NetworkClient)
kafka-3-1  | 2026-09-25T22:51:53.174443019Z java.net.UnknownHostException: kafka-1: Try again
kafka-3-1  | 2026-09-25T22:51:53.174446572Z 	at java.base/java.net.Inet6AddressImpl.lookupAllHostAddr(Native Method) ~[?:?]
kafka-3-1  | 2026-09-25T22:51:53.174449182Z 	at java.base/java.net.Inet6AddressImpl.lookupAllHostAddr(Unknown Source) ~[?:?]
kafka-3-1  | 2026-09-25T22:51:53.174464897Z 	at java.base/java.net.InetAddress$PlatformResolver.lookupByName(Unknown Source) ~[?:?]
kafka-3-1  | 2026-09-25T22:51:53.174467612Z 	at java.base/java.net.InetAddress.getAddressesFromNameService(Unknown Source) ~[?:?]
kafka-3-1  | 2026-09-25T22:51:53.174470172Z 	at java.base/java.net.InetAddress$NameServiceAddresses.get(Unknown Source) ~[?:?]
kafka-3-1  | 2026-09-25T22:51:53.174472481Z 	at java.base/java.net.InetAddress.getAllByName0(Unknown Source) ~[?:?]
kafka-3-1  | 2026-09-25T22:51:53.174474695Z 	at java.base/java.net.InetAddress.getAllByName(Unknown Source) ~[?:?]
kafka-3-1  | 2026-09-25T22:51:53.174476898Z 	at org.apache.kafka.clients.DefaultHostResolver.resolve(DefaultHostResolver.java:27) ~[kafka-clients-4.0.0.jar:?]
kafka-3-1  | 2026-09-25T22:51:53.174479190Z 	at org.apache.kafka.clients.ClientUtils.resolve(ClientUtils.java:125) ~[kafka-clients-4.0.0.jar:?]
kafka-3-1  | 2026-09-25T22:51:53.174481490Z 	at org.apache.kafka.clients.ClusterConnectionStates$NodeConnectionState.resolveAddresses(ClusterConnectionStates.java:536) ~[kafka-clients-4.0.0.jar:?]
kafka-3-1  | 2026-09-25T22:51:53.174483875Z 	at org.apache.kafka.clients.ClusterConnectionStates$NodeConnectionState.currentAddress(ClusterConnectionStates.java:511) ~[kafka-clients-4.0.0.jar:?]
kafka-3-1  | 2026-09-25T22:51:53.174486211Z 	at org.apache.kafka.clients.ClusterConnectionStates.currentAddress(ClusterConnectionStates.java:173) ~[kafka-clients-4.0.0.jar:?]
kafka-3-1  | 2026-09-25T22:51:53.174488554Z 	at org.apache.kafka.clients.NetworkClient.initiateConnect(NetworkClient.java:1140) [kafka-clients-4.0.0.jar:?]
kafka-3-1  | 2026-09-25T22:51:53.174490868Z 	at org.apache.kafka.clients.NetworkClient.ready(NetworkClient.java:368) [kafka-clients-4.0.0.jar:?]
kafka-3-1  | 2026-09-25T22:51:53.174493172Z 	at org.apache.kafka.server.util.InterBrokerSendThread.sendRequests(InterBrokerSendThread.java:146) [kafka-server-common-4.0.0.jar:?]
kafka-3-1  | 2026-09-25T22:51:53.174495503Z 	at org.apache.kafka.server.util.InterBrokerSendThread.pollOnce(InterBrokerSendThread.java:109) [kafka-server-common-4.0.0.jar:?]
kafka-3-1  | 2026-09-25T22:51:53.174497805Z 	at org.apache.kafka.server.util.InterBrokerSendThread.doWork(InterBrokerSendThread.java:137) [kafka-server-common-4.0.0.jar:?]
kafka-3-1  | 2026-09-25T22:51:53.174500960Z 	at org.apache.kafka.server.util.ShutdownableThread.run(ShutdownableThread.java:136) [kafka-server-common-4.0.0.jar:?]
kafka-3-1  | 2026-09-25T22:51:53.174723677Z [2026-09-25 22:51:53,174] INFO [RaftManager id=3] Disconnecting from node 2 due to request timeout. (org.apache.kafka.clients.NetworkClient)
kafka-3-1  | 2026-09-25T22:51:53.174735290Z [2026-09-25 22:51:53,174] INFO [RaftManager id=3] Cancelled in-flight BEGIN_QUORUM_EPOCH request with correlation id 495 due to node 2 being disconnected (elapsed time since creation: 5003ms, elapsed time since send: 5002ms, throttle time: 0ms, request timeout: 2000ms) (org.apache.kafka.clients.NetworkClient)
kafka-3-1  | 2026-09-25T22:51:53.175246642Z [2026-09-25 22:51:53,174] WARN [RaftManager id=3] Error connecting to node kafka-1:9093 (id: 1 rack: null isFenced: false) (org.apache.kafka.clients.NetworkClient)
kafka-3-1  | 2026-09-25T22:51:53.175256619Z java.net.UnknownHostException: kafka-1
kafka-3-1  | 2026-09-25T22:51:53.175258115Z 	at java.base/java.net.InetAddress$CachedLookup.get(Unknown Source) ~[?:?]
kafka-3-1  | 2026-09-25T22:51:53.175267501Z 	at java.base/java.net.InetAddress.getAllByName0(Unknown Source) ~[?:?]
kafka-3-1  | 2026-09-25T22:51:53.175268852Z 	at java.base/java.net.InetAddress.getAllByName(Unknown Source) ~[?:?]
kafka-3-1  | 2026-09-25T22:51:53.175270032Z 	at org.apache.kafka.clients.DefaultHostResolver.resolve(DefaultHostResolver.java:27) ~[kafka-clients-4.0.0.jar:?]
kafka-3-1  | 2026-09-25T22:51:53.175271377Z 	at org.apache.kafka.clients.ClientUtils.resolve(ClientUtils.java:125) ~[kafka-clients-4.0.0.jar:?]
kafka-3-1  | 2026-09-25T22:51:53.175272575Z 	at org.apache.kafka.clients.ClusterConnectionStates$NodeConnectionState.resolveAddresses(ClusterConnectionStates.java:536) ~[kafka-clients-4.0.0.jar:?]
kafka-3-1  | 2026-09-25T22:51:53.175273785Z 	at org.apache.kafka.clients.ClusterConnectionStates$NodeConnectionState.currentAddress(ClusterConnectionStates.java:511) ~[kafka-clients-4.0.0.jar:?]
kafka-3-1  | 2026-09-25T22:51:53.175274975Z 	at org.apache.kafka.clients.ClusterConnectionStates.currentAddress(ClusterConnectionStates.java:173) ~[kafka-clients-4.0.0.jar:?]
kafka-3-1  | 2026-09-25T22:51:53.175276159Z 	at org.apache.kafka.clients.NetworkClient.initiateConnect(NetworkClient.java:1140) [kafka-clients-4.0.0.jar:?]
kafka-3-1  | 2026-09-25T22:51:53.175277333Z 	at org.apache.kafka.clients.NetworkClient.ready(NetworkClient.java:368) [kafka-clients-4.0.0.jar:?]
kafka-3-1  | 2026-09-25T22:51:53.175278506Z 	at org.apache.kafka.server.util.InterBrokerSendThread.sendRequests(InterBrokerSendThread.java:146) [kafka-server-common-4.0.0.jar:?]
kafka-3-1  | 2026-09-25T22:51:53.175279693Z 	at org.apache.kafka.server.util.InterBrokerSendThread.pollOnce(InterBrokerSendThread.java:109) [kafka-server-common-4.0.0.jar:?]
kafka-3-1  | 2026-09-25T22:51:53.175280912Z 	at org.apache.kafka.server.util.InterBrokerSendThread.doWork(InterBrokerSendThread.java:137) [kafka-server-common-4.0.0.jar:?]
kafka-3-1  | 2026-09-25T22:51:53.175282116Z 	at org.apache.kafka.server.util.ShutdownableThread.run(ShutdownableThread.java:136) [kafka-server-common-4.0.0.jar:?]
kafka-3-1  | 2026-09-25T22:51:54.175212507Z [2026-09-25 22:51:54,174] WARN [RaftManager id=3] Error connecting to node kafka-1:9093 (id: 1 rack: null isFenced: false) (org.apache.kafka.clients.NetworkClient)
kafka-3-1  | 2026-09-25T22:51:54.175233214Z java.net.UnknownHostException: kafka-1
kafka-3-1  | 2026-09-25T22:51:54.175236497Z 	at java.base/java.net.InetAddress$CachedLookup.get(Unknown Source) ~[?:?]
kafka-3-1  | 2026-09-25T22:51:54.175239251Z 	at java.base/java.net.InetAddress.getAllByName0(Unknown Source) ~[?:?]
kafka-3-1  | 2026-09-25T22:51:54.175241431Z 	at java.base/java.net.InetAddress.getAllByName(Unknown Source) ~[?:?]
kafka-3-1  | 2026-09-25T22:51:54.175243819Z 	at org.apache.kafka.clients.DefaultHostResolver.resolve(DefaultHostResolver.java:27) ~[kafka-clients-4.0.0.jar:?]
kafka-3-1  | 2026-09-25T22:51:54.175246058Z 	at org.apache.kafka.clients.ClientUtils.resolve(ClientUtils.java:125) ~[kafka-clients-4.0.0.jar:?]
kafka-3-1  | 2026-09-25T22:51:54.175248316Z 	at org.apache.kafka.clients.ClusterConnectionStates$NodeConnectionState.resolveAddresses(ClusterConnectionStates.java:536) ~[kafka-clients-4.0.0.jar:?]
kafka-3-1  | 2026-09-25T22:51:54.175250571Z 	at org.apache.kafka.clients.ClusterConnectionStates$NodeConnectionState.currentAddress(ClusterConnectionStates.java:511) ~[kafka-clients-4.0.0.jar:?]
kafka-3-1  | 2026-09-25T22:51:54.175266510Z 	at org.apache.kafka.clients.ClusterConnectionStates.currentAddress(ClusterConnectionStates.java:173) ~[kafka-clients-4.0.0.jar:?]
kafka-3-1  | 2026-09-25T22:51:54.175269248Z 	at org.apache.kafka.clients.NetworkClient.initiateConnect(NetworkClient.java:1140) [kafka-clients-4.0.0.jar:?]
kafka-3-1  | 2026-09-25T22:51:54.175271561Z 	at org.apache.kafka.clients.NetworkClient.ready(NetworkClient.java:368) [kafka-clients-4.0.0.jar:?]
kafka-3-1  | 2026-09-25T22:51:54.175274022Z 	at org.apache.kafka.server.util.InterBrokerSendThread.sendRequests(InterBrokerSendThread.java:146) [kafka-server-common-4.0.0.jar:?]
kafka-3-1  | 2026-09-25T22:51:54.175276354Z 	at org.apache.kafka.server.util.InterBrokerSendThread.pollOnce(InterBrokerSendThread.java:109) [kafka-server-common-4.0.0.jar:?]
kafka-3-1  | 2026-09-25T22:51:54.175278585Z 	at org.apache.kafka.server.util.InterBrokerSendThread.doWork(InterBrokerSendThread.java:137) [kafka-server-common-4.0.0.jar:?]
kafka-3-1  | 2026-09-25T22:51:54.175280861Z 	at org.apache.kafka.server.util.ShutdownableThread.run(ShutdownableThread.java:136) [kafka-server-common-4.0.0.jar:?]
kafka-3-1  | 2026-09-25T22:51:55.175548915Z [2026-09-25 22:51:55,174] WARN [RaftManager id=3] Error connecting to node kafka-1:9093 (id: 1 rack: null isFenced: false) (org.apache.kafka.clients.NetworkClient)
kafka-3-1  | 2026-09-25T22:51:55.175566872Z java.net.UnknownHostException: kafka-1
kafka-3-1  | 2026-09-25T22:51:55.175568373Z 	at java.base/java.net.InetAddress$CachedLookup.get(Unknown Source) ~[?:?]
kafka-3-1  | 2026-09-25T22:51:55.175569790Z 	at java.base/java.net.InetAddress.getAllByName0(Unknown Source) ~[?:?]
kafka-3-1  | 2026-09-25T22:51:55.175570988Z 	at java.base/java.net.InetAddress.getAllByName(Unknown Source) ~[?:?]
kafka-3-1  | 2026-09-25T22:51:55.175572148Z 	at org.apache.kafka.clients.DefaultHostResolver.resolve(DefaultHostResolver.java:27) ~[kafka-clients-4.0.0.jar:?]
kafka-3-1  | 2026-09-25T22:51:55.175573393Z 	at org.apache.kafka.clients.ClientUtils.resolve(ClientUtils.java:125) ~[kafka-clients-4.0.0.jar:?]
kafka-3-1  | 2026-09-25T22:51:55.175574546Z 	at org.apache.kafka.clients.ClusterConnectionStates$NodeConnectionState.resolveAddresses(ClusterConnectionStates.java:536) ~[kafka-clients-4.0.0.jar:?]
kafka-3-1  | 2026-09-25T22:51:55.175575742Z 	at org.apache.kafka.clients.ClusterConnectionStates$NodeConnectionState.currentAddress(ClusterConnectionStates.java:511) ~[kafka-clients-4.0.0.jar:?]
kafka-3-1  | 2026-09-25T22:51:55.175576940Z 	at org.apache.kafka.clients.ClusterConnectionStates.currentAddress(ClusterConnectionStates.java:173) ~[kafka-clients-4.0.0.jar:?]
kafka-3-1  | 2026-09-25T22:51:55.175578144Z 	at org.apache.kafka.clients.NetworkClient.initiateConnect(NetworkClient.java:1140) [kafka-clients-4.0.0.jar:?]
kafka-3-1  | 2026-09-25T22:51:55.175579310Z 	at org.apache.kafka.clients.NetworkClient.ready(NetworkClient.java:368) [kafka-clients-4.0.0.jar:?]
kafka-3-1  | 2026-09-25T22:51:55.175580513Z 	at org.apache.kafka.server.util.InterBrokerSendThread.sendRequests(InterBrokerSendThread.java:146) [kafka-server-common-4.0.0.jar:?]
kafka-3-1  | 2026-09-25T22:51:55.175581710Z 	at org.apache.kafka.server.util.InterBrokerSendThread.pollOnce(InterBrokerSendThread.java:109) [kafka-server-common-4.0.0.jar:?]
kafka-3-1  | 2026-09-25T22:51:55.175582920Z 	at org.apache.kafka.server.util.InterBrokerSendThread.doWork(InterBrokerSendThread.java:137) [kafka-server-common-4.0.0.jar:?]
kafka-3-1  | 2026-09-25T22:51:55.175590535Z 	at org.apache.kafka.server.util.ShutdownableThread.run(ShutdownableThread.java:136) [kafka-server-common-4.0.0.jar:?]
kafka-3-1  | 2026-09-25T22:51:56.176182800Z [2026-09-25 22:51:56,175] WARN [RaftManager id=3] Error connecting to node kafka-1:9093 (id: 1 rack: null isFenced: false) (org.apache.kafka.clients.NetworkClient)
kafka-3-1  | 2026-09-25T22:51:56.176199571Z java.net.UnknownHostException: kafka-1
kafka-3-1  | 2026-09-25T22:51:56.176201166Z 	at java.base/java.net.InetAddress$CachedLookup.get(Unknown Source) ~[?:?]
kafka-3-1  | 2026-09-25T22:51:56.176202793Z 	at java.base/java.net.InetAddress.getAllByName0(Unknown Source) ~[?:?]
kafka-3-1  | 2026-09-25T22:51:56.176203934Z 	at java.base/java.net.InetAddress.getAllByName(Unknown Source) ~[?:?]
kafka-3-1  | 2026-09-25T22:51:56.176211684Z 	at org.apache.kafka.clients.DefaultHostResolver.resolve(DefaultHostResolver.java:27) ~[kafka-clients-4.0.0.jar:?]
kafka-3-1  | 2026-09-25T22:51:56.176213213Z 	at org.apache.kafka.clients.ClientUtils.resolve(ClientUtils.java:125) ~[kafka-clients-4.0.0.jar:?]
kafka-3-1  | 2026-09-25T22:51:56.176214361Z 	at org.apache.kafka.clients.ClusterConnectionStates$NodeConnectionState.resolveAddresses(ClusterConnectionStates.java:536) ~[kafka-clients-4.0.0.jar:?]
kafka-3-1  | 2026-09-25T22:51:56.176215523Z 	at org.apache.kafka.clients.ClusterConnectionStates$NodeConnectionState.currentAddress(ClusterConnectionStates.java:511) ~[kafka-clients-4.0.0.jar:?]
kafka-3-1  | 2026-09-25T22:51:56.176216652Z 	at org.apache.kafka.clients.ClusterConnectionStates.currentAddress(ClusterConnectionStates.java:173) ~[kafka-clients-4.0.0.jar:?]
kafka-3-1  | 2026-09-25T22:51:56.176224032Z 	at org.apache.kafka.clients.NetworkClient.initiateConnect(NetworkClient.java:1140) [kafka-clients-4.0.0.jar:?]
kafka-3-1  | 2026-09-25T22:51:56.176225662Z 	at org.apache.kafka.clients.NetworkClient.ready(NetworkClient.java:368) [kafka-clients-4.0.0.jar:?]
kafka-3-1  | 2026-09-25T22:51:56.176226831Z 	at org.apache.kafka.server.util.InterBrokerSendThread.sendRequests(InterBrokerSendThread.java:146) [kafka-server-common-4.0.0.jar:?]
kafka-3-1  | 2026-09-25T22:51:56.176227985Z 	at org.apache.kafka.server.util.InterBrokerSendThread.pollOnce(InterBrokerSendThread.java:109) [kafka-server-common-4.0.0.jar:?]
kafka-3-1  | 2026-09-25T22:51:56.176229139Z 	at org.apache.kafka.server.util.InterBrokerSendThread.doWork(InterBrokerSendThread.java:137) [kafka-server-common-4.0.0.jar:?]
kafka-3-1  | 2026-09-25T22:51:56.176230274Z 	at org.apache.kafka.server.util.ShutdownableThread.run(ShutdownableThread.java:136) [kafka-server-common-4.0.0.jar:?]
kafka-3-1  | 2026-09-25T22:51:57.175572932Z [2026-09-25 22:51:57,175] WARN [RaftManager id=3] Error connecting to node kafka-1:9093 (id: 1 rack: null isFenced: false) (org.apache.kafka.clients.NetworkClient)
kafka-3-1  | 2026-09-25T22:51:57.175596566Z java.net.UnknownHostException: kafka-1
kafka-3-1  | 2026-09-25T22:51:57.175598308Z 	at java.base/java.net.InetAddress$CachedLookup.get(Unknown Source) ~[?:?]
kafka-3-1  | 2026-09-25T22:51:57.175599892Z 	at java.base/java.net.InetAddress.getAllByName0(Unknown Source) ~[?:?]
kafka-3-1  | 2026-09-25T22:51:57.175601052Z 	at java.base/java.net.InetAddress.getAllByName(Unknown Source) ~[?:?]
kafka-3-1  | 2026-09-25T22:51:57.175610077Z 	at org.apache.kafka.clients.DefaultHostResolver.resolve(DefaultHostResolver.java:27) ~[kafka-clients-4.0.0.jar:?]
kafka-3-1  | 2026-09-25T22:51:57.175617937Z 	at org.apache.kafka.clients.ClientUtils.resolve(ClientUtils.java:125) ~[kafka-clients-4.0.0.jar:?]
kafka-3-1  | 2026-09-25T22:51:57.175619166Z 	at org.apache.kafka.clients.ClusterConnectionStates$NodeConnectionState.resolveAddresses(ClusterConnectionStates.java:536) ~[kafka-clients-4.0.0.jar:?]
kafka-3-1  | 2026-09-25T22:51:57.175620438Z 	at org.apache.kafka.clients.ClusterConnectionStates$NodeConnectionState.currentAddress(ClusterConnectionStates.java:511) ~[kafka-clients-4.0.0.jar:?]
kafka-3-1  | 2026-09-25T22:51:57.175621649Z 	at org.apache.kafka.clients.ClusterConnectionStates.currentAddress(ClusterConnectionStates.java:173) ~[kafka-clients-4.0.0.jar:?]
kafka-3-1  | 2026-09-25T22:51:57.175622850Z 	at org.apache.kafka.clients.NetworkClient.initiateConnect(NetworkClient.java:1140) [kafka-clients-4.0.0.jar:?]
kafka-3-1  | 2026-09-25T22:51:57.175624085Z 	at org.apache.kafka.clients.NetworkClient.ready(NetworkClient.java:368) [kafka-clients-4.0.0.jar:?]
kafka-3-1  | 2026-09-25T22:51:57.175625255Z 	at org.apache.kafka.server.util.InterBrokerSendThread.sendRequests(InterBrokerSendThread.java:146) [kafka-server-common-4.0.0.jar:?]
kafka-3-1  | 2026-09-25T22:51:57.175626444Z 	at org.apache.kafka.server.util.InterBrokerSendThread.pollOnce(InterBrokerSendThread.java:109) [kafka-server-common-4.0.0.jar:?]
kafka-3-1  | 2026-09-25T22:51:57.175627648Z 	at org.apache.kafka.server.util.InterBrokerSendThread.doWork(InterBrokerSendThread.java:137) [kafka-server-common-4.0.0.jar:?]
kafka-3-1  | 2026-09-25T22:51:57.175628830Z 	at org.apache.kafka.server.util.ShutdownableThread.run(ShutdownableThread.java:136) [kafka-server-common-4.0.0.jar:?]
kafka-3-1  | 2026-09-25T22:51:58.176004816Z [2026-09-25 22:51:58,175] WARN [RaftManager id=3] Error connecting to node kafka-1:9093 (id: 1 rack: null isFenced: false) (org.apache.kafka.clients.NetworkClient)
kafka-3-1  | 2026-09-25T22:51:58.176028996Z java.net.UnknownHostException: kafka-1
kafka-3-1  | 2026-09-25T22:51:58.176030468Z 	at java.base/java.net.InetAddress$CachedLookup.get(Unknown Source) ~[?:?]
kafka-3-1  | 2026-09-25T22:51:58.176032113Z 	at java.base/java.net.InetAddress.getAllByName0(Unknown Source) ~[?:?]
kafka-3-1  | 2026-09-25T22:51:58.176033286Z 	at java.base/java.net.InetAddress.getAllByName(Unknown Source) ~[?:?]
kafka-3-1  | 2026-09-25T22:51:58.176034351Z 	at org.apache.kafka.clients.DefaultHostResolver.resolve(DefaultHostResolver.java:27) ~[kafka-clients-4.0.0.jar:?]
kafka-3-1  | 2026-09-25T22:51:58.176035461Z 	at org.apache.kafka.clients.ClientUtils.resolve(ClientUtils.java:125) ~[kafka-clients-4.0.0.jar:?]
kafka-3-1  | 2026-09-25T22:51:58.176036562Z 	at org.apache.kafka.clients.ClusterConnectionStates$NodeConnectionState.resolveAddresses(ClusterConnectionStates.java:536) ~[kafka-clients-4.0.0.jar:?]
kafka-3-1  | 2026-09-25T22:51:58.176037709Z 	at org.apache.kafka.clients.ClusterConnectionStates$NodeConnectionState.currentAddress(ClusterConnectionStates.java:511) ~[kafka-clients-4.0.0.jar:?]
kafka-3-1  | 2026-09-25T22:51:58.176038855Z 	at org.apache.kafka.clients.ClusterConnectionStates.currentAddress(ClusterConnectionStates.java:173) ~[kafka-clients-4.0.0.jar:?]
kafka-3-1  | 2026-09-25T22:51:58.176039970Z 	at org.apache.kafka.clients.NetworkClient.initiateConnect(NetworkClient.java:1140) [kafka-clients-4.0.0.jar:?]
kafka-3-1  | 2026-09-25T22:51:58.176051506Z 	at org.apache.kafka.clients.NetworkClient.ready(NetworkClient.java:368) [kafka-clients-4.0.0.jar:?]
kafka-3-1  | 2026-09-25T22:51:58.176052667Z 	at org.apache.kafka.server.util.InterBrokerSendThread.sendRequests(InterBrokerSendThread.java:146) [kafka-server-common-4.0.0.jar:?]
kafka-3-1  | 2026-09-25T22:51:58.176053780Z 	at org.apache.kafka.server.util.InterBrokerSendThread.pollOnce(InterBrokerSendThread.java:109) [kafka-server-common-4.0.0.jar:?]
kafka-3-1  | 2026-09-25T22:51:58.176054913Z 	at org.apache.kafka.server.util.InterBrokerSendThread.doWork(InterBrokerSendThread.java:137) [kafka-server-common-4.0.0.jar:?]
kafka-3-1  | 2026-09-25T22:51:58.176056056Z 	at org.apache.kafka.server.util.ShutdownableThread.run(ShutdownableThread.java:136) [kafka-server-common-4.0.0.jar:?]
kafka-3-1  | 2026-09-25T22:51:58.622142239Z [2026-09-25 22:51:58,621] WARN [NodeToControllerChannelManager id=3 name=forwarding] Error connecting to node kafka-1:9093 (id: 1 rack: null isFenced: false) (org.apache.kafka.clients.NetworkClient)
kafka-3-1  | 2026-09-25T22:51:58.622160986Z java.net.UnknownHostException: kafka-1
kafka-3-1  | 2026-09-25T22:51:58.622162411Z 	at java.base/java.net.InetAddress$CachedLookup.get(Unknown Source) ~[?:?]
kafka-3-1  | 2026-09-25T22:51:58.622164171Z 	at java.base/java.net.InetAddress.getAllByName0(Unknown Source) ~[?:?]
kafka-3-1  | 2026-09-25T22:51:58.622165358Z 	at java.base/java.net.InetAddress.getAllByName(Unknown Source) ~[?:?]
kafka-3-1  | 2026-09-25T22:51:58.622166516Z 	at org.apache.kafka.clients.DefaultHostResolver.resolve(DefaultHostResolver.java:27) ~[kafka-clients-4.0.0.jar:?]
kafka-3-1  | 2026-09-25T22:51:58.622167756Z 	at org.apache.kafka.clients.ClientUtils.resolve(ClientUtils.java:125) ~[kafka-clients-4.0.0.jar:?]
kafka-3-1  | 2026-09-25T22:51:58.622168922Z 	at org.apache.kafka.clients.ClusterConnectionStates$NodeConnectionState.resolveAddresses(ClusterConnectionStates.java:536) ~[kafka-clients-4.0.0.jar:?]
kafka-3-1  | 2026-09-25T22:51:58.622170241Z 	at org.apache.kafka.clients.ClusterConnectionStates$NodeConnectionState.currentAddress(ClusterConnectionStates.java:511) ~[kafka-clients-4.0.0.jar:?]
kafka-3-1  | 2026-09-25T22:51:58.622171450Z 	at org.apache.kafka.clients.ClusterConnectionStates.currentAddress(ClusterConnectionStates.java:173) ~[kafka-clients-4.0.0.jar:?]
kafka-3-1  | 2026-09-25T22:51:58.622172664Z 	at org.apache.kafka.clients.NetworkClient.initiateConnect(NetworkClient.java:1140) [kafka-clients-4.0.0.jar:?]
kafka-3-1  | 2026-09-25T22:51:58.622173835Z 	at org.apache.kafka.clients.NetworkClient.ready(NetworkClient.java:368) [kafka-clients-4.0.0.jar:?]
kafka-3-1  | 2026-09-25T22:51:58.622175013Z 	at org.apache.kafka.server.util.InterBrokerSendThread.sendRequests(InterBrokerSendThread.java:146) [kafka-server-common-4.0.0.jar:?]
kafka-3-1  | 2026-09-25T22:51:58.622176190Z 	at org.apache.kafka.server.util.InterBrokerSendThread.pollOnce(InterBrokerSendThread.java:109) [kafka-server-common-4.0.0.jar:?]
kafka-3-1  | 2026-09-25T22:51:58.622177381Z 	at kafka.server.NodeToControllerRequestThread.doWork(NodeToControllerChannelManager.scala:321) [kafka_2.13-4.0.0.jar:?]
kafka-3-1  | 2026-09-25T22:51:58.622178568Z 	at org.apache.kafka.server.util.ShutdownableThread.run(ShutdownableThread.java:136) [kafka-server-common-4.0.0.jar:?]
kafka-3-1  | 2026-09-25T22:51:58.672776268Z [2026-09-25 22:51:58,672] INFO [broker-3-to-controller-forwarding-channel-manager]: Recorded new KRaft controller, from now on will use node kafka-3:9093 (id: 3 rack: null isFenced: false) (kafka.server.NodeToControllerRequestThread)
kafka-3-1  | 2026-09-25T22:51:59.175053063Z [2026-09-25 22:51:59,174] WARN [RaftManager id=3] Error connecting to node kafka-1:9093 (id: 1 rack: null isFenced: false) (org.apache.kafka.clients.NetworkClient)
kafka-3-1  | 2026-09-25T22:51:59.175080359Z java.net.UnknownHostException: kafka-1
kafka-3-1  | 2026-09-25T22:51:59.175083829Z 	at java.base/java.net.InetAddress$CachedLookup.get(Unknown Source) ~[?:?]
kafka-3-1  | 2026-09-25T22:51:59.175090525Z 	at java.base/java.net.InetAddress.getAllByName0(Unknown Source) ~[?:?]
kafka-3-1  | 2026-09-25T22:51:59.175092855Z 	at java.base/java.net.InetAddress.getAllByName(Unknown Source) ~[?:?]
kafka-3-1  | 2026-09-25T22:51:59.175095368Z 	at org.apache.kafka.clients.DefaultHostResolver.resolve(DefaultHostResolver.java:27) ~[kafka-clients-4.0.0.jar:?]
kafka-3-1  | 2026-09-25T22:51:59.175097714Z 	at org.apache.kafka.clients.ClientUtils.resolve(ClientUtils.java:125) ~[kafka-clients-4.0.0.jar:?]
kafka-3-1  | 2026-09-25T22:51:59.175099966Z 	at org.apache.kafka.clients.ClusterConnectionStates$NodeConnectionState.resolveAddresses(ClusterConnectionStates.java:536) ~[kafka-clients-4.0.0.jar:?]
kafka-3-1  | 2026-09-25T22:51:59.175102259Z 	at org.apache.kafka.clients.ClusterConnectionStates$NodeConnectionState.currentAddress(ClusterConnectionStates.java:511) ~[kafka-clients-4.0.0.jar:?]
kafka-3-1  | 2026-09-25T22:51:59.175104515Z 	at org.apache.kafka.clients.ClusterConnectionStates.currentAddress(ClusterConnectionStates.java:173) ~[kafka-clients-4.0.0.jar:?]
kafka-3-1  | 2026-09-25T22:51:59.175106735Z 	at org.apache.kafka.clients.NetworkClient.initiateConnect(NetworkClient.java:1140) [kafka-clients-4.0.0.jar:?]
kafka-3-1  | 2026-09-25T22:51:59.175108917Z 	at org.apache.kafka.clients.NetworkClient.ready(NetworkClient.java:368) [kafka-clients-4.0.0.jar:?]
kafka-3-1  | 2026-09-25T22:51:59.175111129Z 	at org.apache.kafka.server.util.InterBrokerSendThread.sendRequests(InterBrokerSendThread.java:146) [kafka-server-common-4.0.0.jar:?]
kafka-3-1  | 2026-09-25T22:51:59.175113404Z 	at org.apache.kafka.server.util.InterBrokerSendThread.pollOnce(InterBrokerSendThread.java:109) [kafka-server-common-4.0.0.jar:?]
kafka-3-1  | 2026-09-25T22:51:59.175115617Z 	at org.apache.kafka.server.util.InterBrokerSendThread.doWork(InterBrokerSendThread.java:137) [kafka-server-common-4.0.0.jar:?]
kafka-3-1  | 2026-09-25T22:51:59.175117838Z 	at org.apache.kafka.server.util.ShutdownableThread.run(ShutdownableThread.java:136) [kafka-server-common-4.0.0.jar:?]
kafka-3-1  | 2026-09-25T22:52:00.175365808Z [2026-09-25 22:52:00,174] WARN [RaftManager id=3] Error connecting to node kafka-1:9093 (id: 1 rack: null isFenced: false) (org.apache.kafka.clients.NetworkClient)
kafka-3-1  | 2026-09-25T22:52:00.175391662Z java.net.UnknownHostException: kafka-1
kafka-3-1  | 2026-09-25T22:52:00.175394813Z 	at java.base/java.net.InetAddress$CachedLookup.get(Unknown Source) ~[?:?]
kafka-3-1  | 2026-09-25T22:52:00.175397552Z 	at java.base/java.net.InetAddress.getAllByName0(Unknown Source) ~[?:?]
kafka-3-1  | 2026-09-25T22:52:00.175400091Z 	at java.base/java.net.InetAddress.getAllByName(Unknown Source) ~[?:?]
kafka-3-1  | 2026-09-25T22:52:00.175402373Z 	at org.apache.kafka.clients.DefaultHostResolver.resolve(DefaultHostResolver.java:27) ~[kafka-clients-4.0.0.jar:?]
kafka-3-1  | 2026-09-25T22:52:00.175414102Z 	at org.apache.kafka.clients.ClientUtils.resolve(ClientUtils.java:125) ~[kafka-clients-4.0.0.jar:?]
kafka-3-1  | 2026-09-25T22:52:00.175416685Z 	at org.apache.kafka.clients.ClusterConnectionStates$NodeConnectionState.resolveAddresses(ClusterConnectionStates.java:536) ~[kafka-clients-4.0.0.jar:?]
kafka-3-1  | 2026-09-25T22:52:00.175419026Z 	at org.apache.kafka.clients.ClusterConnectionStates$NodeConnectionState.currentAddress(ClusterConnectionStates.java:511) ~[kafka-clients-4.0.0.jar:?]
kafka-3-1  | 2026-09-25T22:52:00.175421374Z 	at org.apache.kafka.clients.ClusterConnectionStates.currentAddress(ClusterConnectionStates.java:173) ~[kafka-clients-4.0.0.jar:?]
kafka-3-1  | 2026-09-25T22:52:00.175423643Z 	at org.apache.kafka.clients.NetworkClient.initiateConnect(NetworkClient.java:1140) [kafka-clients-4.0.0.jar:?]
kafka-3-1  | 2026-09-25T22:52:00.175425848Z 	at org.apache.kafka.clients.NetworkClient.ready(NetworkClient.java:368) [kafka-clients-4.0.0.jar:?]
kafka-3-1  | 2026-09-25T22:52:00.175428104Z 	at org.apache.kafka.server.util.InterBrokerSendThread.sendRequests(InterBrokerSendThread.java:146) [kafka-server-common-4.0.0.jar:?]
kafka-3-1  | 2026-09-25T22:52:00.175430380Z 	at org.apache.kafka.server.util.InterBrokerSendThread.pollOnce(InterBrokerSendThread.java:109) [kafka-server-common-4.0.0.jar:?]
kafka-3-1  | 2026-09-25T22:52:00.175432679Z 	at org.apache.kafka.server.util.InterBrokerSendThread.doWork(InterBrokerSendThread.java:137) [kafka-server-common-4.0.0.jar:?]
kafka-3-1  | 2026-09-25T22:52:00.175434950Z 	at org.apache.kafka.server.util.ShutdownableThread.run(ShutdownableThread.java:136) [kafka-server-common-4.0.0.jar:?]
kafka-3-1  | 2026-09-25T22:52:01.175176394Z [2026-09-25 22:52:01,174] WARN [RaftManager id=3] Error connecting to node kafka-1:9093 (id: 1 rack: null isFenced: false) (org.apache.kafka.clients.NetworkClient)
kafka-3-1  | 2026-09-25T22:52:01.175208092Z java.net.UnknownHostException: kafka-1
kafka-3-1  | 2026-09-25T22:52:01.175211824Z 	at java.base/java.net.InetAddress$CachedLookup.get(Unknown Source) ~[?:?]
kafka-3-1  | 2026-09-25T22:52:01.175214909Z 	at java.base/java.net.InetAddress.getAllByName0(Unknown Source) ~[?:?]
kafka-3-1  | 2026-09-25T22:52:01.175217372Z 	at java.base/java.net.InetAddress.getAllByName(Unknown Source) ~[?:?]
kafka-3-1  | 2026-09-25T22:52:01.175219734Z 	at org.apache.kafka.clients.DefaultHostResolver.resolve(DefaultHostResolver.java:27) ~[kafka-clients-4.0.0.jar:?]
kafka-3-1  | 2026-09-25T22:52:01.175222187Z 	at org.apache.kafka.clients.ClientUtils.resolve(ClientUtils.java:125) ~[kafka-clients-4.0.0.jar:?]
kafka-3-1  | 2026-09-25T22:52:01.175224577Z 	at org.apache.kafka.clients.ClusterConnectionStates$NodeConnectionState.resolveAddresses(ClusterConnectionStates.java:536) ~[kafka-clients-4.0.0.jar:?]
kafka-3-1  | 2026-09-25T22:52:01.175227105Z 	at org.apache.kafka.clients.ClusterConnectionStates$NodeConnectionState.currentAddress(ClusterConnectionStates.java:511) ~[kafka-clients-4.0.0.jar:?]
kafka-3-1  | 2026-09-25T22:52:01.175229516Z 	at org.apache.kafka.clients.ClusterConnectionStates.currentAddress(ClusterConnectionStates.java:173) ~[kafka-clients-4.0.0.jar:?]
kafka-3-1  | 2026-09-25T22:52:01.175231905Z 	at org.apache.kafka.clients.NetworkClient.initiateConnect(NetworkClient.java:1140) [kafka-clients-4.0.0.jar:?]
kafka-3-1  | 2026-09-25T22:52:01.175252214Z 	at org.apache.kafka.clients.NetworkClient.ready(NetworkClient.java:368) [kafka-clients-4.0.0.jar:?]
kafka-3-1  | 2026-09-25T22:52:01.175254963Z 	at org.apache.kafka.server.util.InterBrokerSendThread.sendRequests(InterBrokerSendThread.java:146) [kafka-server-common-4.0.0.jar:?]
kafka-3-1  | 2026-09-25T22:52:01.175257378Z 	at org.apache.kafka.server.util.InterBrokerSendThread.pollOnce(InterBrokerSendThread.java:109) [kafka-server-common-4.0.0.jar:?]
kafka-3-1  | 2026-09-25T22:52:01.175259764Z 	at org.apache.kafka.server.util.InterBrokerSendThread.doWork(InterBrokerSendThread.java:137) [kafka-server-common-4.0.0.jar:?]
kafka-3-1  | 2026-09-25T22:52:01.175262094Z 	at org.apache.kafka.server.util.ShutdownableThread.run(ShutdownableThread.java:136) [kafka-server-common-4.0.0.jar:?]
kafka-3-1  | 2026-09-25T22:52:02.175614837Z [2026-09-25 22:52:02,175] WARN [RaftManager id=3] Error connecting to node kafka-1:9093 (id: 1 rack: null isFenced: false) (org.apache.kafka.clients.NetworkClient)
kafka-3-1  | 2026-09-25T22:52:02.175633876Z java.net.UnknownHostException: kafka-1
kafka-3-1  | 2026-09-25T22:52:02.175635725Z 	at java.base/java.net.InetAddress$CachedLookup.get(Unknown Source) ~[?:?]
kafka-3-1  | 2026-09-25T22:52:02.175637216Z 	at java.base/java.net.InetAddress.getAllByName0(Unknown Source) ~[?:?]
kafka-3-1  | 2026-09-25T22:52:02.175638365Z 	at java.base/java.net.InetAddress.getAllByName(Unknown Source) ~[?:?]
kafka-3-1  | 2026-09-25T22:52:02.175639528Z 	at org.apache.kafka.clients.DefaultHostResolver.resolve(DefaultHostResolver.java:27) ~[kafka-clients-4.0.0.jar:?]
kafka-3-1  | 2026-09-25T22:52:02.175640696Z 	at org.apache.kafka.clients.ClientUtils.resolve(ClientUtils.java:125) ~[kafka-clients-4.0.0.jar:?]
kafka-3-1  | 2026-09-25T22:52:02.175641864Z 	at org.apache.kafka.clients.ClusterConnectionStates$NodeConnectionState.resolveAddresses(ClusterConnectionStates.java:536) ~[kafka-clients-4.0.0.jar:?]
kafka-3-1  | 2026-09-25T22:52:02.175643119Z 	at org.apache.kafka.clients.ClusterConnectionStates$NodeConnectionState.currentAddress(ClusterConnectionStates.java:511) ~[kafka-clients-4.0.0.jar:?]
kafka-3-1  | 2026-09-25T22:52:02.175644351Z 	at org.apache.kafka.clients.ClusterConnectionStates.currentAddress(ClusterConnectionStates.java:173) ~[kafka-clients-4.0.0.jar:?]
kafka-3-1  | 2026-09-25T22:52:02.175645581Z 	at org.apache.kafka.clients.NetworkClient.initiateConnect(NetworkClient.java:1140) [kafka-clients-4.0.0.jar:?]
kafka-3-1  | 2026-09-25T22:52:02.175646753Z 	at org.apache.kafka.clients.NetworkClient.ready(NetworkClient.java:368) [kafka-clients-4.0.0.jar:?]
kafka-3-1  | 2026-09-25T22:52:02.175647940Z 	at org.apache.kafka.server.util.InterBrokerSendThread.sendRequests(InterBrokerSendThread.java:146) [kafka-server-common-4.0.0.jar:?]
kafka-3-1  | 2026-09-25T22:52:02.175649180Z 	at org.apache.kafka.server.util.InterBrokerSendThread.pollOnce(InterBrokerSendThread.java:109) [kafka-server-common-4.0.0.jar:?]
kafka-3-1  | 2026-09-25T22:52:02.175650384Z 	at org.apache.kafka.server.util.InterBrokerSendThread.doWork(InterBrokerSendThread.java:137) [kafka-server-common-4.0.0.jar:?]
kafka-3-1  | 2026-09-25T22:52:02.175651585Z 	at org.apache.kafka.server.util.ShutdownableThread.run(ShutdownableThread.java:136) [kafka-server-common-4.0.0.jar:?]
kafka-3-1  | 2026-09-25T22:52:08.181378981Z [2026-09-25 22:52:08,180] WARN [RaftManager id=3] Error connecting to node kafka-1:9093 (id: 1 rack: null isFenced: false) (org.apache.kafka.clients.NetworkClient)
kafka-3-1  | 2026-09-25T22:52:08.181417387Z java.net.UnknownHostException: kafka-1: Try again
kafka-3-1  | 2026-09-25T22:52:08.181421941Z 	at java.base/java.net.Inet6AddressImpl.lookupAllHostAddr(Native Method) ~[?:?]
kafka-3-1  | 2026-09-25T22:52:08.181425368Z 	at java.base/java.net.Inet6AddressImpl.lookupAllHostAddr(Unknown Source) ~[?:?]
kafka-3-1  | 2026-09-25T22:52:08.181428284Z 	at java.base/java.net.InetAddress$PlatformResolver.lookupByName(Unknown Source) ~[?:?]
kafka-3-1  | 2026-09-25T22:52:08.181430841Z 	at java.base/java.net.InetAddress.getAddressesFromNameService(Unknown Source) ~[?:?]
kafka-3-1  | 2026-09-25T22:52:08.181433302Z 	at java.base/java.net.InetAddress$NameServiceAddresses.get(Unknown Source) ~[?:?]
kafka-3-1  | 2026-09-25T22:52:08.181435725Z 	at java.base/java.net.InetAddress.getAllByName0(Unknown Source) ~[?:?]
kafka-3-1  | 2026-09-25T22:52:08.181438170Z 	at java.base/java.net.InetAddress.getAllByName(Unknown Source) ~[?:?]
kafka-3-1  | 2026-09-25T22:52:08.181440705Z 	at org.apache.kafka.clients.DefaultHostResolver.resolve(DefaultHostResolver.java:27) ~[kafka-clients-4.0.0.jar:?]
kafka-3-1  | 2026-09-25T22:52:08.181443246Z 	at org.apache.kafka.clients.ClientUtils.resolve(ClientUtils.java:125) ~[kafka-clients-4.0.0.jar:?]
kafka-3-1  | 2026-09-25T22:52:08.181445833Z 	at org.apache.kafka.clients.ClusterConnectionStates$NodeConnectionState.resolveAddresses(ClusterConnectionStates.java:536) ~[kafka-clients-4.0.0.jar:?]
kafka-3-1  | 2026-09-25T22:52:08.181448484Z 	at org.apache.kafka.clients.ClusterConnectionStates$NodeConnectionState.currentAddress(ClusterConnectionStates.java:511) ~[kafka-clients-4.0.0.jar:?]
kafka-3-1  | 2026-09-25T22:52:08.181451066Z 	at org.apache.kafka.clients.ClusterConnectionStates.currentAddress(ClusterConnectionStates.java:173) ~[kafka-clients-4.0.0.jar:?]
kafka-3-1  | 2026-09-25T22:52:08.181453926Z 	at org.apache.kafka.clients.NetworkClient.initiateConnect(NetworkClient.java:1140) [kafka-clients-4.0.0.jar:?]
kafka-3-1  | 2026-09-25T22:52:08.181456640Z 	at org.apache.kafka.clients.NetworkClient.ready(NetworkClient.java:368) [kafka-clients-4.0.0.jar:?]
kafka-3-1  | 2026-09-25T22:52:08.181459160Z 	at org.apache.kafka.server.util.InterBrokerSendThread.sendRequests(InterBrokerSendThread.java:146) [kafka-server-common-4.0.0.jar:?]
kafka-3-1  | 2026-09-25T22:52:08.181461750Z 	at org.apache.kafka.server.util.InterBrokerSendThread.pollOnce(InterBrokerSendThread.java:109) [kafka-server-common-4.0.0.jar:?]
kafka-3-1  | 2026-09-25T22:52:08.181464351Z 	at org.apache.kafka.server.util.InterBrokerSendThread.doWork(InterBrokerSendThread.java:137) [kafka-server-common-4.0.0.jar:?]
kafka-3-1  | 2026-09-25T22:52:08.181467719Z 	at org.apache.kafka.server.util.ShutdownableThread.run(ShutdownableThread.java:136) [kafka-server-common-4.0.0.jar:?]
kafka-3-1  | 2026-09-25T22:52:08.181622661Z [2026-09-25 22:52:08,181] INFO [RaftManager id=3] Disconnecting from node 2 due to request timeout. (org.apache.kafka.clients.NetworkClient)
kafka-3-1  | 2026-09-25T22:52:08.181634641Z [2026-09-25 22:52:08,181] INFO [RaftManager id=3] Cancelled in-flight BEGIN_QUORUM_EPOCH request with correlation id 520 due to node 2 being disconnected (elapsed time since creation: 5007ms, elapsed time since send: 5007ms, throttle time: 0ms, request timeout: 2000ms) (org.apache.kafka.clients.NetworkClient)
kafka-3-1  | 2026-09-25T22:52:08.181934406Z [2026-09-25 22:52:08,181] WARN [RaftManager id=3] Error connecting to node kafka-1:9093 (id: 1 rack: null isFenced: false) (org.apache.kafka.clients.NetworkClient)
kafka-3-1  | 2026-09-25T22:52:08.181950544Z java.net.UnknownHostException: kafka-1
kafka-3-1  | 2026-09-25T22:52:08.181954835Z 	at java.base/java.net.InetAddress$CachedLookup.get(Unknown Source) ~[?:?]
kafka-3-1  | 2026-09-25T22:52:08.181957833Z 	at java.base/java.net.InetAddress.getAllByName0(Unknown Source) ~[?:?]
kafka-3-1  | 2026-09-25T22:52:08.181960364Z 	at java.base/java.net.InetAddress.getAllByName(Unknown Source) ~[?:?]
kafka-3-1  | 2026-09-25T22:52:08.181963019Z 	at org.apache.kafka.clients.DefaultHostResolver.resolve(DefaultHostResolver.java:27) ~[kafka-clients-4.0.0.jar:?]
kafka-3-1  | 2026-09-25T22:52:08.181965605Z 	at org.apache.kafka.clients.ClientUtils.resolve(ClientUtils.java:125) ~[kafka-clients-4.0.0.jar:?]
kafka-3-1  | 2026-09-25T22:52:08.181968124Z 	at org.apache.kafka.clients.ClusterConnectionStates$NodeConnectionState.resolveAddresses(ClusterConnectionStates.java:536) ~[kafka-clients-4.0.0.jar:?]
kafka-3-1  | 2026-09-25T22:52:08.181970769Z 	at org.apache.kafka.clients.ClusterConnectionStates$NodeConnectionState.currentAddress(ClusterConnectionStates.java:511) ~[kafka-clients-4.0.0.jar:?]
kafka-3-1  | 2026-09-25T22:52:08.181973380Z 	at org.apache.kafka.clients.ClusterConnectionStates.currentAddress(ClusterConnectionStates.java:173) ~[kafka-clients-4.0.0.jar:?]
kafka-3-1  | 2026-09-25T22:52:08.181976008Z 	at org.apache.kafka.clients.NetworkClient.initiateConnect(NetworkClient.java:1140) [kafka-clients-4.0.0.jar:?]
kafka-3-1  | 2026-09-25T22:52:08.181978490Z 	at org.apache.kafka.clients.NetworkClient.ready(NetworkClient.java:368) [kafka-clients-4.0.0.jar:?]
kafka-3-1  | 2026-09-25T22:52:08.181981021Z 	at org.apache.kafka.server.util.InterBrokerSendThread.sendRequests(InterBrokerSendThread.java:146) [kafka-server-common-4.0.0.jar:?]
kafka-3-1  | 2026-09-25T22:52:08.181983623Z 	at org.apache.kafka.server.util.InterBrokerSendThread.pollOnce(InterBrokerSendThread.java:109) [kafka-server-common-4.0.0.jar:?]
kafka-3-1  | 2026-09-25T22:52:08.181986120Z 	at org.apache.kafka.server.util.InterBrokerSendThread.doWork(InterBrokerSendThread.java:137) [kafka-server-common-4.0.0.jar:?]
kafka-3-1  | 2026-09-25T22:52:08.181988676Z 	at org.apache.kafka.server.util.ShutdownableThread.run(ShutdownableThread.java:136) [kafka-server-common-4.0.0.jar:?]
kafka-3-1  | 2026-09-25T22:52:09.184509618Z [2026-09-25 22:52:09,183] WARN [RaftManager id=3] Error connecting to node kafka-1:9093 (id: 1 rack: null isFenced: false) (org.apache.kafka.clients.NetworkClient)
kafka-3-1  | 2026-09-25T22:52:09.184538121Z java.net.UnknownHostException: kafka-1
kafka-3-1  | 2026-09-25T22:52:09.184541838Z 	at java.base/java.net.InetAddress$CachedLookup.get(Unknown Source) ~[?:?]
kafka-3-1  | 2026-09-25T22:52:09.184544878Z 	at java.base/java.net.InetAddress.getAllByName0(Unknown Source) ~[?:?]
kafka-3-1  | 2026-09-25T22:52:09.184547243Z 	at java.base/java.net.InetAddress.getAllByName(Unknown Source) ~[?:?]
kafka-3-1  | 2026-09-25T22:52:09.184549476Z 	at org.apache.kafka.clients.DefaultHostResolver.resolve(DefaultHostResolver.java:27) ~[kafka-clients-4.0.0.jar:?]
kafka-3-1  | 2026-09-25T22:52:09.184551782Z 	at org.apache.kafka.clients.ClientUtils.resolve(ClientUtils.java:125) ~[kafka-clients-4.0.0.jar:?]
kafka-3-1  | 2026-09-25T22:52:09.184568100Z 	at org.apache.kafka.clients.ClusterConnectionStates$NodeConnectionState.resolveAddresses(ClusterConnectionStates.java:536) ~[kafka-clients-4.0.0.jar:?]
kafka-3-1  | 2026-09-25T22:52:09.184571043Z 	at org.apache.kafka.clients.ClusterConnectionStates$NodeConnectionState.currentAddress(ClusterConnectionStates.java:511) ~[kafka-clients-4.0.0.jar:?]
kafka-3-1  | 2026-09-25T22:52:09.184573398Z 	at org.apache.kafka.clients.ClusterConnectionStates.currentAddress(ClusterConnectionStates.java:173) ~[kafka-clients-4.0.0.jar:?]
kafka-3-1  | 2026-09-25T22:52:09.184575637Z 	at org.apache.kafka.clients.NetworkClient.initiateConnect(NetworkClient.java:1140) [kafka-clients-4.0.0.jar:?]
kafka-3-1  | 2026-09-25T22:52:09.184577834Z 	at org.apache.kafka.clients.NetworkClient.ready(NetworkClient.java:368) [kafka-clients-4.0.0.jar:?]
kafka-3-1  | 2026-09-25T22:52:09.184579989Z 	at org.apache.kafka.server.util.InterBrokerSendThread.sendRequests(InterBrokerSendThread.java:146) [kafka-server-common-4.0.0.jar:?]
kafka-3-1  | 2026-09-25T22:52:09.184582221Z 	at org.apache.kafka.server.util.InterBrokerSendThread.pollOnce(InterBrokerSendThread.java:109) [kafka-server-common-4.0.0.jar:?]
kafka-3-1  | 2026-09-25T22:52:09.184584470Z 	at org.apache.kafka.server.util.InterBrokerSendThread.doWork(InterBrokerSendThread.java:137) [kafka-server-common-4.0.0.jar:?]
kafka-3-1  | 2026-09-25T22:52:09.184586764Z 	at org.apache.kafka.server.util.ShutdownableThread.run(ShutdownableThread.java:136) [kafka-server-common-4.0.0.jar:?]
kafka-3-1  | 2026-09-25T22:52:10.184554692Z [2026-09-25 22:52:10,184] WARN [RaftManager id=3] Error connecting to node kafka-1:9093 (id: 1 rack: null isFenced: false) (org.apache.kafka.clients.NetworkClient)
kafka-3-1  | 2026-09-25T22:52:10.184591558Z java.net.UnknownHostException: kafka-1
kafka-3-1  | 2026-09-25T22:52:10.184596003Z 	at java.base/java.net.InetAddress$CachedLookup.get(Unknown Source) ~[?:?]
kafka-3-1  | 2026-09-25T22:52:10.184599623Z 	at java.base/java.net.InetAddress.getAllByName0(Unknown Source) ~[?:?]
kafka-3-1  | 2026-09-25T22:52:10.184602400Z 	at java.base/java.net.InetAddress.getAllByName(Unknown Source) ~[?:?]
kafka-3-1  | 2026-09-25T22:52:10.184605293Z 	at org.apache.kafka.clients.DefaultHostResolver.resolve(DefaultHostResolver.java:27) ~[kafka-clients-4.0.0.jar:?]
kafka-3-1  | 2026-09-25T22:52:10.184608087Z 	at org.apache.kafka.clients.ClientUtils.resolve(ClientUtils.java:125) ~[kafka-clients-4.0.0.jar:?]
kafka-3-1  | 2026-09-25T22:52:10.184611896Z 	at org.apache.kafka.clients.ClusterConnectionStates$NodeConnectionState.resolveAddresses(ClusterConnectionStates.java:536) ~[kafka-clients-4.0.0.jar:?]
kafka-3-1  | 2026-09-25T22:52:10.184614849Z 	at org.apache.kafka.clients.ClusterConnectionStates$NodeConnectionState.currentAddress(ClusterConnectionStates.java:511) ~[kafka-clients-4.0.0.jar:?]
kafka-3-1  | 2026-09-25T22:52:10.184617729Z 	at org.apache.kafka.clients.ClusterConnectionStates.currentAddress(ClusterConnectionStates.java:173) ~[kafka-clients-4.0.0.jar:?]
kafka-3-1  | 2026-09-25T22:52:10.184620513Z 	at org.apache.kafka.clients.NetworkClient.initiateConnect(NetworkClient.java:1140) [kafka-clients-4.0.0.jar:?]
kafka-3-1  | 2026-09-25T22:52:10.184623310Z 	at org.apache.kafka.clients.NetworkClient.ready(NetworkClient.java:368) [kafka-clients-4.0.0.jar:?]
kafka-3-1  | 2026-09-25T22:52:10.184644695Z 	at org.apache.kafka.server.util.InterBrokerSendThread.sendRequests(InterBrokerSendThread.java:146) [kafka-server-common-4.0.0.jar:?]
kafka-3-1  | 2026-09-25T22:52:10.184648299Z 	at org.apache.kafka.server.util.InterBrokerSendThread.pollOnce(InterBrokerSendThread.java:109) [kafka-server-common-4.0.0.jar:?]
kafka-3-1  | 2026-09-25T22:52:10.184651141Z 	at org.apache.kafka.server.util.InterBrokerSendThread.doWork(InterBrokerSendThread.java:137) [kafka-server-common-4.0.0.jar:?]
kafka-3-1  | 2026-09-25T22:52:10.184654065Z 	at org.apache.kafka.server.util.ShutdownableThread.run(ShutdownableThread.java:136) [kafka-server-common-4.0.0.jar:?]
kafka-3-1  | 2026-09-25T22:52:10.933314414Z [2026-09-25 22:52:10,932] WARN [NodeToControllerChannelManager id=3 name=alter-partition] Error connecting to node kafka-1:9093 (id: 1 rack: null isFenced: false) (org.apache.kafka.clients.NetworkClient)
kafka-3-1  | 2026-09-25T22:52:10.933339393Z java.net.UnknownHostException: kafka-1
kafka-3-1  | 2026-09-25T22:52:10.933342532Z 	at java.base/java.net.InetAddress$CachedLookup.get(Unknown Source) ~[?:?]
kafka-3-1  | 2026-09-25T22:52:10.933345692Z 	at java.base/java.net.InetAddress.getAllByName0(Unknown Source) ~[?:?]
kafka-3-1  | 2026-09-25T22:52:10.933348055Z 	at java.base/java.net.InetAddress.getAllByName(Unknown Source) ~[?:?]
kafka-3-1  | 2026-09-25T22:52:10.933350406Z 	at org.apache.kafka.clients.DefaultHostResolver.resolve(DefaultHostResolver.java:27) ~[kafka-clients-4.0.0.jar:?]
kafka-3-1  | 2026-09-25T22:52:10.933353068Z 	at org.apache.kafka.clients.ClientUtils.resolve(ClientUtils.java:125) ~[kafka-clients-4.0.0.jar:?]
kafka-3-1  | 2026-09-25T22:52:10.933355490Z 	at org.apache.kafka.clients.ClusterConnectionStates$NodeConnectionState.resolveAddresses(ClusterConnectionStates.java:536) ~[kafka-clients-4.0.0.jar:?]
kafka-3-1  | 2026-09-25T22:52:10.933357993Z 	at org.apache.kafka.clients.ClusterConnectionStates$NodeConnectionState.currentAddress(ClusterConnectionStates.java:511) ~[kafka-clients-4.0.0.jar:?]
kafka-3-1  | 2026-09-25T22:52:10.933360438Z 	at org.apache.kafka.clients.ClusterConnectionStates.currentAddress(ClusterConnectionStates.java:173) ~[kafka-clients-4.0.0.jar:?]
kafka-3-1  | 2026-09-25T22:52:10.933362898Z 	at org.apache.kafka.clients.NetworkClient.initiateConnect(NetworkClient.java:1140) [kafka-clients-4.0.0.jar:?]
kafka-3-1  | 2026-09-25T22:52:10.933365334Z 	at org.apache.kafka.clients.NetworkClient.ready(NetworkClient.java:368) [kafka-clients-4.0.0.jar:?]
kafka-3-1  | 2026-09-25T22:52:10.933367721Z 	at org.apache.kafka.server.util.InterBrokerSendThread.sendRequests(InterBrokerSendThread.java:146) [kafka-server-common-4.0.0.jar:?]
kafka-3-1  | 2026-09-25T22:52:10.933370260Z 	at org.apache.kafka.server.util.InterBrokerSendThread.pollOnce(InterBrokerSendThread.java:109) [kafka-server-common-4.0.0.jar:?]
kafka-3-1  | 2026-09-25T22:52:10.933372780Z 	at kafka.server.NodeToControllerRequestThread.doWork(NodeToControllerChannelManager.scala:321) [kafka_2.13-4.0.0.jar:?]
kafka-3-1  | 2026-09-25T22:52:10.933375240Z 	at org.apache.kafka.server.util.ShutdownableThread.run(ShutdownableThread.java:136) [kafka-server-common-4.0.0.jar:?]
kafka-3-1  | 2026-09-25T22:52:10.983745156Z [2026-09-25 22:52:10,983] INFO [broker-3-to-controller-alter-partition-channel-manager]: Recorded new KRaft controller, from now on will use node kafka-3:9093 (id: 3 rack: null isFenced: false) (kafka.server.NodeToControllerRequestThread)
kafka-3-1  | 2026-09-25T22:52:11.024089283Z [2026-09-25 22:52:11,023] INFO [ReplicaFetcherManager on broker 3] Removed fetcher for partitions Set(__consumer_offsets-15) (kafka.server.ReplicaFetcherManager)
kafka-3-1  | 2026-09-25T22:52:11.065612590Z [2026-09-25 22:52:11,065] INFO [Partition __consumer_offsets-45 broker=3] ISR updated to 3,2,1  and version updated to 4 (kafka.cluster.Partition)
kafka-3-1  | 2026-09-25T22:52:11.065835760Z [2026-09-25 22:52:11,065] INFO [Partition __consumer_offsets-44 broker=3] ISR updated to 3,2,1  and version updated to 4 (kafka.cluster.Partition)
kafka-3-1  | 2026-09-25T22:52:11.065846657Z [2026-09-25 22:52:11,065] INFO [Partition __consumer_offsets-47 broker=3] ISR updated to 3,2,1  and version updated to 4 (kafka.cluster.Partition)
kafka-3-1  | 2026-09-25T22:52:11.065849594Z [2026-09-25 22:52:11,065] INFO [Partition __consumer_offsets-49 broker=3] ISR updated to 3,2,1  and version updated to 4 (kafka.cluster.Partition)
kafka-3-1  | 2026-09-25T22:52:11.065852449Z [2026-09-25 22:52:11,065] INFO [Partition __consumer_offsets-48 broker=3] ISR updated to 3,2,1  and version updated to 4 (kafka.cluster.Partition)
kafka-3-1  | 2026-09-25T22:52:11.065855248Z [2026-09-25 22:52:11,065] INFO [Partition __consumer_offsets-28 broker=3] ISR updated to 3,2,1  and version updated to 4 (kafka.cluster.Partition)
kafka-3-1  | 2026-09-25T22:52:11.065867272Z [2026-09-25 22:52:11,065] INFO [Partition __consumer_offsets-31 broker=3] ISR updated to 3,2,1  and version updated to 4 (kafka.cluster.Partition)
kafka-3-1  | 2026-09-25T22:52:11.065974173Z [2026-09-25 22:52:11,065] INFO [Partition __consumer_offsets-33 broker=3] ISR updated to 3,2,1  and version updated to 4 (kafka.cluster.Partition)
kafka-3-1  | 2026-09-25T22:52:11.065986438Z [2026-09-25 22:52:11,065] INFO [ReplicaFetcherManager on broker 3] Removed fetcher for partitions Set(__consumer_offsets-48, __consumer_offsets-13, __consumer_offsets-44, __consumer_offsets-9, __consumer_offsets-42, __consumer_offsets-21, __consumer_offsets-19, __consumer_offsets-17, __consumer_offsets-32, __consumer_offsets-28, __consumer_offsets-26, __consumer_offsets-5, __consumer_offsets-38, dados-sensores-0, __consumer_offsets-1, __consumer_offsets-47, __consumer_offsets-45, __consumer_offsets-14, __consumer_offsets-41, __consumer_offsets-10, __consumer_offsets-22, __consumer_offsets-49, __consumer_offsets-18, dados-sensores-5, __consumer_offsets-31, __consumer_offsets-27, __consumer_offsets-25, __consumer_offsets-39, __consumer_offsets-8, __consumer_offsets-37, __consumer_offsets-6, dados-sensores-1, __consumer_offsets-35, __consumer_offsets-4, dados-sensores-3, __consumer_offsets-33, __consumer_offsets-2) (kafka.server.ReplicaFetcherManager)
kafka-3-1  | 2026-09-25T22:52:11.066018394Z [2026-09-25 22:52:11,065] INFO [Partition __consumer_offsets-32 broker=3] ISR updated to 3,2,1  and version updated to 4 (kafka.cluster.Partition)
kafka-3-1  | 2026-09-25T22:52:11.066180777Z [2026-09-25 22:52:11,066] INFO [Partition __consumer_offsets-35 broker=3] ISR updated to 3,2,1  and version updated to 4 (kafka.cluster.Partition)
kafka-3-1  | 2026-09-25T22:52:11.066466528Z [2026-09-25 22:52:11,066] INFO [Partition __consumer_offsets-37 broker=3] ISR updated to 3,2,1  and version updated to 4 (kafka.cluster.Partition)
kafka-3-1  | 2026-09-25T22:52:11.066484966Z [2026-09-25 22:52:11,066] INFO [Partition __consumer_offsets-39 broker=3] ISR updated to 3,2,1  and version updated to 4 (kafka.cluster.Partition)
kafka-3-1  | 2026-09-25T22:52:11.066489391Z [2026-09-25 22:52:11,066] INFO [Partition __consumer_offsets-38 broker=3] ISR updated to 3,2,1  and version updated to 4 (kafka.cluster.Partition)
kafka-3-1  | 2026-09-25T22:52:11.066507641Z [2026-09-25 22:52:11,066] INFO [Partition __consumer_offsets-41 broker=3] ISR updated to 3,2,1  and version updated to 4 (kafka.cluster.Partition)
kafka-3-1  | 2026-09-25T22:52:11.066510660Z [2026-09-25 22:52:11,066] INFO [Partition __consumer_offsets-42 broker=3] ISR updated to 3,2,1  and version updated to 4 (kafka.cluster.Partition)
kafka-3-1  | 2026-09-25T22:52:11.066832386Z [2026-09-25 22:52:11,066] INFO [Partition __consumer_offsets-14 broker=3] ISR updated to 3,2,1  and version updated to 4 (kafka.cluster.Partition)
kafka-3-1  | 2026-09-25T22:52:11.067432158Z [2026-09-25 22:52:11,067] INFO [Partition __consumer_offsets-17 broker=3] ISR updated to 3,2,1  and version updated to 4 (kafka.cluster.Partition)
kafka-3-1  | 2026-09-25T22:52:11.067510432Z [2026-09-25 22:52:11,067] INFO [Partition __consumer_offsets-18 broker=3] ISR updated to 3,2,1  and version updated to 4 (kafka.cluster.Partition)
kafka-3-1  | 2026-09-25T22:52:11.067520414Z [2026-09-25 22:52:11,067] INFO [Partition __consumer_offsets-22 broker=3] ISR updated to 3,2,1  and version updated to 4 (kafka.cluster.Partition)
kafka-3-1  | 2026-09-25T22:52:11.067727878Z [2026-09-25 22:52:11,067] INFO [Partition __consumer_offsets-25 broker=3] ISR updated to 3,2,1  and version updated to 4 (kafka.cluster.Partition)
kafka-3-1  | 2026-09-25T22:52:11.067732471Z [2026-09-25 22:52:11,067] INFO [Partition __consumer_offsets-27 broker=3] ISR updated to 3,2,1  and version updated to 4 (kafka.cluster.Partition)
kafka-3-1  | 2026-09-25T22:52:11.068089058Z [2026-09-25 22:52:11,067] INFO [Partition dados-sensores-0 broker=3] ISR updated to 3,2,1  and version updated to 4 (kafka.cluster.Partition)
kafka-3-1  | 2026-09-25T22:52:11.068104065Z [2026-09-25 22:52:11,067] INFO [Partition dados-sensores-1 broker=3] ISR updated to 3,2,1  and version updated to 4 (kafka.cluster.Partition)
kafka-3-1  | 2026-09-25T22:52:11.068338249Z [2026-09-25 22:52:11,068] INFO [Partition __consumer_offsets-1 broker=3] ISR updated to 3,2,1  and version updated to 4 (kafka.cluster.Partition)
kafka-3-1  | 2026-09-25T22:52:11.068350899Z [2026-09-25 22:52:11,068] INFO [Partition dados-sensores-3 broker=3] ISR updated to 3,2,1  and version updated to 4 (kafka.cluster.Partition)
kafka-3-1  | 2026-09-25T22:52:11.068354364Z [2026-09-25 22:52:11,068] INFO [Partition __consumer_offsets-2 broker=3] ISR updated to 3,2,1  and version updated to 4 (kafka.cluster.Partition)
kafka-3-1  | 2026-09-25T22:52:11.068584052Z [2026-09-25 22:52:11,068] INFO [Partition dados-sensores-5 broker=3] ISR updated to 3,2,1  and version updated to 4 (kafka.cluster.Partition)
kafka-3-1  | 2026-09-25T22:52:11.068599473Z [2026-09-25 22:52:11,068] INFO [Partition __consumer_offsets-4 broker=3] ISR updated to 3,2,1  and version updated to 4 (kafka.cluster.Partition)
kafka-3-1  | 2026-09-25T22:52:11.068820012Z [2026-09-25 22:52:11,068] INFO [Partition __consumer_offsets-6 broker=3] ISR updated to 3,2,1  and version updated to 4 (kafka.cluster.Partition)
kafka-3-1  | 2026-09-25T22:52:11.069078905Z [2026-09-25 22:52:11,068] INFO [Partition __consumer_offsets-8 broker=3] ISR updated to 3,2,1  and version updated to 4 (kafka.cluster.Partition)
kafka-3-1  | 2026-09-25T22:52:11.142480614Z [2026-09-25 22:52:11,141] INFO [GroupCoordinator id=3] Scheduling unloading of metadata for __consumer_offsets-16 with epoch OptionalInt[2] (org.apache.kafka.coordinator.common.runtime.CoordinatorRuntime)
kafka-3-1  | 2026-09-25T22:52:11.142506287Z [2026-09-25 22:52:11,142] INFO [GroupCoordinator id=3] Ignored unloading metadata for __consumer_offsets-16 in epoch OptionalInt[2] since metadata was never loaded. (org.apache.kafka.coordinator.common.runtime.CoordinatorRuntime)
kafka-3-1  | 2026-09-25T22:52:11.178734610Z [2026-09-25 22:52:11,178] INFO [GroupCoordinator id=3] Scheduling unloading of metadata for __consumer_offsets-46 with epoch OptionalInt[2] (org.apache.kafka.coordinator.common.runtime.CoordinatorRuntime)
kafka-3-1  | 2026-09-25T22:52:11.178752303Z [2026-09-25 22:52:11,178] INFO [GroupCoordinator id=3] Scheduling unloading of metadata for __consumer_offsets-43 with epoch OptionalInt[1] (org.apache.kafka.coordinator.common.runtime.CoordinatorRuntime)
kafka-3-1  | 2026-09-25T22:52:11.178756070Z [2026-09-25 22:52:11,178] INFO [GroupCoordinator id=3] Scheduling unloading of metadata for __consumer_offsets-11 with epoch OptionalInt[1] (org.apache.kafka.coordinator.common.runtime.CoordinatorRuntime)
kafka-3-1  | 2026-09-25T22:52:11.178758876Z [2026-09-25 22:52:11,178] INFO [GroupCoordinator id=3] Scheduling unloading of metadata for __consumer_offsets-12 with epoch OptionalInt[1] (org.apache.kafka.coordinator.common.runtime.CoordinatorRuntime)
kafka-3-1  | 2026-09-25T22:52:11.178761456Z [2026-09-25 22:52:11,178] INFO [GroupCoordinator id=3] Scheduling unloading of metadata for __consumer_offsets-23 with epoch OptionalInt[2] (org.apache.kafka.coordinator.common.runtime.CoordinatorRuntime)
kafka-3-1  | 2026-09-25T22:52:11.178764009Z [2026-09-25 22:52:11,178] INFO [GroupCoordinator id=3] Scheduling unloading of metadata for __consumer_offsets-24 with epoch OptionalInt[1] (org.apache.kafka.coordinator.common.runtime.CoordinatorRuntime)
kafka-3-1  | 2026-09-25T22:52:11.178766535Z [2026-09-25 22:52:11,178] INFO [GroupCoordinator id=3] Scheduling unloading of metadata for __consumer_offsets-20 with epoch OptionalInt[2] (org.apache.kafka.coordinator.common.runtime.CoordinatorRuntime)
kafka-3-1  | 2026-09-25T22:52:11.178769083Z [2026-09-25 22:52:11,178] INFO [GroupCoordinator id=3] Scheduling unloading of metadata for __consumer_offsets-0 with epoch OptionalInt[1] (org.apache.kafka.coordinator.common.runtime.CoordinatorRuntime)
kafka-3-1  | 2026-09-25T22:52:11.178771684Z [2026-09-25 22:52:11,178] INFO [GroupCoordinator id=3] Scheduling unloading of metadata for __consumer_offsets-29 with epoch OptionalInt[1] (org.apache.kafka.coordinator.common.runtime.CoordinatorRuntime)
kafka-3-1  | 2026-09-25T22:52:11.178774795Z [2026-09-25 22:52:11,178] INFO [GroupCoordinator id=3] Scheduling unloading of metadata for __consumer_offsets-30 with epoch OptionalInt[2] (org.apache.kafka.coordinator.common.runtime.CoordinatorRuntime)
kafka-3-1  | 2026-09-25T22:52:11.178777445Z [2026-09-25 22:52:11,178] INFO [GroupCoordinator id=3] Scheduling unloading of metadata for __consumer_offsets-7 with epoch OptionalInt[1] (org.apache.kafka.coordinator.common.runtime.CoordinatorRuntime)
kafka-3-1  | 2026-09-25T22:52:11.178780021Z [2026-09-25 22:52:11,178] INFO [GroupCoordinator id=3] Scheduling unloading of metadata for __consumer_offsets-40 with epoch OptionalInt[1] (org.apache.kafka.coordinator.common.runtime.CoordinatorRuntime)
kafka-3-1  | 2026-09-25T22:52:11.178782601Z [2026-09-25 22:52:11,178] INFO [GroupCoordinator id=3] Scheduling unloading of metadata for __consumer_offsets-3 with epoch OptionalInt[1] (org.apache.kafka.coordinator.common.runtime.CoordinatorRuntime)
kafka-3-1  | 2026-09-25T22:52:11.178785289Z [2026-09-25 22:52:11,178] INFO [GroupCoordinator id=3] Scheduling unloading of metadata for __consumer_offsets-36 with epoch OptionalInt[2] (org.apache.kafka.coordinator.common.runtime.CoordinatorRuntime)
kafka-3-1  | 2026-09-25T22:52:11.178787826Z [2026-09-25 22:52:11,178] INFO [GroupCoordinator id=3] Scheduling unloading of metadata for __consumer_offsets-34 with epoch OptionalInt[2] (org.apache.kafka.coordinator.common.runtime.CoordinatorRuntime)
kafka-3-1  | 2026-09-25T22:52:11.178841350Z [2026-09-25 22:52:11,178] INFO [GroupCoordinator id=3] Ignored unloading metadata for __consumer_offsets-46 in epoch OptionalInt[2] since metadata was never loaded. (org.apache.kafka.coordinator.common.runtime.CoordinatorRuntime)
kafka-3-1  | 2026-09-25T22:52:11.178848028Z [2026-09-25 22:52:11,178] INFO [GroupCoordinator id=3] Ignored unloading metadata for __consumer_offsets-11 in epoch OptionalInt[1] since metadata was never loaded. (org.apache.kafka.coordinator.common.runtime.CoordinatorRuntime)
kafka-3-1  | 2026-09-25T22:52:11.178850005Z [2026-09-25 22:52:11,178] INFO [GroupCoordinator id=3] Ignored unloading metadata for __consumer_offsets-3 in epoch OptionalInt[1] since metadata was never loaded. (org.apache.kafka.coordinator.common.runtime.CoordinatorRuntime)
kafka-3-1  | 2026-09-25T22:52:11.178948790Z [2026-09-25 22:52:11,178] INFO [GroupCoordinator id=3] Ignored unloading metadata for __consumer_offsets-43 in epoch OptionalInt[1] since metadata was never loaded. (org.apache.kafka.coordinator.common.runtime.CoordinatorRuntime)
kafka-3-1  | 2026-09-25T22:52:11.178960947Z [2026-09-25 22:52:11,178] INFO [GroupCoordinator id=3] Ignored unloading metadata for __consumer_offsets-20 in epoch OptionalInt[2] since metadata was never loaded. (org.apache.kafka.coordinator.common.runtime.CoordinatorRuntime)
kafka-3-1  | 2026-09-25T22:52:11.178964605Z [2026-09-25 22:52:11,178] INFO [GroupCoordinator id=3] Ignored unloading metadata for __consumer_offsets-29 in epoch OptionalInt[1] since metadata was never loaded. (org.apache.kafka.coordinator.common.runtime.CoordinatorRuntime)
kafka-3-1  | 2026-09-25T22:52:11.178967393Z [2026-09-25 22:52:11,178] INFO [GroupCoordinator id=3] Ignored unloading metadata for __consumer_offsets-0 in epoch OptionalInt[1] since metadata was never loaded. (org.apache.kafka.coordinator.common.runtime.CoordinatorRuntime)
kafka-3-1  | 2026-09-25T22:52:11.178970121Z [2026-09-25 22:52:11,178] INFO [GroupCoordinator id=3] Ignored unloading metadata for __consumer_offsets-30 in epoch OptionalInt[2] since metadata was never loaded. (org.apache.kafka.coordinator.common.runtime.CoordinatorRuntime)
kafka-3-1  | 2026-09-25T22:52:11.179040552Z [2026-09-25 22:52:11,178] INFO [GroupCoordinator id=3] Ignored unloading metadata for __consumer_offsets-23 in epoch OptionalInt[2] since metadata was never loaded. (org.apache.kafka.coordinator.common.runtime.CoordinatorRuntime)
kafka-3-1  | 2026-09-25T22:52:11.179160369Z [2026-09-25 22:52:11,179] INFO [GroupCoordinator id=3] Ignored unloading metadata for __consumer_offsets-7 in epoch OptionalInt[1] since metadata was never loaded. (org.apache.kafka.coordinator.common.runtime.CoordinatorRuntime)
kafka-3-1  | 2026-09-25T22:52:11.179171941Z [2026-09-25 22:52:11,178] INFO [GroupCoordinator id=3] Ignored unloading metadata for __consumer_offsets-24 in epoch OptionalInt[1] since metadata was never loaded. (org.apache.kafka.coordinator.common.runtime.CoordinatorRuntime)
kafka-3-1  | 2026-09-25T22:52:11.179175523Z [2026-09-25 22:52:11,179] INFO [GroupCoordinator id=3] Ignored unloading metadata for __consumer_offsets-40 in epoch OptionalInt[1] since metadata was never loaded. (org.apache.kafka.coordinator.common.runtime.CoordinatorRuntime)
kafka-3-1  | 2026-09-25T22:52:11.179313920Z [2026-09-25 22:52:11,179] INFO [GroupCoordinator id=3] Ignored unloading metadata for __consumer_offsets-34 in epoch OptionalInt[2] since metadata was never loaded. (org.apache.kafka.coordinator.common.runtime.CoordinatorRuntime)
kafka-3-1  | 2026-09-25T22:52:11.179408281Z [2026-09-25 22:52:11,179] INFO [GroupCoordinator id=3] Ignored unloading metadata for __consumer_offsets-12 in epoch OptionalInt[1] since metadata was never loaded. (org.apache.kafka.coordinator.common.runtime.CoordinatorRuntime)
kafka-3-1  | 2026-09-25T22:52:11.179411691Z [2026-09-25 22:52:11,179] INFO [GroupCoordinator id=3] Ignored unloading metadata for __consumer_offsets-36 in epoch OptionalInt[2] since metadata was never loaded. (org.apache.kafka.coordinator.common.runtime.CoordinatorRuntime)
kafka-3-1  | 2026-09-25T22:52:11.184620745Z [2026-09-25 22:52:11,184] WARN [RaftManager id=3] Error connecting to node kafka-1:9093 (id: 1 rack: null isFenced: false) (org.apache.kafka.clients.NetworkClient)
kafka-3-1  | 2026-09-25T22:52:11.184639314Z java.net.UnknownHostException: kafka-1
kafka-3-1  | 2026-09-25T22:52:11.184642337Z 	at java.base/java.net.InetAddress$CachedLookup.get(Unknown Source) ~[?:?]
kafka-3-1  | 2026-09-25T22:52:11.184644989Z 	at java.base/java.net.InetAddress.getAllByName0(Unknown Source) ~[?:?]
kafka-3-1  | 2026-09-25T22:52:11.184647183Z 	at java.base/java.net.InetAddress.getAllByName(Unknown Source) ~[?:?]
kafka-3-1  | 2026-09-25T22:52:11.184649364Z 	at org.apache.kafka.clients.DefaultHostResolver.resolve(DefaultHostResolver.java:27) ~[kafka-clients-4.0.0.jar:?]
kafka-3-1  | 2026-09-25T22:52:11.184651618Z 	at org.apache.kafka.clients.ClientUtils.resolve(ClientUtils.java:125) ~[kafka-clients-4.0.0.jar:?]
kafka-3-1  | 2026-09-25T22:52:11.184653842Z 	at org.apache.kafka.clients.ClusterConnectionStates$NodeConnectionState.resolveAddresses(ClusterConnectionStates.java:536) ~[kafka-clients-4.0.0.jar:?]
kafka-3-1  | 2026-09-25T22:52:11.184656118Z 	at org.apache.kafka.clients.ClusterConnectionStates$NodeConnectionState.currentAddress(ClusterConnectionStates.java:511) ~[kafka-clients-4.0.0.jar:?]
kafka-3-1  | 2026-09-25T22:52:11.184658365Z 	at org.apache.kafka.clients.ClusterConnectionStates.currentAddress(ClusterConnectionStates.java:173) ~[kafka-clients-4.0.0.jar:?]
kafka-3-1  | 2026-09-25T22:52:11.184660585Z 	at org.apache.kafka.clients.NetworkClient.initiateConnect(NetworkClient.java:1140) [kafka-clients-4.0.0.jar:?]
kafka-3-1  | 2026-09-25T22:52:11.184662813Z 	at org.apache.kafka.clients.NetworkClient.ready(NetworkClient.java:368) [kafka-clients-4.0.0.jar:?]
kafka-3-1  | 2026-09-25T22:52:11.184664998Z 	at org.apache.kafka.server.util.InterBrokerSendThread.sendRequests(InterBrokerSendThread.java:146) [kafka-server-common-4.0.0.jar:?]
kafka-3-1  | 2026-09-25T22:52:11.184667203Z 	at org.apache.kafka.server.util.InterBrokerSendThread.pollOnce(InterBrokerSendThread.java:109) [kafka-server-common-4.0.0.jar:?]
kafka-3-1  | 2026-09-25T22:52:11.184669389Z 	at org.apache.kafka.server.util.InterBrokerSendThread.doWork(InterBrokerSendThread.java:137) [kafka-server-common-4.0.0.jar:?]
kafka-3-1  | 2026-09-25T22:52:11.184671605Z 	at org.apache.kafka.server.util.ShutdownableThread.run(ShutdownableThread.java:136) [kafka-server-common-4.0.0.jar:?]
kafka-3-1  | 2026-09-25T22:52:12.185415884Z [2026-09-25 22:52:12,184] WARN [RaftManager id=3] Error connecting to node kafka-1:9093 (id: 1 rack: null isFenced: false) (org.apache.kafka.clients.NetworkClient)
kafka-3-1  | 2026-09-25T22:52:12.185430907Z java.net.UnknownHostException: kafka-1
kafka-3-1  | 2026-09-25T22:52:12.185432511Z 	at java.base/java.net.InetAddress$CachedLookup.get(Unknown Source) ~[?:?]
kafka-3-1  | 2026-09-25T22:52:12.185433821Z 	at java.base/java.net.InetAddress.getAllByName0(Unknown Source) ~[?:?]
kafka-3-1  | 2026-09-25T22:52:12.185441743Z 	at java.base/java.net.InetAddress.getAllByName(Unknown Source) ~[?:?]
kafka-3-1  | 2026-09-25T22:52:12.185443180Z 	at org.apache.kafka.clients.DefaultHostResolver.resolve(DefaultHostResolver.java:27) ~[kafka-clients-4.0.0.jar:?]
kafka-3-1  | 2026-09-25T22:52:12.185444323Z 	at org.apache.kafka.clients.ClientUtils.resolve(ClientUtils.java:125) ~[kafka-clients-4.0.0.jar:?]
kafka-3-1  | 2026-09-25T22:52:12.185445419Z 	at org.apache.kafka.clients.ClusterConnectionStates$NodeConnectionState.resolveAddresses(ClusterConnectionStates.java:536) ~[kafka-clients-4.0.0.jar:?]
kafka-3-1  | 2026-09-25T22:52:12.185446564Z 	at org.apache.kafka.clients.ClusterConnectionStates$NodeConnectionState.currentAddress(ClusterConnectionStates.java:511) ~[kafka-clients-4.0.0.jar:?]
kafka-3-1  | 2026-09-25T22:52:12.185447679Z 	at org.apache.kafka.clients.ClusterConnectionStates.currentAddress(ClusterConnectionStates.java:173) ~[kafka-clients-4.0.0.jar:?]
kafka-3-1  | 2026-09-25T22:52:12.185448825Z 	at org.apache.kafka.clients.NetworkClient.initiateConnect(NetworkClient.java:1140) [kafka-clients-4.0.0.jar:?]
kafka-3-1  | 2026-09-25T22:52:12.185449932Z 	at org.apache.kafka.clients.NetworkClient.ready(NetworkClient.java:368) [kafka-clients-4.0.0.jar:?]
kafka-3-1  | 2026-09-25T22:52:12.185451038Z 	at org.apache.kafka.server.util.InterBrokerSendThread.sendRequests(InterBrokerSendThread.java:146) [kafka-server-common-4.0.0.jar:?]
kafka-3-1  | 2026-09-25T22:52:12.185452148Z 	at org.apache.kafka.server.util.InterBrokerSendThread.pollOnce(InterBrokerSendThread.java:109) [kafka-server-common-4.0.0.jar:?]
kafka-3-1  | 2026-09-25T22:52:12.185453267Z 	at org.apache.kafka.server.util.InterBrokerSendThread.doWork(InterBrokerSendThread.java:137) [kafka-server-common-4.0.0.jar:?]
kafka-3-1  | 2026-09-25T22:52:12.185454384Z 	at org.apache.kafka.server.util.ShutdownableThread.run(ShutdownableThread.java:136) [kafka-server-common-4.0.0.jar:?]
kafka-3-1  | 2026-09-25T22:52:13.186079779Z [2026-09-25 22:52:13,185] WARN [RaftManager id=3] Error connecting to node kafka-1:9093 (id: 1 rack: null isFenced: false) (org.apache.kafka.clients.NetworkClient)
kafka-3-1  | 2026-09-25T22:52:13.186098444Z java.net.UnknownHostException: kafka-1
kafka-3-1  | 2026-09-25T22:52:13.186100059Z 	at java.base/java.net.InetAddress$CachedLookup.get(Unknown Source) ~[?:?]
kafka-3-1  | 2026-09-25T22:52:13.186101483Z 	at java.base/java.net.InetAddress.getAllByName0(Unknown Source) ~[?:?]
kafka-3-1  | 2026-09-25T22:52:13.186106500Z 	at java.base/java.net.InetAddress.getAllByName(Unknown Source) ~[?:?]
kafka-3-1  | 2026-09-25T22:52:13.186107721Z 	at org.apache.kafka.clients.DefaultHostResolver.resolve(DefaultHostResolver.java:27) ~[kafka-clients-4.0.0.jar:?]
kafka-3-1  | 2026-09-25T22:52:13.186108942Z 	at org.apache.kafka.clients.ClientUtils.resolve(ClientUtils.java:125) ~[kafka-clients-4.0.0.jar:?]
kafka-3-1  | 2026-09-25T22:52:13.186110220Z 	at org.apache.kafka.clients.ClusterConnectionStates$NodeConnectionState.resolveAddresses(ClusterConnectionStates.java:536) ~[kafka-clients-4.0.0.jar:?]
kafka-3-1  | 2026-09-25T22:52:13.186111456Z 	at org.apache.kafka.clients.ClusterConnectionStates$NodeConnectionState.currentAddress(ClusterConnectionStates.java:511) ~[kafka-clients-4.0.0.jar:?]
kafka-3-1  | 2026-09-25T22:52:13.186112706Z 	at org.apache.kafka.clients.ClusterConnectionStates.currentAddress(ClusterConnectionStates.java:173) ~[kafka-clients-4.0.0.jar:?]
kafka-3-1  | 2026-09-25T22:52:13.186123550Z 	at org.apache.kafka.clients.NetworkClient.initiateConnect(NetworkClient.java:1140) [kafka-clients-4.0.0.jar:?]
kafka-3-1  | 2026-09-25T22:52:13.186124810Z 	at org.apache.kafka.clients.NetworkClient.ready(NetworkClient.java:368) [kafka-clients-4.0.0.jar:?]
kafka-3-1  | 2026-09-25T22:52:13.186126108Z 	at org.apache.kafka.server.util.InterBrokerSendThread.sendRequests(InterBrokerSendThread.java:146) [kafka-server-common-4.0.0.jar:?]
kafka-3-1  | 2026-09-25T22:52:13.186127314Z 	at org.apache.kafka.server.util.InterBrokerSendThread.pollOnce(InterBrokerSendThread.java:109) [kafka-server-common-4.0.0.jar:?]
kafka-3-1  | 2026-09-25T22:52:13.186128527Z 	at org.apache.kafka.server.util.InterBrokerSendThread.doWork(InterBrokerSendThread.java:137) [kafka-server-common-4.0.0.jar:?]
kafka-3-1  | 2026-09-25T22:52:13.186129738Z 	at org.apache.kafka.server.util.ShutdownableThread.run(ShutdownableThread.java:136) [kafka-server-common-4.0.0.jar:?]
kafka-3-1  | 2026-09-25T22:52:14.187399549Z [2026-09-25 22:52:14,186] WARN [RaftManager id=3] Error connecting to node kafka-1:9093 (id: 1 rack: null isFenced: false) (org.apache.kafka.clients.NetworkClient)
kafka-3-1  | 2026-09-25T22:52:14.187420422Z java.net.UnknownHostException: kafka-1
kafka-3-1  | 2026-09-25T22:52:14.187421987Z 	at java.base/java.net.InetAddress$CachedLookup.get(Unknown Source) ~[?:?]
kafka-3-1  | 2026-09-25T22:52:14.187423340Z 	at java.base/java.net.InetAddress.getAllByName0(Unknown Source) ~[?:?]
kafka-3-1  | 2026-09-25T22:52:14.187424494Z 	at java.base/java.net.InetAddress.getAllByName(Unknown Source) ~[?:?]
kafka-3-1  | 2026-09-25T22:52:14.187425580Z 	at org.apache.kafka.clients.DefaultHostResolver.resolve(DefaultHostResolver.java:27) ~[kafka-clients-4.0.0.jar:?]
kafka-3-1  | 2026-09-25T22:52:14.187426688Z 	at org.apache.kafka.clients.ClientUtils.resolve(ClientUtils.java:125) ~[kafka-clients-4.0.0.jar:?]
kafka-3-1  | 2026-09-25T22:52:14.187427901Z 	at org.apache.kafka.clients.ClusterConnectionStates$NodeConnectionState.resolveAddresses(ClusterConnectionStates.java:536) ~[kafka-clients-4.0.0.jar:?]
kafka-3-1  | 2026-09-25T22:52:14.187429154Z 	at org.apache.kafka.clients.ClusterConnectionStates$NodeConnectionState.currentAddress(ClusterConnectionStates.java:511) ~[kafka-clients-4.0.0.jar:?]
kafka-3-1  | 2026-09-25T22:52:14.187430303Z 	at org.apache.kafka.clients.ClusterConnectionStates.currentAddress(ClusterConnectionStates.java:173) ~[kafka-clients-4.0.0.jar:?]
kafka-3-1  | 2026-09-25T22:52:14.187431426Z 	at org.apache.kafka.clients.NetworkClient.initiateConnect(NetworkClient.java:1140) [kafka-clients-4.0.0.jar:?]
kafka-3-1  | 2026-09-25T22:52:14.187432536Z 	at org.apache.kafka.clients.NetworkClient.ready(NetworkClient.java:368) [kafka-clients-4.0.0.jar:?]
kafka-3-1  | 2026-09-25T22:52:14.187433650Z 	at org.apache.kafka.server.util.InterBrokerSendThread.sendRequests(InterBrokerSendThread.java:146) [kafka-server-common-4.0.0.jar:?]
kafka-3-1  | 2026-09-25T22:52:14.187434801Z 	at org.apache.kafka.server.util.InterBrokerSendThread.pollOnce(InterBrokerSendThread.java:109) [kafka-server-common-4.0.0.jar:?]
kafka-3-1  | 2026-09-25T22:52:14.187435940Z 	at org.apache.kafka.server.util.InterBrokerSendThread.doWork(InterBrokerSendThread.java:137) [kafka-server-common-4.0.0.jar:?]
kafka-3-1  | 2026-09-25T22:52:14.187443875Z 	at org.apache.kafka.server.util.ShutdownableThread.run(ShutdownableThread.java:136) [kafka-server-common-4.0.0.jar:?]
kafka-3-1  | 2026-09-25T22:52:15.186772820Z [2026-09-25 22:52:15,186] WARN [RaftManager id=3] Error connecting to node kafka-1:9093 (id: 1 rack: null isFenced: false) (org.apache.kafka.clients.NetworkClient)
kafka-3-1  | 2026-09-25T22:52:15.186796052Z java.net.UnknownHostException: kafka-1
kafka-3-1  | 2026-09-25T22:52:15.186797726Z 	at java.base/java.net.InetAddress$CachedLookup.get(Unknown Source) ~[?:?]
kafka-3-1  | 2026-09-25T22:52:15.186799096Z 	at java.base/java.net.InetAddress.getAllByName0(Unknown Source) ~[?:?]
kafka-3-1  | 2026-09-25T22:52:15.186800226Z 	at java.base/java.net.InetAddress.getAllByName(Unknown Source) ~[?:?]
kafka-3-1  | 2026-09-25T22:52:15.186801305Z 	at org.apache.kafka.clients.DefaultHostResolver.resolve(DefaultHostResolver.java:27) ~[kafka-clients-4.0.0.jar:?]
kafka-3-1  | 2026-09-25T22:52:15.186802405Z 	at org.apache.kafka.clients.ClientUtils.resolve(ClientUtils.java:125) ~[kafka-clients-4.0.0.jar:?]
kafka-3-1  | 2026-09-25T22:52:15.186803713Z 	at org.apache.kafka.clients.ClusterConnectionStates$NodeConnectionState.resolveAddresses(ClusterConnectionStates.java:536) ~[kafka-clients-4.0.0.jar:?]
kafka-3-1  | 2026-09-25T22:52:15.186804909Z 	at org.apache.kafka.clients.ClusterConnectionStates$NodeConnectionState.currentAddress(ClusterConnectionStates.java:511) ~[kafka-clients-4.0.0.jar:?]
kafka-3-1  | 2026-09-25T22:52:15.186806585Z 	at org.apache.kafka.clients.ClusterConnectionStates.currentAddress(ClusterConnectionStates.java:173) ~[kafka-clients-4.0.0.jar:?]
kafka-3-1  | 2026-09-25T22:52:15.186807753Z 	at org.apache.kafka.clients.NetworkClient.initiateConnect(NetworkClient.java:1140) [kafka-clients-4.0.0.jar:?]
kafka-3-1  | 2026-09-25T22:52:15.186808887Z 	at org.apache.kafka.clients.NetworkClient.ready(NetworkClient.java:368) [kafka-clients-4.0.0.jar:?]
kafka-3-1  | 2026-09-25T22:52:15.186809998Z 	at org.apache.kafka.server.util.InterBrokerSendThread.sendRequests(InterBrokerSendThread.java:146) [kafka-server-common-4.0.0.jar:?]
kafka-3-1  | 2026-09-25T22:52:15.186811128Z 	at org.apache.kafka.server.util.InterBrokerSendThread.pollOnce(InterBrokerSendThread.java:109) [kafka-server-common-4.0.0.jar:?]
kafka-3-1  | 2026-09-25T22:52:15.186812275Z 	at org.apache.kafka.server.util.InterBrokerSendThread.doWork(InterBrokerSendThread.java:137) [kafka-server-common-4.0.0.jar:?]
kafka-3-1  | 2026-09-25T22:52:15.186813470Z 	at org.apache.kafka.server.util.ShutdownableThread.run(ShutdownableThread.java:136) [kafka-server-common-4.0.0.jar:?]
kafka-3-1  | 2026-09-25T22:52:16.186869357Z [2026-09-25 22:52:16,186] WARN [RaftManager id=3] Error connecting to node kafka-1:9093 (id: 1 rack: null isFenced: false) (org.apache.kafka.clients.NetworkClient)
kafka-3-1  | 2026-09-25T22:52:16.186888559Z java.net.UnknownHostException: kafka-1
kafka-3-1  | 2026-09-25T22:52:16.186890007Z 	at java.base/java.net.InetAddress$CachedLookup.get(Unknown Source) ~[?:?]
kafka-3-1  | 2026-09-25T22:52:16.186891343Z 	at java.base/java.net.InetAddress.getAllByName0(Unknown Source) ~[?:?]
kafka-3-1  | 2026-09-25T22:52:16.186892443Z 	at java.base/java.net.InetAddress.getAllByName(Unknown Source) ~[?:?]
kafka-3-1  | 2026-09-25T22:52:16.186893559Z 	at org.apache.kafka.clients.DefaultHostResolver.resolve(DefaultHostResolver.java:27) ~[kafka-clients-4.0.0.jar:?]
kafka-3-1  | 2026-09-25T22:52:16.186905300Z 	at org.apache.kafka.clients.ClientUtils.resolve(ClientUtils.java:125) ~[kafka-clients-4.0.0.jar:?]
kafka-3-1  | 2026-09-25T22:52:16.186906562Z 	at org.apache.kafka.clients.ClusterConnectionStates$NodeConnectionState.resolveAddresses(ClusterConnectionStates.java:536) ~[kafka-clients-4.0.0.jar:?]
kafka-3-1  | 2026-09-25T22:52:16.186907761Z 	at org.apache.kafka.clients.ClusterConnectionStates$NodeConnectionState.currentAddress(ClusterConnectionStates.java:511) ~[kafka-clients-4.0.0.jar:?]
kafka-3-1  | 2026-09-25T22:52:16.186908903Z 	at org.apache.kafka.clients.ClusterConnectionStates.currentAddress(ClusterConnectionStates.java:173) ~[kafka-clients-4.0.0.jar:?]
kafka-3-1  | 2026-09-25T22:52:16.186910057Z 	at org.apache.kafka.clients.NetworkClient.initiateConnect(NetworkClient.java:1140) [kafka-clients-4.0.0.jar:?]
kafka-3-1  | 2026-09-25T22:52:16.186911172Z 	at org.apache.kafka.clients.NetworkClient.ready(NetworkClient.java:368) [kafka-clients-4.0.0.jar:?]
kafka-3-1  | 2026-09-25T22:52:16.186912293Z 	at org.apache.kafka.server.util.InterBrokerSendThread.sendRequests(InterBrokerSendThread.java:146) [kafka-server-common-4.0.0.jar:?]
kafka-3-1  | 2026-09-25T22:52:16.186913484Z 	at org.apache.kafka.server.util.InterBrokerSendThread.pollOnce(InterBrokerSendThread.java:109) [kafka-server-common-4.0.0.jar:?]
kafka-3-1  | 2026-09-25T22:52:16.186914632Z 	at org.apache.kafka.server.util.InterBrokerSendThread.doWork(InterBrokerSendThread.java:137) [kafka-server-common-4.0.0.jar:?]
kafka-3-1  | 2026-09-25T22:52:16.186916192Z 	at org.apache.kafka.server.util.ShutdownableThread.run(ShutdownableThread.java:136) [kafka-server-common-4.0.0.jar:?]
kafka-3-1  | 2026-09-25T22:52:17.187513545Z [2026-09-25 22:52:17,187] WARN [RaftManager id=3] Error connecting to node kafka-1:9093 (id: 1 rack: null isFenced: false) (org.apache.kafka.clients.NetworkClient)
kafka-3-1  | 2026-09-25T22:52:17.187533856Z java.net.UnknownHostException: kafka-1
kafka-3-1  | 2026-09-25T22:52:17.187535376Z 	at java.base/java.net.InetAddress$CachedLookup.get(Unknown Source) ~[?:?]
kafka-3-1  | 2026-09-25T22:52:17.187536977Z 	at java.base/java.net.InetAddress.getAllByName0(Unknown Source) ~[?:?]
kafka-3-1  | 2026-09-25T22:52:17.187538171Z 	at java.base/java.net.InetAddress.getAllByName(Unknown Source) ~[?:?]
kafka-3-1  | 2026-09-25T22:52:17.187539383Z 	at org.apache.kafka.clients.DefaultHostResolver.resolve(DefaultHostResolver.java:27) ~[kafka-clients-4.0.0.jar:?]
kafka-3-1  | 2026-09-25T22:52:17.187540590Z 	at org.apache.kafka.clients.ClientUtils.resolve(ClientUtils.java:125) ~[kafka-clients-4.0.0.jar:?]
kafka-3-1  | 2026-09-25T22:52:17.187541824Z 	at org.apache.kafka.clients.ClusterConnectionStates$NodeConnectionState.resolveAddresses(ClusterConnectionStates.java:536) ~[kafka-clients-4.0.0.jar:?]
kafka-3-1  | 2026-09-25T22:52:17.187543059Z 	at org.apache.kafka.clients.ClusterConnectionStates$NodeConnectionState.currentAddress(ClusterConnectionStates.java:511) ~[kafka-clients-4.0.0.jar:?]
kafka-3-1  | 2026-09-25T22:52:17.187544275Z 	at org.apache.kafka.clients.ClusterConnectionStates.currentAddress(ClusterConnectionStates.java:173) ~[kafka-clients-4.0.0.jar:?]
kafka-3-1  | 2026-09-25T22:52:17.187545493Z 	at org.apache.kafka.clients.NetworkClient.initiateConnect(NetworkClient.java:1140) [kafka-clients-4.0.0.jar:?]
kafka-3-1  | 2026-09-25T22:52:17.187558016Z 	at org.apache.kafka.clients.NetworkClient.ready(NetworkClient.java:368) [kafka-clients-4.0.0.jar:?]
kafka-3-1  | 2026-09-25T22:52:17.187559242Z 	at org.apache.kafka.server.util.InterBrokerSendThread.sendRequests(InterBrokerSendThread.java:146) [kafka-server-common-4.0.0.jar:?]
kafka-3-1  | 2026-09-25T22:52:17.187560467Z 	at org.apache.kafka.server.util.InterBrokerSendThread.pollOnce(InterBrokerSendThread.java:109) [kafka-server-common-4.0.0.jar:?]
kafka-3-1  | 2026-09-25T22:52:17.187561678Z 	at org.apache.kafka.server.util.InterBrokerSendThread.doWork(InterBrokerSendThread.java:137) [kafka-server-common-4.0.0.jar:?]
kafka-3-1  | 2026-09-25T22:52:17.187562886Z 	at org.apache.kafka.server.util.ShutdownableThread.run(ShutdownableThread.java:136) [kafka-server-common-4.0.0.jar:?]
kafka-3-1  | 2026-09-25T22:52:42.685528835Z [2026-09-25 22:52:42,684] INFO [GroupCoordinator id=3 topic=__consumer_offsets partition=5] Member 3b4721499e1b-df8379ad-5fa1-4596-9598-c3d069e8ac8a in group processadores has failed, removing it from the group. (org.apache.kafka.coordinator.group.GroupMetadataManager)
kafka-3-1  | 2026-09-25T22:52:42.685551938Z [2026-09-25 22:52:42,685] INFO [GroupCoordinator id=3 topic=__consumer_offsets partition=5] Preparing to rebalance group processadores in state PreparingRebalance with old generation 3 (reason: removing member 3b4721499e1b-df8379ad-5fa1-4596-9598-c3d069e8ac8a on heartbeat expiration.). (org.apache.kafka.coordinator.group.GroupMetadataManager)
kafka-3-1  | 2026-09-25T22:52:44.720614160Z [2026-09-25 22:52:44,720] INFO [GroupCoordinator id=3 topic=__consumer_offsets partition=5] Stabilized group processadores generation 4 with 2 members. (org.apache.kafka.coordinator.group.GroupMetadataManager)
kafka-3-1  | 2026-09-25T22:52:44.721892916Z [2026-09-25 22:52:44,721] INFO [GroupCoordinator id=3 topic=__consumer_offsets partition=5] Assignment received from leader 2ff87803d62b-eb0f2438-f19a-4b53-8f3b-5c121bd5c092 for group processadores for generation 4. The group has 2 members, 0 of which are static. (org.apache.kafka.coordinator.group.GroupMetadataManager)
kafka-3-1  | 2026-09-25T22:52:56.579551146Z [2026-09-25 22:52:56,579] INFO [GroupCoordinator id=3 topic=__consumer_offsets partition=5] Dynamic member with unknown member id joins group processadores in Stable state. Created a new member id f1d14369fdfd-13b94ed9-4234-428e-940d-2677eba2650d and requesting the member to rejoin with this id. (org.apache.kafka.coordinator.group.GroupMetadataManager)
kafka-3-1  | 2026-09-25T22:52:56.580426766Z [2026-09-25 22:52:56,580] INFO [GroupCoordinator id=3 topic=__consumer_offsets partition=5] Pending dynamic member with id f1d14369fdfd-13b94ed9-4234-428e-940d-2677eba2650d joins group processadores in Stable state. Adding to the group now. (org.apache.kafka.coordinator.group.GroupMetadataManager)
kafka-3-1  | 2026-09-25T22:52:56.580466851Z [2026-09-25 22:52:56,580] INFO [GroupCoordinator id=3 topic=__consumer_offsets partition=5] Preparing to rebalance group processadores in state PreparingRebalance with old generation 4 (reason: Adding new member f1d14369fdfd-13b94ed9-4234-428e-940d-2677eba2650d with group instance id null; client reason: not provided). (org.apache.kafka.coordinator.group.GroupMetadataManager)
kafka-3-1  | 2026-09-25T22:52:56.746191832Z [2026-09-25 22:52:56,745] INFO [GroupCoordinator id=3 topic=__consumer_offsets partition=5] Stabilized group processadores generation 5 with 3 members. (org.apache.kafka.coordinator.group.GroupMetadataManager)
kafka-3-1  | 2026-09-25T22:52:56.747419984Z [2026-09-25 22:52:56,747] INFO [GroupCoordinator id=3 topic=__consumer_offsets partition=5] Assignment received from leader 2ff87803d62b-eb0f2438-f19a-4b53-8f3b-5c121bd5c092 for group processadores for generation 5. The group has 3 members, 0 of which are static. (org.apache.kafka.coordinator.group.GroupMetadataManager)
kafka-3-1  | 2026-09-25T22:52:56.766920980Z [2026-09-25 22:52:56,766] INFO [GroupCoordinator id=3 topic=__consumer_offsets partition=5] Preparing to rebalance group processadores in state PreparingRebalance with old generation 5 (reason: Leader 2ff87803d62b-eb0f2438-f19a-4b53-8f3b-5c121bd5c092 re-joining group during Stable; client reason: not provided). (org.apache.kafka.coordinator.group.GroupMetadataManager)
kafka-3-1  | 2026-09-25T22:52:56.830390978Z [2026-09-25 22:52:56,830] INFO [GroupCoordinator id=3 topic=__consumer_offsets partition=5] Dynamic member with unknown member id joins group processadores in PreparingRebalance state. Created a new member id 5d5e5f56bd76-bdb03652-49a2-4913-b42c-574414673bcf and requesting the member to rejoin with this id. (org.apache.kafka.coordinator.group.GroupMetadataManager)
kafka-3-1  | 2026-09-25T22:52:56.831164641Z [2026-09-25 22:52:56,830] INFO [GroupCoordinator id=3 topic=__consumer_offsets partition=5] Pending dynamic member with id 5d5e5f56bd76-bdb03652-49a2-4913-b42c-574414673bcf joins group processadores in PreparingRebalance state. Adding to the group now. (org.apache.kafka.coordinator.group.GroupMetadataManager)
kafka-3-1  | 2026-09-25T22:52:57.024969569Z [2026-09-25 22:52:57,024] INFO [GroupCoordinator id=3 topic=__consumer_offsets partition=5] Dynamic member with unknown member id joins group processadores in PreparingRebalance state. Created a new member id 96f00a0bfaf1-be0257a3-a204-452e-b0b6-15bc64cc96e3 and requesting the member to rejoin with this id. (org.apache.kafka.coordinator.group.GroupMetadataManager)
kafka-3-1  | 2026-09-25T22:52:57.025848649Z [2026-09-25 22:52:57,025] INFO [GroupCoordinator id=3 topic=__consumer_offsets partition=5] Pending dynamic member with id 96f00a0bfaf1-be0257a3-a204-452e-b0b6-15bc64cc96e3 joins group processadores in PreparingRebalance state. Adding to the group now. (org.apache.kafka.coordinator.group.GroupMetadataManager)
kafka-3-1  | 2026-09-25T22:52:57.282952683Z [2026-09-25 22:52:57,282] INFO [GroupCoordinator id=3 topic=__consumer_offsets partition=5] Dynamic member with unknown member id joins group processadores in PreparingRebalance state. Created a new member id 3b4721499e1b-cfc805ed-68d0-41f1-8004-f561831b121a and requesting the member to rejoin with this id. (org.apache.kafka.coordinator.group.GroupMetadataManager)
kafka-3-1  | 2026-09-25T22:52:57.283469034Z [2026-09-25 22:52:57,283] INFO [GroupCoordinator id=3 topic=__consumer_offsets partition=5] Pending dynamic member with id 3b4721499e1b-cfc805ed-68d0-41f1-8004-f561831b121a joins group processadores in PreparingRebalance state. Adding to the group now. (org.apache.kafka.coordinator.group.GroupMetadataManager)
kafka-3-1  | 2026-09-25T22:52:59.760577616Z [2026-09-25 22:52:59,760] INFO [GroupCoordinator id=3 topic=__consumer_offsets partition=5] Stabilized group processadores generation 6 with 6 members. (org.apache.kafka.coordinator.group.GroupMetadataManager)
kafka-3-1  | 2026-09-25T22:52:59.762996181Z [2026-09-25 22:52:59,762] INFO [GroupCoordinator id=3 topic=__consumer_offsets partition=5] Assignment received from leader 2ff87803d62b-eb0f2438-f19a-4b53-8f3b-5c121bd5c092 for group processadores for generation 6. The group has 6 members, 0 of which are static. (org.apache.kafka.coordinator.group.GroupMetadataManager)
kafka-3-1  | 2026-09-25T22:52:59.789209654Z [2026-09-25 22:52:59,788] INFO [GroupCoordinator id=3 topic=__consumer_offsets partition=5] Preparing to rebalance group processadores in state PreparingRebalance with old generation 6 (reason: Updating metadata for member 03ebfdfe1e89-ad1b1895-8b2b-4783-9a41-9562d7b11f18 during Stable; client reason: not provided). (org.apache.kafka.coordinator.group.GroupMetadataManager)
kafka-3-1  | 2026-09-25T22:53:02.776169508Z [2026-09-25 22:53:02,775] INFO [GroupCoordinator id=3 topic=__consumer_offsets partition=5] Stabilized group processadores generation 7 with 6 members. (org.apache.kafka.coordinator.group.GroupMetadataManager)
kafka-3-1  | 2026-09-25T22:53:02.777725688Z [2026-09-25 22:53:02,777] INFO [GroupCoordinator id=3 topic=__consumer_offsets partition=5] Assignment received from leader 2ff87803d62b-eb0f2438-f19a-4b53-8f3b-5c121bd5c092 for group processadores for generation 7. The group has 6 members, 0 of which are static. (org.apache.kafka.coordinator.group.GroupMetadataManager)
kafka-3-1  | 2026-09-25T22:53:20.845579249Z [2026-09-25 22:53:20,845] INFO [GroupCoordinator id=3 topic=__consumer_offsets partition=5] Dynamic member with unknown member id joins group processadores in Stable state. Created a new member id e3928fe4532e-98a275f8-7e6a-4491-8762-7c3366ef1653 and requesting the member to rejoin with this id. (org.apache.kafka.coordinator.group.GroupMetadataManager)
kafka-3-1  | 2026-09-25T22:53:20.846050534Z [2026-09-25 22:53:20,845] INFO [GroupCoordinator id=3 topic=__consumer_offsets partition=5] Pending dynamic member with id e3928fe4532e-98a275f8-7e6a-4491-8762-7c3366ef1653 joins group processadores in Stable state. Adding to the group now. (org.apache.kafka.coordinator.group.GroupMetadataManager)
kafka-3-1  | 2026-09-25T22:53:20.846062256Z [2026-09-25 22:53:20,845] INFO [GroupCoordinator id=3 topic=__consumer_offsets partition=5] Preparing to rebalance group processadores in state PreparingRebalance with old generation 7 (reason: Adding new member e3928fe4532e-98a275f8-7e6a-4491-8762-7c3366ef1653 with group instance id null; client reason: not provided). (org.apache.kafka.coordinator.group.GroupMetadataManager)
kafka-3-1  | 2026-09-25T22:53:21.053243205Z [2026-09-25 22:53:21,053] INFO [GroupCoordinator id=3 topic=__consumer_offsets partition=5] Dynamic member with unknown member id joins group processadores in PreparingRebalance state. Created a new member id db3996fd4db2-2cb62864-8abd-49f5-8ea0-12d3fffd740e and requesting the member to rejoin with this id. (org.apache.kafka.coordinator.group.GroupMetadataManager)
kafka-3-1  | 2026-09-25T22:53:21.053647060Z [2026-09-25 22:53:21,053] INFO [GroupCoordinator id=3 topic=__consumer_offsets partition=5] Pending dynamic member with id db3996fd4db2-2cb62864-8abd-49f5-8ea0-12d3fffd740e joins group processadores in PreparingRebalance state. Adding to the group now. (org.apache.kafka.coordinator.group.GroupMetadataManager)
kafka-3-1  | 2026-09-25T22:53:23.831452881Z [2026-09-25 22:53:23,829] INFO [GroupCoordinator id=3 topic=__consumer_offsets partition=5] Stabilized group processadores generation 8 with 8 members. (org.apache.kafka.coordinator.group.GroupMetadataManager)
kafka-3-1  | 2026-09-25T22:53:23.831551902Z [2026-09-25 22:53:23,831] INFO [GroupCoordinator id=3 topic=__consumer_offsets partition=5] Assignment received from leader 2ff87803d62b-eb0f2438-f19a-4b53-8f3b-5c121bd5c092 for group processadores for generation 8. The group has 8 members, 0 of which are static. (org.apache.kafka.coordinator.group.GroupMetadataManager)
kafka-3-1  | 2026-09-25T22:53:43.950191963Z [2026-09-25 22:53:43,949] INFO [GroupCoordinator id=3 topic=__consumer_offsets partition=5] [Group processadores] Member f1d14369fdfd-13b94ed9-4234-428e-940d-2677eba2650d has left group through explicit `LeaveGroup` request; client reason: not provided (org.apache.kafka.coordinator.group.GroupMetadataManager)
kafka-3-1  | 2026-09-25T22:53:43.950540840Z [2026-09-25 22:53:43,950] INFO [GroupCoordinator id=3 topic=__consumer_offsets partition=5] Preparing to rebalance group processadores in state PreparingRebalance with old generation 8 (reason: explicit `LeaveGroup` request for (f1d14369fdfd-13b94ed9-4234-428e-940d-2677eba2650d) members.). (org.apache.kafka.coordinator.group.GroupMetadataManager)
kafka-3-1  | 2026-09-25T22:53:43.950954368Z [2026-09-25 22:53:43,950] INFO [GroupCoordinator id=3 topic=__consumer_offsets partition=5] [Group processadores] Member 5d5e5f56bd76-bdb03652-49a2-4913-b42c-574414673bcf has left group through explicit `LeaveGroup` request; client reason: not provided (org.apache.kafka.coordinator.group.GroupMetadataManager)
kafka-3-1  | 2026-09-25T22:53:43.950967759Z [2026-09-25 22:53:43,950] INFO [GroupCoordinator id=3 topic=__consumer_offsets partition=5] [Group processadores] Member 96f00a0bfaf1-be0257a3-a204-452e-b0b6-15bc64cc96e3 has left group through explicit `LeaveGroup` request; client reason: not provided (org.apache.kafka.coordinator.group.GroupMetadataManager)
kafka-3-1  | 2026-09-25T22:53:44.004750423Z [2026-09-25 22:53:44,004] INFO [GroupCoordinator id=3 topic=__consumer_offsets partition=5] [Group processadores] Member 2ff87803d62b-eb0f2438-f19a-4b53-8f3b-5c121bd5c092 has left group through explicit `LeaveGroup` request; client reason: not provided (org.apache.kafka.coordinator.group.GroupMetadataManager)
kafka-3-1  | 2026-09-25T22:53:51.851281061Z [2026-09-25 22:53:51,850] INFO [GroupCoordinator id=3 topic=__consumer_offsets partition=5] Member e3928fe4532e-98a275f8-7e6a-4491-8762-7c3366ef1653 in group processadores has failed, removing it from the group. (org.apache.kafka.coordinator.group.GroupMetadataManager)
kafka-3-1  | 2026-09-25T22:53:51.851338886Z [2026-09-25 22:53:51,851] INFO [GroupCoordinator id=3 topic=__consumer_offsets partition=5] Member db3996fd4db2-2cb62864-8abd-49f5-8ea0-12d3fffd740e in group processadores has failed, removing it from the group. (org.apache.kafka.coordinator.group.GroupMetadataManager)
kafka-3-1  | 2026-09-25T22:53:51.851598782Z [2026-09-25 22:53:51,851] INFO [GroupCoordinator id=3 topic=__consumer_offsets partition=5] Stabilized group processadores generation 9 with 2 members. (org.apache.kafka.coordinator.group.GroupMetadataManager)
kafka-3-1  | 2026-09-25T22:53:51.853520871Z [2026-09-25 22:53:51,853] INFO [GroupCoordinator id=3 topic=__consumer_offsets partition=5] Assignment received from leader 03ebfdfe1e89-ad1b1895-8b2b-4783-9a41-9562d7b11f18 for group processadores for generation 9. The group has 2 members, 0 of which are static. (org.apache.kafka.coordinator.group.GroupMetadataManager)
kafka-3-1  | 2026-09-25T22:54:58.490147465Z [2026-09-25 22:54:58,489] INFO [GroupCoordinator id=3 topic=__consumer_offsets partition=5] Dynamic member with unknown member id joins group processadores in Stable state. Created a new member id 6bf78c300651-3915e741-c2ae-4805-b433-bc160628eddb and requesting the member to rejoin with this id. (org.apache.kafka.coordinator.group.GroupMetadataManager)
kafka-3-1  | 2026-09-25T22:54:58.490646870Z [2026-09-25 22:54:58,490] INFO [GroupCoordinator id=3 topic=__consumer_offsets partition=5] Pending dynamic member with id 6bf78c300651-3915e741-c2ae-4805-b433-bc160628eddb joins group processadores in Stable state. Adding to the group now. (org.apache.kafka.coordinator.group.GroupMetadataManager)
kafka-3-1  | 2026-09-25T22:54:58.490664450Z [2026-09-25 22:54:58,490] INFO [GroupCoordinator id=3 topic=__consumer_offsets partition=5] Preparing to rebalance group processadores in state PreparingRebalance with old generation 9 (reason: Adding new member 6bf78c300651-3915e741-c2ae-4805-b433-bc160628eddb with group instance id null; client reason: not provided). (org.apache.kafka.coordinator.group.GroupMetadataManager)
kafka-3-1  | 2026-09-25T22:55:00.921857606Z [2026-09-25 22:55:00,921] INFO [GroupCoordinator id=3 topic=__consumer_offsets partition=5] Stabilized group processadores generation 10 with 3 members. (org.apache.kafka.coordinator.group.GroupMetadataManager)
kafka-3-1  | 2026-09-25T22:55:00.923115475Z [2026-09-25 22:55:00,922] INFO [GroupCoordinator id=3 topic=__consumer_offsets partition=5] Assignment received from leader 03ebfdfe1e89-ad1b1895-8b2b-4783-9a41-9562d7b11f18 for group processadores for generation 10. The group has 3 members, 0 of which are static. (org.apache.kafka.coordinator.group.GroupMetadataManager)
kafka-3-1  | 2026-09-25T22:55:00.948519203Z [2026-09-25 22:55:00,948] INFO [GroupCoordinator id=3 topic=__consumer_offsets partition=5] Preparing to rebalance group processadores in state PreparingRebalance with old generation 10 (reason: Updating metadata for member 3b4721499e1b-cfc805ed-68d0-41f1-8004-f561831b121a during Stable; client reason: not provided). (org.apache.kafka.coordinator.group.GroupMetadataManager)
kafka-3-1  | 2026-09-25T22:55:03.934601115Z [2026-09-25 22:55:03,934] INFO [GroupCoordinator id=3 topic=__consumer_offsets partition=5] Stabilized group processadores generation 11 with 3 members. (org.apache.kafka.coordinator.group.GroupMetadataManager)
kafka-3-1  | 2026-09-25T22:55:03.935603764Z [2026-09-25 22:55:03,935] INFO [GroupCoordinator id=3 topic=__consumer_offsets partition=5] Assignment received from leader 03ebfdfe1e89-ad1b1895-8b2b-4783-9a41-9562d7b11f18 for group processadores for generation 11. The group has 3 members, 0 of which are static. (org.apache.kafka.coordinator.group.GroupMetadataManager)
kafka-3-1  | 2026-09-25T22:56:22.219384673Z [2026-09-25 22:56:22,219] INFO [ReplicaFetcherManager on broker 3] Removed fetcher for partitions Set(__consumer_offsets-48, __consumer_offsets-13, __consumer_offsets-11, __consumer_offsets-44, __consumer_offsets-9, __consumer_offsets-21, __consumer_offsets-17, dados-sensores-4, __consumer_offsets-7, __consumer_offsets-40, __consumer_offsets-3, dados-sensores-0, __consumer_offsets-1, dados-sensores-2, __consumer_offsets-47, __consumer_offsets-43, __consumer_offsets-12, __consumer_offsets-41, __consumer_offsets-24, __consumer_offsets-18, __consumer_offsets-31, dados-sensores-5, __consumer_offsets-0, __consumer_offsets-29, __consumer_offsets-27, __consumer_offsets-25, __consumer_offsets-8, __consumer_offsets-37, __consumer_offsets-35, __consumer_offsets-4) (kafka.server.ReplicaFetcherManager)
kafka-3-1  | 2026-09-25T22:56:22.220373279Z [2026-09-25 22:56:22,219] INFO [ReplicaFetcherManager on broker 3] Added fetcher to broker 2 for partitions HashMap(dados-sensores-5 -> InitialFetchState(Some(bpNag2Q4SrSHzixJwrCS8Q),BrokerEndPoint(id=2, host=kafka-2:9092),2,1491), __consumer_offsets-13 -> InitialFetchState(Some(z0JJoNscSBKv29UaLoZ9NQ),BrokerEndPoint(id=2, host=kafka-2:9092),2,0), __consumer_offsets-27 -> InitialFetchState(Some(z0JJoNscSBKv29UaLoZ9NQ),BrokerEndPoint(id=2, host=kafka-2:9092),2,0), __consumer_offsets-44 -> InitialFetchState(Some(z0JJoNscSBKv29UaLoZ9NQ),BrokerEndPoint(id=2, host=kafka-2:9092),2,0), __consumer_offsets-41 -> InitialFetchState(Some(z0JJoNscSBKv29UaLoZ9NQ),BrokerEndPoint(id=2, host=kafka-2:9092),2,0), __consumer_offsets-25 -> InitialFetchState(Some(z0JJoNscSBKv29UaLoZ9NQ),BrokerEndPoint(id=2, host=kafka-2:9092),2,0), __consumer_offsets-9 -> InitialFetchState(Some(z0JJoNscSBKv29UaLoZ9NQ),BrokerEndPoint(id=2, host=kafka-2:9092),2,0), __consumer_offsets-8 -> InitialFetchState(Some(z0JJoNscSBKv29UaLoZ9NQ),BrokerEndPoint(id=2, host=kafka-2:9092),2,0), __consumer_offsets-4 -> InitialFetchState(Some(z0JJoNscSBKv29UaLoZ9NQ),BrokerEndPoint(id=2, host=kafka-2:9092),2,0), dados-sensores-0 -> InitialFetchState(Some(bpNag2Q4SrSHzixJwrCS8Q),BrokerEndPoint(id=2, host=kafka-2:9092),2,2038), __consumer_offsets-1 -> InitialFetchState(Some(z0JJoNscSBKv29UaLoZ9NQ),BrokerEndPoint(id=2, host=kafka-2:9092),2,0)) (kafka.server.ReplicaFetcherManager)
kafka-3-1  | 2026-09-25T22:56:22.222139937Z [2026-09-25 22:56:22,221] INFO [ReplicaFetcherThread-0-1]: Starting (kafka.server.ReplicaFetcherThread)
kafka-3-1  | 2026-09-25T22:56:22.222154736Z [2026-09-25 22:56:22,221] INFO [ReplicaFetcherManager on broker 3] Added fetcher to broker 1 for partitions HashMap(__consumer_offsets-47 -> InitialFetchState(Some(z0JJoNscSBKv29UaLoZ9NQ),BrokerEndPoint(id=1, host=kafka-1:9092),2,0), __consumer_offsets-48 -> InitialFetchState(Some(z0JJoNscSBKv29UaLoZ9NQ),BrokerEndPoint(id=1, host=kafka-1:9092),2,0), __consumer_offsets-43 -> InitialFetchState(Some(z0JJoNscSBKv29UaLoZ9NQ),BrokerEndPoint(id=1, host=kafka-1:9092),2,0), __consumer_offsets-11 -> InitialFetchState(Some(z0JJoNscSBKv29UaLoZ9NQ),BrokerEndPoint(id=1, host=kafka-1:9092),2,0), __consumer_offsets-12 -> InitialFetchState(Some(z0JJoNscSBKv29UaLoZ9NQ),BrokerEndPoint(id=1, host=kafka-1:9092),2,0), __consumer_offsets-24 -> InitialFetchState(Some(z0JJoNscSBKv29UaLoZ9NQ),BrokerEndPoint(id=1, host=kafka-1:9092),2,0), __consumer_offsets-21 -> InitialFetchState(Some(z0JJoNscSBKv29UaLoZ9NQ),BrokerEndPoint(id=1, host=kafka-1:9092),2,0), __consumer_offsets-17 -> InitialFetchState(Some(z0JJoNscSBKv29UaLoZ9NQ),BrokerEndPoint(id=1, host=kafka-1:9092),2,0), __consumer_offsets-18 -> InitialFetchState(Some(z0JJoNscSBKv29UaLoZ9NQ),BrokerEndPoint(id=1, host=kafka-1:9092),2,0), __consumer_offsets-31 -> InitialFetchState(Some(z0JJoNscSBKv29UaLoZ9NQ),BrokerEndPoint(id=1, host=kafka-1:9092),2,0), __consumer_offsets-0 -> InitialFetchState(Some(z0JJoNscSBKv29UaLoZ9NQ),BrokerEndPoint(id=1, host=kafka-1:9092),2,0), dados-sensores-4 -> InitialFetchState(Some(bpNag2Q4SrSHzixJwrCS8Q),BrokerEndPoint(id=1, host=kafka-1:9092),2,1938), __consumer_offsets-29 -> InitialFetchState(Some(z0JJoNscSBKv29UaLoZ9NQ),BrokerEndPoint(id=1, host=kafka-1:9092),2,0), __consumer_offsets-7 -> InitialFetchState(Some(z0JJoNscSBKv29UaLoZ9NQ),BrokerEndPoint(id=1, host=kafka-1:9092),2,0), __consumer_offsets-40 -> InitialFetchState(Some(z0JJoNscSBKv29UaLoZ9NQ),BrokerEndPoint(id=1, host=kafka-1:9092),2,0), __consumer_offsets-37 -> InitialFetchState(Some(z0JJoNscSBKv29UaLoZ9NQ),BrokerEndPoint(id=1, host=kafka-1:9092),2,0), __consumer_offsets-35 -> InitialFetchState(Some(z0JJoNscSBKv29UaLoZ9NQ),BrokerEndPoint(id=1, host=kafka-1:9092),2,0), __consumer_offsets-3 -> InitialFetchState(Some(z0JJoNscSBKv29UaLoZ9NQ),BrokerEndPoint(id=1, host=kafka-1:9092),2,0), dados-sensores-2 -> InitialFetchState(Some(bpNag2Q4SrSHzixJwrCS8Q),BrokerEndPoint(id=1, host=kafka-1:9092),2,2907)) (kafka.server.ReplicaFetcherManager)
kafka-3-1  | 2026-09-25T22:56:22.223989353Z [2026-09-25 22:56:22,223] INFO [ReplicaFetcher replicaId=3, leaderId=1, fetcherId=0] Truncating partition __consumer_offsets-0 with TruncationState(offset=0, completed=true) due to local high watermark 0 (kafka.server.ReplicaFetcherThread)
kafka-3-1  | 2026-09-25T22:56:22.224142336Z [2026-09-25 22:56:22,223] INFO [UnifiedLog partition=__consumer_offsets-0, dir=/var/lib/kafka/data] Truncating to 0 has no effect as the largest offset in the log is -1 (kafka.log.UnifiedLog)
kafka-3-1  | 2026-09-25T22:56:22.224151744Z [2026-09-25 22:56:22,224] INFO [ReplicaFetcher replicaId=3, leaderId=1, fetcherId=0] Truncating partition __consumer_offsets-29 with TruncationState(offset=0, completed=true) due to local high watermark 0 (kafka.server.ReplicaFetcherThread)
kafka-3-1  | 2026-09-25T22:56:22.224224241Z [2026-09-25 22:56:22,224] INFO [UnifiedLog partition=__consumer_offsets-29, dir=/var/lib/kafka/data] Truncating to 0 has no effect as the largest offset in the log is -1 (kafka.log.UnifiedLog)
kafka-3-1  | 2026-09-25T22:56:22.224311373Z [2026-09-25 22:56:22,224] INFO [ReplicaFetcher replicaId=3, leaderId=1, fetcherId=0] Truncating partition __consumer_offsets-43 with TruncationState(offset=0, completed=true) due to local high watermark 0 (kafka.server.ReplicaFetcherThread)
kafka-3-1  | 2026-09-25T22:56:22.224324966Z [2026-09-25 22:56:22,224] INFO [UnifiedLog partition=__consumer_offsets-43, dir=/var/lib/kafka/data] Truncating to 0 has no effect as the largest offset in the log is -1 (kafka.log.UnifiedLog)
kafka-3-1  | 2026-09-25T22:56:22.224326466Z [2026-09-25 22:56:22,224] INFO [ReplicaFetcher replicaId=3, leaderId=1, fetcherId=0] Truncating partition __consumer_offsets-11 with TruncationState(offset=0, completed=true) due to local high watermark 0 (kafka.server.ReplicaFetcherThread)
kafka-3-1  | 2026-09-25T22:56:22.224580250Z [2026-09-25 22:56:22,224] INFO [UnifiedLog partition=__consumer_offsets-11, dir=/var/lib/kafka/data] Truncating to 0 has no effect as the largest offset in the log is -1 (kafka.log.UnifiedLog)
kafka-3-1  | 2026-09-25T22:56:22.224842498Z [2026-09-25 22:56:22,224] INFO [ReplicaFetcher replicaId=3, leaderId=1, fetcherId=0] Truncating partition __consumer_offsets-12 with TruncationState(offset=0, completed=true) due to local high watermark 0 (kafka.server.ReplicaFetcherThread)
kafka-3-1  | 2026-09-25T22:56:22.224850521Z [2026-09-25 22:56:22,224] INFO [UnifiedLog partition=__consumer_offsets-12, dir=/var/lib/kafka/data] Truncating to 0 has no effect as the largest offset in the log is -1 (kafka.log.UnifiedLog)
kafka-3-1  | 2026-09-25T22:56:22.224866304Z [2026-09-25 22:56:22,224] INFO [ReplicaFetcher replicaId=3, leaderId=1, fetcherId=0] Truncating partition __consumer_offsets-7 with TruncationState(offset=0, completed=true) due to local high watermark 0 (kafka.server.ReplicaFetcherThread)
kafka-3-1  | 2026-09-25T22:56:22.224901072Z [2026-09-25 22:56:22,224] INFO [UnifiedLog partition=__consumer_offsets-7, dir=/var/lib/kafka/data] Truncating to 0 has no effect as the largest offset in the log is -1 (kafka.log.UnifiedLog)
kafka-3-1  | 2026-09-25T22:56:22.225160319Z [2026-09-25 22:56:22,225] INFO [ReplicaFetcher replicaId=3, leaderId=1, fetcherId=0] Truncating partition __consumer_offsets-40 with TruncationState(offset=0, completed=true) due to local high watermark 0 (kafka.server.ReplicaFetcherThread)
kafka-3-1  | 2026-09-25T22:56:22.225166194Z [2026-09-25 22:56:22,225] INFO [UnifiedLog partition=__consumer_offsets-40, dir=/var/lib/kafka/data] Truncating to 0 has no effect as the largest offset in the log is -1 (kafka.log.UnifiedLog)
kafka-3-1  | 2026-09-25T22:56:22.225209724Z [2026-09-25 22:56:22,225] INFO [ReplicaFetcher replicaId=3, leaderId=1, fetcherId=0] Truncating partition __consumer_offsets-24 with TruncationState(offset=0, completed=true) due to local high watermark 0 (kafka.server.ReplicaFetcherThread)
kafka-3-1  | 2026-09-25T22:56:22.225211965Z [2026-09-25 22:56:22,225] INFO [UnifiedLog partition=__consumer_offsets-24, dir=/var/lib/kafka/data] Truncating to 0 has no effect as the largest offset in the log is -1 (kafka.log.UnifiedLog)
kafka-3-1  | 2026-09-25T22:56:22.225306027Z [2026-09-25 22:56:22,225] INFO [ReplicaFetcher replicaId=3, leaderId=1, fetcherId=0] Truncating partition __consumer_offsets-3 with TruncationState(offset=0, completed=true) due to local high watermark 0 (kafka.server.ReplicaFetcherThread)
kafka-3-1  | 2026-09-25T22:56:22.225309284Z [2026-09-25 22:56:22,225] INFO [UnifiedLog partition=__consumer_offsets-3, dir=/var/lib/kafka/data] Truncating to 0 has no effect as the largest offset in the log is -1 (kafka.log.UnifiedLog)
kafka-3-1  | 2026-09-25T22:56:22.234212518Z [2026-09-25 22:56:22,233] INFO [GroupCoordinator id=3] Scheduling unloading of metadata for __consumer_offsets-48 with epoch OptionalInt[2] (org.apache.kafka.coordinator.common.runtime.CoordinatorRuntime)
kafka-3-1  | 2026-09-25T22:56:22.234239553Z [2026-09-25 22:56:22,234] INFO [GroupCoordinator id=3] Started unloading metadata for __consumer_offsets-48 with epoch OptionalInt[2]. (org.apache.kafka.coordinator.common.runtime.CoordinatorRuntime)
kafka-3-1  | 2026-09-25T22:56:22.234450360Z [2026-09-25 22:56:22,234] INFO [GroupCoordinator id=3] Scheduling unloading of metadata for __consumer_offsets-13 with epoch OptionalInt[2] (org.apache.kafka.coordinator.common.runtime.CoordinatorRuntime)
kafka-3-1  | 2026-09-25T22:56:22.234468862Z [2026-09-25 22:56:22,234] INFO [GroupCoordinator id=3] Started unloading metadata for __consumer_offsets-13 with epoch OptionalInt[2]. (org.apache.kafka.coordinator.common.runtime.CoordinatorRuntime)
kafka-3-1  | 2026-09-25T22:56:22.234774763Z [2026-09-25 22:56:22,234] INFO [GroupCoordinator id=3] Finished unloading metadata for __consumer_offsets-13 with epoch OptionalInt[2]. (org.apache.kafka.coordinator.common.runtime.CoordinatorRuntime)
kafka-3-1  | 2026-09-25T22:56:22.234978157Z [2026-09-25 22:56:22,234] INFO [GroupCoordinator id=3] Finished unloading metadata for __consumer_offsets-48 with epoch OptionalInt[2]. (org.apache.kafka.coordinator.common.runtime.CoordinatorRuntime)
kafka-3-1  | 2026-09-25T22:56:22.235219865Z [2026-09-25 22:56:22,235] INFO [GroupCoordinator id=3] Scheduling unloading of metadata for __consumer_offsets-11 with epoch OptionalInt[2] (org.apache.kafka.coordinator.common.runtime.CoordinatorRuntime)
kafka-3-1  | 2026-09-25T22:56:22.235232216Z [2026-09-25 22:56:22,235] INFO [GroupCoordinator id=3] Ignored unloading metadata for __consumer_offsets-11 in epoch OptionalInt[2] since metadata was never loaded. (org.apache.kafka.coordinator.common.runtime.CoordinatorRuntime)
kafka-3-1  | 2026-09-25T22:56:22.235482893Z [2026-09-25 22:56:22,235] INFO [GroupCoordinator id=3] Scheduling unloading of metadata for __consumer_offsets-44 with epoch OptionalInt[2] (org.apache.kafka.coordinator.common.runtime.CoordinatorRuntime)
kafka-3-1  | 2026-09-25T22:56:22.235805075Z [2026-09-25 22:56:22,235] INFO [GroupCoordinator id=3] Scheduling unloading of metadata for __consumer_offsets-9 with epoch OptionalInt[2] (org.apache.kafka.coordinator.common.runtime.CoordinatorRuntime)
kafka-3-1  | 2026-09-25T22:56:22.235818310Z [2026-09-25 22:56:22,235] INFO [GroupCoordinator id=3] Started unloading metadata for __consumer_offsets-44 with epoch OptionalInt[2]. (org.apache.kafka.coordinator.common.runtime.CoordinatorRuntime)
kafka-3-1  | 2026-09-25T22:56:22.236434677Z [2026-09-25 22:56:22,235] INFO [GroupCoordinator id=3] Scheduling unloading of metadata for __consumer_offsets-21 with epoch OptionalInt[2] (org.apache.kafka.coordinator.common.runtime.CoordinatorRuntime)
kafka-3-1  | 2026-09-25T22:56:22.236454547Z [2026-09-25 22:56:22,235] INFO [GroupCoordinator id=3] Finished unloading metadata for __consumer_offsets-44 with epoch OptionalInt[2]. (org.apache.kafka.coordinator.common.runtime.CoordinatorRuntime)
kafka-3-1  | 2026-09-25T22:56:22.236457382Z [2026-09-25 22:56:22,235] INFO [GroupCoordinator id=3] Started unloading metadata for __consumer_offsets-9 with epoch OptionalInt[2]. (org.apache.kafka.coordinator.common.runtime.CoordinatorRuntime)
kafka-3-1  | 2026-09-25T22:56:22.236459206Z [2026-09-25 22:56:22,236] INFO [GroupCoordinator id=3] Finished unloading metadata for __consumer_offsets-9 with epoch OptionalInt[2]. (org.apache.kafka.coordinator.common.runtime.CoordinatorRuntime)
kafka-3-1  | 2026-09-25T22:56:22.237421846Z [2026-09-25 22:56:22,236] INFO [GroupCoordinator id=3] Scheduling unloading of metadata for __consumer_offsets-17 with epoch OptionalInt[2] (org.apache.kafka.coordinator.common.runtime.CoordinatorRuntime)
kafka-3-1  | 2026-09-25T22:56:22.237717492Z [2026-09-25 22:56:22,237] INFO [GroupCoordinator id=3] Started unloading metadata for __consumer_offsets-21 with epoch OptionalInt[2]. (org.apache.kafka.coordinator.common.runtime.CoordinatorRuntime)
kafka-3-1  | 2026-09-25T22:56:22.237725028Z [2026-09-25 22:56:22,237] INFO [GroupCoordinator id=3] Started unloading metadata for __consumer_offsets-17 with epoch OptionalInt[2]. (org.apache.kafka.coordinator.common.runtime.CoordinatorRuntime)
kafka-3-1  | 2026-09-25T22:56:22.238434301Z [2026-09-25 22:56:22,237] INFO [GroupCoordinator id=3] Finished unloading metadata for __consumer_offsets-17 with epoch OptionalInt[2]. (org.apache.kafka.coordinator.common.runtime.CoordinatorRuntime)
kafka-3-1  | 2026-09-25T22:56:22.238450578Z [2026-09-25 22:56:22,237] INFO [GroupCoordinator id=3] Finished unloading metadata for __consumer_offsets-21 with epoch OptionalInt[2]. (org.apache.kafka.coordinator.common.runtime.CoordinatorRuntime)
kafka-3-1  | 2026-09-25T22:56:22.238454290Z [2026-09-25 22:56:22,237] INFO [GroupCoordinator id=3] Scheduling unloading of metadata for __consumer_offsets-7 with epoch OptionalInt[2] (org.apache.kafka.coordinator.common.runtime.CoordinatorRuntime)
kafka-3-1  | 2026-09-25T22:56:22.238457217Z [2026-09-25 22:56:22,237] INFO [GroupCoordinator id=3] Scheduling unloading of metadata for __consumer_offsets-40 with epoch OptionalInt[2] (org.apache.kafka.coordinator.common.runtime.CoordinatorRuntime)
kafka-3-1  | 2026-09-25T22:56:22.238459815Z [2026-09-25 22:56:22,237] INFO [GroupCoordinator id=3] Scheduling unloading of metadata for __consumer_offsets-3 with epoch OptionalInt[2] (org.apache.kafka.coordinator.common.runtime.CoordinatorRuntime)
kafka-3-1  | 2026-09-25T22:56:22.238462476Z [2026-09-25 22:56:22,237] INFO [GroupCoordinator id=3] Ignored unloading metadata for __consumer_offsets-7 in epoch OptionalInt[2] since metadata was never loaded. (org.apache.kafka.coordinator.common.runtime.CoordinatorRuntime)
kafka-3-1  | 2026-09-25T22:56:22.238465099Z [2026-09-25 22:56:22,237] INFO [GroupCoordinator id=3] Scheduling unloading of metadata for __consumer_offsets-1 with epoch OptionalInt[2] (org.apache.kafka.coordinator.common.runtime.CoordinatorRuntime)
kafka-3-1  | 2026-09-25T22:56:22.238467818Z [2026-09-25 22:56:22,237] INFO [GroupCoordinator id=3] Scheduling unloading of metadata for __consumer_offsets-47 with epoch OptionalInt[2] (org.apache.kafka.coordinator.common.runtime.CoordinatorRuntime)
kafka-3-1  | 2026-09-25T22:56:22.238470763Z [2026-09-25 22:56:22,237] INFO [GroupCoordinator id=3] Scheduling unloading of metadata for __consumer_offsets-43 with epoch OptionalInt[2] (org.apache.kafka.coordinator.common.runtime.CoordinatorRuntime)
kafka-3-1  | 2026-09-25T22:56:22.238473935Z [2026-09-25 22:56:22,237] INFO [GroupCoordinator id=3] Started unloading metadata for __consumer_offsets-1 with epoch OptionalInt[2]. (org.apache.kafka.coordinator.common.runtime.CoordinatorRuntime)
kafka-3-1  | 2026-09-25T22:56:22.238476712Z [2026-09-25 22:56:22,237] INFO [GroupCoordinator id=3] Scheduling unloading of metadata for __consumer_offsets-12 with epoch OptionalInt[2] (org.apache.kafka.coordinator.common.runtime.CoordinatorRuntime)
kafka-3-1  | 2026-09-25T22:56:22.238479261Z [2026-09-25 22:56:22,238] INFO [GroupCoordinator id=3] Finished unloading metadata for __consumer_offsets-1 with epoch OptionalInt[2]. (org.apache.kafka.coordinator.common.runtime.CoordinatorRuntime)
kafka-3-1  | 2026-09-25T22:56:22.238481810Z [2026-09-25 22:56:22,238] INFO [GroupCoordinator id=3] Ignored unloading metadata for __consumer_offsets-43 in epoch OptionalInt[2] since metadata was never loaded. (org.apache.kafka.coordinator.common.runtime.CoordinatorRuntime)
kafka-3-1  | 2026-09-25T22:56:22.238496876Z [2026-09-25 22:56:22,238] INFO [GroupCoordinator id=3] Ignored unloading metadata for __consumer_offsets-40 in epoch OptionalInt[2] since metadata was never loaded. (org.apache.kafka.coordinator.common.runtime.CoordinatorRuntime)
kafka-3-1  | 2026-09-25T22:56:22.238500314Z [2026-09-25 22:56:22,238] INFO [GroupCoordinator id=3] Started unloading metadata for __consumer_offsets-47 with epoch OptionalInt[2]. (org.apache.kafka.coordinator.common.runtime.CoordinatorRuntime)
kafka-3-1  | 2026-09-25T22:56:22.238503318Z [2026-09-25 22:56:22,238] INFO [GroupCoordinator id=3] Scheduling unloading of metadata for __consumer_offsets-41 with epoch OptionalInt[2] (org.apache.kafka.coordinator.common.runtime.CoordinatorRuntime)
kafka-3-1  | 2026-09-25T22:56:22.238505959Z [2026-09-25 22:56:22,238] INFO [GroupCoordinator id=3] Scheduling unloading of metadata for __consumer_offsets-24 with epoch OptionalInt[2] (org.apache.kafka.coordinator.common.runtime.CoordinatorRuntime)
kafka-3-1  | 2026-09-25T22:56:22.238508535Z [2026-09-25 22:56:22,238] INFO [GroupCoordinator id=3] Scheduling unloading of metadata for __consumer_offsets-18 with epoch OptionalInt[2] (org.apache.kafka.coordinator.common.runtime.CoordinatorRuntime)
kafka-3-1  | 2026-09-25T22:56:22.238511369Z [2026-09-25 22:56:22,238] INFO [GroupCoordinator id=3] Finished unloading metadata for __consumer_offsets-47 with epoch OptionalInt[2]. (org.apache.kafka.coordinator.common.runtime.CoordinatorRuntime)
kafka-3-1  | 2026-09-25T22:56:22.238514685Z [2026-09-25 22:56:22,238] INFO [GroupCoordinator id=3] Scheduling unloading of metadata for __consumer_offsets-31 with epoch OptionalInt[2] (org.apache.kafka.coordinator.common.runtime.CoordinatorRuntime)
kafka-3-1  | 2026-09-25T22:56:22.238517471Z [2026-09-25 22:56:22,238] INFO [GroupCoordinator id=3] Scheduling unloading of metadata for __consumer_offsets-0 with epoch OptionalInt[2] (org.apache.kafka.coordinator.common.runtime.CoordinatorRuntime)
kafka-3-1  | 2026-09-25T22:56:22.238520092Z [2026-09-25 22:56:22,238] INFO [GroupCoordinator id=3] Started unloading metadata for __consumer_offsets-18 with epoch OptionalInt[2]. (org.apache.kafka.coordinator.common.runtime.CoordinatorRuntime)
kafka-3-1  | 2026-09-25T22:56:22.238522890Z [2026-09-25 22:56:22,238] INFO [GroupCoordinator id=3] Scheduling unloading of metadata for __consumer_offsets-29 with epoch OptionalInt[2] (org.apache.kafka.coordinator.common.runtime.CoordinatorRuntime)
kafka-3-1  | 2026-09-25T22:56:22.238525824Z [2026-09-25 22:56:22,238] INFO [GroupCoordinator id=3] Scheduling unloading of metadata for __consumer_offsets-27 with epoch OptionalInt[2] (org.apache.kafka.coordinator.common.runtime.CoordinatorRuntime)
kafka-3-1  | 2026-09-25T22:56:22.238528693Z [2026-09-25 22:56:22,238] INFO [GroupCoordinator id=3] Finished unloading metadata for __consumer_offsets-18 with epoch OptionalInt[2]. (org.apache.kafka.coordinator.common.runtime.CoordinatorRuntime)
kafka-3-1  | 2026-09-25T22:56:22.238531726Z [2026-09-25 22:56:22,238] INFO [GroupCoordinator id=3] Scheduling unloading of metadata for __consumer_offsets-25 with epoch OptionalInt[2] (org.apache.kafka.coordinator.common.runtime.CoordinatorRuntime)
kafka-3-1  | 2026-09-25T22:56:22.238535122Z [2026-09-25 22:56:22,238] INFO [GroupCoordinator id=3] Ignored unloading metadata for __consumer_offsets-0 in epoch OptionalInt[2] since metadata was never loaded. (org.apache.kafka.coordinator.common.runtime.CoordinatorRuntime)
kafka-3-1  | 2026-09-25T22:56:22.238537978Z [2026-09-25 22:56:22,238] INFO [GroupCoordinator id=3] Scheduling unloading of metadata for __consumer_offsets-8 with epoch OptionalInt[2] (org.apache.kafka.coordinator.common.runtime.CoordinatorRuntime)
kafka-3-1  | 2026-09-25T22:56:22.238765278Z [2026-09-25 22:56:22,238] INFO [GroupCoordinator id=3] Started unloading metadata for __consumer_offsets-27 with epoch OptionalInt[2]. (org.apache.kafka.coordinator.common.runtime.CoordinatorRuntime)
kafka-3-1  | 2026-09-25T22:56:22.238776585Z [2026-09-25 22:56:22,238] INFO [GroupCoordinator id=3] Scheduling unloading of metadata for __consumer_offsets-37 with epoch OptionalInt[2] (org.apache.kafka.coordinator.common.runtime.CoordinatorRuntime)
kafka-3-1  | 2026-09-25T22:56:22.238778889Z [2026-09-25 22:56:22,238] INFO [GroupCoordinator id=3] Scheduling unloading of metadata for __consumer_offsets-35 with epoch OptionalInt[2] (org.apache.kafka.coordinator.common.runtime.CoordinatorRuntime)
kafka-3-1  | 2026-09-25T22:56:22.238781464Z [2026-09-25 22:56:22,238] INFO [GroupCoordinator id=3] Scheduling unloading of metadata for __consumer_offsets-4 with epoch OptionalInt[2] (org.apache.kafka.coordinator.common.runtime.CoordinatorRuntime)
kafka-3-1  | 2026-09-25T22:56:22.238783292Z [2026-09-25 22:56:22,238] INFO [GroupCoordinator id=3] Started unloading metadata for __consumer_offsets-35 with epoch OptionalInt[2]. (org.apache.kafka.coordinator.common.runtime.CoordinatorRuntime)
kafka-3-1  | 2026-09-25T22:56:22.238960347Z [2026-09-25 22:56:22,238] INFO [GroupCoordinator id=3] Finished unloading metadata for __consumer_offsets-35 with epoch OptionalInt[2]. (org.apache.kafka.coordinator.common.runtime.CoordinatorRuntime)
kafka-3-1  | 2026-09-25T22:56:22.238970843Z [2026-09-25 22:56:22,238] INFO [GroupCoordinator id=3] Ignored unloading metadata for __consumer_offsets-12 in epoch OptionalInt[2] since metadata was never loaded. (org.apache.kafka.coordinator.common.runtime.CoordinatorRuntime)
kafka-3-1  | 2026-09-25T22:56:22.238972588Z [2026-09-25 22:56:22,238] INFO [GroupCoordinator id=3] Started unloading metadata for __consumer_offsets-25 with epoch OptionalInt[2]. (org.apache.kafka.coordinator.common.runtime.CoordinatorRuntime)
kafka-3-1  | 2026-09-25T22:56:22.238974012Z [2026-09-25 22:56:22,238] INFO [GroupCoordinator id=3] Ignored unloading metadata for __consumer_offsets-3 in epoch OptionalInt[2] since metadata was never loaded. (org.apache.kafka.coordinator.common.runtime.CoordinatorRuntime)
kafka-3-1  | 2026-09-25T22:56:22.238975541Z [2026-09-25 22:56:22,238] INFO [GroupCoordinator id=3] Started unloading metadata for __consumer_offsets-4 with epoch OptionalInt[2]. (org.apache.kafka.coordinator.common.runtime.CoordinatorRuntime)
kafka-3-1  | 2026-09-25T22:56:22.238977483Z [2026-09-25 22:56:22,238] INFO [GroupCoordinator id=3] Finished unloading metadata for __consumer_offsets-25 with epoch OptionalInt[2]. (org.apache.kafka.coordinator.common.runtime.CoordinatorRuntime)
kafka-3-1  | 2026-09-25T22:56:22.238978723Z [2026-09-25 22:56:22,238] INFO [GroupCoordinator id=3] Finished unloading metadata for __consumer_offsets-4 with epoch OptionalInt[2]. (org.apache.kafka.coordinator.common.runtime.CoordinatorRuntime)
kafka-3-1  | 2026-09-25T22:56:22.238980116Z [2026-09-25 22:56:22,238] INFO [GroupCoordinator id=3] Started unloading metadata for __consumer_offsets-31 with epoch OptionalInt[2]. (org.apache.kafka.coordinator.common.runtime.CoordinatorRuntime)
kafka-3-1  | 2026-09-25T22:56:22.238981368Z [2026-09-25 22:56:22,238] INFO [GroupCoordinator id=3] Finished unloading metadata for __consumer_offsets-31 with epoch OptionalInt[2]. (org.apache.kafka.coordinator.common.runtime.CoordinatorRuntime)
kafka-3-1  | 2026-09-25T22:56:22.239825416Z [2026-09-25 22:56:22,238] INFO [GroupCoordinator id=3] Ignored unloading metadata for __consumer_offsets-24 in epoch OptionalInt[2] since metadata was never loaded. (org.apache.kafka.coordinator.common.runtime.CoordinatorRuntime)
kafka-3-1  | 2026-09-25T22:56:22.239841404Z [2026-09-25 22:56:22,239] INFO [GroupCoordinator id=3] Started unloading metadata for __consumer_offsets-41 with epoch OptionalInt[2]. (org.apache.kafka.coordinator.common.runtime.CoordinatorRuntime)
kafka-3-1  | 2026-09-25T22:56:22.239843061Z [2026-09-25 22:56:22,239] INFO [GroupCoordinator id=3] Finished unloading metadata for __consumer_offsets-41 with epoch OptionalInt[2]. (org.apache.kafka.coordinator.common.runtime.CoordinatorRuntime)
kafka-3-1  | 2026-09-25T22:56:22.239844360Z [2026-09-25 22:56:22,239] INFO [GroupCoordinator id=3] Started unloading metadata for __consumer_offsets-37 with epoch OptionalInt[2]. (org.apache.kafka.coordinator.common.runtime.CoordinatorRuntime)
kafka-3-1  | 2026-09-25T22:56:22.239845663Z [2026-09-25 22:56:22,239] INFO [GroupCoordinator id=3] Finished unloading metadata for __consumer_offsets-37 with epoch OptionalInt[2]. (org.apache.kafka.coordinator.common.runtime.CoordinatorRuntime)
kafka-3-1  | 2026-09-25T22:56:22.239847045Z [2026-09-25 22:56:22,239] INFO [GroupCoordinator id=3] Ignored unloading metadata for __consumer_offsets-29 in epoch OptionalInt[2] since metadata was never loaded. (org.apache.kafka.coordinator.common.runtime.CoordinatorRuntime)
kafka-3-1  | 2026-09-25T22:56:22.239848284Z [2026-09-25 22:56:22,239] INFO [GroupCoordinator id=3] Started unloading metadata for __consumer_offsets-8 with epoch OptionalInt[2]. (org.apache.kafka.coordinator.common.runtime.CoordinatorRuntime)
kafka-3-1  | 2026-09-25T22:56:22.239849574Z [2026-09-25 22:56:22,239] INFO [GroupCoordinator id=3] Finished unloading metadata for __consumer_offsets-8 with epoch OptionalInt[2]. (org.apache.kafka.coordinator.common.runtime.CoordinatorRuntime)
kafka-3-1  | 2026-09-25T22:56:22.240116821Z [2026-09-25 22:56:22,239] INFO [GroupCoordinator id=3] Finished unloading metadata for __consumer_offsets-27 with epoch OptionalInt[2]. (org.apache.kafka.coordinator.common.runtime.CoordinatorRuntime)
