kafka-2-1  | 2026-09-25T22:48:39.674563831Z ===> User
kafka-2-1  | 2026-09-25T22:48:39.676600983Z uid=1000(appuser) gid=1000(appuser) groups=1000(appuser)
kafka-2-1  | 2026-09-25T22:48:39.676792318Z ===> Setting default values of environment variables if not already set.
kafka-2-1  | 2026-09-25T22:48:39.677061656Z ===> Configuring ...
kafka-2-1  | 2026-09-25T22:48:39.677082809Z Running in KRaft mode...
kafka-2-1  | 2026-09-25T22:48:39.677402819Z ===> Launching ... 
kafka-2-1  | 2026-09-25T22:48:39.680611711Z ===> Using provided cluster id 5L6g3nShT-eMCtK--X86sw ...
kafka-2-1  | 2026-09-25T22:48:44.419115520Z [2026-09-25 22:48:44,417] INFO Registered kafka:type=kafka.Log4jController MBean (kafka.utils.Log4jControllerRegistration$)
kafka-2-1  | 2026-09-25T22:48:44.859626483Z [2026-09-25 22:48:44,859] INFO Registered signal handlers for TERM, INT, HUP (org.apache.kafka.common.utils.LoggingSignalHandler)
kafka-2-1  | 2026-09-25T22:48:44.865984622Z [2026-09-25 22:48:44,864] INFO [ControllerServer id=2] Starting controller (kafka.server.ControllerServer)
kafka-2-1  | 2026-09-25T22:48:45.225678687Z [2026-09-25 22:48:45,225] INFO Updated connection-accept-rate max connection creation rate to 2147483647 (kafka.network.ConnectionQuotas)
kafka-2-1  | 2026-09-25T22:48:45.301871895Z [2026-09-25 22:48:45,300] INFO [SocketServer listenerType=CONTROLLER, nodeId=2] Created data-plane acceptor and processors for endpoint : ListenerName(CONTROLLER) (kafka.network.SocketServer)
kafka-2-1  | 2026-09-25T22:48:45.314238030Z [2026-09-25 22:48:45,312] INFO CONTROLLER: resolved wildcard host to kafka-2 (org.apache.kafka.metadata.ListenerInfo)
kafka-2-1  | 2026-09-25T22:48:45.326021332Z [2026-09-25 22:48:45,325] INFO authorizerStart completed for endpoint CONTROLLER. Endpoint is now READY. (org.apache.kafka.server.network.EndpointReadyFutures)
kafka-2-1  | 2026-09-25T22:48:45.330495844Z [2026-09-25 22:48:45,329] INFO [SharedServer id=2] Starting SharedServer (kafka.server.SharedServer)
kafka-2-1  | 2026-09-25T22:48:45.440209759Z [2026-09-25 22:48:45,439] INFO [LogLoader partition=__cluster_metadata-0, dir=/var/lib/kafka/data] Loading producer state till offset 0 (org.apache.kafka.storage.internals.log.UnifiedLog)
kafka-2-1  | 2026-09-25T22:48:45.441358524Z [2026-09-25 22:48:45,440] INFO [LogLoader partition=__cluster_metadata-0, dir=/var/lib/kafka/data] Reloading from producer snapshot and rebuilding producer state from offset 0 (org.apache.kafka.storage.internals.log.UnifiedLog)
kafka-2-1  | 2026-09-25T22:48:45.457602239Z [2026-09-25 22:48:45,457] INFO [LogLoader partition=__cluster_metadata-0, dir=/var/lib/kafka/data] Producer state recovery took 0ms for snapshot load and 0ms for segment recovery from offset 0 (org.apache.kafka.storage.internals.log.UnifiedLog)
kafka-2-1  | 2026-09-25T22:48:45.480082151Z [2026-09-25 22:48:45,479] INFO Initialized snapshots with IDs SortedSet() from /var/lib/kafka/data/__cluster_metadata-0 (kafka.raft.KafkaMetadataLog$)
kafka-2-1  | 2026-09-25T22:48:45.505160718Z [2026-09-25 22:48:45,504] INFO [raft-expiration-reaper]: Starting (kafka.raft.TimingWheelExpirationService$ExpiredOperationReaper)
kafka-2-1  | 2026-09-25T22:48:45.512247507Z [2026-09-25 22:48:45,511] INFO [RaftManager id=2] Reading KRaft snapshot and log as part of the initialization (org.apache.kafka.raft.KafkaRaftClient)
kafka-2-1  | 2026-09-25T22:48:45.517154780Z [2026-09-25 22:48:45,516] INFO [RaftManager id=2] Starting voters are VoterSet(voters={1=VoterNode(voterKey=ReplicaKey(id=1, directoryId=<undefined>), listeners=Endpoints(endpoints={ListenerName(CONTROLLER)=kafka-1/172.18.0.4:9093}), supportedKRaftVersion=SupportedVersionRange[min_version:0, max_version:0]), 2=VoterNode(voterKey=ReplicaKey(id=2, directoryId=<undefined>), listeners=Endpoints(endpoints={ListenerName(CONTROLLER)=kafka-2/172.18.0.2:9093}), supportedKRaftVersion=SupportedVersionRange[min_version:0, max_version:0]), 3=VoterNode(voterKey=ReplicaKey(id=3, directoryId=<undefined>), listeners=Endpoints(endpoints={ListenerName(CONTROLLER)=kafka-3/172.18.0.3:9093}), supportedKRaftVersion=SupportedVersionRange[min_version:0, max_version:0])}) (org.apache.kafka.raft.KafkaRaftClient)
kafka-2-1  | 2026-09-25T22:48:45.521058474Z [2026-09-25 22:48:45,519] INFO [RaftManager id=2] Starting request manager with static voters: [kafka-1:9093 (id: 1 rack: null isFenced: false), kafka-2:9093 (id: 2 rack: null isFenced: false), kafka-3:9093 (id: 3 rack: null isFenced: false)] (org.apache.kafka.raft.KafkaRaftClient)
kafka-2-1  | 2026-09-25T22:48:45.528625369Z [2026-09-25 22:48:45,527] INFO [RaftManager id=2] Attempting durable transition to UnattachedState(epoch=0, leaderId=OptionalInt.empty, votedKey=Optional.empty, voters=[1, 2, 3], electionTimeoutMs=1235, highWatermark=Optional.empty) from null (org.apache.kafka.raft.QuorumState)
kafka-2-1  | 2026-09-25T22:48:45.555509472Z [2026-09-25 22:48:45,555] INFO [RaftManager id=2] Completed transition to UnattachedState(epoch=0, leaderId=OptionalInt.empty, votedKey=Optional.empty, voters=[1, 2, 3], electionTimeoutMs=1235, highWatermark=Optional.empty) from null (org.apache.kafka.raft.QuorumState)
kafka-2-1  | 2026-09-25T22:48:45.562026025Z [2026-09-25 22:48:45,561] INFO [kafka-2-raft-outbound-request-thread]: Starting (org.apache.kafka.raft.KafkaNetworkChannel$SendThread)
kafka-2-1  | 2026-09-25T22:48:45.565876873Z [2026-09-25 22:48:45,565] INFO [kafka-2-raft-io-thread]: Starting (org.apache.kafka.raft.KafkaRaftClientDriver)
kafka-2-1  | 2026-09-25T22:48:45.592024785Z [2026-09-25 22:48:45,591] INFO [MetadataLoader id=2] initializeNewPublishers: the loader is still catching up because we still don't know the high water mark yet. (org.apache.kafka.image.loader.MetadataLoader)
kafka-2-1  | 2026-09-25T22:48:45.592373796Z [2026-09-25 22:48:45,591] INFO [RaftManager id=2] Registered the listener org.apache.kafka.image.loader.MetadataLoader@1025196378 (org.apache.kafka.raft.KafkaRaftClient)
kafka-2-1  | 2026-09-25T22:48:45.592991148Z [2026-09-25 22:48:45,592] INFO [ControllerServer id=2] Waiting for controller quorum voters future (kafka.server.ControllerServer)
kafka-2-1  | 2026-09-25T22:48:45.593019425Z [2026-09-25 22:48:45,592] INFO [ControllerServer id=2] Finished waiting for controller quorum voters future (kafka.server.ControllerServer)
kafka-2-1  | 2026-09-25T22:48:45.606353640Z [2026-09-25 22:48:45,605] INFO [RaftManager id=2] Node 1 disconnected. (org.apache.kafka.clients.NetworkClient)
kafka-2-1  | 2026-09-25T22:48:45.608877933Z [2026-09-25 22:48:45,608] WARN [RaftManager id=2] Connection to node 1 (kafka-1/172.18.0.4:9093) could not be established. Node may not be available. (org.apache.kafka.clients.NetworkClient)
kafka-2-1  | 2026-09-25T22:48:45.628545575Z [2026-09-25 22:48:45,625] INFO [RaftManager id=2] Node 2 disconnected. (org.apache.kafka.clients.NetworkClient)
kafka-2-1  | 2026-09-25T22:48:45.628598967Z [2026-09-25 22:48:45,625] WARN [RaftManager id=2] Connection to node 2 (kafka-2/172.18.0.2:9093) could not be established. Node may not be available. (org.apache.kafka.clients.NetworkClient)
kafka-2-1  | 2026-09-25T22:48:45.632056452Z [2026-09-25 22:48:45,631] INFO [RaftManager id=2] Node 3 disconnected. (org.apache.kafka.clients.NetworkClient)
kafka-2-1  | 2026-09-25T22:48:45.632980434Z [2026-09-25 22:48:45,632] WARN [RaftManager id=2] Connection to node 3 (kafka-3/172.18.0.3:9093) could not be established. Node may not be available. (org.apache.kafka.clients.NetworkClient)
kafka-2-1  | 2026-09-25T22:48:45.645926219Z [2026-09-25 22:48:45,645] INFO [RaftManager id=2] Registered the listener org.apache.kafka.controller.QuorumController$QuorumMetaLogListener@894242588 (org.apache.kafka.raft.KafkaRaftClient)
kafka-2-1  | 2026-09-25T22:48:45.652881221Z [2026-09-25 22:48:45,651] INFO [controller-2-ThrottledChannelReaper-Fetch]: Starting (kafka.server.ClientQuotaManager$ThrottledChannelReaper)
kafka-2-1  | 2026-09-25T22:48:45.656645613Z [2026-09-25 22:48:45,656] INFO [controller-2-ThrottledChannelReaper-Produce]: Starting (kafka.server.ClientQuotaManager$ThrottledChannelReaper)
kafka-2-1  | 2026-09-25T22:48:45.658252353Z [2026-09-25 22:48:45,657] INFO [controller-2-ThrottledChannelReaper-Request]: Starting (kafka.server.ClientQuotaManager$ThrottledChannelReaper)
kafka-2-1  | 2026-09-25T22:48:45.665150007Z [2026-09-25 22:48:45,664] INFO [controller-2-ThrottledChannelReaper-ControllerMutation]: Starting (kafka.server.ClientQuotaManager$ThrottledChannelReaper)
kafka-2-1  | 2026-09-25T22:48:45.676021363Z [2026-09-25 22:48:45,675] INFO [ExpirationReaper-0-null]: Starting (org.apache.kafka.server.purgatory.DelayedOperationPurgatory$ExpiredOperationReaper)
kafka-2-1  | 2026-09-25T22:48:45.684219966Z [2026-09-25 22:48:45,683] INFO [RaftManager id=2] Node 1 disconnected. (org.apache.kafka.clients.NetworkClient)
kafka-2-1  | 2026-09-25T22:48:45.684527202Z [2026-09-25 22:48:45,684] WARN [RaftManager id=2] Connection to node 1 (kafka-1/172.18.0.4:9093) could not be established. Node may not be available. (org.apache.kafka.clients.NetworkClient)
kafka-2-1  | 2026-09-25T22:48:45.689040070Z [2026-09-25 22:48:45,688] INFO [RaftManager id=2] Node 3 disconnected. (org.apache.kafka.clients.NetworkClient)
kafka-2-1  | 2026-09-25T22:48:45.689628906Z [2026-09-25 22:48:45,689] WARN [RaftManager id=2] Connection to node 3 (kafka-3/172.18.0.3:9093) could not be established. Node may not be available. (org.apache.kafka.clients.NetworkClient)
kafka-2-1  | 2026-09-25T22:48:45.691605891Z [2026-09-25 22:48:45,691] INFO [RaftManager id=2] Node 2 disconnected. (org.apache.kafka.clients.NetworkClient)
kafka-2-1  | 2026-09-25T22:48:45.691983000Z [2026-09-25 22:48:45,691] WARN [RaftManager id=2] Connection to node 2 (kafka-2/172.18.0.2:9093) could not be established. Node may not be available. (org.apache.kafka.clients.NetworkClient)
kafka-2-1  | 2026-09-25T22:48:45.694795533Z [2026-09-25 22:48:45,694] INFO [MetadataLoader id=2] initializeNewPublishers: the loader is still catching up because we still don't know the high water mark yet. (org.apache.kafka.image.loader.MetadataLoader)
kafka-2-1  | 2026-09-25T22:48:45.703998106Z [2026-09-25 22:48:45,703] INFO [ControllerServer id=2] Waiting for the controller metadata publishers to be installed (kafka.server.ControllerServer)
kafka-2-1  | 2026-09-25T22:48:45.704892327Z [2026-09-25 22:48:45,703] INFO [ControllerServer id=2] Finished waiting for the controller metadata publishers to be installed (kafka.server.ControllerServer)
kafka-2-1  | 2026-09-25T22:48:45.704932955Z [2026-09-25 22:48:45,704] INFO [MetadataLoader id=2] initializeNewPublishers: the loader is still catching up because we still don't know the high water mark yet. (org.apache.kafka.image.loader.MetadataLoader)
kafka-2-1  | 2026-09-25T22:48:45.705614720Z [2026-09-25 22:48:45,705] INFO [SocketServer listenerType=CONTROLLER, nodeId=2] Enabling request processing. (kafka.network.SocketServer)
kafka-2-1  | 2026-09-25T22:48:45.709431145Z [2026-09-25 22:48:45,708] INFO Awaiting socket connections on 0.0.0.0:9093. (kafka.network.DataPlaneAcceptor)
kafka-2-1  | 2026-09-25T22:48:45.741751231Z [2026-09-25 22:48:45,741] INFO [controller-2-to-controller-registration-channel-manager]: Starting (kafka.server.NodeToControllerRequestThread)
kafka-2-1  | 2026-09-25T22:48:45.742137966Z [2026-09-25 22:48:45,741] INFO [ControllerServer id=2] Waiting for all of the authorizer futures to be completed (kafka.server.ControllerServer)
kafka-2-1  | 2026-09-25T22:48:45.742729817Z [2026-09-25 22:48:45,742] INFO [ControllerServer id=2] Finished waiting for all of the authorizer futures to be completed (kafka.server.ControllerServer)
kafka-2-1  | 2026-09-25T22:48:45.742883296Z [2026-09-25 22:48:45,742] INFO [ControllerRegistrationManager id=2 incarnation=9rrqRllhQqyzKKpCXHLvaw] initialized channel manager. (kafka.server.ControllerRegistrationManager)
kafka-2-1  | 2026-09-25T22:48:45.742903210Z [2026-09-25 22:48:45,742] INFO [ControllerServer id=2] Waiting for all of the SocketServer Acceptors to be started (kafka.server.ControllerServer)
kafka-2-1  | 2026-09-25T22:48:45.743454073Z [2026-09-25 22:48:45,742] INFO [ControllerServer id=2] Finished waiting for all of the SocketServer Acceptors to be started (kafka.server.ControllerServer)
kafka-2-1  | 2026-09-25T22:48:45.744053464Z [2026-09-25 22:48:45,743] INFO [ControllerRegistrationManager id=2 incarnation=9rrqRllhQqyzKKpCXHLvaw] maybeSendControllerRegistration: cannot register yet because the metadata.version is not known yet. (kafka.server.ControllerRegistrationManager)
kafka-2-1  | 2026-09-25T22:48:45.746610738Z [2026-09-25 22:48:45,746] INFO [BrokerServer id=2] Transition from SHUTDOWN to STARTING (kafka.server.BrokerServer)
kafka-2-1  | 2026-09-25T22:48:45.749034978Z [2026-09-25 22:48:45,748] INFO [BrokerServer id=2] Starting broker (kafka.server.BrokerServer)
kafka-2-1  | 2026-09-25T22:48:45.767890090Z [2026-09-25 22:48:45,767] INFO [broker-2-ThrottledChannelReaper-Fetch]: Starting (kafka.server.ClientQuotaManager$ThrottledChannelReaper)
kafka-2-1  | 2026-09-25T22:48:45.770739056Z [2026-09-25 22:48:45,770] INFO [broker-2-ThrottledChannelReaper-Produce]: Starting (kafka.server.ClientQuotaManager$ThrottledChannelReaper)
kafka-2-1  | 2026-09-25T22:48:45.773052817Z [2026-09-25 22:48:45,772] INFO [broker-2-ThrottledChannelReaper-Request]: Starting (kafka.server.ClientQuotaManager$ThrottledChannelReaper)
kafka-2-1  | 2026-09-25T22:48:45.830251875Z [2026-09-25 22:48:45,829] INFO [MetadataLoader id=2] initializeNewPublishers: the loader is still catching up because we still don't know the high water mark yet. (org.apache.kafka.image.loader.MetadataLoader)
kafka-2-1  | 2026-09-25T22:48:45.831942126Z [2026-09-25 22:48:45,831] INFO [RaftManager id=2] Node 3 disconnected. (org.apache.kafka.clients.NetworkClient)
kafka-2-1  | 2026-09-25T22:48:45.832419165Z [2026-09-25 22:48:45,831] WARN [RaftManager id=2] Connection to node 3 (kafka-3/172.18.0.3:9093) could not be established. Node may not be available. (org.apache.kafka.clients.NetworkClient)
kafka-2-1  | 2026-09-25T22:48:45.839327913Z [2026-09-25 22:48:45,838] INFO [broker-2-ThrottledChannelReaper-ControllerMutation]: Starting (kafka.server.ClientQuotaManager$ThrottledChannelReaper)
kafka-2-1  | 2026-09-25T22:48:45.879919039Z [2026-09-25 22:48:45,879] INFO [BrokerServer id=2] Waiting for controller quorum voters future (kafka.server.BrokerServer)
kafka-2-1  | 2026-09-25T22:48:45.880096169Z [2026-09-25 22:48:45,879] INFO [BrokerServer id=2] Finished waiting for controller quorum voters future (kafka.server.BrokerServer)
kafka-2-1  | 2026-09-25T22:48:45.885903943Z [2026-09-25 22:48:45,885] INFO [broker-2-to-controller-forwarding-channel-manager]: Starting (kafka.server.NodeToControllerRequestThread)
kafka-2-1  | 2026-09-25T22:48:45.902117986Z [2026-09-25 22:48:45,901] INFO [client-metrics-reaper]: Starting (org.apache.kafka.server.util.timer.SystemTimerReaper$Reaper)
kafka-2-1  | 2026-09-25T22:48:45.937741203Z [2026-09-25 22:48:45,935] INFO [MetadataLoader id=2] initializeNewPublishers: the loader is still catching up because we still don't know the high water mark yet. (org.apache.kafka.image.loader.MetadataLoader)
kafka-2-1  | 2026-09-25T22:48:46.027093483Z [2026-09-25 22:48:46,023] INFO Updated connection-accept-rate max connection creation rate to 2147483647 (kafka.network.ConnectionQuotas)
kafka-2-1  | 2026-09-25T22:48:46.040063931Z [2026-09-25 22:48:46,039] INFO [MetadataLoader id=2] initializeNewPublishers: the loader is still catching up because we still don't know the high water mark yet. (org.apache.kafka.image.loader.MetadataLoader)
kafka-2-1  | 2026-09-25T22:48:46.047797384Z [2026-09-25 22:48:46,047] INFO [SocketServer listenerType=BROKER, nodeId=2] Created data-plane acceptor and processors for endpoint : ListenerName(PLAINTEXT) (kafka.network.SocketServer)
kafka-2-1  | 2026-09-25T22:48:46.078232279Z [2026-09-25 22:48:46,077] INFO [broker-2-to-controller-alter-partition-channel-manager]: Starting (kafka.server.NodeToControllerRequestThread)
kafka-2-1  | 2026-09-25T22:48:46.090419719Z [2026-09-25 22:48:46,089] INFO [broker-2-to-controller-directory-assignments-channel-manager]: Starting (kafka.server.NodeToControllerRequestThread)
kafka-2-1  | 2026-09-25T22:48:46.097396999Z [2026-09-25 22:48:46,096] INFO [ExpirationReaper-0-null]: Starting (org.apache.kafka.server.purgatory.DelayedOperationPurgatory$ExpiredOperationReaper)
kafka-2-1  | 2026-09-25T22:48:46.099437344Z [2026-09-25 22:48:46,098] INFO [ExpirationReaper-0-null]: Starting (org.apache.kafka.server.purgatory.DelayedOperationPurgatory$ExpiredOperationReaper)
kafka-2-1  | 2026-09-25T22:48:46.102982590Z [2026-09-25 22:48:46,102] INFO [ExpirationReaper-0-null]: Starting (org.apache.kafka.server.purgatory.DelayedOperationPurgatory$ExpiredOperationReaper)
kafka-2-1  | 2026-09-25T22:48:46.104961240Z [2026-09-25 22:48:46,104] INFO [ExpirationReaper-0-null]: Starting (org.apache.kafka.server.purgatory.DelayedOperationPurgatory$ExpiredOperationReaper)
kafka-2-1  | 2026-09-25T22:48:46.110133861Z [2026-09-25 22:48:46,109] INFO [ExpirationReaper-0-null]: Starting (org.apache.kafka.server.purgatory.DelayedOperationPurgatory$ExpiredOperationReaper)
kafka-2-1  | 2026-09-25T22:48:46.112153793Z [2026-09-25 22:48:46,110] INFO [ExpirationReaper-0-null]: Starting (org.apache.kafka.server.purgatory.DelayedOperationPurgatory$ExpiredOperationReaper)
kafka-2-1  | 2026-09-25T22:48:46.140973101Z [2026-09-25 22:48:46,140] INFO [MetadataLoader id=2] initializeNewPublishers: the loader is still catching up because we still don't know the high water mark yet. (org.apache.kafka.image.loader.MetadataLoader)
kafka-2-1  | 2026-09-25T22:48:46.148454087Z [2026-09-25 22:48:46,147] INFO [BrokerServer id=2] Using no op persister (kafka.server.BrokerServer)
kafka-2-1  | 2026-09-25T22:48:46.152866457Z [2026-09-25 22:48:46,150] INFO [group-coordinator-reaper]: Starting (org.apache.kafka.server.util.timer.SystemTimerReaper$Reaper)
kafka-2-1  | 2026-09-25T22:48:46.172818268Z [2026-09-25 22:48:46,172] INFO [group-coordinator-event-processor-0]: Starting (org.apache.kafka.coordinator.common.runtime.MultiThreadedEventProcessor$EventProcessorThread)
kafka-2-1  | 2026-09-25T22:48:46.173620567Z [2026-09-25 22:48:46,173] INFO [group-coordinator-event-processor-1]: Starting (org.apache.kafka.coordinator.common.runtime.MultiThreadedEventProcessor$EventProcessorThread)
kafka-2-1  | 2026-09-25T22:48:46.173819049Z [2026-09-25 22:48:46,173] INFO [group-coordinator-event-processor-3]: Starting (org.apache.kafka.coordinator.common.runtime.MultiThreadedEventProcessor$EventProcessorThread)
kafka-2-1  | 2026-09-25T22:48:46.175101713Z [2026-09-25 22:48:46,174] INFO [group-coordinator-event-processor-2]: Starting (org.apache.kafka.coordinator.common.runtime.MultiThreadedEventProcessor$EventProcessorThread)
kafka-2-1  | 2026-09-25T22:48:46.199271203Z [2026-09-25 22:48:46,198] INFO Unable to read the broker epoch in /var/lib/kafka/data. (kafka.log.LogManager)
kafka-2-1  | 2026-09-25T22:48:46.202250449Z [2026-09-25 22:48:46,200] INFO [broker-2-to-controller-heartbeat-channel-manager]: Starting (kafka.server.NodeToControllerRequestThread)
kafka-2-1  | 2026-09-25T22:48:46.207132482Z [2026-09-25 22:48:46,206] INFO [BrokerLifecycleManager id=2] Incarnation eWUlSx2qRT6cl1F62TOXvw of broker 2 in cluster 5L6g3nShT-eMCtK--X86sw is now STARTING. (kafka.server.BrokerLifecycleManager)
kafka-2-1  | 2026-09-25T22:48:46.210054429Z [2026-09-25 22:48:46,209] INFO [share-group-lock-timeout-reaper]: Starting (org.apache.kafka.server.util.timer.SystemTimerReaper$Reaper)
kafka-2-1  | 2026-09-25T22:48:46.213604569Z [2026-09-25 22:48:46,212] INFO [ExpirationReaper-0-null]: Starting (org.apache.kafka.server.purgatory.DelayedOperationPurgatory$ExpiredOperationReaper)
kafka-2-1  | 2026-09-25T22:48:46.248070427Z [2026-09-25 22:48:46,247] INFO [MetadataLoader id=2] initializeNewPublishers: the loader is still catching up because we still don't know the high water mark yet. (org.apache.kafka.image.loader.MetadataLoader)
kafka-2-1  | 2026-09-25T22:48:46.250586133Z [2026-09-25 22:48:46,249] INFO [BrokerServer id=2] Waiting for the broker metadata publishers to be installed (kafka.server.BrokerServer)
kafka-2-1  | 2026-09-25T22:48:46.251827762Z [2026-09-25 22:48:46,250] INFO [MetadataLoader id=2] initializeNewPublishers: the loader is still catching up because we still don't know the high water mark yet. (org.apache.kafka.image.loader.MetadataLoader)
kafka-2-1  | 2026-09-25T22:48:46.252127123Z [2026-09-25 22:48:46,251] INFO [BrokerServer id=2] Finished waiting for the broker metadata publishers to be installed (kafka.server.BrokerServer)
kafka-2-1  | 2026-09-25T22:48:46.252580089Z [2026-09-25 22:48:46,252] INFO [BrokerServer id=2] Waiting for the controller to acknowledge that we are caught up (kafka.server.BrokerServer)
kafka-2-1  | 2026-09-25T22:48:46.354177027Z [2026-09-25 22:48:46,353] INFO [MetadataLoader id=2] initializeNewPublishers: the loader is still catching up because we still don't know the high water mark yet. (org.apache.kafka.image.loader.MetadataLoader)
kafka-2-1  | 2026-09-25T22:48:46.456125797Z [2026-09-25 22:48:46,455] INFO [MetadataLoader id=2] initializeNewPublishers: the loader is still catching up because we still don't know the high water mark yet. (org.apache.kafka.image.loader.MetadataLoader)
kafka-2-1  | 2026-09-25T22:48:46.558248870Z [2026-09-25 22:48:46,557] INFO [MetadataLoader id=2] initializeNewPublishers: the loader is still catching up because we still don't know the high water mark yet. (org.apache.kafka.image.loader.MetadataLoader)
kafka-2-1  | 2026-09-25T22:48:46.661798388Z [2026-09-25 22:48:46,660] INFO [MetadataLoader id=2] initializeNewPublishers: the loader is still catching up because we still don't know the high water mark yet. (org.apache.kafka.image.loader.MetadataLoader)
kafka-2-1  | 2026-09-25T22:48:46.763846570Z [2026-09-25 22:48:46,763] INFO [MetadataLoader id=2] initializeNewPublishers: the loader is still catching up because we still don't know the high water mark yet. (org.apache.kafka.image.loader.MetadataLoader)
kafka-2-1  | 2026-09-25T22:48:46.764778398Z [2026-09-25 22:48:46,764] INFO [RaftManager id=2] Completed transition to ProspectiveState(epoch=0, leaderId=OptionalInt.empty, retries=1, votedKey=Optional.empty, epochElection=EpochElection(voterStates={1=VoterState(replicaKey=ReplicaKey(id=1, directoryId=<undefined>), state=UNRECORDED), 2=VoterState(replicaKey=ReplicaKey(id=2, directoryId=<undefined>), state=GRANTED), 3=VoterState(replicaKey=ReplicaKey(id=3, directoryId=<undefined>), state=UNRECORDED)}), electionTimeoutMs=1975, highWatermark=Optional.empty) from UnattachedState(epoch=0, leaderId=OptionalInt.empty, votedKey=Optional.empty, voters=[1, 2, 3], electionTimeoutMs=1235, highWatermark=Optional.empty) (org.apache.kafka.raft.QuorumState)
kafka-2-1  | 2026-09-25T22:48:46.810903092Z [2026-09-25 22:48:46,810] INFO [RaftManager id=2] Attempting durable transition to CandidateState(localId=2, localDirectoryId=zeqLTh4jufRaNO71n4EJ_g, epoch=1, retries=1, epochElection=EpochElection(voterStates={1=VoterState(replicaKey=ReplicaKey(id=1, directoryId=<undefined>), state=UNRECORDED), 2=VoterState(replicaKey=ReplicaKey(id=2, directoryId=<undefined>), state=GRANTED), 3=VoterState(replicaKey=ReplicaKey(id=3, directoryId=<undefined>), state=UNRECORDED)}), highWatermark=Optional.empty, electionTimeoutMs=1010) from ProspectiveState(epoch=0, leaderId=OptionalInt.empty, retries=1, votedKey=Optional.empty, epochElection=EpochElection(voterStates={1=VoterState(replicaKey=ReplicaKey(id=1, directoryId=<undefined>), state=UNRECORDED), 2=VoterState(replicaKey=ReplicaKey(id=2, directoryId=<undefined>), state=GRANTED), 3=VoterState(replicaKey=ReplicaKey(id=3, directoryId=<undefined>), state=GRANTED)}), electionTimeoutMs=1975, highWatermark=Optional.empty) (org.apache.kafka.raft.QuorumState)
kafka-2-1  | 2026-09-25T22:48:46.828148250Z [2026-09-25 22:48:46,827] INFO [RaftManager id=2] Completed transition to CandidateState(localId=2, localDirectoryId=zeqLTh4jufRaNO71n4EJ_g, epoch=1, retries=1, epochElection=EpochElection(voterStates={1=VoterState(replicaKey=ReplicaKey(id=1, directoryId=<undefined>), state=UNRECORDED), 2=VoterState(replicaKey=ReplicaKey(id=2, directoryId=<undefined>), state=GRANTED), 3=VoterState(replicaKey=ReplicaKey(id=3, directoryId=<undefined>), state=UNRECORDED)}), highWatermark=Optional.empty, electionTimeoutMs=1010) from ProspectiveState(epoch=0, leaderId=OptionalInt.empty, retries=1, votedKey=Optional.empty, epochElection=EpochElection(voterStates={1=VoterState(replicaKey=ReplicaKey(id=1, directoryId=<undefined>), state=UNRECORDED), 2=VoterState(replicaKey=ReplicaKey(id=2, directoryId=<undefined>), state=GRANTED), 3=VoterState(replicaKey=ReplicaKey(id=3, directoryId=<undefined>), state=GRANTED)}), electionTimeoutMs=1975, highWatermark=Optional.empty) (org.apache.kafka.raft.QuorumState)
kafka-2-1  | 2026-09-25T22:48:46.862090304Z [2026-09-25 22:48:46,861] INFO [RaftManager id=2] Vote request VoteRequestData(clusterId='5L6g3nShT-eMCtK--X86sw', voterId=2, topics=[TopicData(topicName='__cluster_metadata', partitions=[PartitionData(partitionIndex=0, replicaEpoch=1, replicaId=1, replicaDirectoryId=wTaYJkC9-g6QI1prbVCnFQ, voterDirectoryId=AAAAAAAAAAAAAAAAAAAAAA, lastOffsetEpoch=0, lastOffset=0, preVote=false)])]) with epoch 1 is rejected (org.apache.kafka.raft.KafkaRaftClient)
kafka-2-1  | 2026-09-25T22:48:46.865607028Z [2026-09-25 22:48:46,864] INFO [MetadataLoader id=2] initializeNewPublishers: the loader is still catching up because we still don't know the high water mark yet. (org.apache.kafka.image.loader.MetadataLoader)
kafka-2-1  | 2026-09-25T22:48:46.876822213Z [2026-09-25 22:48:46,876] INFO [RaftManager id=2] Attempting durable transition to Leader(localReplicaKey=ReplicaKey(id=2, directoryId=zeqLTh4jufRaNO71n4EJ_g), epoch=1, epochStartOffset=0, highWatermark=Optional.empty, voterStates={1=ReplicaState(replicaKey=ReplicaKey(id=1, directoryId=<undefined>), endOffset=Optional.empty, lastFetchTimestamp=-1, lastCaughtUpTimestamp=-1, hasAcknowledgedLeader=false), 2=ReplicaState(replicaKey=ReplicaKey(id=2, directoryId=<undefined>), endOffset=Optional.empty, lastFetchTimestamp=-1, lastCaughtUpTimestamp=-1, hasAcknowledgedLeader=true), 3=ReplicaState(replicaKey=ReplicaKey(id=3, directoryId=<undefined>), endOffset=Optional.empty, lastFetchTimestamp=-1, lastCaughtUpTimestamp=-1, hasAcknowledgedLeader=false)}) from CandidateState(localId=2, localDirectoryId=zeqLTh4jufRaNO71n4EJ_g, epoch=1, retries=1, epochElection=EpochElection(voterStates={1=VoterState(replicaKey=ReplicaKey(id=1, directoryId=<undefined>), state=REJECTED), 2=VoterState(replicaKey=ReplicaKey(id=2, directoryId=<undefined>), state=GRANTED), 3=VoterState(replicaKey=ReplicaKey(id=3, directoryId=<undefined>), state=GRANTED)}), highWatermark=Optional.empty, electionTimeoutMs=1010) (org.apache.kafka.raft.QuorumState)
kafka-2-1  | 2026-09-25T22:48:46.885923866Z [2026-09-25 22:48:46,885] INFO [RaftManager id=2] Completed transition to Leader(localReplicaKey=ReplicaKey(id=2, directoryId=zeqLTh4jufRaNO71n4EJ_g), epoch=1, epochStartOffset=0, highWatermark=Optional.empty, voterStates={1=ReplicaState(replicaKey=ReplicaKey(id=1, directoryId=<undefined>), endOffset=Optional.empty, lastFetchTimestamp=-1, lastCaughtUpTimestamp=-1, hasAcknowledgedLeader=false), 2=ReplicaState(replicaKey=ReplicaKey(id=2, directoryId=<undefined>), endOffset=Optional.empty, lastFetchTimestamp=-1, lastCaughtUpTimestamp=-1, hasAcknowledgedLeader=true), 3=ReplicaState(replicaKey=ReplicaKey(id=3, directoryId=<undefined>), endOffset=Optional.empty, lastFetchTimestamp=-1, lastCaughtUpTimestamp=-1, hasAcknowledgedLeader=false)}) from CandidateState(localId=2, localDirectoryId=zeqLTh4jufRaNO71n4EJ_g, epoch=1, retries=1, epochElection=EpochElection(voterStates={1=VoterState(replicaKey=ReplicaKey(id=1, directoryId=<undefined>), state=REJECTED), 2=VoterState(replicaKey=ReplicaKey(id=2, directoryId=<undefined>), state=GRANTED), 3=VoterState(replicaKey=ReplicaKey(id=3, directoryId=<undefined>), state=GRANTED)}), highWatermark=Optional.empty, electionTimeoutMs=1010) (org.apache.kafka.raft.QuorumState)
kafka-2-1  | 2026-09-25T22:48:46.888938572Z [2026-09-25 22:48:46,888] INFO [broker-2-to-controller-alter-partition-channel-manager]: Recorded new KRaft controller, from now on will use node kafka-2:9093 (id: 2 rack: null isFenced: false) (kafka.server.NodeToControllerRequestThread)
kafka-2-1  | 2026-09-25T22:48:46.895490843Z [2026-09-25 22:48:46,894] INFO [broker-2-to-controller-forwarding-channel-manager]: Recorded new KRaft controller, from now on will use node kafka-2:9093 (id: 2 rack: null isFenced: false) (kafka.server.NodeToControllerRequestThread)
kafka-2-1  | 2026-09-25T22:48:46.899673760Z [2026-09-25 22:48:46,898] INFO [broker-2-to-controller-directory-assignments-channel-manager]: Recorded new KRaft controller, from now on will use node kafka-2:9093 (id: 2 rack: null isFenced: false) (kafka.server.NodeToControllerRequestThread)
kafka-2-1  | 2026-09-25T22:48:46.909515567Z [2026-09-25 22:48:46,908] INFO [broker-2-to-controller-heartbeat-channel-manager]: Recorded new KRaft controller, from now on will use node kafka-2:9093 (id: 2 rack: null isFenced: false) (kafka.server.NodeToControllerRequestThread)
kafka-2-1  | 2026-09-25T22:48:46.928291548Z [2026-09-25 22:48:46,927] INFO [NodeToControllerChannelManager id=2 name=heartbeat] Client requested disconnect from node 2 (org.apache.kafka.clients.NetworkClient)
kafka-2-1  | 2026-09-25T22:48:46.931690193Z [2026-09-25 22:48:46,930] INFO [broker-2-to-controller-heartbeat-channel-manager]: Recorded new KRaft controller, from now on will use node kafka-2:9093 (id: 2 rack: null isFenced: false) (kafka.server.NodeToControllerRequestThread)
kafka-2-1  | 2026-09-25T22:48:46.966607621Z [2026-09-25 22:48:46,966] INFO [MetadataLoader id=2] initializeNewPublishers: the loader is still catching up because we still don't know the high water mark yet. (org.apache.kafka.image.loader.MetadataLoader)
kafka-2-1  | 2026-09-25T22:48:46.966995036Z [2026-09-25 22:48:46,966] INFO [controller-2-to-controller-registration-channel-manager]: Recorded new KRaft controller, from now on will use node kafka-2:9093 (id: 2 rack: null isFenced: false) (kafka.server.NodeToControllerRequestThread)
kafka-2-1  | 2026-09-25T22:48:46.977056157Z [2026-09-25 22:48:46,976] INFO [RaftManager id=2] Vote request VoteRequestData(clusterId='5L6g3nShT-eMCtK--X86sw', voterId=2, topics=[TopicData(topicName='__cluster_metadata', partitions=[PartitionData(partitionIndex=0, replicaEpoch=1, replicaId=1, replicaDirectoryId=wTaYJkC9-g6QI1prbVCnFQ, voterDirectoryId=AAAAAAAAAAAAAAAAAAAAAA, lastOffsetEpoch=0, lastOffset=0, preVote=true)])]) with epoch 1 is rejected (org.apache.kafka.raft.KafkaRaftClient)
kafka-2-1  | 2026-09-25T22:48:46.980213702Z [2026-09-25 22:48:46,979] INFO [broker-2-to-controller-heartbeat-channel-manager]: Recorded new KRaft controller, from now on will use node kafka-2:9093 (id: 2 rack: null isFenced: false) (kafka.server.NodeToControllerRequestThread)
kafka-2-1  | 2026-09-25T22:48:46.994573014Z [2026-09-25 22:48:46,993] INFO [RaftManager id=2] Attempting durable transition to UnattachedState(epoch=2, leaderId=OptionalInt.empty, votedKey=Optional.empty, voters=[1, 2, 3], electionTimeoutMs=1364, highWatermark=Optional.empty) from Leader(localReplicaKey=ReplicaKey(id=2, directoryId=zeqLTh4jufRaNO71n4EJ_g), epoch=1, epochStartOffset=0, highWatermark=Optional.empty, voterStates={1=ReplicaState(replicaKey=ReplicaKey(id=1, directoryId=<undefined>), endOffset=Optional.empty, lastFetchTimestamp=-1, lastCaughtUpTimestamp=-1, hasAcknowledgedLeader=false), 2=ReplicaState(replicaKey=ReplicaKey(id=2, directoryId=<undefined>), endOffset=Optional[LogOffsetMetadata(offset=1, metadata=Optional[(segmentBaseOffset=0,relativePositionInSegment=106)])], lastFetchTimestamp=-1, lastCaughtUpTimestamp=-1, hasAcknowledgedLeader=true), 3=ReplicaState(replicaKey=ReplicaKey(id=3, directoryId=<undefined>), endOffset=Optional.empty, lastFetchTimestamp=-1, lastCaughtUpTimestamp=-1, hasAcknowledgedLeader=false)}) (org.apache.kafka.raft.QuorumState)
kafka-2-1  | 2026-09-25T22:48:46.996504243Z [2026-09-25 22:48:46,995] INFO [NodeToControllerChannelManager id=2 name=heartbeat] Client requested disconnect from node 2 (org.apache.kafka.clients.NetworkClient)
kafka-2-1  | 2026-09-25T22:48:47.004893713Z [2026-09-25 22:48:47,004] INFO [broker-2-to-controller-heartbeat-channel-manager]: Recorded new KRaft controller, from now on will use node kafka-2:9093 (id: 2 rack: null isFenced: false) (kafka.server.NodeToControllerRequestThread)
kafka-2-1  | 2026-09-25T22:48:47.017644975Z [2026-09-25 22:48:47,017] INFO [RaftManager id=2] Completed transition to UnattachedState(epoch=2, leaderId=OptionalInt.empty, votedKey=Optional.empty, voters=[1, 2, 3], electionTimeoutMs=1364, highWatermark=Optional.empty) from Leader(localReplicaKey=ReplicaKey(id=2, directoryId=zeqLTh4jufRaNO71n4EJ_g), epoch=1, epochStartOffset=0, highWatermark=Optional.empty, voterStates={1=ReplicaState(replicaKey=ReplicaKey(id=1, directoryId=<undefined>), endOffset=Optional.empty, lastFetchTimestamp=-1, lastCaughtUpTimestamp=-1, hasAcknowledgedLeader=false), 2=ReplicaState(replicaKey=ReplicaKey(id=2, directoryId=<undefined>), endOffset=Optional[LogOffsetMetadata(offset=1, metadata=Optional[(segmentBaseOffset=0,relativePositionInSegment=106)])], lastFetchTimestamp=-1, lastCaughtUpTimestamp=-1, hasAcknowledgedLeader=true), 3=ReplicaState(replicaKey=ReplicaKey(id=3, directoryId=<undefined>), endOffset=Optional.empty, lastFetchTimestamp=-1, lastCaughtUpTimestamp=-1, hasAcknowledgedLeader=false)}) (org.apache.kafka.raft.QuorumState)
kafka-2-1  | 2026-09-25T22:48:47.018357945Z [2026-09-25 22:48:47,017] INFO [RaftManager id=2] Vote request VoteRequestData(clusterId='5L6g3nShT-eMCtK--X86sw', voterId=2, topics=[TopicData(topicName='__cluster_metadata', partitions=[PartitionData(partitionIndex=0, replicaEpoch=2, replicaId=1, replicaDirectoryId=wTaYJkC9-g6QI1prbVCnFQ, voterDirectoryId=AAAAAAAAAAAAAAAAAAAAAA, lastOffsetEpoch=0, lastOffset=0, preVote=false)])]) with epoch 2 is rejected (org.apache.kafka.raft.KafkaRaftClient)
kafka-2-1  | 2026-09-25T22:48:47.067654245Z [2026-09-25 22:48:47,067] INFO [MetadataLoader id=2] initializeNewPublishers: the loader is still catching up because we still don't know the high water mark yet. (org.apache.kafka.image.loader.MetadataLoader)
kafka-2-1  | 2026-09-25T22:48:47.084543901Z [2026-09-25 22:48:47,084] INFO [RaftManager id=2] Attempting durable transition to FollowerState(fetchTimeoutMs=2000, epoch=2, leader=1, leaderEndpoints=Endpoints(endpoints={ListenerName(CONTROLLER)=kafka-1/<unresolved>:9093}), votedKey=Optional.empty, voters=[1, 2, 3], highWatermark=Optional.empty, fetchingSnapshot=Optional.empty) from UnattachedState(epoch=2, leaderId=OptionalInt.empty, votedKey=Optional.empty, voters=[1, 2, 3], electionTimeoutMs=1364, highWatermark=Optional.empty) (org.apache.kafka.raft.QuorumState)
kafka-2-1  | 2026-09-25T22:48:47.123937148Z [2026-09-25 22:48:47,123] INFO [RaftManager id=2] Completed transition to FollowerState(fetchTimeoutMs=2000, epoch=2, leader=1, leaderEndpoints=Endpoints(endpoints={ListenerName(CONTROLLER)=kafka-1/<unresolved>:9093}), votedKey=Optional.empty, voters=[1, 2, 3], highWatermark=Optional.empty, fetchingSnapshot=Optional.empty) from UnattachedState(epoch=2, leaderId=OptionalInt.empty, votedKey=Optional.empty, voters=[1, 2, 3], electionTimeoutMs=1364, highWatermark=Optional.empty) (org.apache.kafka.raft.QuorumState)
kafka-2-1  | 2026-09-25T22:48:47.149840675Z [2026-09-25 22:48:47,149] INFO [UnifiedLog partition=__cluster_metadata-0, dir=/var/lib/kafka/data] Truncating to offset 0 (kafka.log.UnifiedLog)
kafka-2-1  | 2026-09-25T22:48:47.156821447Z [2026-09-25 22:48:47,156] INFO [broker-2-to-controller-heartbeat-channel-manager]: Recorded new KRaft controller, from now on will use node kafka-1:9093 (id: 1 rack: null isFenced: false) (kafka.server.NodeToControllerRequestThread)
kafka-2-1  | 2026-09-25T22:48:47.160484503Z [2026-09-25 22:48:47,159] INFO [UnifiedLog partition=__cluster_metadata-0, dir=/var/lib/kafka/data] Loading producer state till offset 0 (org.apache.kafka.storage.internals.log.UnifiedLog)
kafka-2-1  | 2026-09-25T22:48:47.160900680Z [2026-09-25 22:48:47,160] INFO [UnifiedLog partition=__cluster_metadata-0, dir=/var/lib/kafka/data] Reloading from producer snapshot and rebuilding producer state from offset 0 (org.apache.kafka.storage.internals.log.UnifiedLog)
kafka-2-1  | 2026-09-25T22:48:47.161609536Z [2026-09-25 22:48:47,160] INFO [UnifiedLog partition=__cluster_metadata-0, dir=/var/lib/kafka/data] Producer state recovery took 0ms for snapshot load and 0ms for segment recovery from offset 0 (org.apache.kafka.storage.internals.log.UnifiedLog)
kafka-2-1  | 2026-09-25T22:48:47.162846640Z [2026-09-25 22:48:47,161] INFO [RaftManager id=2] Truncated to offset 0 from Fetch response from leader 1 (org.apache.kafka.raft.KafkaRaftClient)
kafka-2-1  | 2026-09-25T22:48:47.166664510Z [2026-09-25 22:48:47,166] INFO [NodeToControllerChannelManager id=2 name=heartbeat] Client requested disconnect from node 1 (org.apache.kafka.clients.NetworkClient)
kafka-2-1  | 2026-09-25T22:48:47.168395443Z [2026-09-25 22:48:47,167] INFO [MetadataLoader id=2] initializeNewPublishers: the loader is still catching up because we still don't know the high water mark yet. (org.apache.kafka.image.loader.MetadataLoader)
kafka-2-1  | 2026-09-25T22:48:47.178183535Z [2026-09-25 22:48:47,177] INFO [broker-2-to-controller-heartbeat-channel-manager]: Recorded new KRaft controller, from now on will use node kafka-1:9093 (id: 1 rack: null isFenced: false) (kafka.server.NodeToControllerRequestThread)
kafka-2-1  | 2026-09-25T22:48:47.220470331Z [2026-09-25 22:48:47,219] INFO [broker-2-to-controller-heartbeat-channel-manager]: Recorded new KRaft controller, from now on will use node kafka-1:9093 (id: 1 rack: null isFenced: false) (kafka.server.NodeToControllerRequestThread)
kafka-2-1  | 2026-09-25T22:48:47.259602145Z [2026-09-25 22:48:47,257] INFO [RaftManager id=2] High watermark set to Optional[LogOffsetMetadata(offset=1, metadata=Optional.empty)] for the first time for epoch 2 (org.apache.kafka.raft.FollowerState)
kafka-2-1  | 2026-09-25T22:48:47.262937725Z [2026-09-25 22:48:47,262] INFO [RaftManager id=2] Setting the next offset of org.apache.kafka.image.loader.MetadataLoader@1025196378 to 0 since there are no snapshots (org.apache.kafka.raft.KafkaRaftClient)
kafka-2-1  | 2026-09-25T22:48:47.265730596Z [2026-09-25 22:48:47,265] INFO [RaftManager id=2] Setting the next offset of org.apache.kafka.controller.QuorumController$QuorumMetaLogListener@894242588 to 0 since there are no snapshots (org.apache.kafka.raft.KafkaRaftClient)
kafka-2-1  | 2026-09-25T22:48:47.267363143Z [2026-09-25 22:48:47,267] INFO [MetadataLoader id=2] maybePublishMetadata(LOG_DELTA): The loader is still catching up because we have not loaded a controller record as of offset 0 and high water mark is 1 (org.apache.kafka.image.loader.MetadataLoader)
kafka-2-1  | 2026-09-25T22:48:47.270420846Z [2026-09-25 22:48:47,269] INFO [MetadataLoader id=2] initializeNewPublishers: The loader is still catching up because we have not loaded a controller record as of offset 0 and high water mark is 1 (org.apache.kafka.image.loader.MetadataLoader)
kafka-2-1  | 2026-09-25T22:48:47.299739670Z [2026-09-25 22:48:47,298] INFO [BrokerLifecycleManager id=2] Successfully registered broker 2 with broker epoch 6 (kafka.server.BrokerLifecycleManager)
kafka-2-1  | 2026-09-25T22:48:47.352523884Z [2026-09-25 22:48:47,335] INFO [MetadataLoader id=2] maybePublishMetadata(LOG_DELTA): The loader finished catching up to the current high water mark of 7 (org.apache.kafka.image.loader.MetadataLoader)
kafka-2-1  | 2026-09-25T22:48:47.367546380Z [2026-09-25 22:48:47,342] INFO [MetadataLoader id=2] InitializeNewPublishers: initializing SnapshotGenerator with a snapshot at offset 6 (org.apache.kafka.image.loader.MetadataLoader)
kafka-2-1  | 2026-09-25T22:48:47.367555506Z [2026-09-25 22:48:47,343] INFO [MetadataLoader id=2] InitializeNewPublishers: initializing KRaftMetadataCachePublisher with a snapshot at offset 6 (org.apache.kafka.image.loader.MetadataLoader)
kafka-2-1  | 2026-09-25T22:48:47.367559491Z [2026-09-25 22:48:47,343] INFO [MetadataLoader id=2] InitializeNewPublishers: initializing FeaturesPublisher with a snapshot at offset 6 (org.apache.kafka.image.loader.MetadataLoader)
kafka-2-1  | 2026-09-25T22:48:47.367583567Z [2026-09-25 22:48:47,359] INFO [ControllerServer id=2] Loaded new metadata Features(metadataVersion=4.0-IV3, finalizedFeatures={group.version=1, transaction.version=2, metadata.version=25}, finalizedFeaturesEpoch=6). (org.apache.kafka.metadata.publisher.FeaturesPublisher)
kafka-2-1  | 2026-09-25T22:48:47.367587212Z [2026-09-25 22:48:47,360] INFO [MetadataLoader id=2] InitializeNewPublishers: initializing ControllerRegistrationsPublisher with a snapshot at offset 6 (org.apache.kafka.image.loader.MetadataLoader)
kafka-2-1  | 2026-09-25T22:48:47.367590618Z [2026-09-25 22:48:47,360] INFO [MetadataLoader id=2] InitializeNewPublishers: initializing ControllerRegistrationManager with a snapshot at offset 6 (org.apache.kafka.image.loader.MetadataLoader)
kafka-2-1  | 2026-09-25T22:48:47.367594524Z [2026-09-25 22:48:47,360] INFO [MetadataLoader id=2] InitializeNewPublishers: initializing DynamicConfigPublisher controller id=2 with a snapshot at offset 6 (org.apache.kafka.image.loader.MetadataLoader)
kafka-2-1  | 2026-09-25T22:48:47.367598068Z [2026-09-25 22:48:47,364] INFO [MetadataLoader id=2] InitializeNewPublishers: initializing DynamicClientQuotaPublisher controller id=2 with a snapshot at offset 6 (org.apache.kafka.image.loader.MetadataLoader)
kafka-2-1  | 2026-09-25T22:48:47.367601143Z [2026-09-25 22:48:47,366] INFO [MetadataLoader id=2] InitializeNewPublishers: initializing DynamicTopicClusterQuotaPublisher controller id=2 with a snapshot at offset 6 (org.apache.kafka.image.loader.MetadataLoader)
kafka-2-1  | 2026-09-25T22:48:47.367605207Z [2026-09-25 22:48:47,366] INFO [MetadataLoader id=2] InitializeNewPublishers: initializing ScramPublisher controller id=2 with a snapshot at offset 6 (org.apache.kafka.image.loader.MetadataLoader)
kafka-2-1  | 2026-09-25T22:48:47.369043008Z [2026-09-25 22:48:47,368] INFO [MetadataLoader id=2] InitializeNewPublishers: initializing DelegationTokenPublisher controller id=2 with a snapshot at offset 6 (org.apache.kafka.image.loader.MetadataLoader)
kafka-2-1  | 2026-09-25T22:48:47.374645476Z [2026-09-25 22:48:47,374] INFO [MetadataLoader id=2] InitializeNewPublishers: initializing ControllerMetadataMetricsPublisher with a snapshot at offset 6 (org.apache.kafka.image.loader.MetadataLoader)
kafka-2-1  | 2026-09-25T22:48:47.375161438Z [2026-09-25 22:48:47,374] INFO [MetadataLoader id=2] InitializeNewPublishers: initializing AclPublisher controller id=2 with a snapshot at offset 6 (org.apache.kafka.image.loader.MetadataLoader)
kafka-2-1  | 2026-09-25T22:48:47.387195166Z [2026-09-25 22:48:47,376] INFO [MetadataLoader id=2] InitializeNewPublishers: initializing MetadataVersionPublisher(id=2) with a snapshot at offset 6 (org.apache.kafka.image.loader.MetadataLoader)
kafka-2-1  | 2026-09-25T22:48:47.387226631Z [2026-09-25 22:48:47,376] INFO [MetadataLoader id=2] InitializeNewPublishers: initializing BrokerMetadataPublisher with a snapshot at offset 6 (org.apache.kafka.image.loader.MetadataLoader)
kafka-2-1  | 2026-09-25T22:48:47.387230574Z [2026-09-25 22:48:47,378] INFO [BrokerMetadataPublisher id=2] Publishing initial metadata at offset OffsetAndEpoch(offset=6, epoch=2) with metadata.version Optional[4.0-IV3]. (kafka.server.metadata.BrokerMetadataPublisher)
kafka-2-1  | 2026-09-25T22:48:47.387233561Z [2026-09-25 22:48:47,384] INFO Loading logs from log dirs ArrayBuffer(/var/lib/kafka/data) (kafka.log.LogManager)
kafka-2-1  | 2026-09-25T22:48:47.390426054Z [2026-09-25 22:48:47,390] INFO [ControllerRegistrationManager id=2 incarnation=9rrqRllhQqyzKKpCXHLvaw] sendControllerRegistration: attempting to send ControllerRegistrationRequestData(controllerId=2, incarnationId=9rrqRllhQqyzKKpCXHLvaw, zkMigrationReady=false, listeners=[Listener(name='CONTROLLER', host='kafka-2', port=9093, securityProtocol=0)], features=[Feature(name='group.version', minSupportedVersion=0, maxSupportedVersion=1), Feature(name='transaction.version', minSupportedVersion=0, maxSupportedVersion=2), Feature(name='eligible.leader.replicas.version', minSupportedVersion=0, maxSupportedVersion=1), Feature(name='kraft.version', minSupportedVersion=0, maxSupportedVersion=1), Feature(name='metadata.version', minSupportedVersion=7, maxSupportedVersion=25)]) (kafka.server.ControllerRegistrationManager)
kafka-2-1  | 2026-09-25T22:48:47.424151508Z [2026-09-25 22:48:47,419] INFO No logs found to be loaded in /var/lib/kafka/data (kafka.log.LogManager)
kafka-2-1  | 2026-09-25T22:48:47.476349110Z [2026-09-25 22:48:47,474] INFO Loaded 0 logs in 74ms (kafka.log.LogManager)
kafka-2-1  | 2026-09-25T22:48:47.482200611Z [2026-09-25 22:48:47,476] INFO Starting log cleanup with a period of 300000 ms. (kafka.log.LogManager)
kafka-2-1  | 2026-09-25T22:48:47.483674056Z [2026-09-25 22:48:47,483] INFO Starting log flusher with a default period of 9223372036854775807 ms. (kafka.log.LogManager)
kafka-2-1  | 2026-09-25T22:48:47.495620499Z [2026-09-25 22:48:47,451] ERROR [ControllerApis nodeId=2] Unexpected error handling request RequestHeader(apiKey=CONTROLLER_REGISTRATION, apiVersion=0, clientId=2, correlationId=0, headerVersion=2) -- ControllerRegistrationRequestData(controllerId=2, incarnationId=9rrqRllhQqyzKKpCXHLvaw, zkMigrationReady=false, listeners=[Listener(name='CONTROLLER', host='kafka-2', port=9093, securityProtocol=0)], features=[Feature(name='group.version', minSupportedVersion=0, maxSupportedVersion=1), Feature(name='transaction.version', minSupportedVersion=0, maxSupportedVersion=2), Feature(name='eligible.leader.replicas.version', minSupportedVersion=0, maxSupportedVersion=1), Feature(name='kraft.version', minSupportedVersion=0, maxSupportedVersion=1), Feature(name='metadata.version', minSupportedVersion=7, maxSupportedVersion=25)]) with context RequestContext(header=RequestHeader(apiKey=CONTROLLER_REGISTRATION, apiVersion=0, clientId=2, correlationId=0, headerVersion=2), connectionId='172.18.0.2:9093-172.18.0.2:42140-2-1', clientAddress=/172.18.0.2, principal=User:ANONYMOUS, listenerName=ListenerName(CONTROLLER), securityProtocol=PLAINTEXT, clientInformation=ClientInformation(softwareName=apache-kafka-java, softwareVersion=4.0.0), fromPrivilegedListener=false, principalSerde=Optional[org.apache.kafka.common.security.authenticator.DefaultKafkaPrincipalBuilder@610f7d88]) (kafka.server.ControllerApis)
kafka-2-1  | 2026-09-25T22:48:47.495744852Z java.util.concurrent.CompletionException: org.apache.kafka.common.errors.NotControllerException: The active controller appears to be node 1.
kafka-2-1  | 2026-09-25T22:48:47.495750232Z 	at java.base/java.util.concurrent.CompletableFuture.encodeThrowable(Unknown Source) ~[?:?]
kafka-2-1  | 2026-09-25T22:48:47.495757645Z 	at java.base/java.util.concurrent.CompletableFuture.uniApplyNow(Unknown Source) ~[?:?]
kafka-2-1  | 2026-09-25T22:48:47.495760730Z 	at java.base/java.util.concurrent.CompletableFuture.uniApplyStage(Unknown Source) ~[?:?]
kafka-2-1  | 2026-09-25T22:48:47.495766339Z 	at java.base/java.util.concurrent.CompletableFuture.thenApply(Unknown Source) ~[?:?]
kafka-2-1  | 2026-09-25T22:48:47.495769047Z 	at kafka.server.ControllerApis.handleControllerRegistration(ControllerApis.scala:870) ~[kafka_2.13-4.0.0.jar:?]
kafka-2-1  | 2026-09-25T22:48:47.495777682Z 	at kafka.server.ControllerApis.handle(ControllerApis.scala:130) ~[kafka_2.13-4.0.0.jar:?]
kafka-2-1  | 2026-09-25T22:48:47.495780600Z 	at kafka.server.KafkaRequestHandler.run(KafkaRequestHandler.scala:158) ~[kafka_2.13-4.0.0.jar:?]
kafka-2-1  | 2026-09-25T22:48:47.495831190Z 	at java.base/java.lang.Thread.run(Unknown Source) [?:?]
kafka-2-1  | 2026-09-25T22:48:47.495834181Z Caused by: org.apache.kafka.common.errors.NotControllerException: The active controller appears to be node 1.
kafka-2-1  | 2026-09-25T22:48:47.500263954Z [2026-09-25 22:48:47,499] INFO [NodeToControllerChannelManager id=2 name=registration] Client requested disconnect from node 2 (org.apache.kafka.clients.NetworkClient)
kafka-2-1  | 2026-09-25T22:48:47.501234050Z [2026-09-25 22:48:47,500] INFO [controller-2-to-controller-registration-channel-manager]: Recorded new KRaft controller, from now on will use node kafka-1:9093 (id: 1 rack: null isFenced: false) (kafka.server.NodeToControllerRequestThread)
kafka-2-1  | 2026-09-25T22:48:47.926663162Z [2026-09-25 22:48:47,926] INFO [BrokerLifecycleManager id=2] The broker has caught up. Transitioning from STARTING to RECOVERY. (kafka.server.BrokerLifecycleManager)
kafka-2-1  | 2026-09-25T22:48:47.926976402Z [2026-09-25 22:48:47,926] INFO [kafka-log-cleaner-thread-0]: Starting (kafka.log.LogCleaner$CleanerThread)
kafka-2-1  | 2026-09-25T22:48:47.927070443Z [2026-09-25 22:48:47,926] INFO [BrokerServer id=2] Finished waiting for the controller to acknowledge that we are caught up (kafka.server.BrokerServer)
kafka-2-1  | 2026-09-25T22:48:47.927402371Z [2026-09-25 22:48:47,927] INFO [BrokerServer id=2] Waiting for the initial broker metadata update to be published (kafka.server.BrokerServer)
kafka-2-1  | 2026-09-25T22:48:47.948737203Z [2026-09-25 22:48:47,948] INFO [LogDirFailureHandler]: Starting (kafka.server.ReplicaManager$LogDirFailureHandler)
kafka-2-1  | 2026-09-25T22:48:47.949789615Z [2026-09-25 22:48:47,949] INFO [AddPartitionsToTxnSenderThread-2]: Starting (kafka.server.AddPartitionsToTxnManager)
kafka-2-1  | 2026-09-25T22:48:47.950315132Z [2026-09-25 22:48:47,949] INFO [GroupCoordinator id=2] Starting up. (org.apache.kafka.coordinator.group.GroupCoordinatorService)
kafka-2-1  | 2026-09-25T22:48:47.954853999Z [2026-09-25 22:48:47,952] INFO [GroupCoordinator id=2] Startup complete. (org.apache.kafka.coordinator.group.GroupCoordinatorService)
kafka-2-1  | 2026-09-25T22:48:47.957193997Z [2026-09-25 22:48:47,956] INFO [TransactionCoordinator id=2] Starting up. (kafka.coordinator.transaction.TransactionCoordinator)
kafka-2-1  | 2026-09-25T22:48:47.964166365Z [2026-09-25 22:48:47,963] INFO [TxnMarkerSenderThread-2]: Starting (kafka.coordinator.transaction.TransactionMarkerChannelManager)
kafka-2-1  | 2026-09-25T22:48:47.964590609Z [2026-09-25 22:48:47,964] INFO [TransactionCoordinator id=2] Startup complete. (kafka.coordinator.transaction.TransactionCoordinator)
kafka-2-1  | 2026-09-25T22:48:47.981912982Z [2026-09-25 22:48:47,981] INFO [MetadataLoader id=2] InitializeNewPublishers: initializing BrokerRegistrationTracker(id=2) with a snapshot at offset 6 (org.apache.kafka.image.loader.MetadataLoader)
kafka-2-1  | 2026-09-25T22:48:47.982017848Z [2026-09-25 22:48:47,981] INFO [BrokerServer id=2] Finished waiting for the initial broker metadata update to be published (kafka.server.BrokerServer)
kafka-2-1  | 2026-09-25T22:48:48.000173435Z [2026-09-25 22:48:47,990] INFO KafkaConfig values: 
kafka-2-1  | 2026-09-25T22:48:48.000245763Z 	add.partitions.to.txn.retry.backoff.max.ms = 100
kafka-2-1  | 2026-09-25T22:48:48.000255098Z 	add.partitions.to.txn.retry.backoff.ms = 20
kafka-2-1  | 2026-09-25T22:48:48.000259787Z 	advertised.listeners = PLAINTEXT://kafka-2:9092
kafka-2-1  | 2026-09-25T22:48:48.000287076Z 	alter.config.policy.class.name = null
kafka-2-1  | 2026-09-25T22:48:48.000291994Z 	alter.log.dirs.replication.quota.window.num = 11
kafka-2-1  | 2026-09-25T22:48:48.000296231Z 	alter.log.dirs.replication.quota.window.size.seconds = 1
kafka-2-1  | 2026-09-25T22:48:48.000300206Z 	authorizer.class.name = 
kafka-2-1  | 2026-09-25T22:48:48.000304636Z 	auto.create.topics.enable = false
kafka-2-1  | 2026-09-25T22:48:48.000308589Z 	auto.leader.rebalance.enable = true
kafka-2-1  | 2026-09-25T22:48:48.000312413Z 	background.threads = 10
kafka-2-1  | 2026-09-25T22:48:48.000316379Z 	broker.heartbeat.interval.ms = 1000
kafka-2-1  | 2026-09-25T22:48:48.000320118Z 	broker.id = 2
kafka-2-1  | 2026-09-25T22:48:48.000324073Z 	broker.rack = null
kafka-2-1  | 2026-09-25T22:48:48.000328812Z 	broker.session.timeout.ms = 4000
kafka-2-1  | 2026-09-25T22:48:48.000332660Z 	client.quota.callback.class = null
kafka-2-1  | 2026-09-25T22:48:48.000336650Z 	compression.gzip.level = -1
kafka-2-1  | 2026-09-25T22:48:48.000340538Z 	compression.lz4.level = 9
kafka-2-1  | 2026-09-25T22:48:48.000344553Z 	compression.type = producer
kafka-2-1  | 2026-09-25T22:48:48.000348310Z 	compression.zstd.level = 3
kafka-2-1  | 2026-09-25T22:48:48.000352084Z 	connection.failed.authentication.delay.ms = 100
kafka-2-1  | 2026-09-25T22:48:48.000355902Z 	connections.max.idle.ms = 600000
kafka-2-1  | 2026-09-25T22:48:48.000359730Z 	connections.max.reauth.ms = 0
kafka-2-1  | 2026-09-25T22:48:48.000363521Z 	controlled.shutdown.enable = true
kafka-2-1  | 2026-09-25T22:48:48.000367423Z 	controller.listener.names = CONTROLLER
kafka-2-1  | 2026-09-25T22:48:48.000371157Z 	controller.performance.always.log.threshold.ms = 2000
kafka-2-1  | 2026-09-25T22:48:48.000374900Z 	controller.performance.sample.period.ms = 60000
kafka-2-1  | 2026-09-25T22:48:48.000378722Z 	controller.quorum.append.linger.ms = 25
kafka-2-1  | 2026-09-25T22:48:48.000382479Z 	controller.quorum.bootstrap.servers = []
kafka-2-1  | 2026-09-25T22:48:48.000386210Z 	controller.quorum.election.backoff.max.ms = 1000
kafka-2-1  | 2026-09-25T22:48:48.000390072Z 	controller.quorum.election.timeout.ms = 1000
kafka-2-1  | 2026-09-25T22:48:48.000393858Z 	controller.quorum.fetch.timeout.ms = 2000
kafka-2-1  | 2026-09-25T22:48:48.000397681Z 	controller.quorum.request.timeout.ms = 2000
kafka-2-1  | 2026-09-25T22:48:48.000401399Z 	controller.quorum.retry.backoff.ms = 20
kafka-2-1  | 2026-09-25T22:48:48.000405328Z 	controller.quorum.voters = [1@kafka-1:9093, 2@kafka-2:9093, 3@kafka-3:9093]
kafka-2-1  | 2026-09-25T22:48:48.000409645Z 	controller.quota.window.num = 11
kafka-2-1  | 2026-09-25T22:48:48.000413691Z 	controller.quota.window.size.seconds = 1
kafka-2-1  | 2026-09-25T22:48:48.000417435Z 	controller.socket.timeout.ms = 30000
kafka-2-1  | 2026-09-25T22:48:48.000421326Z 	create.topic.policy.class.name = null
kafka-2-1  | 2026-09-25T22:48:48.000425247Z 	default.replication.factor = 3
kafka-2-1  | 2026-09-25T22:48:48.000436361Z 	delegation.token.expiry.check.interval.ms = 3600000
kafka-2-1  | 2026-09-25T22:48:48.000440865Z 	delegation.token.expiry.time.ms = 86400000
kafka-2-1  | 2026-09-25T22:48:48.000444726Z 	delegation.token.max.lifetime.ms = 604800000
kafka-2-1  | 2026-09-25T22:48:48.000448462Z 	delegation.token.secret.key = null
kafka-2-1  | 2026-09-25T22:48:48.000452258Z 	delete.records.purgatory.purge.interval.requests = 1
kafka-2-1  | 2026-09-25T22:48:48.000456055Z 	delete.topic.enable = true
kafka-2-1  | 2026-09-25T22:48:48.000459802Z 	early.start.listeners = null
kafka-2-1  | 2026-09-25T22:48:48.000463470Z 	fetch.max.bytes = 57671680
kafka-2-1  | 2026-09-25T22:48:48.000467183Z 	fetch.purgatory.purge.interval.requests = 1000
kafka-2-1  | 2026-09-25T22:48:48.000471272Z 	group.consumer.assignors = [uniform, range]
kafka-2-1  | 2026-09-25T22:48:48.000475069Z 	group.consumer.heartbeat.interval.ms = 5000
kafka-2-1  | 2026-09-25T22:48:48.000480716Z 	group.consumer.max.heartbeat.interval.ms = 15000
kafka-2-1  | 2026-09-25T22:48:48.000485125Z 	group.consumer.max.session.timeout.ms = 60000
kafka-2-1  | 2026-09-25T22:48:48.000489017Z 	group.consumer.max.size = 2147483647
kafka-2-1  | 2026-09-25T22:48:48.000492782Z 	group.consumer.migration.policy = bidirectional
kafka-2-1  | 2026-09-25T22:48:48.000496566Z 	group.consumer.min.heartbeat.interval.ms = 5000
kafka-2-1  | 2026-09-25T22:48:48.000500402Z 	group.consumer.min.session.timeout.ms = 45000
kafka-2-1  | 2026-09-25T22:48:48.000504097Z 	group.consumer.session.timeout.ms = 45000
kafka-2-1  | 2026-09-25T22:48:48.000508386Z 	group.coordinator.append.linger.ms = 5
kafka-2-1  | 2026-09-25T22:48:48.000512222Z 	group.coordinator.new.enable = true
kafka-2-1  | 2026-09-25T22:48:48.000515916Z 	group.coordinator.rebalance.protocols = [classic, consumer]
kafka-2-1  | 2026-09-25T22:48:48.000519761Z 	group.coordinator.threads = 4
kafka-2-1  | 2026-09-25T22:48:48.000523674Z 	group.initial.rebalance.delay.ms = 0
kafka-2-1  | 2026-09-25T22:48:48.000527459Z 	group.max.session.timeout.ms = 1800000
kafka-2-1  | 2026-09-25T22:48:48.000531247Z 	group.max.size = 2147483647
kafka-2-1  | 2026-09-25T22:48:48.000535043Z 	group.min.session.timeout.ms = 6000
kafka-2-1  | 2026-09-25T22:48:48.000539151Z 	group.share.delivery.count.limit = 5
kafka-2-1  | 2026-09-25T22:48:48.000542920Z 	group.share.enable = false
kafka-2-1  | 2026-09-25T22:48:48.000546666Z 	group.share.heartbeat.interval.ms = 5000
kafka-2-1  | 2026-09-25T22:48:48.000550627Z 	group.share.max.groups = 10
kafka-2-1  | 2026-09-25T22:48:48.000554418Z 	group.share.max.heartbeat.interval.ms = 15000
kafka-2-1  | 2026-09-25T22:48:48.000559354Z 	group.share.max.record.lock.duration.ms = 60000
kafka-2-1  | 2026-09-25T22:48:48.000563445Z 	group.share.max.session.timeout.ms = 60000
kafka-2-1  | 2026-09-25T22:48:48.000567172Z 	group.share.max.size = 200
kafka-2-1  | 2026-09-25T22:48:48.000571050Z 	group.share.min.heartbeat.interval.ms = 5000
kafka-2-1  | 2026-09-25T22:48:48.000580367Z 	group.share.min.record.lock.duration.ms = 15000
kafka-2-1  | 2026-09-25T22:48:48.000584718Z 	group.share.min.session.timeout.ms = 45000
kafka-2-1  | 2026-09-25T22:48:48.000588753Z 	group.share.partition.max.record.locks = 200
kafka-2-1  | 2026-09-25T22:48:48.000592768Z 	group.share.persister.class.name = org.apache.kafka.server.share.persister.DefaultStatePersister
kafka-2-1  | 2026-09-25T22:48:48.000597200Z 	group.share.record.lock.duration.ms = 30000
kafka-2-1  | 2026-09-25T22:48:48.000601349Z 	group.share.session.timeout.ms = 45000
kafka-2-1  | 2026-09-25T22:48:48.000605212Z 	initial.broker.registration.timeout.ms = 60000
kafka-2-1  | 2026-09-25T22:48:48.000609012Z 	inter.broker.listener.name = PLAINTEXT
kafka-2-1  | 2026-09-25T22:48:48.000666223Z 	kafka.metrics.polling.interval.secs = 10
kafka-2-1  | 2026-09-25T22:48:48.000675032Z 	kafka.metrics.reporters = []
kafka-2-1  | 2026-09-25T22:48:48.000679942Z 	leader.imbalance.check.interval.seconds = 300
kafka-2-1  | 2026-09-25T22:48:48.000684025Z 	listener.security.protocol.map = PLAINTEXT:PLAINTEXT,CONTROLLER:PLAINTEXT
kafka-2-1  | 2026-09-25T22:48:48.000688485Z 	listeners = PLAINTEXT://0.0.0.0:9092,CONTROLLER://0.0.0.0:9093
kafka-2-1  | 2026-09-25T22:48:48.000692559Z 	log.cleaner.backoff.ms = 15000
kafka-2-1  | 2026-09-25T22:48:48.000696408Z 	log.cleaner.dedupe.buffer.size = 134217728
kafka-2-1  | 2026-09-25T22:48:48.000700169Z 	log.cleaner.delete.retention.ms = 86400000
kafka-2-1  | 2026-09-25T22:48:48.000704043Z 	log.cleaner.enable = true
kafka-2-1  | 2026-09-25T22:48:48.000707996Z 	log.cleaner.io.buffer.load.factor = 0.9
kafka-2-1  | 2026-09-25T22:48:48.000711980Z 	log.cleaner.io.buffer.size = 524288
kafka-2-1  | 2026-09-25T22:48:48.000715811Z 	log.cleaner.io.max.bytes.per.second = 1.7976931348623157E308
kafka-2-1  | 2026-09-25T22:48:48.000719816Z 	log.cleaner.max.compaction.lag.ms = 9223372036854775807
kafka-2-1  | 2026-09-25T22:48:48.000723726Z 	log.cleaner.min.cleanable.ratio = 0.5
kafka-2-1  | 2026-09-25T22:48:48.000728905Z 	log.cleaner.min.compaction.lag.ms = 0
kafka-2-1  | 2026-09-25T22:48:48.000733154Z 	log.cleaner.threads = 1
kafka-2-1  | 2026-09-25T22:48:48.000737063Z 	log.cleanup.policy = [delete]
kafka-2-1  | 2026-09-25T22:48:48.000741105Z 	log.dir = /tmp/kafka-logs
kafka-2-1  | 2026-09-25T22:48:48.000744822Z 	log.dir.failure.timeout.ms = 30000
kafka-2-1  | 2026-09-25T22:48:48.000748738Z 	log.dirs = /var/lib/kafka/data
kafka-2-1  | 2026-09-25T22:48:48.000752785Z 	log.flush.interval.messages = 9223372036854775807
kafka-2-1  | 2026-09-25T22:48:48.000756575Z 	log.flush.interval.ms = null
kafka-2-1  | 2026-09-25T22:48:48.000760262Z 	log.flush.offset.checkpoint.interval.ms = 60000
kafka-2-1  | 2026-09-25T22:48:48.000764125Z 	log.flush.scheduler.interval.ms = 9223372036854775807
kafka-2-1  | 2026-09-25T22:48:48.000768112Z 	log.flush.start.offset.checkpoint.interval.ms = 60000
kafka-2-1  | 2026-09-25T22:48:48.000772229Z 	log.index.interval.bytes = 4096
kafka-2-1  | 2026-09-25T22:48:48.000776245Z 	log.index.size.max.bytes = 10485760
kafka-2-1  | 2026-09-25T22:48:48.000791762Z 	log.initial.task.delay.ms = 30000
kafka-2-1  | 2026-09-25T22:48:48.000796469Z 	log.local.retention.bytes = -2
kafka-2-1  | 2026-09-25T22:48:48.000800272Z 	log.local.retention.ms = -2
kafka-2-1  | 2026-09-25T22:48:48.000804064Z 	log.message.timestamp.after.max.ms = 3600000
kafka-2-1  | 2026-09-25T22:48:48.000808518Z 	log.message.timestamp.before.max.ms = 9223372036854775807
kafka-2-1  | 2026-09-25T22:48:48.000812360Z 	log.message.timestamp.type = CreateTime
kafka-2-1  | 2026-09-25T22:48:48.000816164Z 	log.preallocate = false
kafka-2-1  | 2026-09-25T22:48:48.000820124Z 	log.retention.bytes = -1
kafka-2-1  | 2026-09-25T22:48:48.000824380Z 	log.retention.check.interval.ms = 300000
kafka-2-1  | 2026-09-25T22:48:48.000834673Z 	log.retention.hours = 168
kafka-2-1  | 2026-09-25T22:48:48.000838642Z 	log.retention.minutes = null
kafka-2-1  | 2026-09-25T22:48:48.000842529Z 	log.retention.ms = null
kafka-2-1  | 2026-09-25T22:48:48.000846305Z 	log.roll.hours = 168
kafka-2-1  | 2026-09-25T22:48:48.000850100Z 	log.roll.jitter.hours = 0
kafka-2-1  | 2026-09-25T22:48:48.000853966Z 	log.roll.jitter.ms = null
kafka-2-1  | 2026-09-25T22:48:48.000858139Z 	log.roll.ms = null
kafka-2-1  | 2026-09-25T22:48:48.000861967Z 	log.segment.bytes = 1073741824
kafka-2-1  | 2026-09-25T22:48:48.000865715Z 	log.segment.delete.delay.ms = 60000
kafka-2-1  | 2026-09-25T22:48:48.000870041Z 	max.connection.creation.rate = 2147483647
kafka-2-1  | 2026-09-25T22:48:48.000873926Z 	max.connections = 2147483647
kafka-2-1  | 2026-09-25T22:48:48.000877634Z 	max.connections.per.ip = 2147483647
kafka-2-1  | 2026-09-25T22:48:48.000881407Z 	max.connections.per.ip.overrides = 
kafka-2-1  | 2026-09-25T22:48:48.000885150Z 	max.incremental.fetch.session.cache.slots = 1000
kafka-2-1  | 2026-09-25T22:48:48.000889150Z 	max.request.partition.size.limit = 2000
kafka-2-1  | 2026-09-25T22:48:48.000893013Z 	message.max.bytes = 1048588
kafka-2-1  | 2026-09-25T22:48:48.000896775Z 	metadata.log.dir = null
kafka-2-1  | 2026-09-25T22:48:48.000900502Z 	metadata.log.max.record.bytes.between.snapshots = 20971520
kafka-2-1  | 2026-09-25T22:48:48.000904339Z 	metadata.log.max.snapshot.interval.ms = 3600000
kafka-2-1  | 2026-09-25T22:48:48.000908061Z 	metadata.log.segment.bytes = 1073741824
kafka-2-1  | 2026-09-25T22:48:48.000911755Z 	metadata.log.segment.min.bytes = 8388608
kafka-2-1  | 2026-09-25T22:48:48.000915436Z 	metadata.log.segment.ms = 604800000
kafka-2-1  | 2026-09-25T22:48:48.000919177Z 	metadata.max.idle.interval.ms = 500
kafka-2-1  | 2026-09-25T22:48:48.000922986Z 	metadata.max.retention.bytes = 104857600
kafka-2-1  | 2026-09-25T22:48:48.000926893Z 	metadata.max.retention.ms = 604800000
kafka-2-1  | 2026-09-25T22:48:48.000930724Z 	metric.reporters = [org.apache.kafka.common.metrics.JmxReporter]
kafka-2-1  | 2026-09-25T22:48:48.000934618Z 	metrics.num.samples = 2
kafka-2-1  | 2026-09-25T22:48:48.000938202Z 	metrics.recording.level = INFO
kafka-2-1  | 2026-09-25T22:48:48.000949337Z 	metrics.sample.window.ms = 30000
kafka-2-1  | 2026-09-25T22:48:48.000954311Z 	min.insync.replicas = 2
kafka-2-1  | 2026-09-25T22:48:48.000958126Z 	node.id = 2
kafka-2-1  | 2026-09-25T22:48:48.000961980Z 	num.io.threads = 8
kafka-2-1  | 2026-09-25T22:48:48.000965895Z 	num.network.threads = 3
kafka-2-1  | 2026-09-25T22:48:48.000969745Z 	num.partitions = 1
kafka-2-1  | 2026-09-25T22:48:48.000973583Z 	num.recovery.threads.per.data.dir = 2
kafka-2-1  | 2026-09-25T22:48:48.000977509Z 	num.replica.alter.log.dirs.threads = null
kafka-2-1  | 2026-09-25T22:48:48.000983166Z 	num.replica.fetchers = 1
kafka-2-1  | 2026-09-25T22:48:48.000987425Z 	offset.metadata.max.bytes = 4096
kafka-2-1  | 2026-09-25T22:48:48.000991118Z 	offsets.commit.timeout.ms = 5000
kafka-2-1  | 2026-09-25T22:48:48.000994944Z 	offsets.load.buffer.size = 5242880
kafka-2-1  | 2026-09-25T22:48:48.000998678Z 	offsets.retention.check.interval.ms = 600000
kafka-2-1  | 2026-09-25T22:48:48.001002506Z 	offsets.retention.minutes = 10080
kafka-2-1  | 2026-09-25T22:48:48.001006436Z 	offsets.topic.compression.codec = 0
kafka-2-1  | 2026-09-25T22:48:48.001010449Z 	offsets.topic.num.partitions = 50
kafka-2-1  | 2026-09-25T22:48:48.001014286Z 	offsets.topic.replication.factor = 3
kafka-2-1  | 2026-09-25T22:48:48.001018166Z 	offsets.topic.segment.bytes = 104857600
kafka-2-1  | 2026-09-25T22:48:48.001021968Z 	principal.builder.class = class org.apache.kafka.common.security.authenticator.DefaultKafkaPrincipalBuilder
kafka-2-1  | 2026-09-25T22:48:48.001026151Z 	process.roles = [broker, controller]
kafka-2-1  | 2026-09-25T22:48:48.001029915Z 	producer.id.expiration.check.interval.ms = 600000
kafka-2-1  | 2026-09-25T22:48:48.001033977Z 	producer.id.expiration.ms = 86400000
kafka-2-1  | 2026-09-25T22:48:48.001037795Z 	producer.purgatory.purge.interval.requests = 1000
kafka-2-1  | 2026-09-25T22:48:48.001041802Z 	queued.max.request.bytes = -1
kafka-2-1  | 2026-09-25T22:48:48.001045579Z 	queued.max.requests = 500
kafka-2-1  | 2026-09-25T22:48:48.001049436Z 	quota.window.num = 11
kafka-2-1  | 2026-09-25T22:48:48.001053075Z 	quota.window.size.seconds = 1
kafka-2-1  | 2026-09-25T22:48:48.001056817Z 	remote.fetch.max.wait.ms = 500
kafka-2-1  | 2026-09-25T22:48:48.001060621Z 	remote.list.offsets.request.timeout.ms = 30000
kafka-2-1  | 2026-09-25T22:48:48.001064698Z 	remote.log.index.file.cache.total.size.bytes = 1073741824
kafka-2-1  | 2026-09-25T22:48:48.001068585Z 	remote.log.manager.copier.thread.pool.size = 10
kafka-2-1  | 2026-09-25T22:48:48.001072298Z 	remote.log.manager.copy.max.bytes.per.second = 9223372036854775807
kafka-2-1  | 2026-09-25T22:48:48.001076114Z 	remote.log.manager.copy.quota.window.num = 11
kafka-2-1  | 2026-09-25T22:48:48.001080171Z 	remote.log.manager.copy.quota.window.size.seconds = 1
kafka-2-1  | 2026-09-25T22:48:48.001084150Z 	remote.log.manager.expiration.thread.pool.size = 10
kafka-2-1  | 2026-09-25T22:48:48.001093510Z 	remote.log.manager.fetch.max.bytes.per.second = 9223372036854775807
kafka-2-1  | 2026-09-25T22:48:48.001098237Z 	remote.log.manager.fetch.quota.window.num = 11
kafka-2-1  | 2026-09-25T22:48:48.001102309Z 	remote.log.manager.fetch.quota.window.size.seconds = 1
kafka-2-1  | 2026-09-25T22:48:48.001106121Z 	remote.log.manager.task.interval.ms = 30000
kafka-2-1  | 2026-09-25T22:48:48.001110026Z 	remote.log.manager.task.retry.backoff.max.ms = 30000
kafka-2-1  | 2026-09-25T22:48:48.001114052Z 	remote.log.manager.task.retry.backoff.ms = 500
kafka-2-1  | 2026-09-25T22:48:48.001118127Z 	remote.log.manager.task.retry.jitter = 0.2
kafka-2-1  | 2026-09-25T22:48:48.001122044Z 	remote.log.manager.thread.pool.size = 2
kafka-2-1  | 2026-09-25T22:48:48.001125820Z 	remote.log.metadata.custom.metadata.max.bytes = 128
kafka-2-1  | 2026-09-25T22:48:48.001129902Z 	remote.log.metadata.manager.class.name = org.apache.kafka.server.log.remote.metadata.storage.TopicBasedRemoteLogMetadataManager
kafka-2-1  | 2026-09-25T22:48:48.001134071Z 	remote.log.metadata.manager.class.path = null
kafka-2-1  | 2026-09-25T22:48:48.001137858Z 	remote.log.metadata.manager.impl.prefix = rlmm.config.
kafka-2-1  | 2026-09-25T22:48:48.001141793Z 	remote.log.metadata.manager.listener.name = null
kafka-2-1  | 2026-09-25T22:48:48.001146382Z 	remote.log.reader.max.pending.tasks = 100
kafka-2-1  | 2026-09-25T22:48:48.001150445Z 	remote.log.reader.threads = 10
kafka-2-1  | 2026-09-25T22:48:48.001154411Z 	remote.log.storage.manager.class.name = null
kafka-2-1  | 2026-09-25T22:48:48.001159760Z 	remote.log.storage.manager.class.path = null
kafka-2-1  | 2026-09-25T22:48:48.001164096Z 	remote.log.storage.manager.impl.prefix = rsm.config.
kafka-2-1  | 2026-09-25T22:48:48.001169015Z 	remote.log.storage.system.enable = false
kafka-2-1  | 2026-09-25T22:48:48.001173390Z 	replica.fetch.backoff.ms = 1000
kafka-2-1  | 2026-09-25T22:48:48.001177407Z 	replica.fetch.max.bytes = 1048576
kafka-2-1  | 2026-09-25T22:48:48.001181363Z 	replica.fetch.min.bytes = 1
kafka-2-1  | 2026-09-25T22:48:48.001185559Z 	replica.fetch.response.max.bytes = 10485760
kafka-2-1  | 2026-09-25T22:48:48.001189732Z 	replica.fetch.wait.max.ms = 500
kafka-2-1  | 2026-09-25T22:48:48.001193547Z 	replica.high.watermark.checkpoint.interval.ms = 5000
kafka-2-1  | 2026-09-25T22:48:48.001197491Z 	replica.lag.time.max.ms = 30000
kafka-2-1  | 2026-09-25T22:48:48.001201788Z 	replica.selector.class = null
kafka-2-1  | 2026-09-25T22:48:48.001205638Z 	replica.socket.receive.buffer.bytes = 65536
kafka-2-1  | 2026-09-25T22:48:48.001209589Z 	replica.socket.timeout.ms = 30000
kafka-2-1  | 2026-09-25T22:48:48.001213590Z 	replication.quota.window.num = 11
kafka-2-1  | 2026-09-25T22:48:48.001218038Z 	replication.quota.window.size.seconds = 1
kafka-2-1  | 2026-09-25T22:48:48.001222080Z 	request.timeout.ms = 30000
kafka-2-1  | 2026-09-25T22:48:48.001225856Z 	sasl.client.callback.handler.class = null
kafka-2-1  | 2026-09-25T22:48:48.001229675Z 	sasl.enabled.mechanisms = [GSSAPI]
kafka-2-1  | 2026-09-25T22:48:48.001240699Z 	sasl.jaas.config = null
kafka-2-1  | 2026-09-25T22:48:48.001245617Z 	sasl.kerberos.kinit.cmd = /usr/bin/kinit
kafka-2-1  | 2026-09-25T22:48:48.001249654Z 	sasl.kerberos.min.time.before.relogin = 60000
kafka-2-1  | 2026-09-25T22:48:48.001253600Z 	sasl.kerberos.principal.to.local.rules = [DEFAULT]
kafka-2-1  | 2026-09-25T22:48:48.001257982Z 	sasl.kerberos.service.name = null
kafka-2-1  | 2026-09-25T22:48:48.001261962Z 	sasl.kerberos.ticket.renew.jitter = 0.05
kafka-2-1  | 2026-09-25T22:48:48.001265969Z 	sasl.kerberos.ticket.renew.window.factor = 0.8
kafka-2-1  | 2026-09-25T22:48:48.001270172Z 	sasl.login.callback.handler.class = null
kafka-2-1  | 2026-09-25T22:48:48.001274379Z 	sasl.login.class = null
kafka-2-1  | 2026-09-25T22:48:48.001279160Z 	sasl.login.connect.timeout.ms = null
kafka-2-1  | 2026-09-25T22:48:48.001283283Z 	sasl.login.read.timeout.ms = null
kafka-2-1  | 2026-09-25T22:48:48.001287109Z 	sasl.login.refresh.buffer.seconds = 300
kafka-2-1  | 2026-09-25T22:48:48.001291003Z 	sasl.login.refresh.min.period.seconds = 60
kafka-2-1  | 2026-09-25T22:48:48.001295017Z 	sasl.login.refresh.window.factor = 0.8
kafka-2-1  | 2026-09-25T22:48:48.001299017Z 	sasl.login.refresh.window.jitter = 0.05
kafka-2-1  | 2026-09-25T22:48:48.001302988Z 	sasl.login.retry.backoff.max.ms = 10000
kafka-2-1  | 2026-09-25T22:48:48.001306964Z 	sasl.login.retry.backoff.ms = 100
kafka-2-1  | 2026-09-25T22:48:48.001310867Z 	sasl.mechanism.controller.protocol = GSSAPI
kafka-2-1  | 2026-09-25T22:48:48.001315248Z 	sasl.mechanism.inter.broker.protocol = GSSAPI
kafka-2-1  | 2026-09-25T22:48:48.001319336Z 	sasl.oauthbearer.clock.skew.seconds = 30
kafka-2-1  | 2026-09-25T22:48:48.001323177Z 	sasl.oauthbearer.expected.audience = null
kafka-2-1  | 2026-09-25T22:48:48.001326910Z 	sasl.oauthbearer.expected.issuer = null
kafka-2-1  | 2026-09-25T22:48:48.001330746Z 	sasl.oauthbearer.jwks.endpoint.refresh.ms = 3600000
kafka-2-1  | 2026-09-25T22:48:48.001334806Z 	sasl.oauthbearer.jwks.endpoint.retry.backoff.max.ms = 10000
kafka-2-1  | 2026-09-25T22:48:48.001339097Z 	sasl.oauthbearer.jwks.endpoint.retry.backoff.ms = 100
kafka-2-1  | 2026-09-25T22:48:48.001343043Z 	sasl.oauthbearer.jwks.endpoint.url = null
kafka-2-1  | 2026-09-25T22:48:48.001347098Z 	sasl.oauthbearer.scope.claim.name = scope
kafka-2-1  | 2026-09-25T22:48:48.001351066Z 	sasl.oauthbearer.sub.claim.name = sub
kafka-2-1  | 2026-09-25T22:48:48.001355048Z 	sasl.oauthbearer.token.endpoint.url = null
kafka-2-1  | 2026-09-25T22:48:48.001359135Z 	sasl.server.callback.handler.class = null
kafka-2-1  | 2026-09-25T22:48:48.001363819Z 	sasl.server.max.receive.size = 524288
kafka-2-1  | 2026-09-25T22:48:48.001367670Z 	security.inter.broker.protocol = PLAINTEXT
kafka-2-1  | 2026-09-25T22:48:48.001373107Z 	security.providers = null
kafka-2-1  | 2026-09-25T22:48:48.001377530Z 	server.max.startup.time.ms = 9223372036854775807
kafka-2-1  | 2026-09-25T22:48:48.001381362Z 	share.coordinator.append.linger.ms = 10
kafka-2-1  | 2026-09-25T22:48:48.001532472Z 	share.coordinator.load.buffer.size = 5242880
kafka-2-1  | 2026-09-25T22:48:48.001551505Z 	share.coordinator.snapshot.update.records.per.snapshot = 500
kafka-2-1  | 2026-09-25T22:48:48.001556785Z 	share.coordinator.state.topic.compression.codec = 0
kafka-2-1  | 2026-09-25T22:48:48.001560795Z 	share.coordinator.state.topic.min.isr = 2
kafka-2-1  | 2026-09-25T22:48:48.001564594Z 	share.coordinator.state.topic.num.partitions = 50
kafka-2-1  | 2026-09-25T22:48:48.001568701Z 	share.coordinator.state.topic.prune.interval.ms = 300000
kafka-2-1  | 2026-09-25T22:48:48.001572586Z 	share.coordinator.state.topic.replication.factor = 3
kafka-2-1  | 2026-09-25T22:48:48.001576489Z 	share.coordinator.state.topic.segment.bytes = 104857600
kafka-2-1  | 2026-09-25T22:48:48.001580396Z 	share.coordinator.threads = 1
kafka-2-1  | 2026-09-25T22:48:48.001584370Z 	share.coordinator.write.timeout.ms = 5000
kafka-2-1  | 2026-09-25T22:48:48.001588207Z 	share.fetch.max.fetch.records = 2147483647
kafka-2-1  | 2026-09-25T22:48:48.001592073Z 	share.fetch.purgatory.purge.interval.requests = 1000
kafka-2-1  | 2026-09-25T22:48:48.001595891Z 	socket.connection.setup.timeout.max.ms = 30000
kafka-2-1  | 2026-09-25T22:48:48.001599954Z 	socket.connection.setup.timeout.ms = 10000
kafka-2-1  | 2026-09-25T22:48:48.001603925Z 	socket.listen.backlog.size = 50
kafka-2-1  | 2026-09-25T22:48:48.001676237Z 	socket.receive.buffer.bytes = 102400
kafka-2-1  | 2026-09-25T22:48:48.001692751Z 	socket.request.max.bytes = 104857600
kafka-2-1  | 2026-09-25T22:48:48.001699078Z 	socket.send.buffer.bytes = 102400
kafka-2-1  | 2026-09-25T22:48:48.001703286Z 	ssl.allow.dn.changes = false
kafka-2-1  | 2026-09-25T22:48:48.001707148Z 	ssl.allow.san.changes = false
kafka-2-1  | 2026-09-25T22:48:48.001710939Z 	ssl.cipher.suites = []
kafka-2-1  | 2026-09-25T22:48:48.001715423Z 	ssl.client.auth = none
kafka-2-1  | 2026-09-25T22:48:48.001719224Z 	ssl.enabled.protocols = [TLSv1.2, TLSv1.3]
kafka-2-1  | 2026-09-25T22:48:48.001723046Z 	ssl.endpoint.identification.algorithm = https
kafka-2-1  | 2026-09-25T22:48:48.001726845Z 	ssl.engine.factory.class = null
kafka-2-1  | 2026-09-25T22:48:48.001730653Z 	ssl.key.password = null
kafka-2-1  | 2026-09-25T22:48:48.001734389Z 	ssl.keymanager.algorithm = SunX509
kafka-2-1  | 2026-09-25T22:48:48.001738172Z 	ssl.keystore.certificate.chain = null
kafka-2-1  | 2026-09-25T22:48:48.001741969Z 	ssl.keystore.key = null
kafka-2-1  | 2026-09-25T22:48:48.001745776Z 	ssl.keystore.location = null
kafka-2-1  | 2026-09-25T22:48:48.001749479Z 	ssl.keystore.password = null
kafka-2-1  | 2026-09-25T22:48:48.001753162Z 	ssl.keystore.type = JKS
kafka-2-1  | 2026-09-25T22:48:48.001756870Z 	ssl.principal.mapping.rules = DEFAULT
kafka-2-1  | 2026-09-25T22:48:48.001760966Z 	ssl.protocol = TLSv1.3
kafka-2-1  | 2026-09-25T22:48:48.001764757Z 	ssl.provider = null
kafka-2-1  | 2026-09-25T22:48:48.001776523Z 	ssl.secure.random.implementation = null
kafka-2-1  | 2026-09-25T22:48:48.001795452Z 	ssl.trustmanager.algorithm = PKIX
kafka-2-1  | 2026-09-25T22:48:48.001800048Z 	ssl.truststore.certificates = null
kafka-2-1  | 2026-09-25T22:48:48.001803948Z 	ssl.truststore.location = null
kafka-2-1  | 2026-09-25T22:48:48.001807870Z 	ssl.truststore.password = null
kafka-2-1  | 2026-09-25T22:48:48.001811684Z 	ssl.truststore.type = JKS
kafka-2-1  | 2026-09-25T22:48:48.001815455Z 	telemetry.max.bytes = 1048576
kafka-2-1  | 2026-09-25T22:48:48.001820589Z 	transaction.abort.timed.out.transaction.cleanup.interval.ms = 10000
kafka-2-1  | 2026-09-25T22:48:48.001824676Z 	transaction.max.timeout.ms = 900000
kafka-2-1  | 2026-09-25T22:48:48.001828783Z 	transaction.partition.verification.enable = true
kafka-2-1  | 2026-09-25T22:48:48.001832614Z 	transaction.remove.expired.transaction.cleanup.interval.ms = 3600000
kafka-2-1  | 2026-09-25T22:48:48.001836547Z 	transaction.state.log.load.buffer.size = 5242880
kafka-2-1  | 2026-09-25T22:48:48.001840314Z 	transaction.state.log.min.isr = 2
kafka-2-1  | 2026-09-25T22:48:48.001849371Z 	transaction.state.log.num.partitions = 50
kafka-2-1  | 2026-09-25T22:48:48.001853938Z 	transaction.state.log.replication.factor = 3
kafka-2-1  | 2026-09-25T22:48:48.001857775Z 	transaction.state.log.segment.bytes = 104857600
kafka-2-1  | 2026-09-25T22:48:48.001861543Z 	transactional.id.expiration.ms = 604800000
kafka-2-1  | 2026-09-25T22:48:48.001865797Z 	unclean.leader.election.enable = false
kafka-2-1  | 2026-09-25T22:48:48.001869610Z 	unclean.leader.election.interval.ms = 300000
kafka-2-1  | 2026-09-25T22:48:48.001873756Z 	unstable.api.versions.enable = false
kafka-2-1  | 2026-09-25T22:48:48.001877710Z 	unstable.feature.versions.enable = false
kafka-2-1  | 2026-09-25T22:48:48.001881618Z  (org.apache.kafka.common.config.AbstractConfig)
kafka-2-1  | 2026-09-25T22:48:48.001885671Z [2026-09-25 22:48:47,999] INFO [ControllerRegistrationManager id=2 incarnation=9rrqRllhQqyzKKpCXHLvaw] RegistrationResponseHandler: controller acknowledged ControllerRegistrationRequest. (kafka.server.ControllerRegistrationManager)
kafka-2-1  | 2026-09-25T22:48:48.005952240Z [2026-09-25 22:48:48,000] INFO [BrokerLifecycleManager id=2] The broker is in RECOVERY. (kafka.server.BrokerLifecycleManager)
kafka-2-1  | 2026-09-25T22:48:48.016942458Z [2026-09-25 22:48:48,016] INFO [BrokerServer id=2] Waiting for the broker to be unfenced (kafka.server.BrokerServer)
kafka-2-1  | 2026-09-25T22:48:48.110552761Z [2026-09-25 22:48:48,109] INFO [ControllerRegistrationManager id=2 incarnation=9rrqRllhQqyzKKpCXHLvaw] Our registration has been persisted to the metadata log. (kafka.server.ControllerRegistrationManager)
kafka-2-1  | 2026-09-25T22:48:48.116043842Z [2026-09-25 22:48:48,115] INFO [BrokerLifecycleManager id=2] The broker has been unfenced. Transitioning from RECOVERY to RUNNING. (kafka.server.BrokerLifecycleManager)
kafka-2-1  | 2026-09-25T22:48:48.116594111Z [2026-09-25 22:48:48,116] INFO [BrokerServer id=2] Finished waiting for the broker to be unfenced (kafka.server.BrokerServer)
kafka-2-1  | 2026-09-25T22:48:48.119206032Z [2026-09-25 22:48:48,118] INFO authorizerStart completed for endpoint PLAINTEXT. Endpoint is now READY. (org.apache.kafka.server.network.EndpointReadyFutures)
kafka-2-1  | 2026-09-25T22:48:48.119886937Z [2026-09-25 22:48:48,119] INFO [SocketServer listenerType=BROKER, nodeId=2] Enabling request processing. (kafka.network.SocketServer)
kafka-2-1  | 2026-09-25T22:48:48.121597883Z [2026-09-25 22:48:48,120] INFO Awaiting socket connections on 0.0.0.0:9092. (kafka.network.DataPlaneAcceptor)
kafka-2-1  | 2026-09-25T22:48:48.133479297Z [2026-09-25 22:48:48,131] INFO [BrokerServer id=2] Waiting for all of the authorizer futures to be completed (kafka.server.BrokerServer)
kafka-2-1  | 2026-09-25T22:48:48.133544933Z [2026-09-25 22:48:48,132] INFO [BrokerServer id=2] Finished waiting for all of the authorizer futures to be completed (kafka.server.BrokerServer)
kafka-2-1  | 2026-09-25T22:48:48.133550541Z [2026-09-25 22:48:48,132] INFO [BrokerServer id=2] Waiting for all of the SocketServer Acceptors to be started (kafka.server.BrokerServer)
kafka-2-1  | 2026-09-25T22:48:48.133554076Z [2026-09-25 22:48:48,133] INFO [BrokerServer id=2] Finished waiting for all of the SocketServer Acceptors to be started (kafka.server.BrokerServer)
kafka-2-1  | 2026-09-25T22:48:48.133853799Z [2026-09-25 22:48:48,133] INFO [BrokerServer id=2] Transition from STARTING to STARTED (kafka.server.BrokerServer)
kafka-2-1  | 2026-09-25T22:48:48.135329177Z [2026-09-25 22:48:48,134] INFO Kafka version: 4.0.0 (org.apache.kafka.common.utils.AppInfoParser)
kafka-2-1  | 2026-09-25T22:48:48.135646223Z [2026-09-25 22:48:48,135] INFO Kafka commitId: 985bc99521dd22bb (org.apache.kafka.common.utils.AppInfoParser)
kafka-2-1  | 2026-09-25T22:48:48.135796979Z [2026-09-25 22:48:48,135] INFO Kafka startTimeMs: 1790376528133 (org.apache.kafka.common.utils.AppInfoParser)
kafka-2-1  | 2026-09-25T22:48:48.140069953Z [2026-09-25 22:48:48,139] INFO [KafkaRaftServer nodeId=2] Kafka Server started (kafka.server.KafkaRaftServer)
kafka-2-1  | 2026-09-25T22:48:52.415198459Z [2026-09-25 22:48:52,414] INFO [ReplicaFetcherManager on broker 2] Removed fetcher for partitions Set(dados-sensores-5, dados-sensores-0) (kafka.server.ReplicaFetcherManager)
kafka-2-1  | 2026-09-25T22:48:52.454434930Z [2026-09-25 22:48:52,453] INFO [LogLoader partition=dados-sensores-5, dir=/var/lib/kafka/data] Loading producer state till offset 0 (org.apache.kafka.storage.internals.log.UnifiedLog)
kafka-2-1  | 2026-09-25T22:48:52.458298420Z [2026-09-25 22:48:52,457] INFO Created log for partition dados-sensores-5 in /var/lib/kafka/data/dados-sensores-5 with properties {min.insync.replicas=2} (kafka.log.LogManager)
kafka-2-1  | 2026-09-25T22:48:52.466140846Z [2026-09-25 22:48:52,464] INFO [Partition dados-sensores-5 broker=2] No checkpointed highwatermark is found for partition dados-sensores-5 (kafka.cluster.Partition)
kafka-2-1  | 2026-09-25T22:48:52.472551828Z [2026-09-25 22:48:52,469] INFO [Partition dados-sensores-5 broker=2] Log loaded for partition dados-sensores-5 with initial high watermark 0 (kafka.cluster.Partition)
kafka-2-1  | 2026-09-25T22:48:52.516569141Z [2026-09-25 22:48:52,515] INFO [LogLoader partition=dados-sensores-0, dir=/var/lib/kafka/data] Loading producer state till offset 0 (org.apache.kafka.storage.internals.log.UnifiedLog)
kafka-2-1  | 2026-09-25T22:48:52.517984262Z [2026-09-25 22:48:52,517] INFO Created log for partition dados-sensores-0 in /var/lib/kafka/data/dados-sensores-0 with properties {min.insync.replicas=2} (kafka.log.LogManager)
kafka-2-1  | 2026-09-25T22:48:52.518571680Z [2026-09-25 22:48:52,518] INFO [Partition dados-sensores-0 broker=2] No checkpointed highwatermark is found for partition dados-sensores-0 (kafka.cluster.Partition)
kafka-2-1  | 2026-09-25T22:48:52.521428031Z [2026-09-25 22:48:52,520] INFO [Partition dados-sensores-0 broker=2] Log loaded for partition dados-sensores-0 with initial high watermark 0 (kafka.cluster.Partition)
kafka-2-1  | 2026-09-25T22:48:52.556507555Z [2026-09-25 22:48:52,556] INFO [LogLoader partition=dados-sensores-4, dir=/var/lib/kafka/data] Loading producer state till offset 0 (org.apache.kafka.storage.internals.log.UnifiedLog)
kafka-2-1  | 2026-09-25T22:48:52.559249824Z [2026-09-25 22:48:52,558] INFO Created log for partition dados-sensores-4 in /var/lib/kafka/data/dados-sensores-4 with properties {min.insync.replicas=2} (kafka.log.LogManager)
kafka-2-1  | 2026-09-25T22:48:52.560007790Z [2026-09-25 22:48:52,559] INFO [Partition dados-sensores-4 broker=2] No checkpointed highwatermark is found for partition dados-sensores-4 (kafka.cluster.Partition)
kafka-2-1  | 2026-09-25T22:48:52.560849414Z [2026-09-25 22:48:52,560] INFO [Partition dados-sensores-4 broker=2] Log loaded for partition dados-sensores-4 with initial high watermark 0 (kafka.cluster.Partition)
kafka-2-1  | 2026-09-25T22:48:52.596691622Z [2026-09-25 22:48:52,595] INFO [LogLoader partition=dados-sensores-1, dir=/var/lib/kafka/data] Loading producer state till offset 0 (org.apache.kafka.storage.internals.log.UnifiedLog)
kafka-2-1  | 2026-09-25T22:48:52.599486607Z [2026-09-25 22:48:52,598] INFO Created log for partition dados-sensores-1 in /var/lib/kafka/data/dados-sensores-1 with properties {min.insync.replicas=2} (kafka.log.LogManager)
kafka-2-1  | 2026-09-25T22:48:52.599515903Z [2026-09-25 22:48:52,599] INFO [Partition dados-sensores-1 broker=2] No checkpointed highwatermark is found for partition dados-sensores-1 (kafka.cluster.Partition)
kafka-2-1  | 2026-09-25T22:48:52.600057478Z [2026-09-25 22:48:52,599] INFO [Partition dados-sensores-1 broker=2] Log loaded for partition dados-sensores-1 with initial high watermark 0 (kafka.cluster.Partition)
kafka-2-1  | 2026-09-25T22:48:52.612847158Z [2026-09-25 22:48:52,612] INFO [LogLoader partition=dados-sensores-3, dir=/var/lib/kafka/data] Loading producer state till offset 0 (org.apache.kafka.storage.internals.log.UnifiedLog)
kafka-2-1  | 2026-09-25T22:48:52.616090548Z [2026-09-25 22:48:52,615] INFO Created log for partition dados-sensores-3 in /var/lib/kafka/data/dados-sensores-3 with properties {min.insync.replicas=2} (kafka.log.LogManager)
kafka-2-1  | 2026-09-25T22:48:52.616651529Z [2026-09-25 22:48:52,616] INFO [Partition dados-sensores-3 broker=2] No checkpointed highwatermark is found for partition dados-sensores-3 (kafka.cluster.Partition)
kafka-2-1  | 2026-09-25T22:48:52.617324840Z [2026-09-25 22:48:52,616] INFO [Partition dados-sensores-3 broker=2] Log loaded for partition dados-sensores-3 with initial high watermark 0 (kafka.cluster.Partition)
kafka-2-1  | 2026-09-25T22:48:52.634568013Z [2026-09-25 22:48:52,634] INFO [LogLoader partition=dados-sensores-2, dir=/var/lib/kafka/data] Loading producer state till offset 0 (org.apache.kafka.storage.internals.log.UnifiedLog)
kafka-2-1  | 2026-09-25T22:48:52.636770209Z [2026-09-25 22:48:52,636] INFO Created log for partition dados-sensores-2 in /var/lib/kafka/data/dados-sensores-2 with properties {min.insync.replicas=2} (kafka.log.LogManager)
kafka-2-1  | 2026-09-25T22:48:52.643437432Z [2026-09-25 22:48:52,643] INFO [Partition dados-sensores-2 broker=2] No checkpointed highwatermark is found for partition dados-sensores-2 (kafka.cluster.Partition)
kafka-2-1  | 2026-09-25T22:48:52.644142807Z [2026-09-25 22:48:52,643] INFO [Partition dados-sensores-2 broker=2] Log loaded for partition dados-sensores-2 with initial high watermark 0 (kafka.cluster.Partition)
kafka-2-1  | 2026-09-25T22:48:52.647906889Z [2026-09-25 22:48:52,647] INFO [ReplicaFetcherManager on broker 2] Removed fetcher for partitions Set(dados-sensores-4, dados-sensores-1, dados-sensores-3, dados-sensores-2) (kafka.server.ReplicaFetcherManager)
kafka-2-1  | 2026-09-25T22:48:52.700940474Z [2026-09-25 22:48:52,700] INFO [ReplicaFetcherThread-0-3]: Starting (kafka.server.ReplicaFetcherThread)
kafka-2-1  | 2026-09-25T22:48:52.710431076Z [2026-09-25 22:48:52,709] INFO [ReplicaFetcherManager on broker 2] Added fetcher to broker 3 for partitions HashMap(dados-sensores-1 -> InitialFetchState(Some(bpNag2Q4SrSHzixJwrCS8Q),BrokerEndPoint(id=3, host=kafka-3:9092),0,0), dados-sensores-3 -> InitialFetchState(Some(bpNag2Q4SrSHzixJwrCS8Q),BrokerEndPoint(id=3, host=kafka-3:9092),0,0)) (kafka.server.ReplicaFetcherManager)
kafka-2-1  | 2026-09-25T22:48:52.714385094Z [2026-09-25 22:48:52,714] INFO [ReplicaFetcher replicaId=2, leaderId=3, fetcherId=0] Truncating partition dados-sensores-1 with TruncationState(offset=0, completed=true) due to local high watermark 0 (kafka.server.ReplicaFetcherThread)
kafka-2-1  | 2026-09-25T22:48:52.718552878Z [2026-09-25 22:48:52,717] INFO [UnifiedLog partition=dados-sensores-1, dir=/var/lib/kafka/data] Truncating to 0 has no effect as the largest offset in the log is -1 (kafka.log.UnifiedLog)
kafka-2-1  | 2026-09-25T22:48:52.718590957Z [2026-09-25 22:48:52,717] INFO [ReplicaFetcherManager on broker 2] Added fetcher to broker 1 for partitions HashMap(dados-sensores-4 -> InitialFetchState(Some(bpNag2Q4SrSHzixJwrCS8Q),BrokerEndPoint(id=1, host=kafka-1:9092),0,0), dados-sensores-2 -> InitialFetchState(Some(bpNag2Q4SrSHzixJwrCS8Q),BrokerEndPoint(id=1, host=kafka-1:9092),0,0)) (kafka.server.ReplicaFetcherManager)
kafka-2-1  | 2026-09-25T22:48:52.720829052Z [2026-09-25 22:48:52,720] INFO [ReplicaFetcher replicaId=2, leaderId=3, fetcherId=0] Truncating partition dados-sensores-3 with TruncationState(offset=0, completed=true) due to local high watermark 0 (kafka.server.ReplicaFetcherThread)
kafka-2-1  | 2026-09-25T22:48:52.721223698Z [2026-09-25 22:48:52,718] INFO [ReplicaFetcherThread-0-1]: Starting (kafka.server.ReplicaFetcherThread)
kafka-2-1  | 2026-09-25T22:48:52.721485112Z [2026-09-25 22:48:52,721] INFO [UnifiedLog partition=dados-sensores-3, dir=/var/lib/kafka/data] Truncating to 0 has no effect as the largest offset in the log is -1 (kafka.log.UnifiedLog)
kafka-2-1  | 2026-09-25T22:48:52.722118685Z [2026-09-25 22:48:52,721] INFO [ReplicaFetcher replicaId=2, leaderId=1, fetcherId=0] Truncating partition dados-sensores-4 with TruncationState(offset=0, completed=true) due to local high watermark 0 (kafka.server.ReplicaFetcherThread)
kafka-2-1  | 2026-09-25T22:48:52.722666353Z [2026-09-25 22:48:52,722] INFO [UnifiedLog partition=dados-sensores-4, dir=/var/lib/kafka/data] Truncating to 0 has no effect as the largest offset in the log is -1 (kafka.log.UnifiedLog)
kafka-2-1  | 2026-09-25T22:48:52.723551473Z [2026-09-25 22:48:52,722] INFO [ReplicaFetcher replicaId=2, leaderId=1, fetcherId=0] Truncating partition dados-sensores-2 with TruncationState(offset=0, completed=true) due to local high watermark 0 (kafka.server.ReplicaFetcherThread)
kafka-2-1  | 2026-09-25T22:48:52.723571002Z [2026-09-25 22:48:52,723] INFO [UnifiedLog partition=dados-sensores-2, dir=/var/lib/kafka/data] Truncating to 0 has no effect as the largest offset in the log is -1 (kafka.log.UnifiedLog)
kafka-2-1  | 2026-09-25T22:48:52.754389165Z [2026-09-25 22:48:52,753] INFO [DynamicConfigPublisher broker id=2] Updating topic dados-sensores with new configuration : min.insync.replicas -> 2 (kafka.server.metadata.DynamicConfigPublisher)
kafka-2-1  | 2026-09-25T22:48:55.945577159Z [2026-09-25 22:48:55,945] INFO Sent auto-creation request for Set(__consumer_offsets) to the active controller. (kafka.server.DefaultAutoTopicCreationManager)
kafka-2-1  | 2026-09-25T22:48:55.954269105Z [2026-09-25 22:48:55,953] INFO [NodeToControllerChannelManager id=2 name=forwarding] Client requested disconnect from node 2 (org.apache.kafka.clients.NetworkClient)
kafka-2-1  | 2026-09-25T22:48:55.955015648Z [2026-09-25 22:48:55,954] INFO [broker-2-to-controller-forwarding-channel-manager]: Recorded new KRaft controller, from now on will use node kafka-1:9093 (id: 1 rack: null isFenced: false) (kafka.server.NodeToControllerRequestThread)
kafka-2-1  | 2026-09-25T22:48:56.273925359Z [2026-09-25 22:48:56,273] INFO [ReplicaFetcherManager on broker 2] Removed fetcher for partitions Set(__consumer_offsets-16, __consumer_offsets-13, __consumer_offsets-46, __consumer_offsets-44, __consumer_offsets-9, __consumer_offsets-41, __consumer_offsets-23, __consumer_offsets-20, __consumer_offsets-30, __consumer_offsets-27, __consumer_offsets-25, __consumer_offsets-8, __consumer_offsets-4, __consumer_offsets-36, __consumer_offsets-1, __consumer_offsets-34) (kafka.server.ReplicaFetcherManager)
kafka-2-1  | 2026-09-25T22:48:56.280700688Z [2026-09-25 22:48:56,279] INFO [LogLoader partition=__consumer_offsets-16, dir=/var/lib/kafka/data] Loading producer state till offset 0 (org.apache.kafka.storage.internals.log.UnifiedLog)
kafka-2-1  | 2026-09-25T22:48:56.283849264Z [2026-09-25 22:48:56,283] INFO Created log for partition __consumer_offsets-16 in /var/lib/kafka/data/__consumer_offsets-16 with properties {cleanup.policy=compact, compression.type="producer", segment.bytes=104857600} (kafka.log.LogManager)
kafka-2-1  | 2026-09-25T22:48:56.286253814Z [2026-09-25 22:48:56,285] INFO [Partition __consumer_offsets-16 broker=2] No checkpointed highwatermark is found for partition __consumer_offsets-16 (kafka.cluster.Partition)
kafka-2-1  | 2026-09-25T22:48:56.286273832Z [2026-09-25 22:48:56,285] INFO [Partition __consumer_offsets-16 broker=2] Log loaded for partition __consumer_offsets-16 with initial high watermark 0 (kafka.cluster.Partition)
kafka-2-1  | 2026-09-25T22:48:56.329843528Z [2026-09-25 22:48:56,329] INFO [LogLoader partition=__consumer_offsets-13, dir=/var/lib/kafka/data] Loading producer state till offset 0 (org.apache.kafka.storage.internals.log.UnifiedLog)
kafka-2-1  | 2026-09-25T22:48:56.331678323Z [2026-09-25 22:48:56,331] INFO Created log for partition __consumer_offsets-13 in /var/lib/kafka/data/__consumer_offsets-13 with properties {cleanup.policy=compact, compression.type="producer", segment.bytes=104857600} (kafka.log.LogManager)
kafka-2-1  | 2026-09-25T22:48:56.332308101Z [2026-09-25 22:48:56,331] INFO [Partition __consumer_offsets-13 broker=2] No checkpointed highwatermark is found for partition __consumer_offsets-13 (kafka.cluster.Partition)
kafka-2-1  | 2026-09-25T22:48:56.333944921Z [2026-09-25 22:48:56,332] INFO [Partition __consumer_offsets-13 broker=2] Log loaded for partition __consumer_offsets-13 with initial high watermark 0 (kafka.cluster.Partition)
kafka-2-1  | 2026-09-25T22:48:56.363887038Z [2026-09-25 22:48:56,362] INFO [LogLoader partition=__consumer_offsets-46, dir=/var/lib/kafka/data] Loading producer state till offset 0 (org.apache.kafka.storage.internals.log.UnifiedLog)
kafka-2-1  | 2026-09-25T22:48:56.365034748Z [2026-09-25 22:48:56,364] INFO Created log for partition __consumer_offsets-46 in /var/lib/kafka/data/__consumer_offsets-46 with properties {cleanup.policy=compact, compression.type="producer", segment.bytes=104857600} (kafka.log.LogManager)
kafka-2-1  | 2026-09-25T22:48:56.365351607Z [2026-09-25 22:48:56,365] INFO [Partition __consumer_offsets-46 broker=2] No checkpointed highwatermark is found for partition __consumer_offsets-46 (kafka.cluster.Partition)
kafka-2-1  | 2026-09-25T22:48:56.365977474Z [2026-09-25 22:48:56,365] INFO [Partition __consumer_offsets-46 broker=2] Log loaded for partition __consumer_offsets-46 with initial high watermark 0 (kafka.cluster.Partition)
kafka-2-1  | 2026-09-25T22:48:56.389690596Z [2026-09-25 22:48:56,385] INFO [LogLoader partition=__consumer_offsets-44, dir=/var/lib/kafka/data] Loading producer state till offset 0 (org.apache.kafka.storage.internals.log.UnifiedLog)
kafka-2-1  | 2026-09-25T22:48:56.389726302Z [2026-09-25 22:48:56,386] INFO Created log for partition __consumer_offsets-44 in /var/lib/kafka/data/__consumer_offsets-44 with properties {cleanup.policy=compact, compression.type="producer", segment.bytes=104857600} (kafka.log.LogManager)
kafka-2-1  | 2026-09-25T22:48:56.389730786Z [2026-09-25 22:48:56,387] INFO [Partition __consumer_offsets-44 broker=2] No checkpointed highwatermark is found for partition __consumer_offsets-44 (kafka.cluster.Partition)
kafka-2-1  | 2026-09-25T22:48:56.389733809Z [2026-09-25 22:48:56,387] INFO [Partition __consumer_offsets-44 broker=2] Log loaded for partition __consumer_offsets-44 with initial high watermark 0 (kafka.cluster.Partition)
kafka-2-1  | 2026-09-25T22:48:56.432882103Z [2026-09-25 22:48:56,432] INFO [LogLoader partition=__consumer_offsets-9, dir=/var/lib/kafka/data] Loading producer state till offset 0 (org.apache.kafka.storage.internals.log.UnifiedLog)
kafka-2-1  | 2026-09-25T22:48:56.434427526Z [2026-09-25 22:48:56,433] INFO Created log for partition __consumer_offsets-9 in /var/lib/kafka/data/__consumer_offsets-9 with properties {cleanup.policy=compact, compression.type="producer", segment.bytes=104857600} (kafka.log.LogManager)
kafka-2-1  | 2026-09-25T22:48:56.437828371Z [2026-09-25 22:48:56,437] INFO [Partition __consumer_offsets-9 broker=2] No checkpointed highwatermark is found for partition __consumer_offsets-9 (kafka.cluster.Partition)
kafka-2-1  | 2026-09-25T22:48:56.438338729Z [2026-09-25 22:48:56,437] INFO [Partition __consumer_offsets-9 broker=2] Log loaded for partition __consumer_offsets-9 with initial high watermark 0 (kafka.cluster.Partition)
kafka-2-1  | 2026-09-25T22:48:56.463176120Z [2026-09-25 22:48:56,462] INFO [LogLoader partition=__consumer_offsets-41, dir=/var/lib/kafka/data] Loading producer state till offset 0 (org.apache.kafka.storage.internals.log.UnifiedLog)
kafka-2-1  | 2026-09-25T22:48:56.468857626Z [2026-09-25 22:48:56,466] INFO Created log for partition __consumer_offsets-41 in /var/lib/kafka/data/__consumer_offsets-41 with properties {cleanup.policy=compact, compression.type="producer", segment.bytes=104857600} (kafka.log.LogManager)
kafka-2-1  | 2026-09-25T22:48:56.470355945Z [2026-09-25 22:48:56,468] INFO [Partition __consumer_offsets-41 broker=2] No checkpointed highwatermark is found for partition __consumer_offsets-41 (kafka.cluster.Partition)
kafka-2-1  | 2026-09-25T22:48:56.470395667Z [2026-09-25 22:48:56,469] INFO [Partition __consumer_offsets-41 broker=2] Log loaded for partition __consumer_offsets-41 with initial high watermark 0 (kafka.cluster.Partition)
kafka-2-1  | 2026-09-25T22:48:56.529446894Z [2026-09-25 22:48:56,519] INFO [LogLoader partition=__consumer_offsets-23, dir=/var/lib/kafka/data] Loading producer state till offset 0 (org.apache.kafka.storage.internals.log.UnifiedLog)
kafka-2-1  | 2026-09-25T22:48:56.529488064Z [2026-09-25 22:48:56,526] INFO Created log for partition __consumer_offsets-23 in /var/lib/kafka/data/__consumer_offsets-23 with properties {cleanup.policy=compact, compression.type="producer", segment.bytes=104857600} (kafka.log.LogManager)
kafka-2-1  | 2026-09-25T22:48:56.531037099Z [2026-09-25 22:48:56,529] INFO [Partition __consumer_offsets-23 broker=2] No checkpointed highwatermark is found for partition __consumer_offsets-23 (kafka.cluster.Partition)
kafka-2-1  | 2026-09-25T22:48:56.531734123Z [2026-09-25 22:48:56,530] INFO [Partition __consumer_offsets-23 broker=2] Log loaded for partition __consumer_offsets-23 with initial high watermark 0 (kafka.cluster.Partition)
kafka-2-1  | 2026-09-25T22:48:56.614269127Z [2026-09-25 22:48:56,608] INFO [LogLoader partition=__consumer_offsets-20, dir=/var/lib/kafka/data] Loading producer state till offset 0 (org.apache.kafka.storage.internals.log.UnifiedLog)
kafka-2-1  | 2026-09-25T22:48:56.614304377Z [2026-09-25 22:48:56,612] INFO Created log for partition __consumer_offsets-20 in /var/lib/kafka/data/__consumer_offsets-20 with properties {cleanup.policy=compact, compression.type="producer", segment.bytes=104857600} (kafka.log.LogManager)
kafka-2-1  | 2026-09-25T22:48:56.614312893Z [2026-09-25 22:48:56,613] INFO [Partition __consumer_offsets-20 broker=2] No checkpointed highwatermark is found for partition __consumer_offsets-20 (kafka.cluster.Partition)
kafka-2-1  | 2026-09-25T22:48:56.614848271Z [2026-09-25 22:48:56,614] INFO [Partition __consumer_offsets-20 broker=2] Log loaded for partition __consumer_offsets-20 with initial high watermark 0 (kafka.cluster.Partition)
kafka-2-1  | 2026-09-25T22:48:56.658101062Z [2026-09-25 22:48:56,657] INFO [LogLoader partition=__consumer_offsets-30, dir=/var/lib/kafka/data] Loading producer state till offset 0 (org.apache.kafka.storage.internals.log.UnifiedLog)
kafka-2-1  | 2026-09-25T22:48:56.660336332Z [2026-09-25 22:48:56,659] INFO Created log for partition __consumer_offsets-30 in /var/lib/kafka/data/__consumer_offsets-30 with properties {cleanup.policy=compact, compression.type="producer", segment.bytes=104857600} (kafka.log.LogManager)
kafka-2-1  | 2026-09-25T22:48:56.660640713Z [2026-09-25 22:48:56,660] INFO [Partition __consumer_offsets-30 broker=2] No checkpointed highwatermark is found for partition __consumer_offsets-30 (kafka.cluster.Partition)
kafka-2-1  | 2026-09-25T22:48:56.664092586Z [2026-09-25 22:48:56,660] INFO [Partition __consumer_offsets-30 broker=2] Log loaded for partition __consumer_offsets-30 with initial high watermark 0 (kafka.cluster.Partition)
kafka-2-1  | 2026-09-25T22:48:56.705728221Z [2026-09-25 22:48:56,705] INFO [LogLoader partition=__consumer_offsets-27, dir=/var/lib/kafka/data] Loading producer state till offset 0 (org.apache.kafka.storage.internals.log.UnifiedLog)
kafka-2-1  | 2026-09-25T22:48:56.719170585Z [2026-09-25 22:48:56,715] INFO Created log for partition __consumer_offsets-27 in /var/lib/kafka/data/__consumer_offsets-27 with properties {cleanup.policy=compact, compression.type="producer", segment.bytes=104857600} (kafka.log.LogManager)
kafka-2-1  | 2026-09-25T22:48:56.722746843Z [2026-09-25 22:48:56,722] INFO [Partition __consumer_offsets-27 broker=2] No checkpointed highwatermark is found for partition __consumer_offsets-27 (kafka.cluster.Partition)
kafka-2-1  | 2026-09-25T22:48:56.722774508Z [2026-09-25 22:48:56,722] INFO [Partition __consumer_offsets-27 broker=2] Log loaded for partition __consumer_offsets-27 with initial high watermark 0 (kafka.cluster.Partition)
kafka-2-1  | 2026-09-25T22:48:56.799265415Z [2026-09-25 22:48:56,796] INFO [LogLoader partition=__consumer_offsets-25, dir=/var/lib/kafka/data] Loading producer state till offset 0 (org.apache.kafka.storage.internals.log.UnifiedLog)
kafka-2-1  | 2026-09-25T22:48:56.813604135Z [2026-09-25 22:48:56,809] INFO Created log for partition __consumer_offsets-25 in /var/lib/kafka/data/__consumer_offsets-25 with properties {cleanup.policy=compact, compression.type="producer", segment.bytes=104857600} (kafka.log.LogManager)
kafka-2-1  | 2026-09-25T22:48:56.813658439Z [2026-09-25 22:48:56,809] INFO [Partition __consumer_offsets-25 broker=2] No checkpointed highwatermark is found for partition __consumer_offsets-25 (kafka.cluster.Partition)
kafka-2-1  | 2026-09-25T22:48:56.813662566Z [2026-09-25 22:48:56,810] INFO [Partition __consumer_offsets-25 broker=2] Log loaded for partition __consumer_offsets-25 with initial high watermark 0 (kafka.cluster.Partition)
kafka-2-1  | 2026-09-25T22:48:56.874866404Z [2026-09-25 22:48:56,874] INFO [LogLoader partition=__consumer_offsets-8, dir=/var/lib/kafka/data] Loading producer state till offset 0 (org.apache.kafka.storage.internals.log.UnifiedLog)
kafka-2-1  | 2026-09-25T22:48:56.877453928Z [2026-09-25 22:48:56,876] INFO Created log for partition __consumer_offsets-8 in /var/lib/kafka/data/__consumer_offsets-8 with properties {cleanup.policy=compact, compression.type="producer", segment.bytes=104857600} (kafka.log.LogManager)
kafka-2-1  | 2026-09-25T22:48:56.877528790Z [2026-09-25 22:48:56,877] INFO [Partition __consumer_offsets-8 broker=2] No checkpointed highwatermark is found for partition __consumer_offsets-8 (kafka.cluster.Partition)
kafka-2-1  | 2026-09-25T22:48:56.879429174Z [2026-09-25 22:48:56,877] INFO [Partition __consumer_offsets-8 broker=2] Log loaded for partition __consumer_offsets-8 with initial high watermark 0 (kafka.cluster.Partition)
kafka-2-1  | 2026-09-25T22:48:57.074635659Z [2026-09-25 22:48:57,073] INFO [LogLoader partition=__consumer_offsets-4, dir=/var/lib/kafka/data] Loading producer state till offset 0 (org.apache.kafka.storage.internals.log.UnifiedLog)
kafka-2-1  | 2026-09-25T22:48:57.076604265Z [2026-09-25 22:48:57,076] INFO Created log for partition __consumer_offsets-4 in /var/lib/kafka/data/__consumer_offsets-4 with properties {cleanup.policy=compact, compression.type="producer", segment.bytes=104857600} (kafka.log.LogManager)
kafka-2-1  | 2026-09-25T22:48:57.078032615Z [2026-09-25 22:48:57,077] INFO [Partition __consumer_offsets-4 broker=2] No checkpointed highwatermark is found for partition __consumer_offsets-4 (kafka.cluster.Partition)
kafka-2-1  | 2026-09-25T22:48:57.078738458Z [2026-09-25 22:48:57,077] INFO [Partition __consumer_offsets-4 broker=2] Log loaded for partition __consumer_offsets-4 with initial high watermark 0 (kafka.cluster.Partition)
kafka-2-1  | 2026-09-25T22:48:57.150646180Z [2026-09-25 22:48:57,149] INFO [LogLoader partition=__consumer_offsets-36, dir=/var/lib/kafka/data] Loading producer state till offset 0 (org.apache.kafka.storage.internals.log.UnifiedLog)
kafka-2-1  | 2026-09-25T22:48:57.152744153Z [2026-09-25 22:48:57,151] INFO Created log for partition __consumer_offsets-36 in /var/lib/kafka/data/__consumer_offsets-36 with properties {cleanup.policy=compact, compression.type="producer", segment.bytes=104857600} (kafka.log.LogManager)
kafka-2-1  | 2026-09-25T22:48:57.152899906Z [2026-09-25 22:48:57,152] INFO [Partition __consumer_offsets-36 broker=2] No checkpointed highwatermark is found for partition __consumer_offsets-36 (kafka.cluster.Partition)
kafka-2-1  | 2026-09-25T22:48:57.154242405Z [2026-09-25 22:48:57,153] INFO [Partition __consumer_offsets-36 broker=2] Log loaded for partition __consumer_offsets-36 with initial high watermark 0 (kafka.cluster.Partition)
kafka-2-1  | 2026-09-25T22:48:57.195424158Z [2026-09-25 22:48:57,194] INFO [LogLoader partition=__consumer_offsets-1, dir=/var/lib/kafka/data] Loading producer state till offset 0 (org.apache.kafka.storage.internals.log.UnifiedLog)
kafka-2-1  | 2026-09-25T22:48:57.198776647Z [2026-09-25 22:48:57,198] INFO Created log for partition __consumer_offsets-1 in /var/lib/kafka/data/__consumer_offsets-1 with properties {cleanup.policy=compact, compression.type="producer", segment.bytes=104857600} (kafka.log.LogManager)
kafka-2-1  | 2026-09-25T22:48:57.199687242Z [2026-09-25 22:48:57,198] INFO [Partition __consumer_offsets-1 broker=2] No checkpointed highwatermark is found for partition __consumer_offsets-1 (kafka.cluster.Partition)
kafka-2-1  | 2026-09-25T22:48:57.201560904Z [2026-09-25 22:48:57,201] INFO [Partition __consumer_offsets-1 broker=2] Log loaded for partition __consumer_offsets-1 with initial high watermark 0 (kafka.cluster.Partition)
kafka-2-1  | 2026-09-25T22:48:57.240097452Z [2026-09-25 22:48:57,239] INFO [LogLoader partition=__consumer_offsets-34, dir=/var/lib/kafka/data] Loading producer state till offset 0 (org.apache.kafka.storage.internals.log.UnifiedLog)
kafka-2-1  | 2026-09-25T22:48:57.241735989Z [2026-09-25 22:48:57,241] INFO Created log for partition __consumer_offsets-34 in /var/lib/kafka/data/__consumer_offsets-34 with properties {cleanup.policy=compact, compression.type="producer", segment.bytes=104857600} (kafka.log.LogManager)
kafka-2-1  | 2026-09-25T22:48:57.242123489Z [2026-09-25 22:48:57,241] INFO [Partition __consumer_offsets-34 broker=2] No checkpointed highwatermark is found for partition __consumer_offsets-34 (kafka.cluster.Partition)
kafka-2-1  | 2026-09-25T22:48:57.242663410Z [2026-09-25 22:48:57,242] INFO [Partition __consumer_offsets-34 broker=2] Log loaded for partition __consumer_offsets-34 with initial high watermark 0 (kafka.cluster.Partition)
kafka-2-1  | 2026-09-25T22:48:57.311333078Z [2026-09-25 22:48:57,310] INFO [LogLoader partition=__consumer_offsets-15, dir=/var/lib/kafka/data] Loading producer state till offset 0 (org.apache.kafka.storage.internals.log.UnifiedLog)
kafka-2-1  | 2026-09-25T22:48:57.313178355Z [2026-09-25 22:48:57,312] INFO Created log for partition __consumer_offsets-15 in /var/lib/kafka/data/__consumer_offsets-15 with properties {cleanup.policy=compact, compression.type="producer", segment.bytes=104857600} (kafka.log.LogManager)
kafka-2-1  | 2026-09-25T22:48:57.314840596Z [2026-09-25 22:48:57,314] INFO [Partition __consumer_offsets-15 broker=2] No checkpointed highwatermark is found for partition __consumer_offsets-15 (kafka.cluster.Partition)
kafka-2-1  | 2026-09-25T22:48:57.315251381Z [2026-09-25 22:48:57,314] INFO [Partition __consumer_offsets-15 broker=2] Log loaded for partition __consumer_offsets-15 with initial high watermark 0 (kafka.cluster.Partition)
kafka-2-1  | 2026-09-25T22:48:57.322043396Z [2026-09-25 22:48:57,321] INFO [LogLoader partition=__consumer_offsets-48, dir=/var/lib/kafka/data] Loading producer state till offset 0 (org.apache.kafka.storage.internals.log.UnifiedLog)
kafka-2-1  | 2026-09-25T22:48:57.324180454Z [2026-09-25 22:48:57,323] INFO Created log for partition __consumer_offsets-48 in /var/lib/kafka/data/__consumer_offsets-48 with properties {cleanup.policy=compact, compression.type="producer", segment.bytes=104857600} (kafka.log.LogManager)
kafka-2-1  | 2026-09-25T22:48:57.324968681Z [2026-09-25 22:48:57,324] INFO [Partition __consumer_offsets-48 broker=2] No checkpointed highwatermark is found for partition __consumer_offsets-48 (kafka.cluster.Partition)
kafka-2-1  | 2026-09-25T22:48:57.325595291Z [2026-09-25 22:48:57,325] INFO [Partition __consumer_offsets-48 broker=2] Log loaded for partition __consumer_offsets-48 with initial high watermark 0 (kafka.cluster.Partition)
kafka-2-1  | 2026-09-25T22:48:57.333199046Z [2026-09-25 22:48:57,332] INFO [LogLoader partition=__consumer_offsets-11, dir=/var/lib/kafka/data] Loading producer state till offset 0 (org.apache.kafka.storage.internals.log.UnifiedLog)
kafka-2-1  | 2026-09-25T22:48:57.335679463Z [2026-09-25 22:48:57,335] INFO Created log for partition __consumer_offsets-11 in /var/lib/kafka/data/__consumer_offsets-11 with properties {cleanup.policy=compact, compression.type="producer", segment.bytes=104857600} (kafka.log.LogManager)
kafka-2-1  | 2026-09-25T22:48:57.337042522Z [2026-09-25 22:48:57,336] INFO [Partition __consumer_offsets-11 broker=2] No checkpointed highwatermark is found for partition __consumer_offsets-11 (kafka.cluster.Partition)
kafka-2-1  | 2026-09-25T22:48:57.337479069Z [2026-09-25 22:48:57,337] INFO [Partition __consumer_offsets-11 broker=2] Log loaded for partition __consumer_offsets-11 with initial high watermark 0 (kafka.cluster.Partition)
kafka-2-1  | 2026-09-25T22:48:57.353947801Z [2026-09-25 22:48:57,350] INFO [LogLoader partition=__consumer_offsets-42, dir=/var/lib/kafka/data] Loading producer state till offset 0 (org.apache.kafka.storage.internals.log.UnifiedLog)
kafka-2-1  | 2026-09-25T22:48:57.355510791Z [2026-09-25 22:48:57,355] INFO Created log for partition __consumer_offsets-42 in /var/lib/kafka/data/__consumer_offsets-42 with properties {cleanup.policy=compact, compression.type="producer", segment.bytes=104857600} (kafka.log.LogManager)
kafka-2-1  | 2026-09-25T22:48:57.356463272Z [2026-09-25 22:48:57,356] INFO [Partition __consumer_offsets-42 broker=2] No checkpointed highwatermark is found for partition __consumer_offsets-42 (kafka.cluster.Partition)
kafka-2-1  | 2026-09-25T22:48:57.359466494Z [2026-09-25 22:48:57,358] INFO [Partition __consumer_offsets-42 broker=2] Log loaded for partition __consumer_offsets-42 with initial high watermark 0 (kafka.cluster.Partition)
kafka-2-1  | 2026-09-25T22:48:57.368394022Z [2026-09-25 22:48:57,368] INFO [LogLoader partition=__consumer_offsets-21, dir=/var/lib/kafka/data] Loading producer state till offset 0 (org.apache.kafka.storage.internals.log.UnifiedLog)
kafka-2-1  | 2026-09-25T22:48:57.378550697Z [2026-09-25 22:48:57,377] INFO Created log for partition __consumer_offsets-21 in /var/lib/kafka/data/__consumer_offsets-21 with properties {cleanup.policy=compact, compression.type="producer", segment.bytes=104857600} (kafka.log.LogManager)
kafka-2-1  | 2026-09-25T22:48:57.378573562Z [2026-09-25 22:48:57,377] INFO [Partition __consumer_offsets-21 broker=2] No checkpointed highwatermark is found for partition __consumer_offsets-21 (kafka.cluster.Partition)
kafka-2-1  | 2026-09-25T22:48:57.378577207Z [2026-09-25 22:48:57,378] INFO [Partition __consumer_offsets-21 broker=2] Log loaded for partition __consumer_offsets-21 with initial high watermark 0 (kafka.cluster.Partition)
kafka-2-1  | 2026-09-25T22:48:57.394555624Z [2026-09-25 22:48:57,393] INFO [LogLoader partition=__consumer_offsets-19, dir=/var/lib/kafka/data] Loading producer state till offset 0 (org.apache.kafka.storage.internals.log.UnifiedLog)
kafka-2-1  | 2026-09-25T22:48:57.399552567Z [2026-09-25 22:48:57,398] INFO Created log for partition __consumer_offsets-19 in /var/lib/kafka/data/__consumer_offsets-19 with properties {cleanup.policy=compact, compression.type="producer", segment.bytes=104857600} (kafka.log.LogManager)
kafka-2-1  | 2026-09-25T22:48:57.400065466Z [2026-09-25 22:48:57,399] INFO [Partition __consumer_offsets-19 broker=2] No checkpointed highwatermark is found for partition __consumer_offsets-19 (kafka.cluster.Partition)
kafka-2-1  | 2026-09-25T22:48:57.400630732Z [2026-09-25 22:48:57,400] INFO [Partition __consumer_offsets-19 broker=2] Log loaded for partition __consumer_offsets-19 with initial high watermark 0 (kafka.cluster.Partition)
kafka-2-1  | 2026-09-25T22:48:57.417165697Z [2026-09-25 22:48:57,416] INFO [LogLoader partition=__consumer_offsets-17, dir=/var/lib/kafka/data] Loading producer state till offset 0 (org.apache.kafka.storage.internals.log.UnifiedLog)
kafka-2-1  | 2026-09-25T22:48:57.419405002Z [2026-09-25 22:48:57,418] INFO Created log for partition __consumer_offsets-17 in /var/lib/kafka/data/__consumer_offsets-17 with properties {cleanup.policy=compact, compression.type="producer", segment.bytes=104857600} (kafka.log.LogManager)
kafka-2-1  | 2026-09-25T22:48:57.419457333Z [2026-09-25 22:48:57,419] INFO [Partition __consumer_offsets-17 broker=2] No checkpointed highwatermark is found for partition __consumer_offsets-17 (kafka.cluster.Partition)
kafka-2-1  | 2026-09-25T22:48:57.420563601Z [2026-09-25 22:48:57,419] INFO [Partition __consumer_offsets-17 broker=2] Log loaded for partition __consumer_offsets-17 with initial high watermark 0 (kafka.cluster.Partition)
kafka-2-1  | 2026-09-25T22:48:57.430354390Z [2026-09-25 22:48:57,429] INFO [LogLoader partition=__consumer_offsets-32, dir=/var/lib/kafka/data] Loading producer state till offset 0 (org.apache.kafka.storage.internals.log.UnifiedLog)
kafka-2-1  | 2026-09-25T22:48:57.433170133Z [2026-09-25 22:48:57,432] INFO Created log for partition __consumer_offsets-32 in /var/lib/kafka/data/__consumer_offsets-32 with properties {cleanup.policy=compact, compression.type="producer", segment.bytes=104857600} (kafka.log.LogManager)
kafka-2-1  | 2026-09-25T22:48:57.433887257Z [2026-09-25 22:48:57,433] INFO [Partition __consumer_offsets-32 broker=2] No checkpointed highwatermark is found for partition __consumer_offsets-32 (kafka.cluster.Partition)
kafka-2-1  | 2026-09-25T22:48:57.434404172Z [2026-09-25 22:48:57,434] INFO [Partition __consumer_offsets-32 broker=2] Log loaded for partition __consumer_offsets-32 with initial high watermark 0 (kafka.cluster.Partition)
kafka-2-1  | 2026-09-25T22:48:57.446187584Z [2026-09-25 22:48:57,445] INFO [LogLoader partition=__consumer_offsets-28, dir=/var/lib/kafka/data] Loading producer state till offset 0 (org.apache.kafka.storage.internals.log.UnifiedLog)
kafka-2-1  | 2026-09-25T22:48:57.448083183Z [2026-09-25 22:48:57,447] INFO Created log for partition __consumer_offsets-28 in /var/lib/kafka/data/__consumer_offsets-28 with properties {cleanup.policy=compact, compression.type="producer", segment.bytes=104857600} (kafka.log.LogManager)
kafka-2-1  | 2026-09-25T22:48:57.449464539Z [2026-09-25 22:48:57,449] INFO [Partition __consumer_offsets-28 broker=2] No checkpointed highwatermark is found for partition __consumer_offsets-28 (kafka.cluster.Partition)
kafka-2-1  | 2026-09-25T22:48:57.450712027Z [2026-09-25 22:48:57,450] INFO [Partition __consumer_offsets-28 broker=2] Log loaded for partition __consumer_offsets-28 with initial high watermark 0 (kafka.cluster.Partition)
kafka-2-1  | 2026-09-25T22:48:57.456979575Z [2026-09-25 22:48:57,456] INFO [LogLoader partition=__consumer_offsets-26, dir=/var/lib/kafka/data] Loading producer state till offset 0 (org.apache.kafka.storage.internals.log.UnifiedLog)
kafka-2-1  | 2026-09-25T22:48:57.458799755Z [2026-09-25 22:48:57,458] INFO Created log for partition __consumer_offsets-26 in /var/lib/kafka/data/__consumer_offsets-26 with properties {cleanup.policy=compact, compression.type="producer", segment.bytes=104857600} (kafka.log.LogManager)
kafka-2-1  | 2026-09-25T22:48:57.458828291Z [2026-09-25 22:48:57,458] INFO [Partition __consumer_offsets-26 broker=2] No checkpointed highwatermark is found for partition __consumer_offsets-26 (kafka.cluster.Partition)
kafka-2-1  | 2026-09-25T22:48:57.459472478Z [2026-09-25 22:48:57,458] INFO [Partition __consumer_offsets-26 broker=2] Log loaded for partition __consumer_offsets-26 with initial high watermark 0 (kafka.cluster.Partition)
kafka-2-1  | 2026-09-25T22:48:57.463590522Z [2026-09-25 22:48:57,463] INFO [LogLoader partition=__consumer_offsets-7, dir=/var/lib/kafka/data] Loading producer state till offset 0 (org.apache.kafka.storage.internals.log.UnifiedLog)
kafka-2-1  | 2026-09-25T22:48:57.464315746Z [2026-09-25 22:48:57,463] INFO Created log for partition __consumer_offsets-7 in /var/lib/kafka/data/__consumer_offsets-7 with properties {cleanup.policy=compact, compression.type="producer", segment.bytes=104857600} (kafka.log.LogManager)
kafka-2-1  | 2026-09-25T22:48:57.464498228Z [2026-09-25 22:48:57,464] INFO [Partition __consumer_offsets-7 broker=2] No checkpointed highwatermark is found for partition __consumer_offsets-7 (kafka.cluster.Partition)
kafka-2-1  | 2026-09-25T22:48:57.464819492Z [2026-09-25 22:48:57,464] INFO [Partition __consumer_offsets-7 broker=2] Log loaded for partition __consumer_offsets-7 with initial high watermark 0 (kafka.cluster.Partition)
kafka-2-1  | 2026-09-25T22:48:57.468857324Z [2026-09-25 22:48:57,468] INFO [LogLoader partition=__consumer_offsets-40, dir=/var/lib/kafka/data] Loading producer state till offset 0 (org.apache.kafka.storage.internals.log.UnifiedLog)
kafka-2-1  | 2026-09-25T22:48:57.470502873Z [2026-09-25 22:48:57,469] INFO Created log for partition __consumer_offsets-40 in /var/lib/kafka/data/__consumer_offsets-40 with properties {cleanup.policy=compact, compression.type="producer", segment.bytes=104857600} (kafka.log.LogManager)
kafka-2-1  | 2026-09-25T22:48:57.470616122Z [2026-09-25 22:48:57,470] INFO [Partition __consumer_offsets-40 broker=2] No checkpointed highwatermark is found for partition __consumer_offsets-40 (kafka.cluster.Partition)
kafka-2-1  | 2026-09-25T22:48:57.470942810Z [2026-09-25 22:48:57,470] INFO [Partition __consumer_offsets-40 broker=2] Log loaded for partition __consumer_offsets-40 with initial high watermark 0 (kafka.cluster.Partition)
kafka-2-1  | 2026-09-25T22:48:57.478189806Z [2026-09-25 22:48:57,477] INFO [LogLoader partition=__consumer_offsets-5, dir=/var/lib/kafka/data] Loading producer state till offset 0 (org.apache.kafka.storage.internals.log.UnifiedLog)
kafka-2-1  | 2026-09-25T22:48:57.485678539Z [2026-09-25 22:48:57,480] INFO Created log for partition __consumer_offsets-5 in /var/lib/kafka/data/__consumer_offsets-5 with properties {cleanup.policy=compact, compression.type="producer", segment.bytes=104857600} (kafka.log.LogManager)
kafka-2-1  | 2026-09-25T22:48:57.485736747Z [2026-09-25 22:48:57,481] INFO [Partition __consumer_offsets-5 broker=2] No checkpointed highwatermark is found for partition __consumer_offsets-5 (kafka.cluster.Partition)
kafka-2-1  | 2026-09-25T22:48:57.485743429Z [2026-09-25 22:48:57,483] INFO [Partition __consumer_offsets-5 broker=2] Log loaded for partition __consumer_offsets-5 with initial high watermark 0 (kafka.cluster.Partition)
kafka-2-1  | 2026-09-25T22:48:57.495884133Z [2026-09-25 22:48:57,495] INFO [LogLoader partition=__consumer_offsets-38, dir=/var/lib/kafka/data] Loading producer state till offset 0 (org.apache.kafka.storage.internals.log.UnifiedLog)
kafka-2-1  | 2026-09-25T22:48:57.497784416Z [2026-09-25 22:48:57,497] INFO Created log for partition __consumer_offsets-38 in /var/lib/kafka/data/__consumer_offsets-38 with properties {cleanup.policy=compact, compression.type="producer", segment.bytes=104857600} (kafka.log.LogManager)
kafka-2-1  | 2026-09-25T22:48:57.498415628Z [2026-09-25 22:48:57,498] INFO [Partition __consumer_offsets-38 broker=2] No checkpointed highwatermark is found for partition __consumer_offsets-38 (kafka.cluster.Partition)
kafka-2-1  | 2026-09-25T22:48:57.498816941Z [2026-09-25 22:48:57,498] INFO [Partition __consumer_offsets-38 broker=2] Log loaded for partition __consumer_offsets-38 with initial high watermark 0 (kafka.cluster.Partition)
kafka-2-1  | 2026-09-25T22:48:57.519899340Z [2026-09-25 22:48:57,519] INFO [LogLoader partition=__consumer_offsets-3, dir=/var/lib/kafka/data] Loading producer state till offset 0 (org.apache.kafka.storage.internals.log.UnifiedLog)
kafka-2-1  | 2026-09-25T22:48:57.521311688Z [2026-09-25 22:48:57,520] INFO Created log for partition __consumer_offsets-3 in /var/lib/kafka/data/__consumer_offsets-3 with properties {cleanup.policy=compact, compression.type="producer", segment.bytes=104857600} (kafka.log.LogManager)
kafka-2-1  | 2026-09-25T22:48:57.521731487Z [2026-09-25 22:48:57,521] INFO [Partition __consumer_offsets-3 broker=2] No checkpointed highwatermark is found for partition __consumer_offsets-3 (kafka.cluster.Partition)
kafka-2-1  | 2026-09-25T22:48:57.522193678Z [2026-09-25 22:48:57,521] INFO [Partition __consumer_offsets-3 broker=2] Log loaded for partition __consumer_offsets-3 with initial high watermark 0 (kafka.cluster.Partition)
kafka-2-1  | 2026-09-25T22:48:57.531734336Z [2026-09-25 22:48:57,531] INFO [LogLoader partition=__consumer_offsets-47, dir=/var/lib/kafka/data] Loading producer state till offset 0 (org.apache.kafka.storage.internals.log.UnifiedLog)
kafka-2-1  | 2026-09-25T22:48:57.534382667Z [2026-09-25 22:48:57,533] INFO Created log for partition __consumer_offsets-47 in /var/lib/kafka/data/__consumer_offsets-47 with properties {cleanup.policy=compact, compression.type="producer", segment.bytes=104857600} (kafka.log.LogManager)
kafka-2-1  | 2026-09-25T22:48:57.534781161Z [2026-09-25 22:48:57,534] INFO [Partition __consumer_offsets-47 broker=2] No checkpointed highwatermark is found for partition __consumer_offsets-47 (kafka.cluster.Partition)
kafka-2-1  | 2026-09-25T22:48:57.535158851Z [2026-09-25 22:48:57,534] INFO [Partition __consumer_offsets-47 broker=2] Log loaded for partition __consumer_offsets-47 with initial high watermark 0 (kafka.cluster.Partition)
kafka-2-1  | 2026-09-25T22:48:57.551144490Z [2026-09-25 22:48:57,550] INFO [LogLoader partition=__consumer_offsets-45, dir=/var/lib/kafka/data] Loading producer state till offset 0 (org.apache.kafka.storage.internals.log.UnifiedLog)
kafka-2-1  | 2026-09-25T22:48:57.554238993Z [2026-09-25 22:48:57,553] INFO Created log for partition __consumer_offsets-45 in /var/lib/kafka/data/__consumer_offsets-45 with properties {cleanup.policy=compact, compression.type="producer", segment.bytes=104857600} (kafka.log.LogManager)
kafka-2-1  | 2026-09-25T22:48:57.555874977Z [2026-09-25 22:48:57,554] INFO [Partition __consumer_offsets-45 broker=2] No checkpointed highwatermark is found for partition __consumer_offsets-45 (kafka.cluster.Partition)
kafka-2-1  | 2026-09-25T22:48:57.556859927Z [2026-09-25 22:48:57,556] INFO [Partition __consumer_offsets-45 broker=2] Log loaded for partition __consumer_offsets-45 with initial high watermark 0 (kafka.cluster.Partition)
kafka-2-1  | 2026-09-25T22:48:57.566299288Z [2026-09-25 22:48:57,565] INFO [LogLoader partition=__consumer_offsets-14, dir=/var/lib/kafka/data] Loading producer state till offset 0 (org.apache.kafka.storage.internals.log.UnifiedLog)
kafka-2-1  | 2026-09-25T22:48:57.568493697Z [2026-09-25 22:48:57,567] INFO Created log for partition __consumer_offsets-14 in /var/lib/kafka/data/__consumer_offsets-14 with properties {cleanup.policy=compact, compression.type="producer", segment.bytes=104857600} (kafka.log.LogManager)
kafka-2-1  | 2026-09-25T22:48:57.568689935Z [2026-09-25 22:48:57,568] INFO [Partition __consumer_offsets-14 broker=2] No checkpointed highwatermark is found for partition __consumer_offsets-14 (kafka.cluster.Partition)
kafka-2-1  | 2026-09-25T22:48:57.569173437Z [2026-09-25 22:48:57,568] INFO [Partition __consumer_offsets-14 broker=2] Log loaded for partition __consumer_offsets-14 with initial high watermark 0 (kafka.cluster.Partition)
kafka-2-1  | 2026-09-25T22:48:57.577213804Z [2026-09-25 22:48:57,576] INFO [LogLoader partition=__consumer_offsets-43, dir=/var/lib/kafka/data] Loading producer state till offset 0 (org.apache.kafka.storage.internals.log.UnifiedLog)
kafka-2-1  | 2026-09-25T22:48:57.578596628Z [2026-09-25 22:48:57,578] INFO Created log for partition __consumer_offsets-43 in /var/lib/kafka/data/__consumer_offsets-43 with properties {cleanup.policy=compact, compression.type="producer", segment.bytes=104857600} (kafka.log.LogManager)
kafka-2-1  | 2026-09-25T22:48:57.579897123Z [2026-09-25 22:48:57,579] INFO [Partition __consumer_offsets-43 broker=2] No checkpointed highwatermark is found for partition __consumer_offsets-43 (kafka.cluster.Partition)
kafka-2-1  | 2026-09-25T22:48:57.580489026Z [2026-09-25 22:48:57,580] INFO [Partition __consumer_offsets-43 broker=2] Log loaded for partition __consumer_offsets-43 with initial high watermark 0 (kafka.cluster.Partition)
kafka-2-1  | 2026-09-25T22:48:57.596038160Z [2026-09-25 22:48:57,595] INFO [LogLoader partition=__consumer_offsets-12, dir=/var/lib/kafka/data] Loading producer state till offset 0 (org.apache.kafka.storage.internals.log.UnifiedLog)
kafka-2-1  | 2026-09-25T22:48:57.599857610Z [2026-09-25 22:48:57,597] INFO Created log for partition __consumer_offsets-12 in /var/lib/kafka/data/__consumer_offsets-12 with properties {cleanup.policy=compact, compression.type="producer", segment.bytes=104857600} (kafka.log.LogManager)
kafka-2-1  | 2026-09-25T22:48:57.599891275Z [2026-09-25 22:48:57,597] INFO [Partition __consumer_offsets-12 broker=2] No checkpointed highwatermark is found for partition __consumer_offsets-12 (kafka.cluster.Partition)
kafka-2-1  | 2026-09-25T22:48:57.599895361Z [2026-09-25 22:48:57,598] INFO [Partition __consumer_offsets-12 broker=2] Log loaded for partition __consumer_offsets-12 with initial high watermark 0 (kafka.cluster.Partition)
kafka-2-1  | 2026-09-25T22:48:57.611769620Z [2026-09-25 22:48:57,611] INFO [LogLoader partition=__consumer_offsets-10, dir=/var/lib/kafka/data] Loading producer state till offset 0 (org.apache.kafka.storage.internals.log.UnifiedLog)
kafka-2-1  | 2026-09-25T22:48:57.614135086Z [2026-09-25 22:48:57,613] INFO Created log for partition __consumer_offsets-10 in /var/lib/kafka/data/__consumer_offsets-10 with properties {cleanup.policy=compact, compression.type="producer", segment.bytes=104857600} (kafka.log.LogManager)
kafka-2-1  | 2026-09-25T22:48:57.614759867Z [2026-09-25 22:48:57,614] INFO [Partition __consumer_offsets-10 broker=2] No checkpointed highwatermark is found for partition __consumer_offsets-10 (kafka.cluster.Partition)
kafka-2-1  | 2026-09-25T22:48:57.615428288Z [2026-09-25 22:48:57,615] INFO [Partition __consumer_offsets-10 broker=2] Log loaded for partition __consumer_offsets-10 with initial high watermark 0 (kafka.cluster.Partition)
kafka-2-1  | 2026-09-25T22:48:57.624084410Z [2026-09-25 22:48:57,623] INFO [LogLoader partition=__consumer_offsets-24, dir=/var/lib/kafka/data] Loading producer state till offset 0 (org.apache.kafka.storage.internals.log.UnifiedLog)
kafka-2-1  | 2026-09-25T22:48:57.629098395Z [2026-09-25 22:48:57,628] INFO Created log for partition __consumer_offsets-24 in /var/lib/kafka/data/__consumer_offsets-24 with properties {cleanup.policy=compact, compression.type="producer", segment.bytes=104857600} (kafka.log.LogManager)
kafka-2-1  | 2026-09-25T22:48:57.629891422Z [2026-09-25 22:48:57,629] INFO [Partition __consumer_offsets-24 broker=2] No checkpointed highwatermark is found for partition __consumer_offsets-24 (kafka.cluster.Partition)
kafka-2-1  | 2026-09-25T22:48:57.632458746Z [2026-09-25 22:48:57,630] INFO [Partition __consumer_offsets-24 broker=2] Log loaded for partition __consumer_offsets-24 with initial high watermark 0 (kafka.cluster.Partition)
kafka-2-1  | 2026-09-25T22:48:57.638153275Z [2026-09-25 22:48:57,637] INFO [LogLoader partition=__consumer_offsets-22, dir=/var/lib/kafka/data] Loading producer state till offset 0 (org.apache.kafka.storage.internals.log.UnifiedLog)
kafka-2-1  | 2026-09-25T22:48:57.639554772Z [2026-09-25 22:48:57,639] INFO Created log for partition __consumer_offsets-22 in /var/lib/kafka/data/__consumer_offsets-22 with properties {cleanup.policy=compact, compression.type="producer", segment.bytes=104857600} (kafka.log.LogManager)
kafka-2-1  | 2026-09-25T22:48:57.639789242Z [2026-09-25 22:48:57,639] INFO [Partition __consumer_offsets-22 broker=2] No checkpointed highwatermark is found for partition __consumer_offsets-22 (kafka.cluster.Partition)
kafka-2-1  | 2026-09-25T22:48:57.640146782Z [2026-09-25 22:48:57,640] INFO [Partition __consumer_offsets-22 broker=2] Log loaded for partition __consumer_offsets-22 with initial high watermark 0 (kafka.cluster.Partition)
kafka-2-1  | 2026-09-25T22:48:57.649589756Z [2026-09-25 22:48:57,647] INFO [LogLoader partition=__consumer_offsets-49, dir=/var/lib/kafka/data] Loading producer state till offset 0 (org.apache.kafka.storage.internals.log.UnifiedLog)
kafka-2-1  | 2026-09-25T22:48:57.649619355Z [2026-09-25 22:48:57,648] INFO Created log for partition __consumer_offsets-49 in /var/lib/kafka/data/__consumer_offsets-49 with properties {cleanup.policy=compact, compression.type="producer", segment.bytes=104857600} (kafka.log.LogManager)
kafka-2-1  | 2026-09-25T22:48:57.649983518Z [2026-09-25 22:48:57,649] INFO [Partition __consumer_offsets-49 broker=2] No checkpointed highwatermark is found for partition __consumer_offsets-49 (kafka.cluster.Partition)
kafka-2-1  | 2026-09-25T22:48:57.650517230Z [2026-09-25 22:48:57,650] INFO [Partition __consumer_offsets-49 broker=2] Log loaded for partition __consumer_offsets-49 with initial high watermark 0 (kafka.cluster.Partition)
kafka-2-1  | 2026-09-25T22:48:57.660122223Z [2026-09-25 22:48:57,654] INFO [LogLoader partition=__consumer_offsets-18, dir=/var/lib/kafka/data] Loading producer state till offset 0 (org.apache.kafka.storage.internals.log.UnifiedLog)
kafka-2-1  | 2026-09-25T22:48:57.660158183Z [2026-09-25 22:48:57,656] INFO Created log for partition __consumer_offsets-18 in /var/lib/kafka/data/__consumer_offsets-18 with properties {cleanup.policy=compact, compression.type="producer", segment.bytes=104857600} (kafka.log.LogManager)
kafka-2-1  | 2026-09-25T22:48:57.660163475Z [2026-09-25 22:48:57,656] INFO [Partition __consumer_offsets-18 broker=2] No checkpointed highwatermark is found for partition __consumer_offsets-18 (kafka.cluster.Partition)
kafka-2-1  | 2026-09-25T22:48:57.660167267Z [2026-09-25 22:48:57,656] INFO [Partition __consumer_offsets-18 broker=2] Log loaded for partition __consumer_offsets-18 with initial high watermark 0 (kafka.cluster.Partition)
kafka-2-1  | 2026-09-25T22:48:57.664150565Z [2026-09-25 22:48:57,663] INFO [LogLoader partition=__consumer_offsets-31, dir=/var/lib/kafka/data] Loading producer state till offset 0 (org.apache.kafka.storage.internals.log.UnifiedLog)
kafka-2-1  | 2026-09-25T22:48:57.665790507Z [2026-09-25 22:48:57,664] INFO Created log for partition __consumer_offsets-31 in /var/lib/kafka/data/__consumer_offsets-31 with properties {cleanup.policy=compact, compression.type="producer", segment.bytes=104857600} (kafka.log.LogManager)
kafka-2-1  | 2026-09-25T22:48:57.668849301Z [2026-09-25 22:48:57,665] INFO [Partition __consumer_offsets-31 broker=2] No checkpointed highwatermark is found for partition __consumer_offsets-31 (kafka.cluster.Partition)
kafka-2-1  | 2026-09-25T22:48:57.668881874Z [2026-09-25 22:48:57,665] INFO [Partition __consumer_offsets-31 broker=2] Log loaded for partition __consumer_offsets-31 with initial high watermark 0 (kafka.cluster.Partition)
kafka-2-1  | 2026-09-25T22:48:57.673370065Z [2026-09-25 22:48:57,672] INFO [LogLoader partition=__consumer_offsets-0, dir=/var/lib/kafka/data] Loading producer state till offset 0 (org.apache.kafka.storage.internals.log.UnifiedLog)
kafka-2-1  | 2026-09-25T22:48:57.675916873Z [2026-09-25 22:48:57,675] INFO Created log for partition __consumer_offsets-0 in /var/lib/kafka/data/__consumer_offsets-0 with properties {cleanup.policy=compact, compression.type="producer", segment.bytes=104857600} (kafka.log.LogManager)
kafka-2-1  | 2026-09-25T22:48:57.676298214Z [2026-09-25 22:48:57,675] INFO [Partition __consumer_offsets-0 broker=2] No checkpointed highwatermark is found for partition __consumer_offsets-0 (kafka.cluster.Partition)
kafka-2-1  | 2026-09-25T22:48:57.676782347Z [2026-09-25 22:48:57,676] INFO [Partition __consumer_offsets-0 broker=2] Log loaded for partition __consumer_offsets-0 with initial high watermark 0 (kafka.cluster.Partition)
kafka-2-1  | 2026-09-25T22:48:57.683634038Z [2026-09-25 22:48:57,683] INFO [LogLoader partition=__consumer_offsets-29, dir=/var/lib/kafka/data] Loading producer state till offset 0 (org.apache.kafka.storage.internals.log.UnifiedLog)
kafka-2-1  | 2026-09-25T22:48:57.685797922Z [2026-09-25 22:48:57,685] INFO Created log for partition __consumer_offsets-29 in /var/lib/kafka/data/__consumer_offsets-29 with properties {cleanup.policy=compact, compression.type="producer", segment.bytes=104857600} (kafka.log.LogManager)
kafka-2-1  | 2026-09-25T22:48:57.685816931Z [2026-09-25 22:48:57,685] INFO [Partition __consumer_offsets-29 broker=2] No checkpointed highwatermark is found for partition __consumer_offsets-29 (kafka.cluster.Partition)
kafka-2-1  | 2026-09-25T22:48:57.685976164Z [2026-09-25 22:48:57,685] INFO [Partition __consumer_offsets-29 broker=2] Log loaded for partition __consumer_offsets-29 with initial high watermark 0 (kafka.cluster.Partition)
kafka-2-1  | 2026-09-25T22:48:57.692138912Z [2026-09-25 22:48:57,691] INFO [LogLoader partition=__consumer_offsets-39, dir=/var/lib/kafka/data] Loading producer state till offset 0 (org.apache.kafka.storage.internals.log.UnifiedLog)
kafka-2-1  | 2026-09-25T22:48:57.694418191Z [2026-09-25 22:48:57,693] INFO Created log for partition __consumer_offsets-39 in /var/lib/kafka/data/__consumer_offsets-39 with properties {cleanup.policy=compact, compression.type="producer", segment.bytes=104857600} (kafka.log.LogManager)
kafka-2-1  | 2026-09-25T22:48:57.696438917Z [2026-09-25 22:48:57,695] INFO [Partition __consumer_offsets-39 broker=2] No checkpointed highwatermark is found for partition __consumer_offsets-39 (kafka.cluster.Partition)
kafka-2-1  | 2026-09-25T22:48:57.696710407Z [2026-09-25 22:48:57,696] INFO [Partition __consumer_offsets-39 broker=2] Log loaded for partition __consumer_offsets-39 with initial high watermark 0 (kafka.cluster.Partition)
kafka-2-1  | 2026-09-25T22:48:57.708478576Z [2026-09-25 22:48:57,708] INFO [LogLoader partition=__consumer_offsets-37, dir=/var/lib/kafka/data] Loading producer state till offset 0 (org.apache.kafka.storage.internals.log.UnifiedLog)
kafka-2-1  | 2026-09-25T22:48:57.710373945Z [2026-09-25 22:48:57,709] INFO Created log for partition __consumer_offsets-37 in /var/lib/kafka/data/__consumer_offsets-37 with properties {cleanup.policy=compact, compression.type="producer", segment.bytes=104857600} (kafka.log.LogManager)
kafka-2-1  | 2026-09-25T22:48:57.710812009Z [2026-09-25 22:48:57,710] INFO [Partition __consumer_offsets-37 broker=2] No checkpointed highwatermark is found for partition __consumer_offsets-37 (kafka.cluster.Partition)
kafka-2-1  | 2026-09-25T22:48:57.711306017Z [2026-09-25 22:48:57,710] INFO [Partition __consumer_offsets-37 broker=2] Log loaded for partition __consumer_offsets-37 with initial high watermark 0 (kafka.cluster.Partition)
kafka-2-1  | 2026-09-25T22:48:57.720479173Z [2026-09-25 22:48:57,720] INFO [LogLoader partition=__consumer_offsets-6, dir=/var/lib/kafka/data] Loading producer state till offset 0 (org.apache.kafka.storage.internals.log.UnifiedLog)
kafka-2-1  | 2026-09-25T22:48:57.721520184Z [2026-09-25 22:48:57,721] INFO Created log for partition __consumer_offsets-6 in /var/lib/kafka/data/__consumer_offsets-6 with properties {cleanup.policy=compact, compression.type="producer", segment.bytes=104857600} (kafka.log.LogManager)
kafka-2-1  | 2026-09-25T22:48:57.722257409Z [2026-09-25 22:48:57,721] INFO [Partition __consumer_offsets-6 broker=2] No checkpointed highwatermark is found for partition __consumer_offsets-6 (kafka.cluster.Partition)
kafka-2-1  | 2026-09-25T22:48:57.722744453Z [2026-09-25 22:48:57,722] INFO [Partition __consumer_offsets-6 broker=2] Log loaded for partition __consumer_offsets-6 with initial high watermark 0 (kafka.cluster.Partition)
kafka-2-1  | 2026-09-25T22:48:57.730903338Z [2026-09-25 22:48:57,730] INFO [LogLoader partition=__consumer_offsets-35, dir=/var/lib/kafka/data] Loading producer state till offset 0 (org.apache.kafka.storage.internals.log.UnifiedLog)
kafka-2-1  | 2026-09-25T22:48:57.731984301Z [2026-09-25 22:48:57,731] INFO Created log for partition __consumer_offsets-35 in /var/lib/kafka/data/__consumer_offsets-35 with properties {cleanup.policy=compact, compression.type="producer", segment.bytes=104857600} (kafka.log.LogManager)
kafka-2-1  | 2026-09-25T22:48:57.732429852Z [2026-09-25 22:48:57,731] INFO [Partition __consumer_offsets-35 broker=2] No checkpointed highwatermark is found for partition __consumer_offsets-35 (kafka.cluster.Partition)
kafka-2-1  | 2026-09-25T22:48:57.732460480Z [2026-09-25 22:48:57,732] INFO [Partition __consumer_offsets-35 broker=2] Log loaded for partition __consumer_offsets-35 with initial high watermark 0 (kafka.cluster.Partition)
kafka-2-1  | 2026-09-25T22:48:57.736818185Z [2026-09-25 22:48:57,736] INFO [LogLoader partition=__consumer_offsets-33, dir=/var/lib/kafka/data] Loading producer state till offset 0 (org.apache.kafka.storage.internals.log.UnifiedLog)
kafka-2-1  | 2026-09-25T22:48:57.740438395Z [2026-09-25 22:48:57,739] INFO Created log for partition __consumer_offsets-33 in /var/lib/kafka/data/__consumer_offsets-33 with properties {cleanup.policy=compact, compression.type="producer", segment.bytes=104857600} (kafka.log.LogManager)
kafka-2-1  | 2026-09-25T22:48:57.742851471Z [2026-09-25 22:48:57,742] INFO [Partition __consumer_offsets-33 broker=2] No checkpointed highwatermark is found for partition __consumer_offsets-33 (kafka.cluster.Partition)
kafka-2-1  | 2026-09-25T22:48:57.743203098Z [2026-09-25 22:48:57,742] INFO [Partition __consumer_offsets-33 broker=2] Log loaded for partition __consumer_offsets-33 with initial high watermark 0 (kafka.cluster.Partition)
kafka-2-1  | 2026-09-25T22:48:57.750158938Z [2026-09-25 22:48:57,749] INFO [LogLoader partition=__consumer_offsets-2, dir=/var/lib/kafka/data] Loading producer state till offset 0 (org.apache.kafka.storage.internals.log.UnifiedLog)
kafka-2-1  | 2026-09-25T22:48:57.752412177Z [2026-09-25 22:48:57,752] INFO Created log for partition __consumer_offsets-2 in /var/lib/kafka/data/__consumer_offsets-2 with properties {cleanup.policy=compact, compression.type="producer", segment.bytes=104857600} (kafka.log.LogManager)
kafka-2-1  | 2026-09-25T22:48:57.753287086Z [2026-09-25 22:48:57,752] INFO [Partition __consumer_offsets-2 broker=2] No checkpointed highwatermark is found for partition __consumer_offsets-2 (kafka.cluster.Partition)
kafka-2-1  | 2026-09-25T22:48:57.753459992Z [2026-09-25 22:48:57,753] INFO [Partition __consumer_offsets-2 broker=2] Log loaded for partition __consumer_offsets-2 with initial high watermark 0 (kafka.cluster.Partition)
kafka-2-1  | 2026-09-25T22:48:57.757684826Z [2026-09-25 22:48:57,756] INFO [ReplicaFetcherManager on broker 2] Removed fetcher for partitions Set(__consumer_offsets-15, __consumer_offsets-48, __consumer_offsets-11, __consumer_offsets-42, __consumer_offsets-21, __consumer_offsets-19, __consumer_offsets-17, __consumer_offsets-32, __consumer_offsets-28, __consumer_offsets-26, __consumer_offsets-7, __consumer_offsets-40, __consumer_offsets-5, __consumer_offsets-38, __consumer_offsets-3, __consumer_offsets-47, __consumer_offsets-45, __consumer_offsets-14, __consumer_offsets-43, __consumer_offsets-12, __consumer_offsets-10, __consumer_offsets-24, __consumer_offsets-22, __consumer_offsets-49, __consumer_offsets-18, __consumer_offsets-31, __consumer_offsets-0, __consumer_offsets-29, __consumer_offsets-39, __consumer_offsets-37, __consumer_offsets-6, __consumer_offsets-35, __consumer_offsets-33, __consumer_offsets-2) (kafka.server.ReplicaFetcherManager)
kafka-2-1  | 2026-09-25T22:48:57.762367635Z [2026-09-25 22:48:57,761] INFO [ReplicaFetcherManager on broker 2] Added fetcher to broker 3 for partitions HashMap(__consumer_offsets-15 -> InitialFetchState(Some(z0JJoNscSBKv29UaLoZ9NQ),BrokerEndPoint(id=3, host=kafka-3:9092),0,0), __consumer_offsets-45 -> InitialFetchState(Some(z0JJoNscSBKv29UaLoZ9NQ),BrokerEndPoint(id=3, host=kafka-3:9092),0,0), __consumer_offsets-14 -> InitialFetchState(Some(z0JJoNscSBKv29UaLoZ9NQ),BrokerEndPoint(id=3, host=kafka-3:9092),0,0), __consumer_offsets-42 -> InitialFetchState(Some(z0JJoNscSBKv29UaLoZ9NQ),BrokerEndPoint(id=3, host=kafka-3:9092),0,0), __consumer_offsets-10 -> InitialFetchState(Some(z0JJoNscSBKv29UaLoZ9NQ),BrokerEndPoint(id=3, host=kafka-3:9092),0,0), __consumer_offsets-22 -> InitialFetchState(Some(z0JJoNscSBKv29UaLoZ9NQ),BrokerEndPoint(id=3, host=kafka-3:9092),0,0), __consumer_offsets-19 -> InitialFetchState(Some(z0JJoNscSBKv29UaLoZ9NQ),BrokerEndPoint(id=3, host=kafka-3:9092),0,0), __consumer_offsets-49 -> InitialFetchState(Some(z0JJoNscSBKv29UaLoZ9NQ),BrokerEndPoint(id=3, host=kafka-3:9092),0,0), __consumer_offsets-32 -> InitialFetchState(Some(z0JJoNscSBKv29UaLoZ9NQ),BrokerEndPoint(id=3, host=kafka-3:9092),0,0), __consumer_offsets-28 -> InitialFetchState(Some(z0JJoNscSBKv29UaLoZ9NQ),BrokerEndPoint(id=3, host=kafka-3:9092),0,0), __consumer_offsets-26 -> InitialFetchState(Some(z0JJoNscSBKv29UaLoZ9NQ),BrokerEndPoint(id=3, host=kafka-3:9092),0,0), __consumer_offsets-39 -> InitialFetchState(Some(z0JJoNscSBKv29UaLoZ9NQ),BrokerEndPoint(id=3, host=kafka-3:9092),0,0), __consumer_offsets-5 -> InitialFetchState(Some(z0JJoNscSBKv29UaLoZ9NQ),BrokerEndPoint(id=3, host=kafka-3:9092),0,0), __consumer_offsets-38 -> InitialFetchState(Some(z0JJoNscSBKv29UaLoZ9NQ),BrokerEndPoint(id=3, host=kafka-3:9092),0,0), __consumer_offsets-6 -> InitialFetchState(Some(z0JJoNscSBKv29UaLoZ9NQ),BrokerEndPoint(id=3, host=kafka-3:9092),0,0), __consumer_offsets-33 -> InitialFetchState(Some(z0JJoNscSBKv29UaLoZ9NQ),BrokerEndPoint(id=3, host=kafka-3:9092),0,0), __consumer_offsets-2 -> InitialFetchState(Some(z0JJoNscSBKv29UaLoZ9NQ),BrokerEndPoint(id=3, host=kafka-3:9092),0,0)) (kafka.server.ReplicaFetcherManager)
kafka-2-1  | 2026-09-25T22:48:57.765131845Z [2026-09-25 22:48:57,762] INFO [ReplicaFetcherManager on broker 2] Added fetcher to broker 1 for partitions HashMap(__consumer_offsets-47 -> InitialFetchState(Some(z0JJoNscSBKv29UaLoZ9NQ),BrokerEndPoint(id=1, host=kafka-1:9092),0,0), __consumer_offsets-48 -> InitialFetchState(Some(z0JJoNscSBKv29UaLoZ9NQ),BrokerEndPoint(id=1, host=kafka-1:9092),0,0), __consumer_offsets-43 -> InitialFetchState(Some(z0JJoNscSBKv29UaLoZ9NQ),BrokerEndPoint(id=1, host=kafka-1:9092),0,0), __consumer_offsets-11 -> InitialFetchState(Some(z0JJoNscSBKv29UaLoZ9NQ),BrokerEndPoint(id=1, host=kafka-1:9092),0,0), __consumer_offsets-12 -> InitialFetchState(Some(z0JJoNscSBKv29UaLoZ9NQ),BrokerEndPoint(id=1, host=kafka-1:9092),0,0), __consumer_offsets-24 -> InitialFetchState(Some(z0JJoNscSBKv29UaLoZ9NQ),BrokerEndPoint(id=1, host=kafka-1:9092),0,0), __consumer_offsets-21 -> InitialFetchState(Some(z0JJoNscSBKv29UaLoZ9NQ),BrokerEndPoint(id=1, host=kafka-1:9092),0,0), __consumer_offsets-17 -> InitialFetchState(Some(z0JJoNscSBKv29UaLoZ9NQ),BrokerEndPoint(id=1, host=kafka-1:9092),0,0), __consumer_offsets-18 -> InitialFetchState(Some(z0JJoNscSBKv29UaLoZ9NQ),BrokerEndPoint(id=1, host=kafka-1:9092),0,0), __consumer_offsets-31 -> InitialFetchState(Some(z0JJoNscSBKv29UaLoZ9NQ),BrokerEndPoint(id=1, host=kafka-1:9092),0,0), __consumer_offsets-0 -> InitialFetchState(Some(z0JJoNscSBKv29UaLoZ9NQ),BrokerEndPoint(id=1, host=kafka-1:9092),0,0), __consumer_offsets-29 -> InitialFetchState(Some(z0JJoNscSBKv29UaLoZ9NQ),BrokerEndPoint(id=1, host=kafka-1:9092),0,0), __consumer_offsets-7 -> InitialFetchState(Some(z0JJoNscSBKv29UaLoZ9NQ),BrokerEndPoint(id=1, host=kafka-1:9092),0,0), __consumer_offsets-40 -> InitialFetchState(Some(z0JJoNscSBKv29UaLoZ9NQ),BrokerEndPoint(id=1, host=kafka-1:9092),0,0), __consumer_offsets-37 -> InitialFetchState(Some(z0JJoNscSBKv29UaLoZ9NQ),BrokerEndPoint(id=1, host=kafka-1:9092),0,0), __consumer_offsets-35 -> InitialFetchState(Some(z0JJoNscSBKv29UaLoZ9NQ),BrokerEndPoint(id=1, host=kafka-1:9092),0,0), __consumer_offsets-3 -> InitialFetchState(Some(z0JJoNscSBKv29UaLoZ9NQ),BrokerEndPoint(id=1, host=kafka-1:9092),0,0)) (kafka.server.ReplicaFetcherManager)
kafka-2-1  | 2026-09-25T22:48:57.771529253Z [2026-09-25 22:48:57,771] INFO [GroupCoordinator id=2] Scheduling loading of metadata from __consumer_offsets-16 with epoch 0 (org.apache.kafka.coordinator.common.runtime.CoordinatorRuntime)
kafka-2-1  | 2026-09-25T22:48:57.775385828Z [2026-09-25 22:48:57,774] INFO [GroupCoordinator id=2] Scheduling loading of metadata from __consumer_offsets-13 with epoch 0 (org.apache.kafka.coordinator.common.runtime.CoordinatorRuntime)
kafka-2-1  | 2026-09-25T22:48:57.776765709Z [2026-09-25 22:48:57,776] INFO [GroupCoordinator id=2] Scheduling loading of metadata from __consumer_offsets-46 with epoch 0 (org.apache.kafka.coordinator.common.runtime.CoordinatorRuntime)
kafka-2-1  | 2026-09-25T22:48:57.778560465Z [2026-09-25 22:48:57,778] INFO [GroupCoordinator id=2] Scheduling loading of metadata from __consumer_offsets-44 with epoch 0 (org.apache.kafka.coordinator.common.runtime.CoordinatorRuntime)
kafka-2-1  | 2026-09-25T22:48:57.780100702Z [2026-09-25 22:48:57,779] INFO [GroupCoordinator id=2] Scheduling loading of metadata from __consumer_offsets-9 with epoch 0 (org.apache.kafka.coordinator.common.runtime.CoordinatorRuntime)
kafka-2-1  | 2026-09-25T22:48:57.781390907Z [2026-09-25 22:48:57,780] INFO [GroupCoordinator id=2] Scheduling loading of metadata from __consumer_offsets-41 with epoch 0 (org.apache.kafka.coordinator.common.runtime.CoordinatorRuntime)
kafka-2-1  | 2026-09-25T22:48:57.782373215Z [2026-09-25 22:48:57,781] INFO [GroupCoordinator id=2] Scheduling loading of metadata from __consumer_offsets-23 with epoch 0 (org.apache.kafka.coordinator.common.runtime.CoordinatorRuntime)
kafka-2-1  | 2026-09-25T22:48:57.782634048Z [2026-09-25 22:48:57,782] INFO [GroupCoordinator id=2] Scheduling loading of metadata from __consumer_offsets-20 with epoch 0 (org.apache.kafka.coordinator.common.runtime.CoordinatorRuntime)
kafka-2-1  | 2026-09-25T22:48:57.783702963Z [2026-09-25 22:48:57,783] INFO [GroupCoordinator id=2] Scheduling loading of metadata from __consumer_offsets-30 with epoch 0 (org.apache.kafka.coordinator.common.runtime.CoordinatorRuntime)
kafka-2-1  | 2026-09-25T22:48:57.784021208Z [2026-09-25 22:48:57,783] INFO [GroupCoordinator id=2] Scheduling loading of metadata from __consumer_offsets-27 with epoch 0 (org.apache.kafka.coordinator.common.runtime.CoordinatorRuntime)
kafka-2-1  | 2026-09-25T22:48:57.784319648Z [2026-09-25 22:48:57,783] INFO [GroupCoordinator id=2] Scheduling loading of metadata from __consumer_offsets-25 with epoch 0 (org.apache.kafka.coordinator.common.runtime.CoordinatorRuntime)
kafka-2-1  | 2026-09-25T22:48:57.784567020Z [2026-09-25 22:48:57,784] INFO [GroupCoordinator id=2] Scheduling loading of metadata from __consumer_offsets-8 with epoch 0 (org.apache.kafka.coordinator.common.runtime.CoordinatorRuntime)
kafka-2-1  | 2026-09-25T22:48:57.784932201Z [2026-09-25 22:48:57,784] INFO [GroupCoordinator id=2] Scheduling loading of metadata from __consumer_offsets-4 with epoch 0 (org.apache.kafka.coordinator.common.runtime.CoordinatorRuntime)
kafka-2-1  | 2026-09-25T22:48:57.786690383Z [2026-09-25 22:48:57,786] INFO [GroupCoordinator id=2] Scheduling loading of metadata from __consumer_offsets-36 with epoch 0 (org.apache.kafka.coordinator.common.runtime.CoordinatorRuntime)
kafka-2-1  | 2026-09-25T22:48:57.786718421Z [2026-09-25 22:48:57,786] INFO [GroupCoordinator id=2] Scheduling loading of metadata from __consumer_offsets-1 with epoch 0 (org.apache.kafka.coordinator.common.runtime.CoordinatorRuntime)
kafka-2-1  | 2026-09-25T22:48:57.787142996Z [2026-09-25 22:48:57,786] INFO [GroupCoordinator id=2] Scheduling loading of metadata from __consumer_offsets-34 with epoch 0 (org.apache.kafka.coordinator.common.runtime.CoordinatorRuntime)
kafka-2-1  | 2026-09-25T22:48:57.788019291Z [2026-09-25 22:48:57,787] INFO [GroupCoordinator id=2] Scheduling unloading of metadata for __consumer_offsets-15 with epoch OptionalInt[0] (org.apache.kafka.coordinator.common.runtime.CoordinatorRuntime)
kafka-2-1  | 2026-09-25T22:48:57.788050669Z [2026-09-25 22:48:57,787] INFO [GroupCoordinator id=2] Finished loading of metadata from __consumer_offsets-13 with epoch 0 in 4ms where 4ms was spent in the scheduler. Loaded 0 records which total to 0 bytes. (org.apache.kafka.coordinator.common.runtime.CoordinatorRuntime)
kafka-2-1  | 2026-09-25T22:48:57.788310265Z [2026-09-25 22:48:57,787] INFO [GroupCoordinator id=2] Finished loading of metadata from __consumer_offsets-23 with epoch 0 in 2ms where 2ms was spent in the scheduler. Loaded 0 records which total to 0 bytes. (org.apache.kafka.coordinator.common.runtime.CoordinatorRuntime)
kafka-2-1  | 2026-09-25T22:48:57.788335530Z [2026-09-25 22:48:57,787] INFO [GroupCoordinator id=2] Finished loading of metadata from __consumer_offsets-44 with epoch 0 in 4ms where 2ms was spent in the scheduler. Loaded 0 records which total to 0 bytes. (org.apache.kafka.coordinator.common.runtime.CoordinatorRuntime)
kafka-2-1  | 2026-09-25T22:48:57.788363614Z [2026-09-25 22:48:57,788] INFO [GroupCoordinator id=2] Finished loading of metadata from __consumer_offsets-16 with epoch 0 in 4ms where 4ms was spent in the scheduler. Loaded 0 records which total to 0 bytes. (org.apache.kafka.coordinator.common.runtime.CoordinatorRuntime)
kafka-2-1  | 2026-09-25T22:48:57.789403284Z [2026-09-25 22:48:57,788] INFO [GroupCoordinator id=2] Finished loading of metadata from __consumer_offsets-20 with epoch 0 in 2ms where 2ms was spent in the scheduler. Loaded 0 records which total to 0 bytes. (org.apache.kafka.coordinator.common.runtime.CoordinatorRuntime)
kafka-2-1  | 2026-09-25T22:48:57.789432243Z [2026-09-25 22:48:57,788] INFO [GroupCoordinator id=2] Finished loading of metadata from __consumer_offsets-30 with epoch 0 in 1ms where 1ms was spent in the scheduler. Loaded 0 records which total to 0 bytes. (org.apache.kafka.coordinator.common.runtime.CoordinatorRuntime)
kafka-2-1  | 2026-09-25T22:48:57.789436540Z [2026-09-25 22:48:57,788] INFO [GroupCoordinator id=2] Finished loading of metadata from __consumer_offsets-41 with epoch 0 in 2ms where 2ms was spent in the scheduler. Loaded 0 records which total to 0 bytes. (org.apache.kafka.coordinator.common.runtime.CoordinatorRuntime)
kafka-2-1  | 2026-09-25T22:48:57.789439949Z [2026-09-25 22:48:57,788] INFO [GroupCoordinator id=2] Finished loading of metadata from __consumer_offsets-46 with epoch 0 in 5ms where 4ms was spent in the scheduler. Loaded 0 records which total to 0 bytes. (org.apache.kafka.coordinator.common.runtime.CoordinatorRuntime)
kafka-2-1  | 2026-09-25T22:48:57.789443379Z [2026-09-25 22:48:57,789] INFO [GroupCoordinator id=2] Scheduling unloading of metadata for __consumer_offsets-48 with epoch OptionalInt[0] (org.apache.kafka.coordinator.common.runtime.CoordinatorRuntime)
kafka-2-1  | 2026-09-25T22:48:57.789446266Z [2026-09-25 22:48:57,789] INFO [GroupCoordinator id=2] Finished loading of metadata from __consumer_offsets-8 with epoch 0 in 1ms where 1ms was spent in the scheduler. Loaded 0 records which total to 0 bytes. (org.apache.kafka.coordinator.common.runtime.CoordinatorRuntime)
kafka-2-1  | 2026-09-25T22:48:57.789529747Z [2026-09-25 22:48:57,789] INFO [GroupCoordinator id=2] Ignored unloading metadata for __consumer_offsets-15 in epoch OptionalInt[0] since metadata was never loaded. (org.apache.kafka.coordinator.common.runtime.CoordinatorRuntime)
kafka-2-1  | 2026-09-25T22:48:57.789803740Z [2026-09-25 22:48:57,789] INFO [GroupCoordinator id=2] Finished loading of metadata from __consumer_offsets-9 with epoch 0 in 2ms where 2ms was spent in the scheduler. Loaded 0 records which total to 0 bytes. (org.apache.kafka.coordinator.common.runtime.CoordinatorRuntime)
kafka-2-1  | 2026-09-25T22:48:57.789829419Z [2026-09-25 22:48:57,789] INFO [GroupCoordinator id=2] Scheduling unloading of metadata for __consumer_offsets-11 with epoch OptionalInt[0] (org.apache.kafka.coordinator.common.runtime.CoordinatorRuntime)
kafka-2-1  | 2026-09-25T22:48:57.789836738Z [2026-09-25 22:48:57,789] INFO [GroupCoordinator id=2] Finished loading of metadata from __consumer_offsets-27 with epoch 0 in 1ms where 1ms was spent in the scheduler. Loaded 0 records which total to 0 bytes. (org.apache.kafka.coordinator.common.runtime.CoordinatorRuntime)
kafka-2-1  | 2026-09-25T22:48:57.790320340Z [2026-09-25 22:48:57,789] INFO [GroupCoordinator id=2] Finished loading of metadata from __consumer_offsets-25 with epoch 0 in 1ms where 1ms was spent in the scheduler. Loaded 0 records which total to 0 bytes. (org.apache.kafka.coordinator.common.runtime.CoordinatorRuntime)
kafka-2-1  | 2026-09-25T22:48:57.790344807Z [2026-09-25 22:48:57,789] INFO [GroupCoordinator id=2] Ignored unloading metadata for __consumer_offsets-48 in epoch OptionalInt[0] since metadata was never loaded. (org.apache.kafka.coordinator.common.runtime.CoordinatorRuntime)
kafka-2-1  | 2026-09-25T22:48:57.790376169Z [2026-09-25 22:48:57,790] INFO [GroupCoordinator id=2] Finished loading of metadata from __consumer_offsets-4 with epoch 0 in 1ms where 1ms was spent in the scheduler. Loaded 0 records which total to 0 bytes. (org.apache.kafka.coordinator.common.runtime.CoordinatorRuntime)
kafka-2-1  | 2026-09-25T22:48:57.790382080Z [2026-09-25 22:48:57,790] INFO [GroupCoordinator id=2] Scheduling unloading of metadata for __consumer_offsets-42 with epoch OptionalInt[0] (org.apache.kafka.coordinator.common.runtime.CoordinatorRuntime)
kafka-2-1  | 2026-09-25T22:48:57.790387628Z [2026-09-25 22:48:57,790] INFO [GroupCoordinator id=2] Ignored unloading metadata for __consumer_offsets-11 in epoch OptionalInt[0] since metadata was never loaded. (org.apache.kafka.coordinator.common.runtime.CoordinatorRuntime)
kafka-2-1  | 2026-09-25T22:48:57.790861579Z [2026-09-25 22:48:57,790] INFO [GroupCoordinator id=2] Scheduling unloading of metadata for __consumer_offsets-21 with epoch OptionalInt[0] (org.apache.kafka.coordinator.common.runtime.CoordinatorRuntime)
kafka-2-1  | 2026-09-25T22:48:57.790880771Z [2026-09-25 22:48:57,790] INFO [GroupCoordinator id=2] Ignored unloading metadata for __consumer_offsets-42 in epoch OptionalInt[0] since metadata was never loaded. (org.apache.kafka.coordinator.common.runtime.CoordinatorRuntime)
kafka-2-1  | 2026-09-25T22:48:57.790885042Z [2026-09-25 22:48:57,790] INFO [GroupCoordinator id=2] Ignored unloading metadata for __consumer_offsets-21 in epoch OptionalInt[0] since metadata was never loaded. (org.apache.kafka.coordinator.common.runtime.CoordinatorRuntime)
kafka-2-1  | 2026-09-25T22:48:57.790888713Z [2026-09-25 22:48:57,790] INFO [GroupCoordinator id=2] Finished loading of metadata from __consumer_offsets-36 with epoch 0 in 1ms where 1ms was spent in the scheduler. Loaded 0 records which total to 0 bytes. (org.apache.kafka.coordinator.common.runtime.CoordinatorRuntime)
kafka-2-1  | 2026-09-25T22:48:57.790892597Z [2026-09-25 22:48:57,790] INFO [GroupCoordinator id=2] Scheduling unloading of metadata for __consumer_offsets-19 with epoch OptionalInt[0] (org.apache.kafka.coordinator.common.runtime.CoordinatorRuntime)
kafka-2-1  | 2026-09-25T22:48:57.790895708Z [2026-09-25 22:48:57,790] INFO [GroupCoordinator id=2] Finished loading of metadata from __consumer_offsets-34 with epoch 0 in 2ms where 2ms was spent in the scheduler. Loaded 0 records which total to 0 bytes. (org.apache.kafka.coordinator.common.runtime.CoordinatorRuntime)
kafka-2-1  | 2026-09-25T22:48:57.790899343Z [2026-09-25 22:48:57,790] INFO [GroupCoordinator id=2] Scheduling unloading of metadata for __consumer_offsets-17 with epoch OptionalInt[0] (org.apache.kafka.coordinator.common.runtime.CoordinatorRuntime)
kafka-2-1  | 2026-09-25T22:48:57.791446348Z [2026-09-25 22:48:57,790] INFO [GroupCoordinator id=2] Ignored unloading metadata for __consumer_offsets-19 in epoch OptionalInt[0] since metadata was never loaded. (org.apache.kafka.coordinator.common.runtime.CoordinatorRuntime)
kafka-2-1  | 2026-09-25T22:48:57.791453072Z [2026-09-25 22:48:57,791] INFO [GroupCoordinator id=2] Finished loading of metadata from __consumer_offsets-1 with epoch 0 in 2ms where 2ms was spent in the scheduler. Loaded 0 records which total to 0 bytes. (org.apache.kafka.coordinator.common.runtime.CoordinatorRuntime)
kafka-2-1  | 2026-09-25T22:48:57.791456568Z [2026-09-25 22:48:57,791] INFO [GroupCoordinator id=2] Scheduling unloading of metadata for __consumer_offsets-32 with epoch OptionalInt[0] (org.apache.kafka.coordinator.common.runtime.CoordinatorRuntime)
kafka-2-1  | 2026-09-25T22:48:57.791476115Z [2026-09-25 22:48:57,791] INFO [GroupCoordinator id=2] Ignored unloading metadata for __consumer_offsets-17 in epoch OptionalInt[0] since metadata was never loaded. (org.apache.kafka.coordinator.common.runtime.CoordinatorRuntime)
kafka-2-1  | 2026-09-25T22:48:57.792126914Z [2026-09-25 22:48:57,791] INFO [GroupCoordinator id=2] Scheduling unloading of metadata for __consumer_offsets-28 with epoch OptionalInt[0] (org.apache.kafka.coordinator.common.runtime.CoordinatorRuntime)
kafka-2-1  | 2026-09-25T22:48:57.792755723Z [2026-09-25 22:48:57,791] INFO [GroupCoordinator id=2] Ignored unloading metadata for __consumer_offsets-32 in epoch OptionalInt[0] since metadata was never loaded. (org.apache.kafka.coordinator.common.runtime.CoordinatorRuntime)
kafka-2-1  | 2026-09-25T22:48:57.793489848Z [2026-09-25 22:48:57,793] INFO [GroupCoordinator id=2] Scheduling unloading of metadata for __consumer_offsets-26 with epoch OptionalInt[0] (org.apache.kafka.coordinator.common.runtime.CoordinatorRuntime)
kafka-2-1  | 2026-09-25T22:48:57.793516334Z [2026-09-25 22:48:57,793] INFO [GroupCoordinator id=2] Ignored unloading metadata for __consumer_offsets-28 in epoch OptionalInt[0] since metadata was never loaded. (org.apache.kafka.coordinator.common.runtime.CoordinatorRuntime)
kafka-2-1  | 2026-09-25T22:48:57.793839083Z [2026-09-25 22:48:57,793] INFO [GroupCoordinator id=2] Scheduling unloading of metadata for __consumer_offsets-7 with epoch OptionalInt[0] (org.apache.kafka.coordinator.common.runtime.CoordinatorRuntime)
kafka-2-1  | 2026-09-25T22:48:57.793865305Z [2026-09-25 22:48:57,793] INFO [GroupCoordinator id=2] Ignored unloading metadata for __consumer_offsets-26 in epoch OptionalInt[0] since metadata was never loaded. (org.apache.kafka.coordinator.common.runtime.CoordinatorRuntime)
kafka-2-1  | 2026-09-25T22:48:57.793941845Z [2026-09-25 22:48:57,793] INFO [GroupCoordinator id=2] Scheduling unloading of metadata for __consumer_offsets-40 with epoch OptionalInt[0] (org.apache.kafka.coordinator.common.runtime.CoordinatorRuntime)
kafka-2-1  | 2026-09-25T22:48:57.794186892Z [2026-09-25 22:48:57,793] INFO [GroupCoordinator id=2] Ignored unloading metadata for __consumer_offsets-7 in epoch OptionalInt[0] since metadata was never loaded. (org.apache.kafka.coordinator.common.runtime.CoordinatorRuntime)
kafka-2-1  | 2026-09-25T22:48:57.794244455Z [2026-09-25 22:48:57,793] INFO [GroupCoordinator id=2] Scheduling unloading of metadata for __consumer_offsets-5 with epoch OptionalInt[0] (org.apache.kafka.coordinator.common.runtime.CoordinatorRuntime)
kafka-2-1  | 2026-09-25T22:48:57.794249804Z [2026-09-25 22:48:57,794] INFO [GroupCoordinator id=2] Scheduling unloading of metadata for __consumer_offsets-38 with epoch OptionalInt[0] (org.apache.kafka.coordinator.common.runtime.CoordinatorRuntime)
kafka-2-1  | 2026-09-25T22:48:57.794261230Z [2026-09-25 22:48:57,794] INFO [GroupCoordinator id=2] Ignored unloading metadata for __consumer_offsets-40 in epoch OptionalInt[0] since metadata was never loaded. (org.apache.kafka.coordinator.common.runtime.CoordinatorRuntime)
kafka-2-1  | 2026-09-25T22:48:57.794523677Z [2026-09-25 22:48:57,794] INFO [GroupCoordinator id=2] Scheduling unloading of metadata for __consumer_offsets-3 with epoch OptionalInt[0] (org.apache.kafka.coordinator.common.runtime.CoordinatorRuntime)
kafka-2-1  | 2026-09-25T22:48:57.794717729Z [2026-09-25 22:48:57,794] INFO [GroupCoordinator id=2] Ignored unloading metadata for __consumer_offsets-38 in epoch OptionalInt[0] since metadata was never loaded. (org.apache.kafka.coordinator.common.runtime.CoordinatorRuntime)
kafka-2-1  | 2026-09-25T22:48:57.794945748Z [2026-09-25 22:48:57,794] INFO [GroupCoordinator id=2] Scheduling unloading of metadata for __consumer_offsets-47 with epoch OptionalInt[0] (org.apache.kafka.coordinator.common.runtime.CoordinatorRuntime)
kafka-2-1  | 2026-09-25T22:48:57.795121584Z [2026-09-25 22:48:57,794] INFO [GroupCoordinator id=2] Ignored unloading metadata for __consumer_offsets-5 in epoch OptionalInt[0] since metadata was never loaded. (org.apache.kafka.coordinator.common.runtime.CoordinatorRuntime)
kafka-2-1  | 2026-09-25T22:48:57.795410201Z [2026-09-25 22:48:57,794] INFO [GroupCoordinator id=2] Ignored unloading metadata for __consumer_offsets-3 in epoch OptionalInt[0] since metadata was never loaded. (org.apache.kafka.coordinator.common.runtime.CoordinatorRuntime)
kafka-2-1  | 2026-09-25T22:48:57.795426367Z [2026-09-25 22:48:57,795] INFO [GroupCoordinator id=2] Ignored unloading metadata for __consumer_offsets-47 in epoch OptionalInt[0] since metadata was never loaded. (org.apache.kafka.coordinator.common.runtime.CoordinatorRuntime)
kafka-2-1  | 2026-09-25T22:48:57.795733506Z [2026-09-25 22:48:57,794] INFO [GroupCoordinator id=2] Scheduling unloading of metadata for __consumer_offsets-45 with epoch OptionalInt[0] (org.apache.kafka.coordinator.common.runtime.CoordinatorRuntime)
kafka-2-1  | 2026-09-25T22:48:57.795981371Z [2026-09-25 22:48:57,795] INFO [GroupCoordinator id=2] Scheduling unloading of metadata for __consumer_offsets-14 with epoch OptionalInt[0] (org.apache.kafka.coordinator.common.runtime.CoordinatorRuntime)
kafka-2-1  | 2026-09-25T22:48:57.796230498Z [2026-09-25 22:48:57,795] INFO [GroupCoordinator id=2] Ignored unloading metadata for __consumer_offsets-45 in epoch OptionalInt[0] since metadata was never loaded. (org.apache.kafka.coordinator.common.runtime.CoordinatorRuntime)
kafka-2-1  | 2026-09-25T22:48:57.797000975Z [2026-09-25 22:48:57,796] INFO [GroupCoordinator id=2] Scheduling unloading of metadata for __consumer_offsets-43 with epoch OptionalInt[0] (org.apache.kafka.coordinator.common.runtime.CoordinatorRuntime)
kafka-2-1  | 2026-09-25T22:48:57.797054426Z [2026-09-25 22:48:57,796] INFO [GroupCoordinator id=2] Ignored unloading metadata for __consumer_offsets-14 in epoch OptionalInt[0] since metadata was never loaded. (org.apache.kafka.coordinator.common.runtime.CoordinatorRuntime)
kafka-2-1  | 2026-09-25T22:48:57.797062214Z [2026-09-25 22:48:57,796] INFO [GroupCoordinator id=2] Scheduling unloading of metadata for __consumer_offsets-12 with epoch OptionalInt[0] (org.apache.kafka.coordinator.common.runtime.CoordinatorRuntime)
kafka-2-1  | 2026-09-25T22:48:57.797066413Z [2026-09-25 22:48:57,796] INFO [GroupCoordinator id=2] Ignored unloading metadata for __consumer_offsets-12 in epoch OptionalInt[0] since metadata was never loaded. (org.apache.kafka.coordinator.common.runtime.CoordinatorRuntime)
kafka-2-1  | 2026-09-25T22:48:57.797069595Z [2026-09-25 22:48:57,796] INFO [GroupCoordinator id=2] Ignored unloading metadata for __consumer_offsets-43 in epoch OptionalInt[0] since metadata was never loaded. (org.apache.kafka.coordinator.common.runtime.CoordinatorRuntime)
kafka-2-1  | 2026-09-25T22:48:57.797332798Z [2026-09-25 22:48:57,796] INFO [GroupCoordinator id=2] Scheduling unloading of metadata for __consumer_offsets-10 with epoch OptionalInt[0] (org.apache.kafka.coordinator.common.runtime.CoordinatorRuntime)
kafka-2-1  | 2026-09-25T22:48:57.798050786Z [2026-09-25 22:48:57,797] INFO [GroupCoordinator id=2] Scheduling unloading of metadata for __consumer_offsets-24 with epoch OptionalInt[0] (org.apache.kafka.coordinator.common.runtime.CoordinatorRuntime)
kafka-2-1  | 2026-09-25T22:48:57.798072752Z [2026-09-25 22:48:57,797] INFO [GroupCoordinator id=2] Ignored unloading metadata for __consumer_offsets-10 in epoch OptionalInt[0] since metadata was never loaded. (org.apache.kafka.coordinator.common.runtime.CoordinatorRuntime)
kafka-2-1  | 2026-09-25T22:48:57.798477389Z [2026-09-25 22:48:57,797] INFO [GroupCoordinator id=2] Scheduling unloading of metadata for __consumer_offsets-22 with epoch OptionalInt[0] (org.apache.kafka.coordinator.common.runtime.CoordinatorRuntime)
kafka-2-1  | 2026-09-25T22:48:57.798573266Z [2026-09-25 22:48:57,798] INFO [GroupCoordinator id=2] Ignored unloading metadata for __consumer_offsets-24 in epoch OptionalInt[0] since metadata was never loaded. (org.apache.kafka.coordinator.common.runtime.CoordinatorRuntime)
kafka-2-1  | 2026-09-25T22:48:57.798614905Z [2026-09-25 22:48:57,798] INFO [GroupCoordinator id=2] Ignored unloading metadata for __consumer_offsets-22 in epoch OptionalInt[0] since metadata was never loaded. (org.apache.kafka.coordinator.common.runtime.CoordinatorRuntime)
kafka-2-1  | 2026-09-25T22:48:57.798629769Z [2026-09-25 22:48:57,798] INFO [GroupCoordinator id=2] Scheduling unloading of metadata for __consumer_offsets-49 with epoch OptionalInt[0] (org.apache.kafka.coordinator.common.runtime.CoordinatorRuntime)
kafka-2-1  | 2026-09-25T22:48:57.799454301Z [2026-09-25 22:48:57,798] INFO [GroupCoordinator id=2] Scheduling unloading of metadata for __consumer_offsets-18 with epoch OptionalInt[0] (org.apache.kafka.coordinator.common.runtime.CoordinatorRuntime)
kafka-2-1  | 2026-09-25T22:48:57.799474508Z [2026-09-25 22:48:57,798] INFO [GroupCoordinator id=2] Ignored unloading metadata for __consumer_offsets-49 in epoch OptionalInt[0] since metadata was never loaded. (org.apache.kafka.coordinator.common.runtime.CoordinatorRuntime)
kafka-2-1  | 2026-09-25T22:48:57.799478625Z [2026-09-25 22:48:57,798] INFO [GroupCoordinator id=2] Scheduling unloading of metadata for __consumer_offsets-31 with epoch OptionalInt[0] (org.apache.kafka.coordinator.common.runtime.CoordinatorRuntime)
kafka-2-1  | 2026-09-25T22:48:57.799482220Z [2026-09-25 22:48:57,799] INFO [GroupCoordinator id=2] Ignored unloading metadata for __consumer_offsets-18 in epoch OptionalInt[0] since metadata was never loaded. (org.apache.kafka.coordinator.common.runtime.CoordinatorRuntime)
kafka-2-1  | 2026-09-25T22:48:57.799485862Z [2026-09-25 22:48:57,799] INFO [GroupCoordinator id=2] Scheduling unloading of metadata for __consumer_offsets-0 with epoch OptionalInt[0] (org.apache.kafka.coordinator.common.runtime.CoordinatorRuntime)
kafka-2-1  | 2026-09-25T22:48:57.799489360Z [2026-09-25 22:48:57,799] INFO [GroupCoordinator id=2] Scheduling unloading of metadata for __consumer_offsets-29 with epoch OptionalInt[0] (org.apache.kafka.coordinator.common.runtime.CoordinatorRuntime)
kafka-2-1  | 2026-09-25T22:48:57.799492837Z [2026-09-25 22:48:57,799] INFO [GroupCoordinator id=2] Ignored unloading metadata for __consumer_offsets-31 in epoch OptionalInt[0] since metadata was never loaded. (org.apache.kafka.coordinator.common.runtime.CoordinatorRuntime)
kafka-2-1  | 2026-09-25T22:48:57.799496780Z [2026-09-25 22:48:57,799] INFO [GroupCoordinator id=2] Scheduling unloading of metadata for __consumer_offsets-39 with epoch OptionalInt[0] (org.apache.kafka.coordinator.common.runtime.CoordinatorRuntime)
kafka-2-1  | 2026-09-25T22:48:57.799500335Z [2026-09-25 22:48:57,799] INFO [GroupCoordinator id=2] Scheduling unloading of metadata for __consumer_offsets-37 with epoch OptionalInt[0] (org.apache.kafka.coordinator.common.runtime.CoordinatorRuntime)
kafka-2-1  | 2026-09-25T22:48:57.799504887Z [2026-09-25 22:48:57,799] INFO [GroupCoordinator id=2] Ignored unloading metadata for __consumer_offsets-0 in epoch OptionalInt[0] since metadata was never loaded. (org.apache.kafka.coordinator.common.runtime.CoordinatorRuntime)
kafka-2-1  | 2026-09-25T22:48:57.799524501Z [2026-09-25 22:48:57,799] INFO [GroupCoordinator id=2] Scheduling unloading of metadata for __consumer_offsets-6 with epoch OptionalInt[0] (org.apache.kafka.coordinator.common.runtime.CoordinatorRuntime)
kafka-2-1  | 2026-09-25T22:48:57.799528178Z [2026-09-25 22:48:57,799] INFO [GroupCoordinator id=2] Ignored unloading metadata for __consumer_offsets-39 in epoch OptionalInt[0] since metadata was never loaded. (org.apache.kafka.coordinator.common.runtime.CoordinatorRuntime)
kafka-2-1  | 2026-09-25T22:48:57.799695822Z [2026-09-25 22:48:57,799] INFO [GroupCoordinator id=2] Scheduling unloading of metadata for __consumer_offsets-35 with epoch OptionalInt[0] (org.apache.kafka.coordinator.common.runtime.CoordinatorRuntime)
kafka-2-1  | 2026-09-25T22:48:57.800262811Z [2026-09-25 22:48:57,799] INFO [GroupCoordinator id=2] Ignored unloading metadata for __consumer_offsets-37 in epoch OptionalInt[0] since metadata was never loaded. (org.apache.kafka.coordinator.common.runtime.CoordinatorRuntime)
kafka-2-1  | 2026-09-25T22:48:57.800283309Z [2026-09-25 22:48:57,799] INFO [GroupCoordinator id=2] Ignored unloading metadata for __consumer_offsets-6 in epoch OptionalInt[0] since metadata was never loaded. (org.apache.kafka.coordinator.common.runtime.CoordinatorRuntime)
kafka-2-1  | 2026-09-25T22:48:57.800287363Z [2026-09-25 22:48:57,799] INFO [GroupCoordinator id=2] Ignored unloading metadata for __consumer_offsets-35 in epoch OptionalInt[0] since metadata was never loaded. (org.apache.kafka.coordinator.common.runtime.CoordinatorRuntime)
kafka-2-1  | 2026-09-25T22:48:57.800290057Z [2026-09-25 22:48:57,799] INFO [GroupCoordinator id=2] Scheduling unloading of metadata for __consumer_offsets-33 with epoch OptionalInt[0] (org.apache.kafka.coordinator.common.runtime.CoordinatorRuntime)
kafka-2-1  | 2026-09-25T22:48:57.800292324Z [2026-09-25 22:48:57,799] INFO [GroupCoordinator id=2] Ignored unloading metadata for __consumer_offsets-29 in epoch OptionalInt[0] since metadata was never loaded. (org.apache.kafka.coordinator.common.runtime.CoordinatorRuntime)
kafka-2-1  | 2026-09-25T22:48:57.801171104Z [2026-09-25 22:48:57,800] INFO [GroupCoordinator id=2] Scheduling unloading of metadata for __consumer_offsets-2 with epoch OptionalInt[0] (org.apache.kafka.coordinator.common.runtime.CoordinatorRuntime)
kafka-2-1  | 2026-09-25T22:48:57.801215341Z [2026-09-25 22:48:57,800] INFO [GroupCoordinator id=2] Ignored unloading metadata for __consumer_offsets-33 in epoch OptionalInt[0] since metadata was never loaded. (org.apache.kafka.coordinator.common.runtime.CoordinatorRuntime)
kafka-2-1  | 2026-09-25T22:48:57.801284387Z [2026-09-25 22:48:57,801] INFO [GroupCoordinator id=2] Ignored unloading metadata for __consumer_offsets-2 in epoch OptionalInt[0] since metadata was never loaded. (org.apache.kafka.coordinator.common.runtime.CoordinatorRuntime)
kafka-2-1  | 2026-09-25T22:48:57.802113032Z [2026-09-25 22:48:57,801] INFO [DynamicConfigPublisher broker id=2] Updating topic __consumer_offsets with new configuration : compression.type -> producer,cleanup.policy -> compact,segment.bytes -> 104857600 (kafka.server.metadata.DynamicConfigPublisher)
kafka-2-1  | 2026-09-25T22:48:57.925077099Z [2026-09-25 22:48:57,924] INFO [ReplicaFetcher replicaId=2, leaderId=3, fetcherId=0] Truncating partition __consumer_offsets-15 with TruncationState(offset=0, completed=true) due to local high watermark 0 (kafka.server.ReplicaFetcherThread)
kafka-2-1  | 2026-09-25T22:48:57.925096239Z [2026-09-25 22:48:57,924] INFO [ReplicaFetcher replicaId=2, leaderId=1, fetcherId=0] Truncating partition __consumer_offsets-47 with TruncationState(offset=0, completed=true) due to local high watermark 0 (kafka.server.ReplicaFetcherThread)
kafka-2-1  | 2026-09-25T22:48:57.925369265Z [2026-09-25 22:48:57,925] INFO [UnifiedLog partition=__consumer_offsets-47, dir=/var/lib/kafka/data] Truncating to 0 has no effect as the largest offset in the log is -1 (kafka.log.UnifiedLog)
kafka-2-1  | 2026-09-25T22:48:57.925654767Z [2026-09-25 22:48:57,925] INFO [UnifiedLog partition=__consumer_offsets-15, dir=/var/lib/kafka/data] Truncating to 0 has no effect as the largest offset in the log is -1 (kafka.log.UnifiedLog)
kafka-2-1  | 2026-09-25T22:48:57.926329484Z [2026-09-25 22:48:57,925] INFO [ReplicaFetcher replicaId=2, leaderId=3, fetcherId=0] Truncating partition __consumer_offsets-45 with TruncationState(offset=0, completed=true) due to local high watermark 0 (kafka.server.ReplicaFetcherThread)
kafka-2-1  | 2026-09-25T22:48:57.926782078Z [2026-09-25 22:48:57,926] INFO [UnifiedLog partition=__consumer_offsets-45, dir=/var/lib/kafka/data] Truncating to 0 has no effect as the largest offset in the log is -1 (kafka.log.UnifiedLog)
kafka-2-1  | 2026-09-25T22:48:57.926799902Z [2026-09-25 22:48:57,926] INFO [ReplicaFetcher replicaId=2, leaderId=1, fetcherId=0] Truncating partition __consumer_offsets-48 with TruncationState(offset=0, completed=true) due to local high watermark 0 (kafka.server.ReplicaFetcherThread)
kafka-2-1  | 2026-09-25T22:48:57.926904332Z [2026-09-25 22:48:57,926] INFO [ReplicaFetcher replicaId=2, leaderId=3, fetcherId=0] Truncating partition __consumer_offsets-14 with TruncationState(offset=0, completed=true) due to local high watermark 0 (kafka.server.ReplicaFetcherThread)
kafka-2-1  | 2026-09-25T22:48:57.927005566Z [2026-09-25 22:48:57,926] INFO [UnifiedLog partition=__consumer_offsets-48, dir=/var/lib/kafka/data] Truncating to 0 has no effect as the largest offset in the log is -1 (kafka.log.UnifiedLog)
kafka-2-1  | 2026-09-25T22:48:57.927472566Z [2026-09-25 22:48:57,926] INFO [UnifiedLog partition=__consumer_offsets-14, dir=/var/lib/kafka/data] Truncating to 0 has no effect as the largest offset in the log is -1 (kafka.log.UnifiedLog)
kafka-2-1  | 2026-09-25T22:48:57.927487614Z [2026-09-25 22:48:57,927] INFO [ReplicaFetcher replicaId=2, leaderId=1, fetcherId=0] Truncating partition __consumer_offsets-43 with TruncationState(offset=0, completed=true) due to local high watermark 0 (kafka.server.ReplicaFetcherThread)
kafka-2-1  | 2026-09-25T22:48:57.927491226Z [2026-09-25 22:48:57,927] INFO [UnifiedLog partition=__consumer_offsets-43, dir=/var/lib/kafka/data] Truncating to 0 has no effect as the largest offset in the log is -1 (kafka.log.UnifiedLog)
kafka-2-1  | 2026-09-25T22:48:57.927494478Z [2026-09-25 22:48:57,927] INFO [ReplicaFetcher replicaId=2, leaderId=3, fetcherId=0] Truncating partition __consumer_offsets-42 with TruncationState(offset=0, completed=true) due to local high watermark 0 (kafka.server.ReplicaFetcherThread)
kafka-2-1  | 2026-09-25T22:48:57.927773704Z [2026-09-25 22:48:57,927] INFO [UnifiedLog partition=__consumer_offsets-42, dir=/var/lib/kafka/data] Truncating to 0 has no effect as the largest offset in the log is -1 (kafka.log.UnifiedLog)
kafka-2-1  | 2026-09-25T22:48:57.928125887Z [2026-09-25 22:48:57,927] INFO [ReplicaFetcher replicaId=2, leaderId=3, fetcherId=0] Truncating partition __consumer_offsets-10 with TruncationState(offset=0, completed=true) due to local high watermark 0 (kafka.server.ReplicaFetcherThread)
kafka-2-1  | 2026-09-25T22:48:57.932051496Z [2026-09-25 22:48:57,929] INFO [UnifiedLog partition=__consumer_offsets-10, dir=/var/lib/kafka/data] Truncating to 0 has no effect as the largest offset in the log is -1 (kafka.log.UnifiedLog)
kafka-2-1  | 2026-09-25T22:48:57.934490682Z [2026-09-25 22:48:57,929] INFO [ReplicaFetcher replicaId=2, leaderId=1, fetcherId=0] Truncating partition __consumer_offsets-11 with TruncationState(offset=0, completed=true) due to local high watermark 0 (kafka.server.ReplicaFetcherThread)
kafka-2-1  | 2026-09-25T22:48:57.936860922Z [2026-09-25 22:48:57,934] INFO [ReplicaFetcher replicaId=2, leaderId=3, fetcherId=0] Truncating partition __consumer_offsets-22 with TruncationState(offset=0, completed=true) due to local high watermark 0 (kafka.server.ReplicaFetcherThread)
kafka-2-1  | 2026-09-25T22:48:57.936869061Z [2026-09-25 22:48:57,935] INFO [UnifiedLog partition=__consumer_offsets-22, dir=/var/lib/kafka/data] Truncating to 0 has no effect as the largest offset in the log is -1 (kafka.log.UnifiedLog)
kafka-2-1  | 2026-09-25T22:48:57.936872162Z [2026-09-25 22:48:57,935] INFO [ReplicaFetcher replicaId=2, leaderId=3, fetcherId=0] Truncating partition __consumer_offsets-19 with TruncationState(offset=0, completed=true) due to local high watermark 0 (kafka.server.ReplicaFetcherThread)
kafka-2-1  | 2026-09-25T22:48:57.936875313Z [2026-09-25 22:48:57,935] INFO [UnifiedLog partition=__consumer_offsets-11, dir=/var/lib/kafka/data] Truncating to 0 has no effect as the largest offset in the log is -1 (kafka.log.UnifiedLog)
kafka-2-1  | 2026-09-25T22:48:57.936878542Z [2026-09-25 22:48:57,935] INFO [UnifiedLog partition=__consumer_offsets-19, dir=/var/lib/kafka/data] Truncating to 0 has no effect as the largest offset in the log is -1 (kafka.log.UnifiedLog)
kafka-2-1  | 2026-09-25T22:48:57.936881623Z [2026-09-25 22:48:57,935] INFO [ReplicaFetcher replicaId=2, leaderId=3, fetcherId=0] Truncating partition __consumer_offsets-49 with TruncationState(offset=0, completed=true) due to local high watermark 0 (kafka.server.ReplicaFetcherThread)
kafka-2-1  | 2026-09-25T22:48:57.936884565Z [2026-09-25 22:48:57,935] INFO [ReplicaFetcher replicaId=2, leaderId=1, fetcherId=0] Truncating partition __consumer_offsets-12 with TruncationState(offset=0, completed=true) due to local high watermark 0 (kafka.server.ReplicaFetcherThread)
kafka-2-1  | 2026-09-25T22:48:57.936887633Z [2026-09-25 22:48:57,935] INFO [UnifiedLog partition=__consumer_offsets-49, dir=/var/lib/kafka/data] Truncating to 0 has no effect as the largest offset in the log is -1 (kafka.log.UnifiedLog)
kafka-2-1  | 2026-09-25T22:48:57.936891010Z [2026-09-25 22:48:57,936] INFO [UnifiedLog partition=__consumer_offsets-12, dir=/var/lib/kafka/data] Truncating to 0 has no effect as the largest offset in the log is -1 (kafka.log.UnifiedLog)
kafka-2-1  | 2026-09-25T22:48:57.936894636Z [2026-09-25 22:48:57,936] INFO [ReplicaFetcher replicaId=2, leaderId=3, fetcherId=0] Truncating partition __consumer_offsets-32 with TruncationState(offset=0, completed=true) due to local high watermark 0 (kafka.server.ReplicaFetcherThread)
kafka-2-1  | 2026-09-25T22:48:57.940960510Z [2026-09-25 22:48:57,936] INFO [ReplicaFetcher replicaId=2, leaderId=1, fetcherId=0] Truncating partition __consumer_offsets-24 with TruncationState(offset=0, completed=true) due to local high watermark 0 (kafka.server.ReplicaFetcherThread)
kafka-2-1  | 2026-09-25T22:48:57.940986250Z [2026-09-25 22:48:57,936] INFO [UnifiedLog partition=__consumer_offsets-32, dir=/var/lib/kafka/data] Truncating to 0 has no effect as the largest offset in the log is -1 (kafka.log.UnifiedLog)
kafka-2-1  | 2026-09-25T22:48:57.940990680Z [2026-09-25 22:48:57,936] INFO [UnifiedLog partition=__consumer_offsets-24, dir=/var/lib/kafka/data] Truncating to 0 has no effect as the largest offset in the log is -1 (kafka.log.UnifiedLog)
kafka-2-1  | 2026-09-25T22:48:57.940994058Z [2026-09-25 22:48:57,936] INFO [ReplicaFetcher replicaId=2, leaderId=3, fetcherId=0] Truncating partition __consumer_offsets-28 with TruncationState(offset=0, completed=true) due to local high watermark 0 (kafka.server.ReplicaFetcherThread)
kafka-2-1  | 2026-09-25T22:48:57.941013842Z [2026-09-25 22:48:57,936] INFO [ReplicaFetcher replicaId=2, leaderId=1, fetcherId=0] Truncating partition __consumer_offsets-21 with TruncationState(offset=0, completed=true) due to local high watermark 0 (kafka.server.ReplicaFetcherThread)
kafka-2-1  | 2026-09-25T22:48:57.941018129Z [2026-09-25 22:48:57,936] INFO [UnifiedLog partition=__consumer_offsets-28, dir=/var/lib/kafka/data] Truncating to 0 has no effect as the largest offset in the log is -1 (kafka.log.UnifiedLog)
kafka-2-1  | 2026-09-25T22:48:57.941021334Z [2026-09-25 22:48:57,936] INFO [UnifiedLog partition=__consumer_offsets-21, dir=/var/lib/kafka/data] Truncating to 0 has no effect as the largest offset in the log is -1 (kafka.log.UnifiedLog)
kafka-2-1  | 2026-09-25T22:48:57.941024663Z [2026-09-25 22:48:57,936] INFO [ReplicaFetcher replicaId=2, leaderId=3, fetcherId=0] Truncating partition __consumer_offsets-26 with TruncationState(offset=0, completed=true) due to local high watermark 0 (kafka.server.ReplicaFetcherThread)
kafka-2-1  | 2026-09-25T22:48:57.941028591Z [2026-09-25 22:48:57,937] INFO [UnifiedLog partition=__consumer_offsets-26, dir=/var/lib/kafka/data] Truncating to 0 has no effect as the largest offset in the log is -1 (kafka.log.UnifiedLog)
kafka-2-1  | 2026-09-25T22:48:57.941033646Z [2026-09-25 22:48:57,937] INFO [ReplicaFetcher replicaId=2, leaderId=1, fetcherId=0] Truncating partition __consumer_offsets-17 with TruncationState(offset=0, completed=true) due to local high watermark 0 (kafka.server.ReplicaFetcherThread)
kafka-2-1  | 2026-09-25T22:48:57.941036917Z [2026-09-25 22:48:57,937] INFO [ReplicaFetcher replicaId=2, leaderId=3, fetcherId=0] Truncating partition __consumer_offsets-39 with TruncationState(offset=0, completed=true) due to local high watermark 0 (kafka.server.ReplicaFetcherThread)
kafka-2-1  | 2026-09-25T22:48:57.941040049Z [2026-09-25 22:48:57,937] INFO [UnifiedLog partition=__consumer_offsets-17, dir=/var/lib/kafka/data] Truncating to 0 has no effect as the largest offset in the log is -1 (kafka.log.UnifiedLog)
kafka-2-1  | 2026-09-25T22:48:57.941043097Z [2026-09-25 22:48:57,937] INFO [ReplicaFetcher replicaId=2, leaderId=1, fetcherId=0] Truncating partition __consumer_offsets-18 with TruncationState(offset=0, completed=true) due to local high watermark 0 (kafka.server.ReplicaFetcherThread)
kafka-2-1  | 2026-09-25T22:48:57.941047318Z [2026-09-25 22:48:57,937] INFO [UnifiedLog partition=__consumer_offsets-39, dir=/var/lib/kafka/data] Truncating to 0 has no effect as the largest offset in the log is -1 (kafka.log.UnifiedLog)
kafka-2-1  | 2026-09-25T22:48:57.941050375Z [2026-09-25 22:48:57,937] INFO [UnifiedLog partition=__consumer_offsets-18, dir=/var/lib/kafka/data] Truncating to 0 has no effect as the largest offset in the log is -1 (kafka.log.UnifiedLog)
kafka-2-1  | 2026-09-25T22:48:57.941053325Z [2026-09-25 22:48:57,937] INFO [ReplicaFetcher replicaId=2, leaderId=3, fetcherId=0] Truncating partition __consumer_offsets-5 with TruncationState(offset=0, completed=true) due to local high watermark 0 (kafka.server.ReplicaFetcherThread)
kafka-2-1  | 2026-09-25T22:48:57.941056434Z [2026-09-25 22:48:57,937] INFO [ReplicaFetcher replicaId=2, leaderId=1, fetcherId=0] Truncating partition __consumer_offsets-31 with TruncationState(offset=0, completed=true) due to local high watermark 0 (kafka.server.ReplicaFetcherThread)
kafka-2-1  | 2026-09-25T22:48:57.941059844Z [2026-09-25 22:48:57,937] INFO [UnifiedLog partition=__consumer_offsets-5, dir=/var/lib/kafka/data] Truncating to 0 has no effect as the largest offset in the log is -1 (kafka.log.UnifiedLog)
kafka-2-1  | 2026-09-25T22:48:57.941394397Z [2026-09-25 22:48:57,937] INFO [UnifiedLog partition=__consumer_offsets-31, dir=/var/lib/kafka/data] Truncating to 0 has no effect as the largest offset in the log is -1 (kafka.log.UnifiedLog)
kafka-2-1  | 2026-09-25T22:48:57.941411692Z [2026-09-25 22:48:57,937] INFO [ReplicaFetcher replicaId=2, leaderId=1, fetcherId=0] Truncating partition __consumer_offsets-0 with TruncationState(offset=0, completed=true) due to local high watermark 0 (kafka.server.ReplicaFetcherThread)
kafka-2-1  | 2026-09-25T22:48:57.941415977Z [2026-09-25 22:48:57,937] INFO [ReplicaFetcher replicaId=2, leaderId=3, fetcherId=0] Truncating partition __consumer_offsets-38 with TruncationState(offset=0, completed=true) due to local high watermark 0 (kafka.server.ReplicaFetcherThread)
kafka-2-1  | 2026-09-25T22:48:57.941419849Z [2026-09-25 22:48:57,938] INFO [UnifiedLog partition=__consumer_offsets-0, dir=/var/lib/kafka/data] Truncating to 0 has no effect as the largest offset in the log is -1 (kafka.log.UnifiedLog)
kafka-2-1  | 2026-09-25T22:48:57.941423248Z [2026-09-25 22:48:57,938] INFO [UnifiedLog partition=__consumer_offsets-38, dir=/var/lib/kafka/data] Truncating to 0 has no effect as the largest offset in the log is -1 (kafka.log.UnifiedLog)
kafka-2-1  | 2026-09-25T22:48:57.941426891Z [2026-09-25 22:48:57,938] INFO [ReplicaFetcher replicaId=2, leaderId=1, fetcherId=0] Truncating partition __consumer_offsets-29 with TruncationState(offset=0, completed=true) due to local high watermark 0 (kafka.server.ReplicaFetcherThread)
kafka-2-1  | 2026-09-25T22:48:57.941430422Z [2026-09-25 22:48:57,938] INFO [ReplicaFetcher replicaId=2, leaderId=3, fetcherId=0] Truncating partition __consumer_offsets-6 with TruncationState(offset=0, completed=true) due to local high watermark 0 (kafka.server.ReplicaFetcherThread)
kafka-2-1  | 2026-09-25T22:48:57.941434013Z [2026-09-25 22:48:57,938] INFO [UnifiedLog partition=__consumer_offsets-29, dir=/var/lib/kafka/data] Truncating to 0 has no effect as the largest offset in the log is -1 (kafka.log.UnifiedLog)
kafka-2-1  | 2026-09-25T22:48:57.941437366Z [2026-09-25 22:48:57,938] INFO [UnifiedLog partition=__consumer_offsets-6, dir=/var/lib/kafka/data] Truncating to 0 has no effect as the largest offset in the log is -1 (kafka.log.UnifiedLog)
kafka-2-1  | 2026-09-25T22:48:57.941440701Z [2026-09-25 22:48:57,938] INFO [ReplicaFetcher replicaId=2, leaderId=1, fetcherId=0] Truncating partition __consumer_offsets-7 with TruncationState(offset=0, completed=true) due to local high watermark 0 (kafka.server.ReplicaFetcherThread)
kafka-2-1  | 2026-09-25T22:48:57.941446277Z [2026-09-25 22:48:57,938] INFO [ReplicaFetcher replicaId=2, leaderId=3, fetcherId=0] Truncating partition __consumer_offsets-33 with TruncationState(offset=0, completed=true) due to local high watermark 0 (kafka.server.ReplicaFetcherThread)
kafka-2-1  | 2026-09-25T22:48:57.941450011Z [2026-09-25 22:48:57,938] INFO [UnifiedLog partition=__consumer_offsets-7, dir=/var/lib/kafka/data] Truncating to 0 has no effect as the largest offset in the log is -1 (kafka.log.UnifiedLog)
kafka-2-1  | 2026-09-25T22:48:57.941453394Z [2026-09-25 22:48:57,938] INFO [UnifiedLog partition=__consumer_offsets-33, dir=/var/lib/kafka/data] Truncating to 0 has no effect as the largest offset in the log is -1 (kafka.log.UnifiedLog)
kafka-2-1  | 2026-09-25T22:48:57.941456698Z [2026-09-25 22:48:57,938] INFO [ReplicaFetcher replicaId=2, leaderId=1, fetcherId=0] Truncating partition __consumer_offsets-40 with TruncationState(offset=0, completed=true) due to local high watermark 0 (kafka.server.ReplicaFetcherThread)
kafka-2-1  | 2026-09-25T22:48:57.941471276Z [2026-09-25 22:48:57,938] INFO [ReplicaFetcher replicaId=2, leaderId=3, fetcherId=0] Truncating partition __consumer_offsets-2 with TruncationState(offset=0, completed=true) due to local high watermark 0 (kafka.server.ReplicaFetcherThread)
kafka-2-1  | 2026-09-25T22:48:57.941475157Z [2026-09-25 22:48:57,939] INFO [UnifiedLog partition=__consumer_offsets-40, dir=/var/lib/kafka/data] Truncating to 0 has no effect as the largest offset in the log is -1 (kafka.log.UnifiedLog)
kafka-2-1  | 2026-09-25T22:48:57.941478578Z [2026-09-25 22:48:57,939] INFO [ReplicaFetcher replicaId=2, leaderId=1, fetcherId=0] Truncating partition __consumer_offsets-37 with TruncationState(offset=0, completed=true) due to local high watermark 0 (kafka.server.ReplicaFetcherThread)
kafka-2-1  | 2026-09-25T22:48:57.941482011Z [2026-09-25 22:48:57,939] INFO [UnifiedLog partition=__consumer_offsets-37, dir=/var/lib/kafka/data] Truncating to 0 has no effect as the largest offset in the log is -1 (kafka.log.UnifiedLog)
kafka-2-1  | 2026-09-25T22:48:57.941485451Z [2026-09-25 22:48:57,939] INFO [ReplicaFetcher replicaId=2, leaderId=1, fetcherId=0] Truncating partition __consumer_offsets-35 with TruncationState(offset=0, completed=true) due to local high watermark 0 (kafka.server.ReplicaFetcherThread)
kafka-2-1  | 2026-09-25T22:48:57.941490327Z [2026-09-25 22:48:57,940] INFO [UnifiedLog partition=__consumer_offsets-35, dir=/var/lib/kafka/data] Truncating to 0 has no effect as the largest offset in the log is -1 (kafka.log.UnifiedLog)
kafka-2-1  | 2026-09-25T22:48:57.941493663Z [2026-09-25 22:48:57,940] INFO [ReplicaFetcher replicaId=2, leaderId=1, fetcherId=0] Truncating partition __consumer_offsets-3 with TruncationState(offset=0, completed=true) due to local high watermark 0 (kafka.server.ReplicaFetcherThread)
kafka-2-1  | 2026-09-25T22:48:57.941497253Z [2026-09-25 22:48:57,940] INFO [UnifiedLog partition=__consumer_offsets-3, dir=/var/lib/kafka/data] Truncating to 0 has no effect as the largest offset in the log is -1 (kafka.log.UnifiedLog)
kafka-2-1  | 2026-09-25T22:48:57.941533623Z [2026-09-25 22:48:57,940] INFO [UnifiedLog partition=__consumer_offsets-2, dir=/var/lib/kafka/data] Truncating to 0 has no effect as the largest offset in the log is -1 (kafka.log.UnifiedLog)
kafka-2-1  | 2026-09-25T22:50:50.723497761Z ===> User
kafka-2-1  | 2026-09-25T22:50:50.724511143Z uid=1000(appuser) gid=1000(appuser) groups=1000(appuser)
kafka-2-1  | 2026-09-25T22:50:50.724676396Z ===> Setting default values of environment variables if not already set.
kafka-2-1  | 2026-09-25T22:50:50.724778963Z ===> Configuring ...
kafka-2-1  | 2026-09-25T22:50:50.724900389Z Running in KRaft mode...
kafka-2-1  | 2026-09-25T22:50:50.725046289Z ===> Launching ... 
kafka-2-1  | 2026-09-25T22:50:50.726593307Z ===> Using provided cluster id 5L6g3nShT-eMCtK--X86sw ...
kafka-2-1  | 2026-09-25T22:50:51.750147950Z Log directory /var/lib/kafka/data is already formatted. Use --ignore-formatted to ignore this directory and format the others.
kafka-2-1  | 2026-09-25T22:50:52.259062312Z [2026-09-25 22:50:52,258] INFO Registered kafka:type=kafka.Log4jController MBean (kafka.utils.Log4jControllerRegistration$)
kafka-2-1  | 2026-09-25T22:50:52.353100290Z [2026-09-25 22:50:52,352] INFO Registered signal handlers for TERM, INT, HUP (org.apache.kafka.common.utils.LoggingSignalHandler)
kafka-2-1  | 2026-09-25T22:50:52.354159513Z [2026-09-25 22:50:52,353] INFO [ControllerServer id=2] Starting controller (kafka.server.ControllerServer)
kafka-2-1  | 2026-09-25T22:50:52.460801678Z [2026-09-25 22:50:52,460] INFO Updated connection-accept-rate max connection creation rate to 2147483647 (kafka.network.ConnectionQuotas)
kafka-2-1  | 2026-09-25T22:50:52.483828047Z [2026-09-25 22:50:52,483] INFO [SocketServer listenerType=CONTROLLER, nodeId=2] Created data-plane acceptor and processors for endpoint : ListenerName(CONTROLLER) (kafka.network.SocketServer)
kafka-2-1  | 2026-09-25T22:50:52.487522830Z [2026-09-25 22:50:52,487] INFO CONTROLLER: resolved wildcard host to kafka-2 (org.apache.kafka.metadata.ListenerInfo)
kafka-2-1  | 2026-09-25T22:50:52.490245795Z [2026-09-25 22:50:52,489] INFO authorizerStart completed for endpoint CONTROLLER. Endpoint is now READY. (org.apache.kafka.server.network.EndpointReadyFutures)
kafka-2-1  | 2026-09-25T22:50:52.491280322Z [2026-09-25 22:50:52,490] INFO [SharedServer id=2] Starting SharedServer (kafka.server.SharedServer)
kafka-2-1  | 2026-09-25T22:50:52.509891876Z [2026-09-25 22:50:52,509] INFO [LogLoader partition=__cluster_metadata-0, dir=/var/lib/kafka/data] Recovering unflushed segment 0. 0 recovered for __cluster_metadata-0. (org.apache.kafka.storage.internals.log.LogLoader)
kafka-2-1  | 2026-09-25T22:50:52.510586347Z [2026-09-25 22:50:52,510] INFO [LogLoader partition=__cluster_metadata-0, dir=/var/lib/kafka/data] Loading producer state till offset 0 (org.apache.kafka.storage.internals.log.UnifiedLog)
kafka-2-1  | 2026-09-25T22:50:52.510783211Z [2026-09-25 22:50:52,510] INFO [LogLoader partition=__cluster_metadata-0, dir=/var/lib/kafka/data] Reloading from producer snapshot and rebuilding producer state from offset 0 (org.apache.kafka.storage.internals.log.UnifiedLog)
kafka-2-1  | 2026-09-25T22:50:52.514028169Z [2026-09-25 22:50:52,513] INFO [LogLoader partition=__cluster_metadata-0, dir=/var/lib/kafka/data] Producer state recovery took 0ms for snapshot load and 0ms for segment recovery from offset 0 (org.apache.kafka.storage.internals.log.UnifiedLog)
kafka-2-1  | 2026-09-25T22:50:52.531943292Z [2026-09-25 22:50:52,531] INFO [ProducerStateManager partition=__cluster_metadata-0] Wrote producer snapshot at offset 239 with 0 producer ids in 4 ms. (org.apache.kafka.storage.internals.log.ProducerStateManager)
kafka-2-1  | 2026-09-25T22:50:52.535043833Z [2026-09-25 22:50:52,534] INFO [LogLoader partition=__cluster_metadata-0, dir=/var/lib/kafka/data] Loading producer state till offset 239 (org.apache.kafka.storage.internals.log.UnifiedLog)
kafka-2-1  | 2026-09-25T22:50:52.535184895Z [2026-09-25 22:50:52,534] INFO [LogLoader partition=__cluster_metadata-0, dir=/var/lib/kafka/data] Reloading from producer snapshot and rebuilding producer state from offset 239 (org.apache.kafka.storage.internals.log.UnifiedLog)
kafka-2-1  | 2026-09-25T22:50:52.536551000Z [2026-09-25 22:50:52,536] INFO [ProducerStateManager partition=__cluster_metadata-0] Loading producer state from snapshot file 'SnapshotFile(offset=239, file=/var/lib/kafka/data/__cluster_metadata-0/00000000000000000239.snapshot)' (org.apache.kafka.storage.internals.log.ProducerStateManager)
kafka-2-1  | 2026-09-25T22:50:52.537848275Z [2026-09-25 22:50:52,537] INFO [LogLoader partition=__cluster_metadata-0, dir=/var/lib/kafka/data] Producer state recovery took 2ms for snapshot load and 0ms for segment recovery from offset 239 (org.apache.kafka.storage.internals.log.UnifiedLog)
kafka-2-1  | 2026-09-25T22:50:52.543219797Z [2026-09-25 22:50:52,543] INFO Initialized snapshots with IDs SortedSet() from /var/lib/kafka/data/__cluster_metadata-0 (kafka.raft.KafkaMetadataLog$)
kafka-2-1  | 2026-09-25T22:50:52.548835966Z [2026-09-25 22:50:52,548] INFO [raft-expiration-reaper]: Starting (kafka.raft.TimingWheelExpirationService$ExpiredOperationReaper)
kafka-2-1  | 2026-09-25T22:50:52.550023379Z [2026-09-25 22:50:52,549] INFO [RaftManager id=2] Reading KRaft snapshot and log as part of the initialization (org.apache.kafka.raft.KafkaRaftClient)
kafka-2-1  | 2026-09-25T22:50:52.556664062Z [2026-09-25 22:50:52,556] INFO [RaftManager id=2] Starting voters are VoterSet(voters={1=VoterNode(voterKey=ReplicaKey(id=1, directoryId=<undefined>), listeners=Endpoints(endpoints={ListenerName(CONTROLLER)=kafka-1/172.18.0.4:9093}), supportedKRaftVersion=SupportedVersionRange[min_version:0, max_version:0]), 2=VoterNode(voterKey=ReplicaKey(id=2, directoryId=<undefined>), listeners=Endpoints(endpoints={ListenerName(CONTROLLER)=kafka-2/172.18.0.2:9093}), supportedKRaftVersion=SupportedVersionRange[min_version:0, max_version:0]), 3=VoterNode(voterKey=ReplicaKey(id=3, directoryId=<undefined>), listeners=Endpoints(endpoints={ListenerName(CONTROLLER)=kafka-3/172.18.0.3:9093}), supportedKRaftVersion=SupportedVersionRange[min_version:0, max_version:0])}) (org.apache.kafka.raft.KafkaRaftClient)
kafka-2-1  | 2026-09-25T22:50:52.557280232Z [2026-09-25 22:50:52,557] INFO [RaftManager id=2] Starting request manager with static voters: [kafka-1:9093 (id: 1 rack: null isFenced: false), kafka-2:9093 (id: 2 rack: null isFenced: false), kafka-3:9093 (id: 3 rack: null isFenced: false)] (org.apache.kafka.raft.KafkaRaftClient)
kafka-2-1  | 2026-09-25T22:50:52.562611515Z [2026-09-25 22:50:52,562] INFO [RaftManager id=2] Attempting durable transition to FollowerState(fetchTimeoutMs=2000, epoch=2, leader=1, leaderEndpoints=Endpoints(endpoints={ListenerName(CONTROLLER)=kafka-1/172.18.0.4:9093}), votedKey=Optional.empty, voters=[1, 2, 3], highWatermark=Optional.empty, fetchingSnapshot=Optional.empty) from null (org.apache.kafka.raft.QuorumState)
kafka-2-1  | 2026-09-25T22:50:52.569822748Z [2026-09-25 22:50:52,569] INFO [RaftManager id=2] Completed transition to FollowerState(fetchTimeoutMs=2000, epoch=2, leader=1, leaderEndpoints=Endpoints(endpoints={ListenerName(CONTROLLER)=kafka-1/172.18.0.4:9093}), votedKey=Optional.empty, voters=[1, 2, 3], highWatermark=Optional.empty, fetchingSnapshot=Optional.empty) from null (org.apache.kafka.raft.QuorumState)
kafka-2-1  | 2026-09-25T22:50:52.571511827Z [2026-09-25 22:50:52,571] INFO [kafka-2-raft-outbound-request-thread]: Starting (org.apache.kafka.raft.KafkaNetworkChannel$SendThread)
kafka-2-1  | 2026-09-25T22:50:52.572528699Z [2026-09-25 22:50:52,571] INFO [kafka-2-raft-io-thread]: Starting (org.apache.kafka.raft.KafkaRaftClientDriver)
kafka-2-1  | 2026-09-25T22:50:52.579509974Z [2026-09-25 22:50:52,578] INFO [MetadataLoader id=2] initializeNewPublishers: the loader is still catching up because we still don't know the high water mark yet. (org.apache.kafka.image.loader.MetadataLoader)
kafka-2-1  | 2026-09-25T22:50:52.579736802Z [2026-09-25 22:50:52,579] INFO [RaftManager id=2] Registered the listener org.apache.kafka.image.loader.MetadataLoader@1030952228 (org.apache.kafka.raft.KafkaRaftClient)
kafka-2-1  | 2026-09-25T22:50:52.579751794Z [2026-09-25 22:50:52,579] INFO [ControllerServer id=2] Waiting for controller quorum voters future (kafka.server.ControllerServer)
kafka-2-1  | 2026-09-25T22:50:52.579755299Z [2026-09-25 22:50:52,579] INFO [ControllerServer id=2] Finished waiting for controller quorum voters future (kafka.server.ControllerServer)
kafka-2-1  | 2026-09-25T22:50:52.595716318Z [2026-09-25 22:50:52,595] INFO [controller-2-ThrottledChannelReaper-Fetch]: Starting (kafka.server.ClientQuotaManager$ThrottledChannelReaper)
kafka-2-1  | 2026-09-25T22:50:52.597065990Z [2026-09-25 22:50:52,596] INFO [controller-2-ThrottledChannelReaper-Produce]: Starting (kafka.server.ClientQuotaManager$ThrottledChannelReaper)
kafka-2-1  | 2026-09-25T22:50:52.600085095Z [2026-09-25 22:50:52,598] INFO [controller-2-ThrottledChannelReaper-Request]: Starting (kafka.server.ClientQuotaManager$ThrottledChannelReaper)
kafka-2-1  | 2026-09-25T22:50:52.601202791Z [2026-09-25 22:50:52,600] INFO [controller-2-ThrottledChannelReaper-ControllerMutation]: Starting (kafka.server.ClientQuotaManager$ThrottledChannelReaper)
kafka-2-1  | 2026-09-25T22:50:52.608357828Z [2026-09-25 22:50:52,607] INFO [ExpirationReaper-0-null]: Starting (org.apache.kafka.server.purgatory.DelayedOperationPurgatory$ExpiredOperationReaper)
kafka-2-1  | 2026-09-25T22:50:52.610661100Z [2026-09-25 22:50:52,610] INFO [RaftManager id=2] High watermark set to Optional[LogOffsetMetadata(offset=386, metadata=Optional.empty)] for the first time for epoch 2 (org.apache.kafka.raft.FollowerState)
kafka-2-1  | 2026-09-25T22:50:52.611221937Z [2026-09-25 22:50:52,610] INFO [RaftManager id=2] Setting the next offset of org.apache.kafka.image.loader.MetadataLoader@1030952228 to 0 since there are no snapshots (org.apache.kafka.raft.KafkaRaftClient)
kafka-2-1  | 2026-09-25T22:50:52.612492325Z [2026-09-25 22:50:52,612] INFO [RaftManager id=2] Registered the listener org.apache.kafka.controller.QuorumController$QuorumMetaLogListener@1570417121 (org.apache.kafka.raft.KafkaRaftClient)
kafka-2-1  | 2026-09-25T22:50:52.613091547Z [2026-09-25 22:50:52,612] INFO [RaftManager id=2] Setting the next offset of org.apache.kafka.controller.QuorumController$QuorumMetaLogListener@1570417121 to 0 since there are no snapshots (org.apache.kafka.raft.KafkaRaftClient)
kafka-2-1  | 2026-09-25T22:50:52.614856043Z [2026-09-25 22:50:52,614] INFO [MetadataLoader id=2] maybePublishMetadata(LOG_DELTA): The loader is still catching up because we have loaded up to offset 0, but the high water mark is 386 (org.apache.kafka.image.loader.MetadataLoader)
kafka-2-1  | 2026-09-25T22:50:52.622647538Z [2026-09-25 22:50:52,621] INFO [ControllerServer id=2] Waiting for the controller metadata publishers to be installed (kafka.server.ControllerServer)
kafka-2-1  | 2026-09-25T22:50:52.637422656Z [2026-09-25 22:50:52,637] INFO [MetadataLoader id=2] maybePublishMetadata(LOG_DELTA): The loader finished catching up to the current high water mark of 386 (org.apache.kafka.image.loader.MetadataLoader)
kafka-2-1  | 2026-09-25T22:50:52.639442396Z [2026-09-25 22:50:52,639] INFO [MetadataLoader id=2] InitializeNewPublishers: initializing SnapshotGenerator with a snapshot at offset 385 (org.apache.kafka.image.loader.MetadataLoader)
kafka-2-1  | 2026-09-25T22:50:52.639956432Z [2026-09-25 22:50:52,639] INFO [ControllerServer id=2] Finished waiting for the controller metadata publishers to be installed (kafka.server.ControllerServer)
kafka-2-1  | 2026-09-25T22:50:52.640585799Z [2026-09-25 22:50:52,640] INFO [MetadataLoader id=2] InitializeNewPublishers: initializing KRaftMetadataCachePublisher with a snapshot at offset 385 (org.apache.kafka.image.loader.MetadataLoader)
kafka-2-1  | 2026-09-25T22:50:52.640602297Z [2026-09-25 22:50:52,640] INFO [SocketServer listenerType=CONTROLLER, nodeId=2] Enabling request processing. (kafka.network.SocketServer)
kafka-2-1  | 2026-09-25T22:50:52.640606043Z [2026-09-25 22:50:52,640] INFO [MetadataLoader id=2] InitializeNewPublishers: initializing FeaturesPublisher with a snapshot at offset 385 (org.apache.kafka.image.loader.MetadataLoader)
kafka-2-1  | 2026-09-25T22:50:52.642419869Z [2026-09-25 22:50:52,642] INFO Awaiting socket connections on 0.0.0.0:9093. (kafka.network.DataPlaneAcceptor)
kafka-2-1  | 2026-09-25T22:50:52.643243885Z [2026-09-25 22:50:52,642] INFO [ControllerServer id=2] Loaded new metadata Features(metadataVersion=4.0-IV3, finalizedFeatures={group.version=1, transaction.version=2, metadata.version=25}, finalizedFeaturesEpoch=385). (org.apache.kafka.metadata.publisher.FeaturesPublisher)
kafka-2-1  | 2026-09-25T22:50:52.643414002Z [2026-09-25 22:50:52,643] INFO [MetadataLoader id=2] InitializeNewPublishers: initializing ControllerRegistrationsPublisher with a snapshot at offset 385 (org.apache.kafka.image.loader.MetadataLoader)
kafka-2-1  | 2026-09-25T22:50:52.643646606Z [2026-09-25 22:50:52,643] INFO [MetadataLoader id=2] InitializeNewPublishers: initializing ControllerRegistrationManager with a snapshot at offset 385 (org.apache.kafka.image.loader.MetadataLoader)
kafka-2-1  | 2026-09-25T22:50:52.644784151Z [2026-09-25 22:50:52,644] INFO [MetadataLoader id=2] InitializeNewPublishers: initializing DynamicConfigPublisher controller id=2 with a snapshot at offset 385 (org.apache.kafka.image.loader.MetadataLoader)
kafka-2-1  | 2026-09-25T22:50:52.647660213Z [2026-09-25 22:50:52,647] INFO [ControllerRegistrationManager id=2 incarnation=89GjpPsjRgSAu_T-xeYLxw] Found registration for 9rrqRllhQqyzKKpCXHLvaw instead of our incarnation. (kafka.server.ControllerRegistrationManager)
kafka-2-1  | 2026-09-25T22:50:52.650053548Z [2026-09-25 22:50:52,649] INFO [MetadataLoader id=2] InitializeNewPublishers: initializing DynamicClientQuotaPublisher controller id=2 with a snapshot at offset 385 (org.apache.kafka.image.loader.MetadataLoader)
kafka-2-1  | 2026-09-25T22:50:52.652093604Z [2026-09-25 22:50:52,651] INFO [MetadataLoader id=2] InitializeNewPublishers: initializing DynamicTopicClusterQuotaPublisher controller id=2 with a snapshot at offset 385 (org.apache.kafka.image.loader.MetadataLoader)
kafka-2-1  | 2026-09-25T22:50:52.654324430Z [2026-09-25 22:50:52,653] INFO [controller-2-to-controller-registration-channel-manager]: Starting (kafka.server.NodeToControllerRequestThread)
kafka-2-1  | 2026-09-25T22:50:52.655734593Z [2026-09-25 22:50:52,655] INFO [MetadataLoader id=2] InitializeNewPublishers: initializing ScramPublisher controller id=2 with a snapshot at offset 385 (org.apache.kafka.image.loader.MetadataLoader)
kafka-2-1  | 2026-09-25T22:50:52.655754924Z [2026-09-25 22:50:52,655] INFO [ControllerRegistrationManager id=2 incarnation=89GjpPsjRgSAu_T-xeYLxw] initialized channel manager. (kafka.server.ControllerRegistrationManager)
kafka-2-1  | 2026-09-25T22:50:52.655941090Z [2026-09-25 22:50:52,655] INFO [ControllerServer id=2] Waiting for all of the authorizer futures to be completed (kafka.server.ControllerServer)
kafka-2-1  | 2026-09-25T22:50:52.656235888Z [2026-09-25 22:50:52,656] INFO [ControllerServer id=2] Finished waiting for all of the authorizer futures to be completed (kafka.server.ControllerServer)
kafka-2-1  | 2026-09-25T22:50:52.656904461Z [2026-09-25 22:50:52,656] INFO [ControllerServer id=2] Waiting for all of the SocketServer Acceptors to be started (kafka.server.ControllerServer)
kafka-2-1  | 2026-09-25T22:50:52.656921964Z [2026-09-25 22:50:52,656] INFO [controller-2-to-controller-registration-channel-manager]: Recorded new KRaft controller, from now on will use node kafka-1:9093 (id: 1 rack: null isFenced: false) (kafka.server.NodeToControllerRequestThread)
kafka-2-1  | 2026-09-25T22:50:52.657238938Z [2026-09-25 22:50:52,657] INFO [ControllerServer id=2] Finished waiting for all of the SocketServer Acceptors to be started (kafka.server.ControllerServer)
kafka-2-1  | 2026-09-25T22:50:52.657349248Z [2026-09-25 22:50:52,657] INFO [MetadataLoader id=2] InitializeNewPublishers: initializing DelegationTokenPublisher controller id=2 with a snapshot at offset 385 (org.apache.kafka.image.loader.MetadataLoader)
kafka-2-1  | 2026-09-25T22:50:52.658685094Z [2026-09-25 22:50:52,658] INFO [BrokerServer id=2] Transition from SHUTDOWN to STARTING (kafka.server.BrokerServer)
kafka-2-1  | 2026-09-25T22:50:52.659074564Z [2026-09-25 22:50:52,658] INFO [MetadataLoader id=2] InitializeNewPublishers: initializing ControllerMetadataMetricsPublisher with a snapshot at offset 385 (org.apache.kafka.image.loader.MetadataLoader)
kafka-2-1  | 2026-09-25T22:50:52.659296917Z [2026-09-25 22:50:52,659] INFO [MetadataLoader id=2] InitializeNewPublishers: initializing AclPublisher controller id=2 with a snapshot at offset 385 (org.apache.kafka.image.loader.MetadataLoader)
kafka-2-1  | 2026-09-25T22:50:52.659475234Z [2026-09-25 22:50:52,659] INFO [BrokerServer id=2] Starting broker (kafka.server.BrokerServer)
kafka-2-1  | 2026-09-25T22:50:52.662642264Z [2026-09-25 22:50:52,662] INFO [ControllerRegistrationManager id=2 incarnation=89GjpPsjRgSAu_T-xeYLxw] sendControllerRegistration: attempting to send ControllerRegistrationRequestData(controllerId=2, incarnationId=89GjpPsjRgSAu_T-xeYLxw, zkMigrationReady=false, listeners=[Listener(name='CONTROLLER', host='kafka-2', port=9093, securityProtocol=0)], features=[Feature(name='group.version', minSupportedVersion=0, maxSupportedVersion=1), Feature(name='transaction.version', minSupportedVersion=0, maxSupportedVersion=2), Feature(name='eligible.leader.replicas.version', minSupportedVersion=0, maxSupportedVersion=1), Feature(name='kraft.version', minSupportedVersion=0, maxSupportedVersion=1), Feature(name='metadata.version', minSupportedVersion=7, maxSupportedVersion=25)]) (kafka.server.ControllerRegistrationManager)
kafka-2-1  | 2026-09-25T22:50:52.667711709Z [2026-09-25 22:50:52,667] INFO [broker-2-ThrottledChannelReaper-Fetch]: Starting (kafka.server.ClientQuotaManager$ThrottledChannelReaper)
kafka-2-1  | 2026-09-25T22:50:52.668811203Z [2026-09-25 22:50:52,668] INFO [broker-2-ThrottledChannelReaper-Produce]: Starting (kafka.server.ClientQuotaManager$ThrottledChannelReaper)
kafka-2-1  | 2026-09-25T22:50:52.670056948Z [2026-09-25 22:50:52,669] INFO [broker-2-ThrottledChannelReaper-Request]: Starting (kafka.server.ClientQuotaManager$ThrottledChannelReaper)
kafka-2-1  | 2026-09-25T22:50:52.691646523Z [2026-09-25 22:50:52,691] INFO [broker-2-ThrottledChannelReaper-ControllerMutation]: Starting (kafka.server.ClientQuotaManager$ThrottledChannelReaper)
kafka-2-1  | 2026-09-25T22:50:52.700923922Z [2026-09-25 22:50:52,700] INFO [ControllerRegistrationManager id=2 incarnation=89GjpPsjRgSAu_T-xeYLxw] RegistrationResponseHandler: controller acknowledged ControllerRegistrationRequest. (kafka.server.ControllerRegistrationManager)
kafka-2-1  | 2026-09-25T22:50:52.703803091Z [2026-09-25 22:50:52,703] INFO [BrokerServer id=2] Waiting for controller quorum voters future (kafka.server.BrokerServer)
kafka-2-1  | 2026-09-25T22:50:52.703825591Z [2026-09-25 22:50:52,703] INFO [BrokerServer id=2] Finished waiting for controller quorum voters future (kafka.server.BrokerServer)
kafka-2-1  | 2026-09-25T22:50:52.705659391Z [2026-09-25 22:50:52,705] INFO [broker-2-to-controller-forwarding-channel-manager]: Starting (kafka.server.NodeToControllerRequestThread)
kafka-2-1  | 2026-09-25T22:50:52.706065601Z [2026-09-25 22:50:52,705] INFO [broker-2-to-controller-forwarding-channel-manager]: Recorded new KRaft controller, from now on will use node kafka-1:9093 (id: 1 rack: null isFenced: false) (kafka.server.NodeToControllerRequestThread)
kafka-2-1  | 2026-09-25T22:50:52.709244512Z [2026-09-25 22:50:52,709] INFO [client-metrics-reaper]: Starting (org.apache.kafka.server.util.timer.SystemTimerReaper$Reaper)
kafka-2-1  | 2026-09-25T22:50:52.731448094Z [2026-09-25 22:50:52,730] INFO Updated connection-accept-rate max connection creation rate to 2147483647 (kafka.network.ConnectionQuotas)
kafka-2-1  | 2026-09-25T22:50:52.735733500Z [2026-09-25 22:50:52,735] INFO [SocketServer listenerType=BROKER, nodeId=2] Created data-plane acceptor and processors for endpoint : ListenerName(PLAINTEXT) (kafka.network.SocketServer)
kafka-2-1  | 2026-09-25T22:50:52.738808151Z [2026-09-25 22:50:52,738] INFO [broker-2-to-controller-alter-partition-channel-manager]: Starting (kafka.server.NodeToControllerRequestThread)
kafka-2-1  | 2026-09-25T22:50:52.739230619Z [2026-09-25 22:50:52,738] INFO [broker-2-to-controller-alter-partition-channel-manager]: Recorded new KRaft controller, from now on will use node kafka-1:9093 (id: 1 rack: null isFenced: false) (kafka.server.NodeToControllerRequestThread)
kafka-2-1  | 2026-09-25T22:50:52.745142748Z [2026-09-25 22:50:52,744] INFO [broker-2-to-controller-directory-assignments-channel-manager]: Starting (kafka.server.NodeToControllerRequestThread)
kafka-2-1  | 2026-09-25T22:50:52.745869876Z [2026-09-25 22:50:52,745] INFO [broker-2-to-controller-directory-assignments-channel-manager]: Recorded new KRaft controller, from now on will use node kafka-1:9093 (id: 1 rack: null isFenced: false) (kafka.server.NodeToControllerRequestThread)
kafka-2-1  | 2026-09-25T22:50:52.746810348Z [2026-09-25 22:50:52,746] INFO [ExpirationReaper-0-null]: Starting (org.apache.kafka.server.purgatory.DelayedOperationPurgatory$ExpiredOperationReaper)
kafka-2-1  | 2026-09-25T22:50:52.747987836Z [2026-09-25 22:50:52,747] INFO [ExpirationReaper-0-null]: Starting (org.apache.kafka.server.purgatory.DelayedOperationPurgatory$ExpiredOperationReaper)
kafka-2-1  | 2026-09-25T22:50:52.748536883Z [2026-09-25 22:50:52,748] INFO [ExpirationReaper-0-null]: Starting (org.apache.kafka.server.purgatory.DelayedOperationPurgatory$ExpiredOperationReaper)
kafka-2-1  | 2026-09-25T22:50:52.749224577Z [2026-09-25 22:50:52,749] INFO [ExpirationReaper-0-null]: Starting (org.apache.kafka.server.purgatory.DelayedOperationPurgatory$ExpiredOperationReaper)
kafka-2-1  | 2026-09-25T22:50:52.749841053Z [2026-09-25 22:50:52,749] INFO [ExpirationReaper-0-null]: Starting (org.apache.kafka.server.purgatory.DelayedOperationPurgatory$ExpiredOperationReaper)
kafka-2-1  | 2026-09-25T22:50:52.750537230Z [2026-09-25 22:50:52,750] INFO [ExpirationReaper-0-null]: Starting (org.apache.kafka.server.purgatory.DelayedOperationPurgatory$ExpiredOperationReaper)
kafka-2-1  | 2026-09-25T22:50:52.754614019Z [2026-09-25 22:50:52,754] INFO [BrokerServer id=2] Using no op persister (kafka.server.BrokerServer)
kafka-2-1  | 2026-09-25T22:50:52.755668129Z [2026-09-25 22:50:52,755] INFO [group-coordinator-reaper]: Starting (org.apache.kafka.server.util.timer.SystemTimerReaper$Reaper)
kafka-2-1  | 2026-09-25T22:50:52.762599098Z [2026-09-25 22:50:52,762] INFO [group-coordinator-event-processor-0]: Starting (org.apache.kafka.coordinator.common.runtime.MultiThreadedEventProcessor$EventProcessorThread)
kafka-2-1  | 2026-09-25T22:50:52.762953381Z [2026-09-25 22:50:52,762] INFO [group-coordinator-event-processor-1]: Starting (org.apache.kafka.coordinator.common.runtime.MultiThreadedEventProcessor$EventProcessorThread)
kafka-2-1  | 2026-09-25T22:50:52.762972145Z [2026-09-25 22:50:52,762] INFO [group-coordinator-event-processor-2]: Starting (org.apache.kafka.coordinator.common.runtime.MultiThreadedEventProcessor$EventProcessorThread)
kafka-2-1  | 2026-09-25T22:50:52.763161957Z [2026-09-25 22:50:52,762] INFO [group-coordinator-event-processor-3]: Starting (org.apache.kafka.coordinator.common.runtime.MultiThreadedEventProcessor$EventProcessorThread)
kafka-2-1  | 2026-09-25T22:50:52.770539287Z [2026-09-25 22:50:52,769] INFO Unable to read the broker epoch in /var/lib/kafka/data. (kafka.log.LogManager)
kafka-2-1  | 2026-09-25T22:50:52.770955259Z [2026-09-25 22:50:52,770] INFO [broker-2-to-controller-heartbeat-channel-manager]: Starting (kafka.server.NodeToControllerRequestThread)
kafka-2-1  | 2026-09-25T22:50:52.771375234Z [2026-09-25 22:50:52,771] INFO [broker-2-to-controller-heartbeat-channel-manager]: Recorded new KRaft controller, from now on will use node kafka-1:9093 (id: 1 rack: null isFenced: false) (kafka.server.NodeToControllerRequestThread)
kafka-2-1  | 2026-09-25T22:50:52.771706433Z [2026-09-25 22:50:52,771] INFO [BrokerLifecycleManager id=2] Incarnation uKEcUyuiR6KlY2_XNooq4Q of broker 2 in cluster 5L6g3nShT-eMCtK--X86sw is now STARTING. (kafka.server.BrokerLifecycleManager)
kafka-2-1  | 2026-09-25T22:50:52.774298019Z [2026-09-25 22:50:52,773] INFO [share-group-lock-timeout-reaper]: Starting (org.apache.kafka.server.util.timer.SystemTimerReaper$Reaper)
kafka-2-1  | 2026-09-25T22:50:52.775538193Z [2026-09-25 22:50:52,775] INFO [ExpirationReaper-0-null]: Starting (org.apache.kafka.server.purgatory.DelayedOperationPurgatory$ExpiredOperationReaper)
kafka-2-1  | 2026-09-25T22:50:52.782906685Z [2026-09-25 22:50:52,782] INFO [BrokerServer id=2] Waiting for the broker metadata publishers to be installed (kafka.server.BrokerServer)
kafka-2-1  | 2026-09-25T22:50:52.782930842Z [2026-09-25 22:50:52,782] INFO [BrokerServer id=2] Finished waiting for the broker metadata publishers to be installed (kafka.server.BrokerServer)
kafka-2-1  | 2026-09-25T22:50:52.783080095Z [2026-09-25 22:50:52,782] INFO [BrokerServer id=2] Waiting for the controller to acknowledge that we are caught up (kafka.server.BrokerServer)
kafka-2-1  | 2026-09-25T22:50:52.784310420Z [2026-09-25 22:50:52,783] INFO [MetadataLoader id=2] InitializeNewPublishers: initializing MetadataVersionPublisher(id=2) with a snapshot at offset 385 (org.apache.kafka.image.loader.MetadataLoader)
kafka-2-1  | 2026-09-25T22:50:52.784400502Z [2026-09-25 22:50:52,784] INFO [MetadataLoader id=2] InitializeNewPublishers: initializing BrokerMetadataPublisher with a snapshot at offset 385 (org.apache.kafka.image.loader.MetadataLoader)
kafka-2-1  | 2026-09-25T22:50:52.786805065Z [2026-09-25 22:50:52,786] INFO [BrokerMetadataPublisher id=2] Publishing initial metadata at offset OffsetAndEpoch(offset=385, epoch=2) with metadata.version Optional[4.0-IV3]. (kafka.server.metadata.BrokerMetadataPublisher)
kafka-2-1  | 2026-09-25T22:50:52.788228034Z [2026-09-25 22:50:52,787] INFO Loading logs from log dirs ArrayBuffer(/var/lib/kafka/data) (kafka.log.LogManager)
kafka-2-1  | 2026-09-25T22:50:52.791199235Z [2026-09-25 22:50:52,790] INFO Recovering 56 logs from /var/lib/kafka/data since no clean shutdown file was found (kafka.log.LogManager)
kafka-2-1  | 2026-09-25T22:50:52.800268982Z [2026-09-25 22:50:52,800] INFO [LogLoader partition=__consumer_offsets-28, dir=/var/lib/kafka/data] Recovering unflushed segment 0. 0 recovered for __consumer_offsets-28. (org.apache.kafka.storage.internals.log.LogLoader)
kafka-2-1  | 2026-09-25T22:50:52.800357248Z [2026-09-25 22:50:52,800] INFO [LogLoader partition=__consumer_offsets-9, dir=/var/lib/kafka/data] Recovering unflushed segment 0. 0 recovered for __consumer_offsets-9. (org.apache.kafka.storage.internals.log.LogLoader)
kafka-2-1  | 2026-09-25T22:50:52.801249309Z [2026-09-25 22:50:52,800] INFO [LogLoader partition=__consumer_offsets-9, dir=/var/lib/kafka/data] Loading producer state till offset 0 (org.apache.kafka.storage.internals.log.UnifiedLog)
kafka-2-1  | 2026-09-25T22:50:52.801287431Z [2026-09-25 22:50:52,800] INFO [LogLoader partition=__consumer_offsets-28, dir=/var/lib/kafka/data] Loading producer state till offset 0 (org.apache.kafka.storage.internals.log.UnifiedLog)
kafka-2-1  | 2026-09-25T22:50:52.801460576Z [2026-09-25 22:50:52,801] INFO [LogLoader partition=__consumer_offsets-9, dir=/var/lib/kafka/data] Reloading from producer snapshot and rebuilding producer state from offset 0 (org.apache.kafka.storage.internals.log.UnifiedLog)
kafka-2-1  | 2026-09-25T22:50:52.801654792Z [2026-09-25 22:50:52,801] INFO [LogLoader partition=__consumer_offsets-28, dir=/var/lib/kafka/data] Reloading from producer snapshot and rebuilding producer state from offset 0 (org.apache.kafka.storage.internals.log.UnifiedLog)
kafka-2-1  | 2026-09-25T22:50:52.801670761Z [2026-09-25 22:50:52,801] INFO [LogLoader partition=__consumer_offsets-9, dir=/var/lib/kafka/data] Producer state recovery took 0ms for snapshot load and 0ms for segment recovery from offset 0 (org.apache.kafka.storage.internals.log.UnifiedLog)
kafka-2-1  | 2026-09-25T22:50:52.802725326Z [2026-09-25 22:50:52,802] INFO [LogLoader partition=__consumer_offsets-28, dir=/var/lib/kafka/data] Producer state recovery took 0ms for snapshot load and 0ms for segment recovery from offset 0 (org.apache.kafka.storage.internals.log.UnifiedLog)
kafka-2-1  | 2026-09-25T22:50:52.804650605Z [2026-09-25 22:50:52,804] INFO [LogLoader partition=__consumer_offsets-28, dir=/var/lib/kafka/data] Loading producer state till offset 0 (org.apache.kafka.storage.internals.log.UnifiedLog)
kafka-2-1  | 2026-09-25T22:50:52.804672272Z [2026-09-25 22:50:52,804] INFO [LogLoader partition=__consumer_offsets-9, dir=/var/lib/kafka/data] Loading producer state till offset 0 (org.apache.kafka.storage.internals.log.UnifiedLog)
kafka-2-1  | 2026-09-25T22:50:52.804676865Z [2026-09-25 22:50:52,804] INFO [LogLoader partition=__consumer_offsets-28, dir=/var/lib/kafka/data] Reloading from producer snapshot and rebuilding producer state from offset 0 (org.apache.kafka.storage.internals.log.UnifiedLog)
kafka-2-1  | 2026-09-25T22:50:52.804746704Z [2026-09-25 22:50:52,804] INFO [LogLoader partition=__consumer_offsets-9, dir=/var/lib/kafka/data] Reloading from producer snapshot and rebuilding producer state from offset 0 (org.apache.kafka.storage.internals.log.UnifiedLog)
kafka-2-1  | 2026-09-25T22:50:52.804762920Z [2026-09-25 22:50:52,804] INFO [LogLoader partition=__consumer_offsets-28, dir=/var/lib/kafka/data] Producer state recovery took 0ms for snapshot load and 0ms for segment recovery from offset 0 (org.apache.kafka.storage.internals.log.UnifiedLog)
kafka-2-1  | 2026-09-25T22:50:52.804997007Z [2026-09-25 22:50:52,804] INFO [LogLoader partition=__consumer_offsets-9, dir=/var/lib/kafka/data] Producer state recovery took 0ms for snapshot load and 0ms for segment recovery from offset 0 (org.apache.kafka.storage.internals.log.UnifiedLog)
kafka-2-1  | 2026-09-25T22:50:52.812420729Z [2026-09-25 22:50:52,812] INFO [BrokerLifecycleManager id=2] Successfully registered broker 2 with broker epoch 387 (kafka.server.BrokerLifecycleManager)
kafka-2-1  | 2026-09-25T22:50:52.817043407Z [2026-09-25 22:50:52,816] INFO Completed load of Log(dir=/var/lib/kafka/data/__consumer_offsets-28, topicId=z0JJoNscSBKv29UaLoZ9NQ, topic=__consumer_offsets, partition=28, highWatermark=0, lastStableOffset=0, logStartOffset=0, logEndOffset=0) with 1 segments, local-log-start-offset 0 and log-end-offset 0 in 9ms (1/56 completed in /var/lib/kafka/data) (kafka.log.LogManager)
kafka-2-1  | 2026-09-25T22:50:52.817099000Z [2026-09-25 22:50:52,816] INFO Completed load of Log(dir=/var/lib/kafka/data/__consumer_offsets-9, topicId=z0JJoNscSBKv29UaLoZ9NQ, topic=__consumer_offsets, partition=9, highWatermark=0, lastStableOffset=0, logStartOffset=0, logEndOffset=0) with 1 segments, local-log-start-offset 0 and log-end-offset 0 in 10ms (2/56 completed in /var/lib/kafka/data) (kafka.log.LogManager)
kafka-2-1  | 2026-09-25T22:50:52.819147165Z [2026-09-25 22:50:52,818] INFO [LogLoader partition=__consumer_offsets-11, dir=/var/lib/kafka/data] Recovering unflushed segment 0. 0 recovered for __consumer_offsets-11. (org.apache.kafka.storage.internals.log.LogLoader)
kafka-2-1  | 2026-09-25T22:50:52.819168257Z [2026-09-25 22:50:52,818] INFO [LogLoader partition=__consumer_offsets-37, dir=/var/lib/kafka/data] Recovering unflushed segment 0. 0 recovered for __consumer_offsets-37. (org.apache.kafka.storage.internals.log.LogLoader)
kafka-2-1  | 2026-09-25T22:50:52.819447104Z [2026-09-25 22:50:52,819] INFO [LogLoader partition=__consumer_offsets-11, dir=/var/lib/kafka/data] Loading producer state till offset 0 (org.apache.kafka.storage.internals.log.UnifiedLog)
kafka-2-1  | 2026-09-25T22:50:52.819467453Z [2026-09-25 22:50:52,819] INFO [LogLoader partition=__consumer_offsets-11, dir=/var/lib/kafka/data] Reloading from producer snapshot and rebuilding producer state from offset 0 (org.apache.kafka.storage.internals.log.UnifiedLog)
kafka-2-1  | 2026-09-25T22:50:52.819469742Z [2026-09-25 22:50:52,819] INFO [LogLoader partition=__consumer_offsets-37, dir=/var/lib/kafka/data] Loading producer state till offset 0 (org.apache.kafka.storage.internals.log.UnifiedLog)
kafka-2-1  | 2026-09-25T22:50:52.819595394Z [2026-09-25 22:50:52,819] INFO [LogLoader partition=__consumer_offsets-11, dir=/var/lib/kafka/data] Producer state recovery took 0ms for snapshot load and 0ms for segment recovery from offset 0 (org.apache.kafka.storage.internals.log.UnifiedLog)
kafka-2-1  | 2026-09-25T22:50:52.819755613Z [2026-09-25 22:50:52,819] INFO [LogLoader partition=__consumer_offsets-37, dir=/var/lib/kafka/data] Reloading from producer snapshot and rebuilding producer state from offset 0 (org.apache.kafka.storage.internals.log.UnifiedLog)
kafka-2-1  | 2026-09-25T22:50:52.819789403Z [2026-09-25 22:50:52,819] INFO [LogLoader partition=__consumer_offsets-37, dir=/var/lib/kafka/data] Producer state recovery took 0ms for snapshot load and 0ms for segment recovery from offset 0 (org.apache.kafka.storage.internals.log.UnifiedLog)
kafka-2-1  | 2026-09-25T22:50:52.820838071Z [2026-09-25 22:50:52,820] INFO [LogLoader partition=__consumer_offsets-37, dir=/var/lib/kafka/data] Loading producer state till offset 0 (org.apache.kafka.storage.internals.log.UnifiedLog)
kafka-2-1  | 2026-09-25T22:50:52.820853547Z [2026-09-25 22:50:52,820] INFO [LogLoader partition=__consumer_offsets-37, dir=/var/lib/kafka/data] Reloading from producer snapshot and rebuilding producer state from offset 0 (org.apache.kafka.storage.internals.log.UnifiedLog)
kafka-2-1  | 2026-09-25T22:50:52.820857422Z [2026-09-25 22:50:52,820] INFO [LogLoader partition=__consumer_offsets-37, dir=/var/lib/kafka/data] Producer state recovery took 0ms for snapshot load and 0ms for segment recovery from offset 0 (org.apache.kafka.storage.internals.log.UnifiedLog)
kafka-2-1  | 2026-09-25T22:50:52.821102614Z [2026-09-25 22:50:52,820] INFO [LogLoader partition=__consumer_offsets-11, dir=/var/lib/kafka/data] Loading producer state till offset 0 (org.apache.kafka.storage.internals.log.UnifiedLog)
kafka-2-1  | 2026-09-25T22:50:52.821505065Z [2026-09-25 22:50:52,821] INFO [LogLoader partition=__consumer_offsets-11, dir=/var/lib/kafka/data] Reloading from producer snapshot and rebuilding producer state from offset 0 (org.apache.kafka.storage.internals.log.UnifiedLog)
kafka-2-1  | 2026-09-25T22:50:52.821531510Z [2026-09-25 22:50:52,821] INFO [LogLoader partition=__consumer_offsets-11, dir=/var/lib/kafka/data] Producer state recovery took 0ms for snapshot load and 0ms for segment recovery from offset 0 (org.apache.kafka.storage.internals.log.UnifiedLog)
kafka-2-1  | 2026-09-25T22:50:52.822321742Z [2026-09-25 22:50:52,822] INFO Completed load of Log(dir=/var/lib/kafka/data/__consumer_offsets-37, topicId=z0JJoNscSBKv29UaLoZ9NQ, topic=__consumer_offsets, partition=37, highWatermark=0, lastStableOffset=0, logStartOffset=0, logEndOffset=0) with 1 segments, local-log-start-offset 0 and log-end-offset 0 in 5ms (3/56 completed in /var/lib/kafka/data) (kafka.log.LogManager)
kafka-2-1  | 2026-09-25T22:50:52.823338523Z [2026-09-25 22:50:52,823] INFO Completed load of Log(dir=/var/lib/kafka/data/__consumer_offsets-11, topicId=z0JJoNscSBKv29UaLoZ9NQ, topic=__consumer_offsets, partition=11, highWatermark=0, lastStableOffset=0, logStartOffset=0, logEndOffset=0) with 1 segments, local-log-start-offset 0 and log-end-offset 0 in 6ms (4/56 completed in /var/lib/kafka/data) (kafka.log.LogManager)
kafka-2-1  | 2026-09-25T22:50:52.823984323Z [2026-09-25 22:50:52,823] INFO [LogLoader partition=__consumer_offsets-34, dir=/var/lib/kafka/data] Recovering unflushed segment 0. 0 recovered for __consumer_offsets-34. (org.apache.kafka.storage.internals.log.LogLoader)
kafka-2-1  | 2026-09-25T22:50:52.824462275Z [2026-09-25 22:50:52,824] INFO [LogLoader partition=__consumer_offsets-34, dir=/var/lib/kafka/data] Loading producer state till offset 0 (org.apache.kafka.storage.internals.log.UnifiedLog)
kafka-2-1  | 2026-09-25T22:50:52.824661577Z [2026-09-25 22:50:52,824] INFO [LogLoader partition=__consumer_offsets-34, dir=/var/lib/kafka/data] Reloading from producer snapshot and rebuilding producer state from offset 0 (org.apache.kafka.storage.internals.log.UnifiedLog)
kafka-2-1  | 2026-09-25T22:50:52.824675204Z [2026-09-25 22:50:52,824] INFO [LogLoader partition=__consumer_offsets-34, dir=/var/lib/kafka/data] Producer state recovery took 0ms for snapshot load and 0ms for segment recovery from offset 0 (org.apache.kafka.storage.internals.log.UnifiedLog)
kafka-2-1  | 2026-09-25T22:50:52.825474087Z [2026-09-25 22:50:52,825] INFO [LogLoader partition=__consumer_offsets-46, dir=/var/lib/kafka/data] Recovering unflushed segment 0. 0 recovered for __consumer_offsets-46. (org.apache.kafka.storage.internals.log.LogLoader)
kafka-2-1  | 2026-09-25T22:50:52.826086877Z [2026-09-25 22:50:52,825] INFO [LogLoader partition=__consumer_offsets-34, dir=/var/lib/kafka/data] Loading producer state till offset 0 (org.apache.kafka.storage.internals.log.UnifiedLog)
kafka-2-1  | 2026-09-25T22:50:52.826109275Z [2026-09-25 22:50:52,825] INFO [LogLoader partition=__consumer_offsets-46, dir=/var/lib/kafka/data] Loading producer state till offset 0 (org.apache.kafka.storage.internals.log.UnifiedLog)
kafka-2-1  | 2026-09-25T22:50:52.826113203Z [2026-09-25 22:50:52,826] INFO [LogLoader partition=__consumer_offsets-34, dir=/var/lib/kafka/data] Reloading from producer snapshot and rebuilding producer state from offset 0 (org.apache.kafka.storage.internals.log.UnifiedLog)
kafka-2-1  | 2026-09-25T22:50:52.826341638Z [2026-09-25 22:50:52,826] INFO [LogLoader partition=__consumer_offsets-46, dir=/var/lib/kafka/data] Reloading from producer snapshot and rebuilding producer state from offset 0 (org.apache.kafka.storage.internals.log.UnifiedLog)
kafka-2-1  | 2026-09-25T22:50:52.826354722Z [2026-09-25 22:50:52,826] INFO [LogLoader partition=__consumer_offsets-34, dir=/var/lib/kafka/data] Producer state recovery took 0ms for snapshot load and 0ms for segment recovery from offset 0 (org.apache.kafka.storage.internals.log.UnifiedLog)
kafka-2-1  | 2026-09-25T22:50:52.826368499Z [2026-09-25 22:50:52,826] INFO [LogLoader partition=__consumer_offsets-46, dir=/var/lib/kafka/data] Producer state recovery took 0ms for snapshot load and 0ms for segment recovery from offset 0 (org.apache.kafka.storage.internals.log.UnifiedLog)
kafka-2-1  | 2026-09-25T22:50:52.828192803Z [2026-09-25 22:50:52,827] INFO Completed load of Log(dir=/var/lib/kafka/data/__consumer_offsets-34, topicId=z0JJoNscSBKv29UaLoZ9NQ, topic=__consumer_offsets, partition=34, highWatermark=0, lastStableOffset=0, logStartOffset=0, logEndOffset=0) with 1 segments, local-log-start-offset 0 and log-end-offset 0 in 5ms (5/56 completed in /var/lib/kafka/data) (kafka.log.LogManager)
kafka-2-1  | 2026-09-25T22:50:52.829475029Z [2026-09-25 22:50:52,829] INFO [LogLoader partition=__consumer_offsets-7, dir=/var/lib/kafka/data] Recovering unflushed segment 0. 0 recovered for __consumer_offsets-7. (org.apache.kafka.storage.internals.log.LogLoader)
kafka-2-1  | 2026-09-25T22:50:52.830301059Z [2026-09-25 22:50:52,829] INFO [LogLoader partition=__consumer_offsets-7, dir=/var/lib/kafka/data] Loading producer state till offset 0 (org.apache.kafka.storage.internals.log.UnifiedLog)
kafka-2-1  | 2026-09-25T22:50:52.830621137Z [2026-09-25 22:50:52,830] INFO [LogLoader partition=__consumer_offsets-7, dir=/var/lib/kafka/data] Reloading from producer snapshot and rebuilding producer state from offset 0 (org.apache.kafka.storage.internals.log.UnifiedLog)
kafka-2-1  | 2026-09-25T22:50:52.830633872Z [2026-09-25 22:50:52,830] INFO [LogLoader partition=__consumer_offsets-7, dir=/var/lib/kafka/data] Producer state recovery took 0ms for snapshot load and 0ms for segment recovery from offset 0 (org.apache.kafka.storage.internals.log.UnifiedLog)
kafka-2-1  | 2026-09-25T22:50:52.831681111Z [2026-09-25 22:50:52,831] INFO [LogLoader partition=__consumer_offsets-7, dir=/var/lib/kafka/data] Loading producer state till offset 0 (org.apache.kafka.storage.internals.log.UnifiedLog)
kafka-2-1  | 2026-09-25T22:50:52.832313278Z [2026-09-25 22:50:52,831] INFO [LogLoader partition=__consumer_offsets-7, dir=/var/lib/kafka/data] Reloading from producer snapshot and rebuilding producer state from offset 0 (org.apache.kafka.storage.internals.log.UnifiedLog)
kafka-2-1  | 2026-09-25T22:50:52.832328411Z [2026-09-25 22:50:52,831] INFO [LogLoader partition=__consumer_offsets-7, dir=/var/lib/kafka/data] Producer state recovery took 0ms for snapshot load and 0ms for segment recovery from offset 0 (org.apache.kafka.storage.internals.log.UnifiedLog)
kafka-2-1  | 2026-09-25T22:50:52.833805776Z [2026-09-25 22:50:52,833] INFO Completed load of Log(dir=/var/lib/kafka/data/__consumer_offsets-7, topicId=z0JJoNscSBKv29UaLoZ9NQ, topic=__consumer_offsets, partition=7, highWatermark=0, lastStableOffset=0, logStartOffset=0, logEndOffset=0) with 1 segments, local-log-start-offset 0 and log-end-offset 0 in 5ms (6/56 completed in /var/lib/kafka/data) (kafka.log.LogManager)
kafka-2-1  | 2026-09-25T22:50:52.835120666Z [2026-09-25 22:50:52,834] INFO [LogLoader partition=__consumer_offsets-21, dir=/var/lib/kafka/data] Recovering unflushed segment 0. 0 recovered for __consumer_offsets-21. (org.apache.kafka.storage.internals.log.LogLoader)
kafka-2-1  | 2026-09-25T22:50:52.835385189Z [2026-09-25 22:50:52,835] INFO [LogLoader partition=__consumer_offsets-21, dir=/var/lib/kafka/data] Loading producer state till offset 0 (org.apache.kafka.storage.internals.log.UnifiedLog)
kafka-2-1  | 2026-09-25T22:50:52.835396695Z [2026-09-25 22:50:52,835] INFO [LogLoader partition=__consumer_offsets-21, dir=/var/lib/kafka/data] Reloading from producer snapshot and rebuilding producer state from offset 0 (org.apache.kafka.storage.internals.log.UnifiedLog)
kafka-2-1  | 2026-09-25T22:50:52.835414550Z [2026-09-25 22:50:52,835] INFO [LogLoader partition=__consumer_offsets-21, dir=/var/lib/kafka/data] Producer state recovery took 0ms for snapshot load and 0ms for segment recovery from offset 0 (org.apache.kafka.storage.internals.log.UnifiedLog)
kafka-2-1  | 2026-09-25T22:50:52.836010193Z [2026-09-25 22:50:52,835] INFO [LogLoader partition=__consumer_offsets-46, dir=/var/lib/kafka/data] Loading producer state till offset 0 (org.apache.kafka.storage.internals.log.UnifiedLog)
kafka-2-1  | 2026-09-25T22:50:52.836023352Z [2026-09-25 22:50:52,835] INFO [LogLoader partition=__consumer_offsets-21, dir=/var/lib/kafka/data] Loading producer state till offset 0 (org.apache.kafka.storage.internals.log.UnifiedLog)
kafka-2-1  | 2026-09-25T22:50:52.836027032Z [2026-09-25 22:50:52,835] INFO [LogLoader partition=__consumer_offsets-46, dir=/var/lib/kafka/data] Reloading from producer snapshot and rebuilding producer state from offset 0 (org.apache.kafka.storage.internals.log.UnifiedLog)
kafka-2-1  | 2026-09-25T22:50:52.836029856Z [2026-09-25 22:50:52,835] INFO [LogLoader partition=__consumer_offsets-21, dir=/var/lib/kafka/data] Reloading from producer snapshot and rebuilding producer state from offset 0 (org.apache.kafka.storage.internals.log.UnifiedLog)
kafka-2-1  | 2026-09-25T22:50:52.836285192Z [2026-09-25 22:50:52,836] INFO [LogLoader partition=__consumer_offsets-46, dir=/var/lib/kafka/data] Producer state recovery took 0ms for snapshot load and 0ms for segment recovery from offset 0 (org.apache.kafka.storage.internals.log.UnifiedLog)
kafka-2-1  | 2026-09-25T22:50:52.836297034Z [2026-09-25 22:50:52,836] INFO [LogLoader partition=__consumer_offsets-21, dir=/var/lib/kafka/data] Producer state recovery took 0ms for snapshot load and 0ms for segment recovery from offset 0 (org.apache.kafka.storage.internals.log.UnifiedLog)
kafka-2-1  | 2026-09-25T22:50:52.837341304Z [2026-09-25 22:50:52,837] INFO Completed load of Log(dir=/var/lib/kafka/data/__consumer_offsets-46, topicId=z0JJoNscSBKv29UaLoZ9NQ, topic=__consumer_offsets, partition=46, highWatermark=0, lastStableOffset=0, logStartOffset=0, logEndOffset=0) with 1 segments, local-log-start-offset 0 and log-end-offset 0 in 14ms (7/56 completed in /var/lib/kafka/data) (kafka.log.LogManager)
kafka-2-1  | 2026-09-25T22:50:52.837357512Z [2026-09-25 22:50:52,837] INFO Completed load of Log(dir=/var/lib/kafka/data/__consumer_offsets-21, topicId=z0JJoNscSBKv29UaLoZ9NQ, topic=__consumer_offsets, partition=21, highWatermark=0, lastStableOffset=0, logStartOffset=0, logEndOffset=0) with 1 segments, local-log-start-offset 0 and log-end-offset 0 in 3ms (8/56 completed in /var/lib/kafka/data) (kafka.log.LogManager)
kafka-2-1  | 2026-09-25T22:50:52.838550381Z [2026-09-25 22:50:52,838] INFO [LogLoader partition=dados-sensores-4, dir=/var/lib/kafka/data] Recovering unflushed segment 0. 0 recovered for dados-sensores-4. (org.apache.kafka.storage.internals.log.LogLoader)
kafka-2-1  | 2026-09-25T22:50:52.838842025Z [2026-09-25 22:50:52,838] INFO [LogLoader partition=dados-sensores-4, dir=/var/lib/kafka/data] Loading producer state till offset 0 (org.apache.kafka.storage.internals.log.UnifiedLog)
kafka-2-1  | 2026-09-25T22:50:52.838858295Z [2026-09-25 22:50:52,838] INFO [LogLoader partition=dados-sensores-4, dir=/var/lib/kafka/data] Reloading from producer snapshot and rebuilding producer state from offset 0 (org.apache.kafka.storage.internals.log.UnifiedLog)
kafka-2-1  | 2026-09-25T22:50:52.838862746Z [2026-09-25 22:50:52,838] INFO [LogLoader partition=dados-sensores-4, dir=/var/lib/kafka/data] Producer state recovery took 0ms for snapshot load and 0ms for segment recovery from offset 0 (org.apache.kafka.storage.internals.log.UnifiedLog)
kafka-2-1  | 2026-09-25T22:50:52.839171899Z [2026-09-25 22:50:52,838] INFO [LogLoader partition=__consumer_offsets-40, dir=/var/lib/kafka/data] Recovering unflushed segment 0. 0 recovered for __consumer_offsets-40. (org.apache.kafka.storage.internals.log.LogLoader)
kafka-2-1  | 2026-09-25T22:50:52.839750585Z [2026-09-25 22:50:52,839] INFO [LogLoader partition=__consumer_offsets-40, dir=/var/lib/kafka/data] Loading producer state till offset 0 (org.apache.kafka.storage.internals.log.UnifiedLog)
kafka-2-1  | 2026-09-25T22:50:52.839947738Z [2026-09-25 22:50:52,839] INFO [LogLoader partition=__consumer_offsets-40, dir=/var/lib/kafka/data] Reloading from producer snapshot and rebuilding producer state from offset 0 (org.apache.kafka.storage.internals.log.UnifiedLog)
kafka-2-1  | 2026-09-25T22:50:52.840148854Z [2026-09-25 22:50:52,839] INFO [LogLoader partition=__consumer_offsets-40, dir=/var/lib/kafka/data] Producer state recovery took 0ms for snapshot load and 0ms for segment recovery from offset 0 (org.apache.kafka.storage.internals.log.UnifiedLog)
kafka-2-1  | 2026-09-25T22:50:52.841410242Z [2026-09-25 22:50:52,841] INFO [LogLoader partition=__consumer_offsets-40, dir=/var/lib/kafka/data] Loading producer state till offset 0 (org.apache.kafka.storage.internals.log.UnifiedLog)
kafka-2-1  | 2026-09-25T22:50:52.841427557Z [2026-09-25 22:50:52,841] INFO [LogLoader partition=__consumer_offsets-40, dir=/var/lib/kafka/data] Reloading from producer snapshot and rebuilding producer state from offset 0 (org.apache.kafka.storage.internals.log.UnifiedLog)
kafka-2-1  | 2026-09-25T22:50:52.841681830Z [2026-09-25 22:50:52,841] INFO [LogLoader partition=__consumer_offsets-40, dir=/var/lib/kafka/data] Producer state recovery took 0ms for snapshot load and 0ms for segment recovery from offset 0 (org.apache.kafka.storage.internals.log.UnifiedLog)
kafka-2-1  | 2026-09-25T22:50:52.842801573Z [2026-09-25 22:50:52,842] INFO Completed load of Log(dir=/var/lib/kafka/data/__consumer_offsets-40, topicId=z0JJoNscSBKv29UaLoZ9NQ, topic=__consumer_offsets, partition=40, highWatermark=0, lastStableOffset=0, logStartOffset=0, logEndOffset=0) with 1 segments, local-log-start-offset 0 and log-end-offset 0 in 6ms (9/56 completed in /var/lib/kafka/data) (kafka.log.LogManager)
kafka-2-1  | 2026-09-25T22:50:52.843943414Z [2026-09-25 22:50:52,843] INFO [LogLoader partition=__consumer_offsets-43, dir=/var/lib/kafka/data] Recovering unflushed segment 0. 0 recovered for __consumer_offsets-43. (org.apache.kafka.storage.internals.log.LogLoader)
kafka-2-1  | 2026-09-25T22:50:52.844181831Z [2026-09-25 22:50:52,843] INFO [LogLoader partition=__consumer_offsets-43, dir=/var/lib/kafka/data] Loading producer state till offset 0 (org.apache.kafka.storage.internals.log.UnifiedLog)
kafka-2-1  | 2026-09-25T22:50:52.844196768Z [2026-09-25 22:50:52,844] INFO [LogLoader partition=__consumer_offsets-43, dir=/var/lib/kafka/data] Reloading from producer snapshot and rebuilding producer state from offset 0 (org.apache.kafka.storage.internals.log.UnifiedLog)
kafka-2-1  | 2026-09-25T22:50:52.844200678Z [2026-09-25 22:50:52,844] INFO [LogLoader partition=__consumer_offsets-43, dir=/var/lib/kafka/data] Producer state recovery took 0ms for snapshot load and 0ms for segment recovery from offset 0 (org.apache.kafka.storage.internals.log.UnifiedLog)
kafka-2-1  | 2026-09-25T22:50:52.844974806Z [2026-09-25 22:50:52,844] INFO [LogLoader partition=__consumer_offsets-43, dir=/var/lib/kafka/data] Loading producer state till offset 0 (org.apache.kafka.storage.internals.log.UnifiedLog)
kafka-2-1  | 2026-09-25T22:50:52.844985569Z [2026-09-25 22:50:52,844] INFO [LogLoader partition=__consumer_offsets-43, dir=/var/lib/kafka/data] Reloading from producer snapshot and rebuilding producer state from offset 0 (org.apache.kafka.storage.internals.log.UnifiedLog)
kafka-2-1  | 2026-09-25T22:50:52.845037515Z [2026-09-25 22:50:52,844] INFO [LogLoader partition=__consumer_offsets-43, dir=/var/lib/kafka/data] Producer state recovery took 0ms for snapshot load and 0ms for segment recovery from offset 0 (org.apache.kafka.storage.internals.log.UnifiedLog)
kafka-2-1  | 2026-09-25T22:50:52.845829230Z [2026-09-25 22:50:52,845] INFO Completed load of Log(dir=/var/lib/kafka/data/__consumer_offsets-43, topicId=z0JJoNscSBKv29UaLoZ9NQ, topic=__consumer_offsets, partition=43, highWatermark=0, lastStableOffset=0, logStartOffset=0, logEndOffset=0) with 1 segments, local-log-start-offset 0 and log-end-offset 0 in 3ms (10/56 completed in /var/lib/kafka/data) (kafka.log.LogManager)
kafka-2-1  | 2026-09-25T22:50:52.846786816Z [2026-09-25 22:50:52,846] INFO [LogLoader partition=dados-sensores-1, dir=/var/lib/kafka/data] Recovering unflushed segment 0. 0 recovered for dados-sensores-1. (org.apache.kafka.storage.internals.log.LogLoader)
kafka-2-1  | 2026-09-25T22:50:52.847006123Z [2026-09-25 22:50:52,846] INFO [LogLoader partition=dados-sensores-1, dir=/var/lib/kafka/data] Loading producer state till offset 0 (org.apache.kafka.storage.internals.log.UnifiedLog)
kafka-2-1  | 2026-09-25T22:50:52.847021458Z [2026-09-25 22:50:52,846] INFO [LogLoader partition=dados-sensores-1, dir=/var/lib/kafka/data] Reloading from producer snapshot and rebuilding producer state from offset 0 (org.apache.kafka.storage.internals.log.UnifiedLog)
kafka-2-1  | 2026-09-25T22:50:52.847049894Z [2026-09-25 22:50:52,846] INFO [LogLoader partition=dados-sensores-1, dir=/var/lib/kafka/data] Producer state recovery took 0ms for snapshot load and 0ms for segment recovery from offset 0 (org.apache.kafka.storage.internals.log.UnifiedLog)
kafka-2-1  | 2026-09-25T22:50:52.850703241Z [2026-09-25 22:50:52,850] INFO [ProducerStateManager partition=dados-sensores-4] Wrote producer snapshot at offset 288 with 3 producer ids in 3 ms. (org.apache.kafka.storage.internals.log.ProducerStateManager)
kafka-2-1  | 2026-09-25T22:50:52.852617011Z [2026-09-25 22:50:52,852] INFO [LogLoader partition=dados-sensores-4, dir=/var/lib/kafka/data] Loading producer state till offset 288 (org.apache.kafka.storage.internals.log.UnifiedLog)
kafka-2-1  | 2026-09-25T22:50:52.852631645Z [2026-09-25 22:50:52,852] INFO [LogLoader partition=dados-sensores-4, dir=/var/lib/kafka/data] Reloading from producer snapshot and rebuilding producer state from offset 288 (org.apache.kafka.storage.internals.log.UnifiedLog)
kafka-2-1  | 2026-09-25T22:50:52.852741930Z [2026-09-25 22:50:52,852] INFO [ProducerStateManager partition=dados-sensores-4] Loading producer state from snapshot file 'SnapshotFile(offset=288, file=/var/lib/kafka/data/dados-sensores-4/00000000000000000288.snapshot)' (org.apache.kafka.storage.internals.log.ProducerStateManager)
kafka-2-1  | 2026-09-25T22:50:52.853444592Z [2026-09-25 22:50:52,853] INFO [ProducerStateManager partition=dados-sensores-1] Wrote producer snapshot at offset 216 with 2 producer ids in 2 ms. (org.apache.kafka.storage.internals.log.ProducerStateManager)
kafka-2-1  | 2026-09-25T22:50:52.853685283Z [2026-09-25 22:50:52,853] INFO [LogLoader partition=dados-sensores-4, dir=/var/lib/kafka/data] Producer state recovery took 1ms for snapshot load and 0ms for segment recovery from offset 288 (org.apache.kafka.storage.internals.log.UnifiedLog)
kafka-2-1  | 2026-09-25T22:50:52.854587791Z [2026-09-25 22:50:52,854] INFO [LogLoader partition=dados-sensores-1, dir=/var/lib/kafka/data] Loading producer state till offset 216 (org.apache.kafka.storage.internals.log.UnifiedLog)
kafka-2-1  | 2026-09-25T22:50:52.854615634Z [2026-09-25 22:50:52,854] INFO [LogLoader partition=dados-sensores-1, dir=/var/lib/kafka/data] Reloading from producer snapshot and rebuilding producer state from offset 216 (org.apache.kafka.storage.internals.log.UnifiedLog)
kafka-2-1  | 2026-09-25T22:50:52.854747558Z [2026-09-25 22:50:52,854] INFO [ProducerStateManager partition=dados-sensores-1] Loading producer state from snapshot file 'SnapshotFile(offset=216, file=/var/lib/kafka/data/dados-sensores-1/00000000000000000216.snapshot)' (org.apache.kafka.storage.internals.log.ProducerStateManager)
kafka-2-1  | 2026-09-25T22:50:52.854758792Z [2026-09-25 22:50:52,854] INFO Completed load of Log(dir=/var/lib/kafka/data/dados-sensores-4, topicId=bpNag2Q4SrSHzixJwrCS8Q, topic=dados-sensores, partition=4, highWatermark=0, lastStableOffset=0, logStartOffset=0, logEndOffset=288) with 1 segments, local-log-start-offset 0 and log-end-offset 288 in 18ms (11/56 completed in /var/lib/kafka/data) (kafka.log.LogManager)
kafka-2-1  | 2026-09-25T22:50:52.854885769Z [2026-09-25 22:50:52,854] INFO [LogLoader partition=dados-sensores-1, dir=/var/lib/kafka/data] Producer state recovery took 0ms for snapshot load and 0ms for segment recovery from offset 216 (org.apache.kafka.storage.internals.log.UnifiedLog)
kafka-2-1  | 2026-09-25T22:50:52.856790712Z [2026-09-25 22:50:52,856] INFO Completed load of Log(dir=/var/lib/kafka/data/dados-sensores-1, topicId=bpNag2Q4SrSHzixJwrCS8Q, topic=dados-sensores, partition=1, highWatermark=0, lastStableOffset=0, logStartOffset=0, logEndOffset=216) with 1 segments, local-log-start-offset 0 and log-end-offset 216 in 10ms (12/56 completed in /var/lib/kafka/data) (kafka.log.LogManager)
kafka-2-1  | 2026-09-25T22:50:52.857251530Z [2026-09-25 22:50:52,856] INFO [LogLoader partition=__consumer_offsets-38, dir=/var/lib/kafka/data] Recovering unflushed segment 0. 0 recovered for __consumer_offsets-38. (org.apache.kafka.storage.internals.log.LogLoader)
kafka-2-1  | 2026-09-25T22:50:52.857815785Z [2026-09-25 22:50:52,857] INFO [LogLoader partition=__consumer_offsets-15, dir=/var/lib/kafka/data] Recovering unflushed segment 0. 0 recovered for __consumer_offsets-15. (org.apache.kafka.storage.internals.log.LogLoader)
kafka-2-1  | 2026-09-25T22:50:52.858041068Z [2026-09-25 22:50:52,857] INFO [LogLoader partition=__consumer_offsets-38, dir=/var/lib/kafka/data] Loading producer state till offset 0 (org.apache.kafka.storage.internals.log.UnifiedLog)
kafka-2-1  | 2026-09-25T22:50:52.858080071Z [2026-09-25 22:50:52,857] INFO [LogLoader partition=__consumer_offsets-15, dir=/var/lib/kafka/data] Loading producer state till offset 0 (org.apache.kafka.storage.internals.log.UnifiedLog)
kafka-2-1  | 2026-09-25T22:50:52.858089360Z [2026-09-25 22:50:52,858] INFO [LogLoader partition=__consumer_offsets-38, dir=/var/lib/kafka/data] Reloading from producer snapshot and rebuilding producer state from offset 0 (org.apache.kafka.storage.internals.log.UnifiedLog)
kafka-2-1  | 2026-09-25T22:50:52.858256448Z [2026-09-25 22:50:52,858] INFO [LogLoader partition=__consumer_offsets-38, dir=/var/lib/kafka/data] Producer state recovery took 0ms for snapshot load and 0ms for segment recovery from offset 0 (org.apache.kafka.storage.internals.log.UnifiedLog)
kafka-2-1  | 2026-09-25T22:50:52.858270925Z [2026-09-25 22:50:52,858] INFO [LogLoader partition=__consumer_offsets-15, dir=/var/lib/kafka/data] Reloading from producer snapshot and rebuilding producer state from offset 0 (org.apache.kafka.storage.internals.log.UnifiedLog)
kafka-2-1  | 2026-09-25T22:50:52.858410536Z [2026-09-25 22:50:52,858] INFO [LogLoader partition=__consumer_offsets-15, dir=/var/lib/kafka/data] Producer state recovery took 0ms for snapshot load and 0ms for segment recovery from offset 0 (org.apache.kafka.storage.internals.log.UnifiedLog)
kafka-2-1  | 2026-09-25T22:50:52.858940260Z [2026-09-25 22:50:52,858] INFO [LogLoader partition=__consumer_offsets-38, dir=/var/lib/kafka/data] Loading producer state till offset 0 (org.apache.kafka.storage.internals.log.UnifiedLog)
kafka-2-1  | 2026-09-25T22:50:52.858953577Z [2026-09-25 22:50:52,858] INFO [LogLoader partition=__consumer_offsets-38, dir=/var/lib/kafka/data] Reloading from producer snapshot and rebuilding producer state from offset 0 (org.apache.kafka.storage.internals.log.UnifiedLog)
kafka-2-1  | 2026-09-25T22:50:52.859028382Z [2026-09-25 22:50:52,858] INFO [LogLoader partition=__consumer_offsets-38, dir=/var/lib/kafka/data] Producer state recovery took 0ms for snapshot load and 0ms for segment recovery from offset 0 (org.apache.kafka.storage.internals.log.UnifiedLog)
kafka-2-1  | 2026-09-25T22:50:52.859598186Z [2026-09-25 22:50:52,859] INFO [LogLoader partition=__consumer_offsets-15, dir=/var/lib/kafka/data] Loading producer state till offset 0 (org.apache.kafka.storage.internals.log.UnifiedLog)
kafka-2-1  | 2026-09-25T22:50:52.864661022Z [2026-09-25 22:50:52,859] INFO Completed load of Log(dir=/var/lib/kafka/data/__consumer_offsets-38, topicId=z0JJoNscSBKv29UaLoZ9NQ, topic=__consumer_offsets, partition=38, highWatermark=0, lastStableOffset=0, logStartOffset=0, logEndOffset=0) with 1 segments, local-log-start-offset 0 and log-end-offset 0 in 5ms (13/56 completed in /var/lib/kafka/data) (kafka.log.LogManager)
kafka-2-1  | 2026-09-25T22:50:52.864986894Z [2026-09-25 22:50:52,864] INFO [LogLoader partition=__consumer_offsets-15, dir=/var/lib/kafka/data] Reloading from producer snapshot and rebuilding producer state from offset 0 (org.apache.kafka.storage.internals.log.UnifiedLog)
kafka-2-1  | 2026-09-25T22:50:52.865096779Z [2026-09-25 22:50:52,864] INFO [LogLoader partition=__consumer_offsets-15, dir=/var/lib/kafka/data] Producer state recovery took 0ms for snapshot load and 0ms for segment recovery from offset 0 (org.apache.kafka.storage.internals.log.UnifiedLog)
kafka-2-1  | 2026-09-25T22:50:52.866049132Z [2026-09-25 22:50:52,865] INFO Completed load of Log(dir=/var/lib/kafka/data/__consumer_offsets-15, topicId=z0JJoNscSBKv29UaLoZ9NQ, topic=__consumer_offsets, partition=15, highWatermark=0, lastStableOffset=0, logStartOffset=0, logEndOffset=0) with 1 segments, local-log-start-offset 0 and log-end-offset 0 in 9ms (14/56 completed in /var/lib/kafka/data) (kafka.log.LogManager)
kafka-2-1  | 2026-09-25T22:50:52.866782114Z [2026-09-25 22:50:52,866] INFO [LogLoader partition=__consumer_offsets-2, dir=/var/lib/kafka/data] Recovering unflushed segment 0. 0 recovered for __consumer_offsets-2. (org.apache.kafka.storage.internals.log.LogLoader)
kafka-2-1  | 2026-09-25T22:50:52.866801073Z [2026-09-25 22:50:52,866] INFO [LogLoader partition=__consumer_offsets-32, dir=/var/lib/kafka/data] Recovering unflushed segment 0. 0 recovered for __consumer_offsets-32. (org.apache.kafka.storage.internals.log.LogLoader)
kafka-2-1  | 2026-09-25T22:50:52.867032478Z [2026-09-25 22:50:52,866] INFO [LogLoader partition=__consumer_offsets-2, dir=/var/lib/kafka/data] Loading producer state till offset 0 (org.apache.kafka.storage.internals.log.UnifiedLog)
kafka-2-1  | 2026-09-25T22:50:52.867042617Z [2026-09-25 22:50:52,866] INFO [LogLoader partition=__consumer_offsets-32, dir=/var/lib/kafka/data] Loading producer state till offset 0 (org.apache.kafka.storage.internals.log.UnifiedLog)
kafka-2-1  | 2026-09-25T22:50:52.867046309Z [2026-09-25 22:50:52,866] INFO [LogLoader partition=__consumer_offsets-2, dir=/var/lib/kafka/data] Reloading from producer snapshot and rebuilding producer state from offset 0 (org.apache.kafka.storage.internals.log.UnifiedLog)
kafka-2-1  | 2026-09-25T22:50:52.867087279Z [2026-09-25 22:50:52,866] INFO [LogLoader partition=__consumer_offsets-2, dir=/var/lib/kafka/data] Producer state recovery took 0ms for snapshot load and 0ms for segment recovery from offset 0 (org.apache.kafka.storage.internals.log.UnifiedLog)
kafka-2-1  | 2026-09-25T22:50:52.867100693Z [2026-09-25 22:50:52,867] INFO [LogLoader partition=__consumer_offsets-32, dir=/var/lib/kafka/data] Reloading from producer snapshot and rebuilding producer state from offset 0 (org.apache.kafka.storage.internals.log.UnifiedLog)
kafka-2-1  | 2026-09-25T22:50:52.867288499Z [2026-09-25 22:50:52,867] INFO [LogLoader partition=__consumer_offsets-32, dir=/var/lib/kafka/data] Producer state recovery took 0ms for snapshot load and 0ms for segment recovery from offset 0 (org.apache.kafka.storage.internals.log.UnifiedLog)
kafka-2-1  | 2026-09-25T22:50:52.867847181Z [2026-09-25 22:50:52,867] INFO [LogLoader partition=__consumer_offsets-2, dir=/var/lib/kafka/data] Loading producer state till offset 0 (org.apache.kafka.storage.internals.log.UnifiedLog)
kafka-2-1  | 2026-09-25T22:50:52.868216015Z [2026-09-25 22:50:52,868] INFO [LogLoader partition=__consumer_offsets-2, dir=/var/lib/kafka/data] Reloading from producer snapshot and rebuilding producer state from offset 0 (org.apache.kafka.storage.internals.log.UnifiedLog)
kafka-2-1  | 2026-09-25T22:50:52.868225637Z [2026-09-25 22:50:52,868] INFO [LogLoader partition=__consumer_offsets-2, dir=/var/lib/kafka/data] Producer state recovery took 0ms for snapshot load and 0ms for segment recovery from offset 0 (org.apache.kafka.storage.internals.log.UnifiedLog)
kafka-2-1  | 2026-09-25T22:50:52.868256234Z [2026-09-25 22:50:52,868] INFO [LogLoader partition=__consumer_offsets-32, dir=/var/lib/kafka/data] Loading producer state till offset 0 (org.apache.kafka.storage.internals.log.UnifiedLog)
kafka-2-1  | 2026-09-25T22:50:52.868468210Z [2026-09-25 22:50:52,868] INFO [LogLoader partition=__consumer_offsets-32, dir=/var/lib/kafka/data] Reloading from producer snapshot and rebuilding producer state from offset 0 (org.apache.kafka.storage.internals.log.UnifiedLog)
kafka-2-1  | 2026-09-25T22:50:52.868611579Z [2026-09-25 22:50:52,868] INFO [LogLoader partition=__consumer_offsets-32, dir=/var/lib/kafka/data] Producer state recovery took 0ms for snapshot load and 0ms for segment recovery from offset 0 (org.apache.kafka.storage.internals.log.UnifiedLog)
kafka-2-1  | 2026-09-25T22:50:52.869215704Z [2026-09-25 22:50:52,869] INFO Completed load of Log(dir=/var/lib/kafka/data/__consumer_offsets-2, topicId=z0JJoNscSBKv29UaLoZ9NQ, topic=__consumer_offsets, partition=2, highWatermark=0, lastStableOffset=0, logStartOffset=0, logEndOffset=0) with 1 segments, local-log-start-offset 0 and log-end-offset 0 in 3ms (15/56 completed in /var/lib/kafka/data) (kafka.log.LogManager)
kafka-2-1  | 2026-09-25T22:50:52.870527299Z [2026-09-25 22:50:52,870] INFO Completed load of Log(dir=/var/lib/kafka/data/__consumer_offsets-32, topicId=z0JJoNscSBKv29UaLoZ9NQ, topic=__consumer_offsets, partition=32, highWatermark=0, lastStableOffset=0, logStartOffset=0, logEndOffset=0) with 1 segments, local-log-start-offset 0 and log-end-offset 0 in 5ms (16/56 completed in /var/lib/kafka/data) (kafka.log.LogManager)
kafka-2-1  | 2026-09-25T22:50:52.870958646Z [2026-09-25 22:50:52,870] INFO [LogLoader partition=__consumer_offsets-44, dir=/var/lib/kafka/data] Recovering unflushed segment 0. 0 recovered for __consumer_offsets-44. (org.apache.kafka.storage.internals.log.LogLoader)
kafka-2-1  | 2026-09-25T22:50:52.871184204Z [2026-09-25 22:50:52,871] INFO [LogLoader partition=__consumer_offsets-44, dir=/var/lib/kafka/data] Loading producer state till offset 0 (org.apache.kafka.storage.internals.log.UnifiedLog)
kafka-2-1  | 2026-09-25T22:50:52.871202601Z [2026-09-25 22:50:52,871] INFO [LogLoader partition=__consumer_offsets-44, dir=/var/lib/kafka/data] Reloading from producer snapshot and rebuilding producer state from offset 0 (org.apache.kafka.storage.internals.log.UnifiedLog)
kafka-2-1  | 2026-09-25T22:50:52.871206341Z [2026-09-25 22:50:52,871] INFO [LogLoader partition=__consumer_offsets-44, dir=/var/lib/kafka/data] Producer state recovery took 0ms for snapshot load and 0ms for segment recovery from offset 0 (org.apache.kafka.storage.internals.log.UnifiedLog)
kafka-2-1  | 2026-09-25T22:50:52.871887244Z [2026-09-25 22:50:52,871] INFO [LogLoader partition=__consumer_offsets-44, dir=/var/lib/kafka/data] Loading producer state till offset 0 (org.apache.kafka.storage.internals.log.UnifiedLog)
kafka-2-1  | 2026-09-25T22:50:52.871902851Z [2026-09-25 22:50:52,871] INFO [LogLoader partition=__consumer_offsets-20, dir=/var/lib/kafka/data] Recovering unflushed segment 0. 0 recovered for __consumer_offsets-20. (org.apache.kafka.storage.internals.log.LogLoader)
kafka-2-1  | 2026-09-25T22:50:52.871906715Z [2026-09-25 22:50:52,871] INFO [LogLoader partition=__consumer_offsets-44, dir=/var/lib/kafka/data] Reloading from producer snapshot and rebuilding producer state from offset 0 (org.apache.kafka.storage.internals.log.UnifiedLog)
kafka-2-1  | 2026-09-25T22:50:52.871909615Z [2026-09-25 22:50:52,871] INFO [LogLoader partition=__consumer_offsets-44, dir=/var/lib/kafka/data] Producer state recovery took 0ms for snapshot load and 0ms for segment recovery from offset 0 (org.apache.kafka.storage.internals.log.UnifiedLog)
kafka-2-1  | 2026-09-25T22:50:52.872163436Z [2026-09-25 22:50:52,871] INFO [LogLoader partition=__consumer_offsets-20, dir=/var/lib/kafka/data] Loading producer state till offset 0 (org.apache.kafka.storage.internals.log.UnifiedLog)
kafka-2-1  | 2026-09-25T22:50:52.873219442Z [2026-09-25 22:50:52,872] INFO [LogLoader partition=__consumer_offsets-20, dir=/var/lib/kafka/data] Reloading from producer snapshot and rebuilding producer state from offset 0 (org.apache.kafka.storage.internals.log.UnifiedLog)
kafka-2-1  | 2026-09-25T22:50:52.873260984Z [2026-09-25 22:50:52,872] INFO [LogLoader partition=__consumer_offsets-20, dir=/var/lib/kafka/data] Producer state recovery took 0ms for snapshot load and 0ms for segment recovery from offset 0 (org.apache.kafka.storage.internals.log.UnifiedLog)
kafka-2-1  | 2026-09-25T22:50:52.873323121Z [2026-09-25 22:50:52,873] INFO Completed load of Log(dir=/var/lib/kafka/data/__consumer_offsets-44, topicId=z0JJoNscSBKv29UaLoZ9NQ, topic=__consumer_offsets, partition=44, highWatermark=0, lastStableOffset=0, logStartOffset=0, logEndOffset=0) with 1 segments, local-log-start-offset 0 and log-end-offset 0 in 4ms (17/56 completed in /var/lib/kafka/data) (kafka.log.LogManager)
kafka-2-1  | 2026-09-25T22:50:52.874216955Z [2026-09-25 22:50:52,874] INFO [LogLoader partition=__consumer_offsets-20, dir=/var/lib/kafka/data] Loading producer state till offset 0 (org.apache.kafka.storage.internals.log.UnifiedLog)
kafka-2-1  | 2026-09-25T22:50:52.874234307Z [2026-09-25 22:50:52,874] INFO [LogLoader partition=__consumer_offsets-20, dir=/var/lib/kafka/data] Reloading from producer snapshot and rebuilding producer state from offset 0 (org.apache.kafka.storage.internals.log.UnifiedLog)
kafka-2-1  | 2026-09-25T22:50:52.874509941Z [2026-09-25 22:50:52,874] INFO [LogLoader partition=__consumer_offsets-20, dir=/var/lib/kafka/data] Producer state recovery took 0ms for snapshot load and 0ms for segment recovery from offset 0 (org.apache.kafka.storage.internals.log.UnifiedLog)
kafka-2-1  | 2026-09-25T22:50:52.875099175Z [2026-09-25 22:50:52,874] INFO [LogLoader partition=__consumer_offsets-3, dir=/var/lib/kafka/data] Recovering unflushed segment 0. 0 recovered for __consumer_offsets-3. (org.apache.kafka.storage.internals.log.LogLoader)
kafka-2-1  | 2026-09-25T22:50:52.875828243Z [2026-09-25 22:50:52,875] INFO Completed load of Log(dir=/var/lib/kafka/data/__consumer_offsets-20, topicId=z0JJoNscSBKv29UaLoZ9NQ, topic=__consumer_offsets, partition=20, highWatermark=0, lastStableOffset=0, logStartOffset=0, logEndOffset=0) with 1 segments, local-log-start-offset 0 and log-end-offset 0 in 5ms (18/56 completed in /var/lib/kafka/data) (kafka.log.LogManager)
kafka-2-1  | 2026-09-25T22:50:52.875843818Z [2026-09-25 22:50:52,875] INFO [LogLoader partition=__consumer_offsets-3, dir=/var/lib/kafka/data] Loading producer state till offset 0 (org.apache.kafka.storage.internals.log.UnifiedLog)
kafka-2-1  | 2026-09-25T22:50:52.875847794Z [2026-09-25 22:50:52,875] INFO [LogLoader partition=__consumer_offsets-3, dir=/var/lib/kafka/data] Reloading from producer snapshot and rebuilding producer state from offset 0 (org.apache.kafka.storage.internals.log.UnifiedLog)
kafka-2-1  | 2026-09-25T22:50:52.875903445Z [2026-09-25 22:50:52,875] INFO [LogLoader partition=__consumer_offsets-3, dir=/var/lib/kafka/data] Producer state recovery took 0ms for snapshot load and 0ms for segment recovery from offset 0 (org.apache.kafka.storage.internals.log.UnifiedLog)
kafka-2-1  | 2026-09-25T22:50:52.876502789Z [2026-09-25 22:50:52,876] INFO [LogLoader partition=__consumer_offsets-3, dir=/var/lib/kafka/data] Loading producer state till offset 0 (org.apache.kafka.storage.internals.log.UnifiedLog)
kafka-2-1  | 2026-09-25T22:50:52.876691414Z [2026-09-25 22:50:52,876] INFO [LogLoader partition=__consumer_offsets-3, dir=/var/lib/kafka/data] Reloading from producer snapshot and rebuilding producer state from offset 0 (org.apache.kafka.storage.internals.log.UnifiedLog)
kafka-2-1  | 2026-09-25T22:50:52.876703593Z [2026-09-25 22:50:52,876] INFO [LogLoader partition=__consumer_offsets-18, dir=/var/lib/kafka/data] Recovering unflushed segment 0. 0 recovered for __consumer_offsets-18. (org.apache.kafka.storage.internals.log.LogLoader)
kafka-2-1  | 2026-09-25T22:50:52.876809071Z [2026-09-25 22:50:52,876] INFO [LogLoader partition=__consumer_offsets-3, dir=/var/lib/kafka/data] Producer state recovery took 0ms for snapshot load and 0ms for segment recovery from offset 0 (org.apache.kafka.storage.internals.log.UnifiedLog)
kafka-2-1  | 2026-09-25T22:50:52.877041867Z [2026-09-25 22:50:52,876] INFO [LogLoader partition=__consumer_offsets-18, dir=/var/lib/kafka/data] Loading producer state till offset 0 (org.apache.kafka.storage.internals.log.UnifiedLog)
kafka-2-1  | 2026-09-25T22:50:52.877241408Z [2026-09-25 22:50:52,876] INFO [LogLoader partition=__consumer_offsets-18, dir=/var/lib/kafka/data] Reloading from producer snapshot and rebuilding producer state from offset 0 (org.apache.kafka.storage.internals.log.UnifiedLog)
kafka-2-1  | 2026-09-25T22:50:52.877346522Z [2026-09-25 22:50:52,877] INFO [LogLoader partition=__consumer_offsets-18, dir=/var/lib/kafka/data] Producer state recovery took 0ms for snapshot load and 0ms for segment recovery from offset 0 (org.apache.kafka.storage.internals.log.UnifiedLog)
kafka-2-1  | 2026-09-25T22:50:52.877896841Z [2026-09-25 22:50:52,877] INFO [LogLoader partition=__consumer_offsets-18, dir=/var/lib/kafka/data] Loading producer state till offset 0 (org.apache.kafka.storage.internals.log.UnifiedLog)
kafka-2-1  | 2026-09-25T22:50:52.877909289Z [2026-09-25 22:50:52,877] INFO [LogLoader partition=__consumer_offsets-18, dir=/var/lib/kafka/data] Reloading from producer snapshot and rebuilding producer state from offset 0 (org.apache.kafka.storage.internals.log.UnifiedLog)
kafka-2-1  | 2026-09-25T22:50:52.877925141Z [2026-09-25 22:50:52,877] INFO [LogLoader partition=__consumer_offsets-18, dir=/var/lib/kafka/data] Producer state recovery took 0ms for snapshot load and 0ms for segment recovery from offset 0 (org.apache.kafka.storage.internals.log.UnifiedLog)
kafka-2-1  | 2026-09-25T22:50:52.878347545Z [2026-09-25 22:50:52,878] INFO Completed load of Log(dir=/var/lib/kafka/data/__consumer_offsets-3, topicId=z0JJoNscSBKv29UaLoZ9NQ, topic=__consumer_offsets, partition=3, highWatermark=0, lastStableOffset=0, logStartOffset=0, logEndOffset=0) with 1 segments, local-log-start-offset 0 and log-end-offset 0 in 5ms (19/56 completed in /var/lib/kafka/data) (kafka.log.LogManager)
kafka-2-1  | 2026-09-25T22:50:52.878532188Z [2026-09-25 22:50:52,878] INFO Completed load of Log(dir=/var/lib/kafka/data/__consumer_offsets-18, topicId=z0JJoNscSBKv29UaLoZ9NQ, topic=__consumer_offsets, partition=18, highWatermark=0, lastStableOffset=0, logStartOffset=0, logEndOffset=0) with 1 segments, local-log-start-offset 0 and log-end-offset 0 in 2ms (20/56 completed in /var/lib/kafka/data) (kafka.log.LogManager)
kafka-2-1  | 2026-09-25T22:50:52.879426707Z [2026-09-25 22:50:52,879] INFO [LogLoader partition=__consumer_offsets-33, dir=/var/lib/kafka/data] Recovering unflushed segment 0. 0 recovered for __consumer_offsets-33. (org.apache.kafka.storage.internals.log.LogLoader)
kafka-2-1  | 2026-09-25T22:50:52.879544401Z [2026-09-25 22:50:52,879] INFO [LogLoader partition=__consumer_offsets-33, dir=/var/lib/kafka/data] Loading producer state till offset 0 (org.apache.kafka.storage.internals.log.UnifiedLog)
kafka-2-1  | 2026-09-25T22:50:52.879556228Z [2026-09-25 22:50:52,879] INFO [LogLoader partition=__consumer_offsets-33, dir=/var/lib/kafka/data] Reloading from producer snapshot and rebuilding producer state from offset 0 (org.apache.kafka.storage.internals.log.UnifiedLog)
kafka-2-1  | 2026-09-25T22:50:52.879770347Z [2026-09-25 22:50:52,879] INFO [LogLoader partition=dados-sensores-0, dir=/var/lib/kafka/data] Recovering unflushed segment 0. 0 recovered for dados-sensores-0. (org.apache.kafka.storage.internals.log.LogLoader)
kafka-2-1  | 2026-09-25T22:50:52.879972318Z [2026-09-25 22:50:52,879] INFO [LogLoader partition=__consumer_offsets-33, dir=/var/lib/kafka/data] Producer state recovery took 0ms for snapshot load and 0ms for segment recovery from offset 0 (org.apache.kafka.storage.internals.log.UnifiedLog)
kafka-2-1  | 2026-09-25T22:50:52.880172033Z [2026-09-25 22:50:52,879] INFO [LogLoader partition=dados-sensores-0, dir=/var/lib/kafka/data] Loading producer state till offset 0 (org.apache.kafka.storage.internals.log.UnifiedLog)
kafka-2-1  | 2026-09-25T22:50:52.880215498Z [2026-09-25 22:50:52,880] INFO [LogLoader partition=dados-sensores-0, dir=/var/lib/kafka/data] Reloading from producer snapshot and rebuilding producer state from offset 0 (org.apache.kafka.storage.internals.log.UnifiedLog)
kafka-2-1  | 2026-09-25T22:50:52.880531696Z [2026-09-25 22:50:52,880] INFO [LogLoader partition=dados-sensores-0, dir=/var/lib/kafka/data] Producer state recovery took 0ms for snapshot load and 0ms for segment recovery from offset 0 (org.apache.kafka.storage.internals.log.UnifiedLog)
kafka-2-1  | 2026-09-25T22:50:52.881044736Z [2026-09-25 22:50:52,880] INFO [LogLoader partition=__consumer_offsets-33, dir=/var/lib/kafka/data] Loading producer state till offset 0 (org.apache.kafka.storage.internals.log.UnifiedLog)
kafka-2-1  | 2026-09-25T22:50:52.881057486Z [2026-09-25 22:50:52,880] INFO [LogLoader partition=__consumer_offsets-33, dir=/var/lib/kafka/data] Reloading from producer snapshot and rebuilding producer state from offset 0 (org.apache.kafka.storage.internals.log.UnifiedLog)
kafka-2-1  | 2026-09-25T22:50:52.881069972Z [2026-09-25 22:50:52,880] INFO [LogLoader partition=__consumer_offsets-33, dir=/var/lib/kafka/data] Producer state recovery took 0ms for snapshot load and 0ms for segment recovery from offset 0 (org.apache.kafka.storage.internals.log.UnifiedLog)
kafka-2-1  | 2026-09-25T22:50:52.882147529Z [2026-09-25 22:50:52,881] INFO Completed load of Log(dir=/var/lib/kafka/data/__consumer_offsets-33, topicId=z0JJoNscSBKv29UaLoZ9NQ, topic=__consumer_offsets, partition=33, highWatermark=0, lastStableOffset=0, logStartOffset=0, logEndOffset=0) with 1 segments, local-log-start-offset 0 and log-end-offset 0 in 3ms (21/56 completed in /var/lib/kafka/data) (kafka.log.LogManager)
kafka-2-1  | 2026-09-25T22:50:52.884363625Z [2026-09-25 22:50:52,884] INFO [LogLoader partition=__consumer_offsets-39, dir=/var/lib/kafka/data] Recovering unflushed segment 0. 0 recovered for __consumer_offsets-39. (org.apache.kafka.storage.internals.log.LogLoader)
kafka-2-1  | 2026-09-25T22:50:52.884942488Z [2026-09-25 22:50:52,884] INFO [LogLoader partition=__consumer_offsets-39, dir=/var/lib/kafka/data] Loading producer state till offset 0 (org.apache.kafka.storage.internals.log.UnifiedLog)
kafka-2-1  | 2026-09-25T22:50:52.884949698Z [2026-09-25 22:50:52,884] INFO [LogLoader partition=__consumer_offsets-39, dir=/var/lib/kafka/data] Reloading from producer snapshot and rebuilding producer state from offset 0 (org.apache.kafka.storage.internals.log.UnifiedLog)
kafka-2-1  | 2026-09-25T22:50:52.884951499Z [2026-09-25 22:50:52,884] INFO [LogLoader partition=__consumer_offsets-39, dir=/var/lib/kafka/data] Producer state recovery took 0ms for snapshot load and 0ms for segment recovery from offset 0 (org.apache.kafka.storage.internals.log.UnifiedLog)
kafka-2-1  | 2026-09-25T22:50:52.886003062Z [2026-09-25 22:50:52,885] INFO [LogLoader partition=__consumer_offsets-39, dir=/var/lib/kafka/data] Loading producer state till offset 0 (org.apache.kafka.storage.internals.log.UnifiedLog)
kafka-2-1  | 2026-09-25T22:50:52.886023755Z [2026-09-25 22:50:52,885] INFO [LogLoader partition=__consumer_offsets-39, dir=/var/lib/kafka/data] Reloading from producer snapshot and rebuilding producer state from offset 0 (org.apache.kafka.storage.internals.log.UnifiedLog)
kafka-2-1  | 2026-09-25T22:50:52.886210638Z [2026-09-25 22:50:52,885] INFO [LogLoader partition=__consumer_offsets-39, dir=/var/lib/kafka/data] Producer state recovery took 0ms for snapshot load and 0ms for segment recovery from offset 0 (org.apache.kafka.storage.internals.log.UnifiedLog)
kafka-2-1  | 2026-09-25T22:50:52.886225898Z [2026-09-25 22:50:52,886] INFO [ProducerStateManager partition=dados-sensores-0] Wrote producer snapshot at offset 288 with 3 producer ids in 2 ms. (org.apache.kafka.storage.internals.log.ProducerStateManager)
kafka-2-1  | 2026-09-25T22:50:52.886888438Z [2026-09-25 22:50:52,886] INFO [LogLoader partition=dados-sensores-0, dir=/var/lib/kafka/data] Loading producer state till offset 288 (org.apache.kafka.storage.internals.log.UnifiedLog)
kafka-2-1  | 2026-09-25T22:50:52.886902989Z [2026-09-25 22:50:52,886] INFO [LogLoader partition=dados-sensores-0, dir=/var/lib/kafka/data] Reloading from producer snapshot and rebuilding producer state from offset 288 (org.apache.kafka.storage.internals.log.UnifiedLog)
kafka-2-1  | 2026-09-25T22:50:52.886907105Z [2026-09-25 22:50:52,886] INFO [ProducerStateManager partition=dados-sensores-0] Loading producer state from snapshot file 'SnapshotFile(offset=288, file=/var/lib/kafka/data/dados-sensores-0/00000000000000000288.snapshot)' (org.apache.kafka.storage.internals.log.ProducerStateManager)
kafka-2-1  | 2026-09-25T22:50:52.887078519Z [2026-09-25 22:50:52,886] INFO [LogLoader partition=dados-sensores-0, dir=/var/lib/kafka/data] Producer state recovery took 0ms for snapshot load and 0ms for segment recovery from offset 288 (org.apache.kafka.storage.internals.log.UnifiedLog)
kafka-2-1  | 2026-09-25T22:50:52.887839448Z [2026-09-25 22:50:52,887] INFO Completed load of Log(dir=/var/lib/kafka/data/__consumer_offsets-39, topicId=z0JJoNscSBKv29UaLoZ9NQ, topic=__consumer_offsets, partition=39, highWatermark=0, lastStableOffset=0, logStartOffset=0, logEndOffset=0) with 1 segments, local-log-start-offset 0 and log-end-offset 0 in 4ms (22/56 completed in /var/lib/kafka/data) (kafka.log.LogManager)
kafka-2-1  | 2026-09-25T22:50:52.888487803Z [2026-09-25 22:50:52,888] INFO Completed load of Log(dir=/var/lib/kafka/data/dados-sensores-0, topicId=bpNag2Q4SrSHzixJwrCS8Q, topic=dados-sensores, partition=0, highWatermark=0, lastStableOffset=0, logStartOffset=0, logEndOffset=288) with 1 segments, local-log-start-offset 0 and log-end-offset 288 in 10ms (23/56 completed in /var/lib/kafka/data) (kafka.log.LogManager)
kafka-2-1  | 2026-09-25T22:50:52.889301968Z [2026-09-25 22:50:52,889] INFO [LogLoader partition=__consumer_offsets-4, dir=/var/lib/kafka/data] Recovering unflushed segment 0. 0 recovered for __consumer_offsets-4. (org.apache.kafka.storage.internals.log.LogLoader)
kafka-2-1  | 2026-09-25T22:50:52.889320188Z [2026-09-25 22:50:52,889] INFO [LogLoader partition=__consumer_offsets-23, dir=/var/lib/kafka/data] Recovering unflushed segment 0. 0 recovered for __consumer_offsets-23. (org.apache.kafka.storage.internals.log.LogLoader)
kafka-2-1  | 2026-09-25T22:50:52.889571681Z [2026-09-25 22:50:52,889] INFO [LogLoader partition=__consumer_offsets-4, dir=/var/lib/kafka/data] Loading producer state till offset 0 (org.apache.kafka.storage.internals.log.UnifiedLog)
kafka-2-1  | 2026-09-25T22:50:52.890191077Z [2026-09-25 22:50:52,889] INFO [LogLoader partition=__consumer_offsets-23, dir=/var/lib/kafka/data] Loading producer state till offset 0 (org.apache.kafka.storage.internals.log.UnifiedLog)
kafka-2-1  | 2026-09-25T22:50:52.890543537Z [2026-09-25 22:50:52,890] INFO [LogLoader partition=__consumer_offsets-4, dir=/var/lib/kafka/data] Reloading from producer snapshot and rebuilding producer state from offset 0 (org.apache.kafka.storage.internals.log.UnifiedLog)
kafka-2-1  | 2026-09-25T22:50:52.890558382Z [2026-09-25 22:50:52,890] INFO [LogLoader partition=__consumer_offsets-23, dir=/var/lib/kafka/data] Reloading from producer snapshot and rebuilding producer state from offset 0 (org.apache.kafka.storage.internals.log.UnifiedLog)
kafka-2-1  | 2026-09-25T22:50:52.890562509Z [2026-09-25 22:50:52,890] INFO [LogLoader partition=__consumer_offsets-4, dir=/var/lib/kafka/data] Producer state recovery took 0ms for snapshot load and 0ms for segment recovery from offset 0 (org.apache.kafka.storage.internals.log.UnifiedLog)
kafka-2-1  | 2026-09-25T22:50:52.890594231Z [2026-09-25 22:50:52,890] INFO [LogLoader partition=__consumer_offsets-23, dir=/var/lib/kafka/data] Producer state recovery took 0ms for snapshot load and 0ms for segment recovery from offset 0 (org.apache.kafka.storage.internals.log.UnifiedLog)
kafka-2-1  | 2026-09-25T22:50:52.891376389Z [2026-09-25 22:50:52,891] INFO [LogLoader partition=__consumer_offsets-4, dir=/var/lib/kafka/data] Loading producer state till offset 0 (org.apache.kafka.storage.internals.log.UnifiedLog)
kafka-2-1  | 2026-09-25T22:50:52.891390745Z [2026-09-25 22:50:52,891] INFO [LogLoader partition=__consumer_offsets-4, dir=/var/lib/kafka/data] Reloading from producer snapshot and rebuilding producer state from offset 0 (org.apache.kafka.storage.internals.log.UnifiedLog)
kafka-2-1  | 2026-09-25T22:50:52.891395051Z [2026-09-25 22:50:52,891] INFO [LogLoader partition=__consumer_offsets-4, dir=/var/lib/kafka/data] Producer state recovery took 0ms for snapshot load and 0ms for segment recovery from offset 0 (org.apache.kafka.storage.internals.log.UnifiedLog)
kafka-2-1  | 2026-09-25T22:50:52.891819114Z [2026-09-25 22:50:52,891] INFO [LogLoader partition=__consumer_offsets-23, dir=/var/lib/kafka/data] Loading producer state till offset 0 (org.apache.kafka.storage.internals.log.UnifiedLog)
kafka-2-1  | 2026-09-25T22:50:52.891831572Z [2026-09-25 22:50:52,891] INFO [LogLoader partition=__consumer_offsets-23, dir=/var/lib/kafka/data] Reloading from producer snapshot and rebuilding producer state from offset 0 (org.apache.kafka.storage.internals.log.UnifiedLog)
kafka-2-1  | 2026-09-25T22:50:52.892158672Z [2026-09-25 22:50:52,891] INFO [LogLoader partition=__consumer_offsets-23, dir=/var/lib/kafka/data] Producer state recovery took 0ms for snapshot load and 0ms for segment recovery from offset 0 (org.apache.kafka.storage.internals.log.UnifiedLog)
kafka-2-1  | 2026-09-25T22:50:52.892173381Z [2026-09-25 22:50:52,892] INFO Completed load of Log(dir=/var/lib/kafka/data/__consumer_offsets-4, topicId=z0JJoNscSBKv29UaLoZ9NQ, topic=__consumer_offsets, partition=4, highWatermark=0, lastStableOffset=0, logStartOffset=0, logEndOffset=0) with 1 segments, local-log-start-offset 0 and log-end-offset 0 in 4ms (24/56 completed in /var/lib/kafka/data) (kafka.log.LogManager)
kafka-2-1  | 2026-09-25T22:50:52.893221723Z [2026-09-25 22:50:52,892] INFO [LogLoader partition=__consumer_offsets-14, dir=/var/lib/kafka/data] Recovering unflushed segment 0. 0 recovered for __consumer_offsets-14. (org.apache.kafka.storage.internals.log.LogLoader)
kafka-2-1  | 2026-09-25T22:50:52.893242228Z [2026-09-25 22:50:52,893] INFO Completed load of Log(dir=/var/lib/kafka/data/__consumer_offsets-23, topicId=z0JJoNscSBKv29UaLoZ9NQ, topic=__consumer_offsets, partition=23, highWatermark=0, lastStableOffset=0, logStartOffset=0, logEndOffset=0) with 1 segments, local-log-start-offset 0 and log-end-offset 0 in 5ms (25/56 completed in /var/lib/kafka/data) (kafka.log.LogManager)
kafka-2-1  | 2026-09-25T22:50:52.893451544Z [2026-09-25 22:50:52,893] INFO [LogLoader partition=__consumer_offsets-14, dir=/var/lib/kafka/data] Loading producer state till offset 0 (org.apache.kafka.storage.internals.log.UnifiedLog)
kafka-2-1  | 2026-09-25T22:50:52.893467115Z [2026-09-25 22:50:52,893] INFO [LogLoader partition=__consumer_offsets-14, dir=/var/lib/kafka/data] Reloading from producer snapshot and rebuilding producer state from offset 0 (org.apache.kafka.storage.internals.log.UnifiedLog)
kafka-2-1  | 2026-09-25T22:50:52.893471236Z [2026-09-25 22:50:52,893] INFO [LogLoader partition=__consumer_offsets-14, dir=/var/lib/kafka/data] Producer state recovery took 0ms for snapshot load and 0ms for segment recovery from offset 0 (org.apache.kafka.storage.internals.log.UnifiedLog)
kafka-2-1  | 2026-09-25T22:50:52.894134747Z [2026-09-25 22:50:52,893] INFO [LogLoader partition=__consumer_offsets-14, dir=/var/lib/kafka/data] Loading producer state till offset 0 (org.apache.kafka.storage.internals.log.UnifiedLog)
kafka-2-1  | 2026-09-25T22:50:52.894150276Z [2026-09-25 22:50:52,894] INFO [LogLoader partition=__consumer_offsets-14, dir=/var/lib/kafka/data] Reloading from producer snapshot and rebuilding producer state from offset 0 (org.apache.kafka.storage.internals.log.UnifiedLog)
kafka-2-1  | 2026-09-25T22:50:52.894154641Z [2026-09-25 22:50:52,894] INFO [LogLoader partition=__consumer_offsets-14, dir=/var/lib/kafka/data] Producer state recovery took 0ms for snapshot load and 0ms for segment recovery from offset 0 (org.apache.kafka.storage.internals.log.UnifiedLog)
kafka-2-1  | 2026-09-25T22:50:52.895157348Z [2026-09-25 22:50:52,894] INFO [LogLoader partition=__consumer_offsets-8, dir=/var/lib/kafka/data] Recovering unflushed segment 0. 0 recovered for __consumer_offsets-8. (org.apache.kafka.storage.internals.log.LogLoader)
kafka-2-1  | 2026-09-25T22:50:52.895314961Z [2026-09-25 22:50:52,894] INFO Completed load of Log(dir=/var/lib/kafka/data/__consumer_offsets-14, topicId=z0JJoNscSBKv29UaLoZ9NQ, topic=__consumer_offsets, partition=14, highWatermark=0, lastStableOffset=0, logStartOffset=0, logEndOffset=0) with 1 segments, local-log-start-offset 0 and log-end-offset 0 in 3ms (26/56 completed in /var/lib/kafka/data) (kafka.log.LogManager)
kafka-2-1  | 2026-09-25T22:50:52.896010154Z [2026-09-25 22:50:52,895] INFO [LogLoader partition=__consumer_offsets-8, dir=/var/lib/kafka/data] Loading producer state till offset 0 (org.apache.kafka.storage.internals.log.UnifiedLog)
kafka-2-1  | 2026-09-25T22:50:52.896145710Z [2026-09-25 22:50:52,895] INFO [LogLoader partition=__consumer_offsets-8, dir=/var/lib/kafka/data] Reloading from producer snapshot and rebuilding producer state from offset 0 (org.apache.kafka.storage.internals.log.UnifiedLog)
kafka-2-1  | 2026-09-25T22:50:52.896529267Z [2026-09-25 22:50:52,896] INFO [LogLoader partition=__consumer_offsets-8, dir=/var/lib/kafka/data] Producer state recovery took 0ms for snapshot load and 0ms for segment recovery from offset 0 (org.apache.kafka.storage.internals.log.UnifiedLog)
kafka-2-1  | 2026-09-25T22:50:52.897225421Z [2026-09-25 22:50:52,896] INFO [LogLoader partition=__consumer_offsets-8, dir=/var/lib/kafka/data] Loading producer state till offset 0 (org.apache.kafka.storage.internals.log.UnifiedLog)
kafka-2-1  | 2026-09-25T22:50:52.897243343Z [2026-09-25 22:50:52,897] INFO [LogLoader partition=__consumer_offsets-8, dir=/var/lib/kafka/data] Reloading from producer snapshot and rebuilding producer state from offset 0 (org.apache.kafka.storage.internals.log.UnifiedLog)
kafka-2-1  | 2026-09-25T22:50:52.897247474Z [2026-09-25 22:50:52,897] INFO [LogLoader partition=__consumer_offsets-8, dir=/var/lib/kafka/data] Producer state recovery took 0ms for snapshot load and 0ms for segment recovery from offset 0 (org.apache.kafka.storage.internals.log.UnifiedLog)
kafka-2-1  | 2026-09-25T22:50:52.898164962Z [2026-09-25 22:50:52,897] INFO Completed load of Log(dir=/var/lib/kafka/data/__consumer_offsets-8, topicId=z0JJoNscSBKv29UaLoZ9NQ, topic=__consumer_offsets, partition=8, highWatermark=0, lastStableOffset=0, logStartOffset=0, logEndOffset=0) with 1 segments, local-log-start-offset 0 and log-end-offset 0 in 5ms (27/56 completed in /var/lib/kafka/data) (kafka.log.LogManager)
kafka-2-1  | 2026-09-25T22:50:52.898834420Z [2026-09-25 22:50:52,898] INFO [LogLoader partition=__consumer_offsets-30, dir=/var/lib/kafka/data] Recovering unflushed segment 0. 0 recovered for __consumer_offsets-30. (org.apache.kafka.storage.internals.log.LogLoader)
kafka-2-1  | 2026-09-25T22:50:52.899791831Z [2026-09-25 22:50:52,899] INFO [LogLoader partition=__consumer_offsets-30, dir=/var/lib/kafka/data] Loading producer state till offset 0 (org.apache.kafka.storage.internals.log.UnifiedLog)
kafka-2-1  | 2026-09-25T22:50:52.899810800Z [2026-09-25 22:50:52,899] INFO [LogLoader partition=__consumer_offsets-30, dir=/var/lib/kafka/data] Reloading from producer snapshot and rebuilding producer state from offset 0 (org.apache.kafka.storage.internals.log.UnifiedLog)
kafka-2-1  | 2026-09-25T22:50:52.900163259Z [2026-09-25 22:50:52,899] INFO [LogLoader partition=__consumer_offsets-30, dir=/var/lib/kafka/data] Producer state recovery took 0ms for snapshot load and 0ms for segment recovery from offset 0 (org.apache.kafka.storage.internals.log.UnifiedLog)
kafka-2-1  | 2026-09-25T22:50:52.900177044Z [2026-09-25 22:50:52,900] INFO [LogLoader partition=__consumer_offsets-1, dir=/var/lib/kafka/data] Recovering unflushed segment 0. 0 recovered for __consumer_offsets-1. (org.apache.kafka.storage.internals.log.LogLoader)
kafka-2-1  | 2026-09-25T22:50:52.900422614Z [2026-09-25 22:50:52,900] INFO [LogLoader partition=__consumer_offsets-1, dir=/var/lib/kafka/data] Loading producer state till offset 0 (org.apache.kafka.storage.internals.log.UnifiedLog)
kafka-2-1  | 2026-09-25T22:50:52.900432333Z [2026-09-25 22:50:52,900] INFO [LogLoader partition=__consumer_offsets-1, dir=/var/lib/kafka/data] Reloading from producer snapshot and rebuilding producer state from offset 0 (org.apache.kafka.storage.internals.log.UnifiedLog)
kafka-2-1  | 2026-09-25T22:50:52.900441962Z [2026-09-25 22:50:52,900] INFO [LogLoader partition=__consumer_offsets-1, dir=/var/lib/kafka/data] Producer state recovery took 0ms for snapshot load and 0ms for segment recovery from offset 0 (org.apache.kafka.storage.internals.log.UnifiedLog)
kafka-2-1  | 2026-09-25T22:50:52.901207439Z [2026-09-25 22:50:52,900] INFO [LogLoader partition=__consumer_offsets-1, dir=/var/lib/kafka/data] Loading producer state till offset 0 (org.apache.kafka.storage.internals.log.UnifiedLog)
kafka-2-1  | 2026-09-25T22:50:52.901226751Z [2026-09-25 22:50:52,901] INFO [LogLoader partition=__consumer_offsets-1, dir=/var/lib/kafka/data] Reloading from producer snapshot and rebuilding producer state from offset 0 (org.apache.kafka.storage.internals.log.UnifiedLog)
kafka-2-1  | 2026-09-25T22:50:52.901730423Z [2026-09-25 22:50:52,901] INFO [LogLoader partition=__consumer_offsets-30, dir=/var/lib/kafka/data] Loading producer state till offset 0 (org.apache.kafka.storage.internals.log.UnifiedLog)
kafka-2-1  | 2026-09-25T22:50:52.901743803Z [2026-09-25 22:50:52,901] INFO [LogLoader partition=__consumer_offsets-30, dir=/var/lib/kafka/data] Reloading from producer snapshot and rebuilding producer state from offset 0 (org.apache.kafka.storage.internals.log.UnifiedLog)
kafka-2-1  | 2026-09-25T22:50:52.901777712Z [2026-09-25 22:50:52,901] INFO [LogLoader partition=__consumer_offsets-30, dir=/var/lib/kafka/data] Producer state recovery took 0ms for snapshot load and 0ms for segment recovery from offset 0 (org.apache.kafka.storage.internals.log.UnifiedLog)
kafka-2-1  | 2026-09-25T22:50:52.902120980Z [2026-09-25 22:50:52,901] INFO [LogLoader partition=__consumer_offsets-1, dir=/var/lib/kafka/data] Producer state recovery took 0ms for snapshot load and 0ms for segment recovery from offset 0 (org.apache.kafka.storage.internals.log.UnifiedLog)
kafka-2-1  | 2026-09-25T22:50:52.903135281Z [2026-09-25 22:50:52,902] INFO Completed load of Log(dir=/var/lib/kafka/data/__consumer_offsets-30, topicId=z0JJoNscSBKv29UaLoZ9NQ, topic=__consumer_offsets, partition=30, highWatermark=0, lastStableOffset=0, logStartOffset=0, logEndOffset=0) with 1 segments, local-log-start-offset 0 and log-end-offset 0 in 7ms (28/56 completed in /var/lib/kafka/data) (kafka.log.LogManager)
kafka-2-1  | 2026-09-25T22:50:52.903917799Z [2026-09-25 22:50:52,903] INFO Completed load of Log(dir=/var/lib/kafka/data/__consumer_offsets-1, topicId=z0JJoNscSBKv29UaLoZ9NQ, topic=__consumer_offsets, partition=1, highWatermark=0, lastStableOffset=0, logStartOffset=0, logEndOffset=0) with 1 segments, local-log-start-offset 0 and log-end-offset 0 in 5ms (29/56 completed in /var/lib/kafka/data) (kafka.log.LogManager)
kafka-2-1  | 2026-09-25T22:50:52.904241515Z [2026-09-25 22:50:52,904] INFO [LogLoader partition=__consumer_offsets-19, dir=/var/lib/kafka/data] Recovering unflushed segment 0. 0 recovered for __consumer_offsets-19. (org.apache.kafka.storage.internals.log.LogLoader)
kafka-2-1  | 2026-09-25T22:50:52.904419012Z [2026-09-25 22:50:52,904] INFO [LogLoader partition=__consumer_offsets-19, dir=/var/lib/kafka/data] Loading producer state till offset 0 (org.apache.kafka.storage.internals.log.UnifiedLog)
kafka-2-1  | 2026-09-25T22:50:52.904448645Z [2026-09-25 22:50:52,904] INFO [LogLoader partition=__consumer_offsets-19, dir=/var/lib/kafka/data] Reloading from producer snapshot and rebuilding producer state from offset 0 (org.apache.kafka.storage.internals.log.UnifiedLog)
kafka-2-1  | 2026-09-25T22:50:52.904519205Z [2026-09-25 22:50:52,904] INFO [LogLoader partition=__consumer_offsets-19, dir=/var/lib/kafka/data] Producer state recovery took 0ms for snapshot load and 0ms for segment recovery from offset 0 (org.apache.kafka.storage.internals.log.UnifiedLog)
kafka-2-1  | 2026-09-25T22:50:52.905921549Z [2026-09-25 22:50:52,905] INFO [LogLoader partition=__consumer_offsets-19, dir=/var/lib/kafka/data] Loading producer state till offset 0 (org.apache.kafka.storage.internals.log.UnifiedLog)
kafka-2-1  | 2026-09-25T22:50:52.905940889Z [2026-09-25 22:50:52,905] INFO [LogLoader partition=__consumer_offsets-19, dir=/var/lib/kafka/data] Reloading from producer snapshot and rebuilding producer state from offset 0 (org.apache.kafka.storage.internals.log.UnifiedLog)
kafka-2-1  | 2026-09-25T22:50:52.905969624Z [2026-09-25 22:50:52,905] INFO [LogLoader partition=__consumer_offsets-19, dir=/var/lib/kafka/data] Producer state recovery took 0ms for snapshot load and 0ms for segment recovery from offset 0 (org.apache.kafka.storage.internals.log.UnifiedLog)
kafka-2-1  | 2026-09-25T22:50:52.906218705Z [2026-09-25 22:50:52,905] INFO [LogLoader partition=dados-sensores-2, dir=/var/lib/kafka/data] Recovering unflushed segment 0. 0 recovered for dados-sensores-2. (org.apache.kafka.storage.internals.log.LogLoader)
kafka-2-1  | 2026-09-25T22:50:52.907156706Z [2026-09-25 22:50:52,906] INFO Completed load of Log(dir=/var/lib/kafka/data/__consumer_offsets-19, topicId=z0JJoNscSBKv29UaLoZ9NQ, topic=__consumer_offsets, partition=19, highWatermark=0, lastStableOffset=0, logStartOffset=0, logEndOffset=0) with 1 segments, local-log-start-offset 0 and log-end-offset 0 in 4ms (30/56 completed in /var/lib/kafka/data) (kafka.log.LogManager)
kafka-2-1  | 2026-09-25T22:50:52.907168899Z [2026-09-25 22:50:52,906] INFO [LogLoader partition=dados-sensores-2, dir=/var/lib/kafka/data] Loading producer state till offset 0 (org.apache.kafka.storage.internals.log.UnifiedLog)
kafka-2-1  | 2026-09-25T22:50:52.907456532Z [2026-09-25 22:50:52,907] INFO [LogLoader partition=dados-sensores-2, dir=/var/lib/kafka/data] Reloading from producer snapshot and rebuilding producer state from offset 0 (org.apache.kafka.storage.internals.log.UnifiedLog)
kafka-2-1  | 2026-09-25T22:50:52.907710217Z [2026-09-25 22:50:52,907] INFO [LogLoader partition=dados-sensores-2, dir=/var/lib/kafka/data] Producer state recovery took 0ms for snapshot load and 0ms for segment recovery from offset 0 (org.apache.kafka.storage.internals.log.UnifiedLog)
kafka-2-1  | 2026-09-25T22:50:52.908713020Z [2026-09-25 22:50:52,908] INFO [LogLoader partition=__consumer_offsets-25, dir=/var/lib/kafka/data] Recovering unflushed segment 0. 0 recovered for __consumer_offsets-25. (org.apache.kafka.storage.internals.log.LogLoader)
kafka-2-1  | 2026-09-25T22:50:52.908907045Z [2026-09-25 22:50:52,908] INFO [LogLoader partition=__consumer_offsets-25, dir=/var/lib/kafka/data] Loading producer state till offset 0 (org.apache.kafka.storage.internals.log.UnifiedLog)
kafka-2-1  | 2026-09-25T22:50:52.908920023Z [2026-09-25 22:50:52,908] INFO [LogLoader partition=__consumer_offsets-25, dir=/var/lib/kafka/data] Reloading from producer snapshot and rebuilding producer state from offset 0 (org.apache.kafka.storage.internals.log.UnifiedLog)
kafka-2-1  | 2026-09-25T22:50:52.908936394Z [2026-09-25 22:50:52,908] INFO [LogLoader partition=__consumer_offsets-25, dir=/var/lib/kafka/data] Producer state recovery took 0ms for snapshot load and 0ms for segment recovery from offset 0 (org.apache.kafka.storage.internals.log.UnifiedLog)
kafka-2-1  | 2026-09-25T22:50:52.909677085Z [2026-09-25 22:50:52,909] INFO [LogLoader partition=__consumer_offsets-25, dir=/var/lib/kafka/data] Loading producer state till offset 0 (org.apache.kafka.storage.internals.log.UnifiedLog)
kafka-2-1  | 2026-09-25T22:50:52.909694363Z [2026-09-25 22:50:52,909] INFO [LogLoader partition=__consumer_offsets-25, dir=/var/lib/kafka/data] Reloading from producer snapshot and rebuilding producer state from offset 0 (org.apache.kafka.storage.internals.log.UnifiedLog)
kafka-2-1  | 2026-09-25T22:50:52.909698662Z [2026-09-25 22:50:52,909] INFO [LogLoader partition=__consumer_offsets-25, dir=/var/lib/kafka/data] Producer state recovery took 0ms for snapshot load and 0ms for segment recovery from offset 0 (org.apache.kafka.storage.internals.log.UnifiedLog)
kafka-2-1  | 2026-09-25T22:50:52.910955063Z [2026-09-25 22:50:52,910] INFO Completed load of Log(dir=/var/lib/kafka/data/__consumer_offsets-25, topicId=z0JJoNscSBKv29UaLoZ9NQ, topic=__consumer_offsets, partition=25, highWatermark=0, lastStableOffset=0, logStartOffset=0, logEndOffset=0) with 1 segments, local-log-start-offset 0 and log-end-offset 0 in 4ms (31/56 completed in /var/lib/kafka/data) (kafka.log.LogManager)
kafka-2-1  | 2026-09-25T22:50:52.913142682Z [2026-09-25 22:50:52,912] INFO [LogLoader partition=__consumer_offsets-12, dir=/var/lib/kafka/data] Recovering unflushed segment 0. 0 recovered for __consumer_offsets-12. (org.apache.kafka.storage.internals.log.LogLoader)
kafka-2-1  | 2026-09-25T22:50:52.914526512Z [2026-09-25 22:50:52,914] INFO [LogLoader partition=__consumer_offsets-12, dir=/var/lib/kafka/data] Loading producer state till offset 0 (org.apache.kafka.storage.internals.log.UnifiedLog)
kafka-2-1  | 2026-09-25T22:50:52.914544851Z [2026-09-25 22:50:52,914] INFO [LogLoader partition=__consumer_offsets-12, dir=/var/lib/kafka/data] Reloading from producer snapshot and rebuilding producer state from offset 0 (org.apache.kafka.storage.internals.log.UnifiedLog)
kafka-2-1  | 2026-09-25T22:50:52.914748697Z [2026-09-25 22:50:52,914] INFO [LogLoader partition=__consumer_offsets-12, dir=/var/lib/kafka/data] Producer state recovery took 0ms for snapshot load and 0ms for segment recovery from offset 0 (org.apache.kafka.storage.internals.log.UnifiedLog)
kafka-2-1  | 2026-09-25T22:50:52.915760834Z [2026-09-25 22:50:52,915] INFO [LogLoader partition=__consumer_offsets-12, dir=/var/lib/kafka/data] Loading producer state till offset 0 (org.apache.kafka.storage.internals.log.UnifiedLog)
kafka-2-1  | 2026-09-25T22:50:52.915775681Z [2026-09-25 22:50:52,915] INFO [LogLoader partition=__consumer_offsets-12, dir=/var/lib/kafka/data] Reloading from producer snapshot and rebuilding producer state from offset 0 (org.apache.kafka.storage.internals.log.UnifiedLog)
kafka-2-1  | 2026-09-25T22:50:52.915779779Z [2026-09-25 22:50:52,915] INFO [LogLoader partition=__consumer_offsets-12, dir=/var/lib/kafka/data] Producer state recovery took 0ms for snapshot load and 0ms for segment recovery from offset 0 (org.apache.kafka.storage.internals.log.UnifiedLog)
kafka-2-1  | 2026-09-25T22:50:52.917279745Z [2026-09-25 22:50:52,917] INFO Completed load of Log(dir=/var/lib/kafka/data/__consumer_offsets-12, topicId=z0JJoNscSBKv29UaLoZ9NQ, topic=__consumer_offsets, partition=12, highWatermark=0, lastStableOffset=0, logStartOffset=0, logEndOffset=0) with 1 segments, local-log-start-offset 0 and log-end-offset 0 in 6ms (32/56 completed in /var/lib/kafka/data) (kafka.log.LogManager)
kafka-2-1  | 2026-09-25T22:50:52.918010267Z [2026-09-25 22:50:52,917] INFO [ProducerStateManager partition=dados-sensores-2] Wrote producer snapshot at offset 432 with 3 producer ids in 5 ms. (org.apache.kafka.storage.internals.log.ProducerStateManager)
kafka-2-1  | 2026-09-25T22:50:52.918381234Z [2026-09-25 22:50:52,918] INFO [LogLoader partition=__consumer_offsets-0, dir=/var/lib/kafka/data] Recovering unflushed segment 0. 0 recovered for __consumer_offsets-0. (org.apache.kafka.storage.internals.log.LogLoader)
kafka-2-1  | 2026-09-25T22:50:52.919430856Z [2026-09-25 22:50:52,918] INFO [LogLoader partition=__consumer_offsets-0, dir=/var/lib/kafka/data] Loading producer state till offset 0 (org.apache.kafka.storage.internals.log.UnifiedLog)
kafka-2-1  | 2026-09-25T22:50:52.919826955Z [2026-09-25 22:50:52,919] INFO [LogLoader partition=__consumer_offsets-0, dir=/var/lib/kafka/data] Reloading from producer snapshot and rebuilding producer state from offset 0 (org.apache.kafka.storage.internals.log.UnifiedLog)
kafka-2-1  | 2026-09-25T22:50:52.919975992Z [2026-09-25 22:50:52,919] INFO [LogLoader partition=dados-sensores-2, dir=/var/lib/kafka/data] Loading producer state till offset 432 (org.apache.kafka.storage.internals.log.UnifiedLog)
kafka-2-1  | 2026-09-25T22:50:52.920377573Z [2026-09-25 22:50:52,919] INFO [LogLoader partition=__consumer_offsets-0, dir=/var/lib/kafka/data] Producer state recovery took 0ms for snapshot load and 0ms for segment recovery from offset 0 (org.apache.kafka.storage.internals.log.UnifiedLog)
kafka-2-1  | 2026-09-25T22:50:52.920392370Z [2026-09-25 22:50:52,920] INFO [LogLoader partition=dados-sensores-2, dir=/var/lib/kafka/data] Reloading from producer snapshot and rebuilding producer state from offset 432 (org.apache.kafka.storage.internals.log.UnifiedLog)
kafka-2-1  | 2026-09-25T22:50:52.920735340Z [2026-09-25 22:50:52,920] INFO [ProducerStateManager partition=dados-sensores-2] Loading producer state from snapshot file 'SnapshotFile(offset=432, file=/var/lib/kafka/data/dados-sensores-2/00000000000000000432.snapshot)' (org.apache.kafka.storage.internals.log.ProducerStateManager)
kafka-2-1  | 2026-09-25T22:50:52.921369532Z [2026-09-25 22:50:52,921] INFO [LogLoader partition=dados-sensores-2, dir=/var/lib/kafka/data] Producer state recovery took 1ms for snapshot load and 0ms for segment recovery from offset 432 (org.apache.kafka.storage.internals.log.UnifiedLog)
kafka-2-1  | 2026-09-25T22:50:52.921778643Z [2026-09-25 22:50:52,921] INFO [LogLoader partition=__consumer_offsets-0, dir=/var/lib/kafka/data] Loading producer state till offset 0 (org.apache.kafka.storage.internals.log.UnifiedLog)
kafka-2-1  | 2026-09-25T22:50:52.922206672Z [2026-09-25 22:50:52,921] INFO [LogLoader partition=__consumer_offsets-0, dir=/var/lib/kafka/data] Reloading from producer snapshot and rebuilding producer state from offset 0 (org.apache.kafka.storage.internals.log.UnifiedLog)
kafka-2-1  | 2026-09-25T22:50:52.922219601Z [2026-09-25 22:50:52,921] INFO [LogLoader partition=__consumer_offsets-0, dir=/var/lib/kafka/data] Producer state recovery took 0ms for snapshot load and 0ms for segment recovery from offset 0 (org.apache.kafka.storage.internals.log.UnifiedLog)
kafka-2-1  | 2026-09-25T22:50:52.924370317Z [2026-09-25 22:50:52,924] INFO Completed load of Log(dir=/var/lib/kafka/data/dados-sensores-2, topicId=bpNag2Q4SrSHzixJwrCS8Q, topic=dados-sensores, partition=2, highWatermark=0, lastStableOffset=0, logStartOffset=0, logEndOffset=432) with 1 segments, local-log-start-offset 0 and log-end-offset 432 in 20ms (33/56 completed in /var/lib/kafka/data) (kafka.log.LogManager)
kafka-2-1  | 2026-09-25T22:50:52.924714020Z [2026-09-25 22:50:52,924] INFO Completed load of Log(dir=/var/lib/kafka/data/__consumer_offsets-0, topicId=z0JJoNscSBKv29UaLoZ9NQ, topic=__consumer_offsets, partition=0, highWatermark=0, lastStableOffset=0, logStartOffset=0, logEndOffset=0) with 1 segments, local-log-start-offset 0 and log-end-offset 0 in 7ms (34/56 completed in /var/lib/kafka/data) (kafka.log.LogManager)
kafka-2-1  | 2026-09-25T22:50:52.926908833Z [2026-09-25 22:50:52,926] INFO [LogLoader partition=__consumer_offsets-47, dir=/var/lib/kafka/data] Recovering unflushed segment 0. 0 recovered for __consumer_offsets-47. (org.apache.kafka.storage.internals.log.LogLoader)
kafka-2-1  | 2026-09-25T22:50:52.926929949Z [2026-09-25 22:50:52,926] INFO [LogLoader partition=__consumer_offsets-5, dir=/var/lib/kafka/data] Recovering unflushed segment 0. 0 recovered for __consumer_offsets-5. (org.apache.kafka.storage.internals.log.LogLoader)
kafka-2-1  | 2026-09-25T22:50:52.927529311Z [2026-09-25 22:50:52,927] INFO [LogLoader partition=__consumer_offsets-5, dir=/var/lib/kafka/data] Loading producer state till offset 0 (org.apache.kafka.storage.internals.log.UnifiedLog)
kafka-2-1  | 2026-09-25T22:50:52.927552309Z [2026-09-25 22:50:52,927] INFO [LogLoader partition=__consumer_offsets-47, dir=/var/lib/kafka/data] Loading producer state till offset 0 (org.apache.kafka.storage.internals.log.UnifiedLog)
kafka-2-1  | 2026-09-25T22:50:52.927702453Z [2026-09-25 22:50:52,927] INFO [LogLoader partition=__consumer_offsets-47, dir=/var/lib/kafka/data] Reloading from producer snapshot and rebuilding producer state from offset 0 (org.apache.kafka.storage.internals.log.UnifiedLog)
kafka-2-1  | 2026-09-25T22:50:52.927720786Z [2026-09-25 22:50:52,927] INFO [LogLoader partition=__consumer_offsets-5, dir=/var/lib/kafka/data] Reloading from producer snapshot and rebuilding producer state from offset 0 (org.apache.kafka.storage.internals.log.UnifiedLog)
kafka-2-1  | 2026-09-25T22:50:52.929195938Z [2026-09-25 22:50:52,928] INFO [LogLoader partition=__consumer_offsets-47, dir=/var/lib/kafka/data] Producer state recovery took 0ms for snapshot load and 0ms for segment recovery from offset 0 (org.apache.kafka.storage.internals.log.UnifiedLog)
kafka-2-1  | 2026-09-25T22:50:52.929219914Z [2026-09-25 22:50:52,928] INFO [LogLoader partition=__consumer_offsets-5, dir=/var/lib/kafka/data] Producer state recovery took 0ms for snapshot load and 0ms for segment recovery from offset 0 (org.apache.kafka.storage.internals.log.UnifiedLog)
kafka-2-1  | 2026-09-25T22:50:52.930985758Z [2026-09-25 22:50:52,930] INFO [LogLoader partition=__consumer_offsets-47, dir=/var/lib/kafka/data] Loading producer state till offset 0 (org.apache.kafka.storage.internals.log.UnifiedLog)
kafka-2-1  | 2026-09-25T22:50:52.931116884Z [2026-09-25 22:50:52,930] INFO [LogLoader partition=__consumer_offsets-47, dir=/var/lib/kafka/data] Reloading from producer snapshot and rebuilding producer state from offset 0 (org.apache.kafka.storage.internals.log.UnifiedLog)
kafka-2-1  | 2026-09-25T22:50:52.931498003Z [2026-09-25 22:50:52,931] INFO [LogLoader partition=__consumer_offsets-47, dir=/var/lib/kafka/data] Producer state recovery took 0ms for snapshot load and 0ms for segment recovery from offset 0 (org.apache.kafka.storage.internals.log.UnifiedLog)
kafka-2-1  | 2026-09-25T22:50:52.933288049Z [2026-09-25 22:50:52,932] INFO Completed load of Log(dir=/var/lib/kafka/data/__consumer_offsets-47, topicId=z0JJoNscSBKv29UaLoZ9NQ, topic=__consumer_offsets, partition=47, highWatermark=0, lastStableOffset=0, logStartOffset=0, logEndOffset=0) with 1 segments, local-log-start-offset 0 and log-end-offset 0 in 9ms (35/56 completed in /var/lib/kafka/data) (kafka.log.LogManager)
kafka-2-1  | 2026-09-25T22:50:52.935001718Z [2026-09-25 22:50:52,934] INFO [LogLoader partition=__consumer_offsets-41, dir=/var/lib/kafka/data] Recovering unflushed segment 0. 0 recovered for __consumer_offsets-41. (org.apache.kafka.storage.internals.log.LogLoader)
kafka-2-1  | 2026-09-25T22:50:52.935511079Z [2026-09-25 22:50:52,935] INFO [LogLoader partition=__consumer_offsets-41, dir=/var/lib/kafka/data] Loading producer state till offset 0 (org.apache.kafka.storage.internals.log.UnifiedLog)
kafka-2-1  | 2026-09-25T22:50:52.935530577Z [2026-09-25 22:50:52,935] INFO [ProducerStateManager partition=__consumer_offsets-5] Wrote producer snapshot at offset 98 with 0 producer ids in 4 ms. (org.apache.kafka.storage.internals.log.ProducerStateManager)
kafka-2-1  | 2026-09-25T22:50:52.935534497Z [2026-09-25 22:50:52,935] INFO [LogLoader partition=__consumer_offsets-41, dir=/var/lib/kafka/data] Reloading from producer snapshot and rebuilding producer state from offset 0 (org.apache.kafka.storage.internals.log.UnifiedLog)
kafka-2-1  | 2026-09-25T22:50:52.935636403Z [2026-09-25 22:50:52,935] INFO [LogLoader partition=__consumer_offsets-41, dir=/var/lib/kafka/data] Producer state recovery took 0ms for snapshot load and 0ms for segment recovery from offset 0 (org.apache.kafka.storage.internals.log.UnifiedLog)
kafka-2-1  | 2026-09-25T22:50:52.936855352Z [2026-09-25 22:50:52,936] INFO [LogLoader partition=__consumer_offsets-41, dir=/var/lib/kafka/data] Loading producer state till offset 0 (org.apache.kafka.storage.internals.log.UnifiedLog)
kafka-2-1  | 2026-09-25T22:50:52.938139338Z [2026-09-25 22:50:52,936] INFO [LogLoader partition=__consumer_offsets-5, dir=/var/lib/kafka/data] Loading producer state till offset 98 (org.apache.kafka.storage.internals.log.UnifiedLog)
kafka-2-1  | 2026-09-25T22:50:52.938168347Z [2026-09-25 22:50:52,936] INFO [LogLoader partition=__consumer_offsets-41, dir=/var/lib/kafka/data] Reloading from producer snapshot and rebuilding producer state from offset 0 (org.apache.kafka.storage.internals.log.UnifiedLog)
kafka-2-1  | 2026-09-25T22:50:52.938173607Z [2026-09-25 22:50:52,936] INFO [LogLoader partition=__consumer_offsets-41, dir=/var/lib/kafka/data] Producer state recovery took 0ms for snapshot load and 0ms for segment recovery from offset 0 (org.apache.kafka.storage.internals.log.UnifiedLog)
kafka-2-1  | 2026-09-25T22:50:52.938176960Z [2026-09-25 22:50:52,936] INFO [LogLoader partition=__consumer_offsets-5, dir=/var/lib/kafka/data] Reloading from producer snapshot and rebuilding producer state from offset 98 (org.apache.kafka.storage.internals.log.UnifiedLog)
kafka-2-1  | 2026-09-25T22:50:52.938180117Z [2026-09-25 22:50:52,937] INFO [ProducerStateManager partition=__consumer_offsets-5] Loading producer state from snapshot file 'SnapshotFile(offset=98, file=/var/lib/kafka/data/__consumer_offsets-5/00000000000000000098.snapshot)' (org.apache.kafka.storage.internals.log.ProducerStateManager)
kafka-2-1  | 2026-09-25T22:50:52.938183348Z [2026-09-25 22:50:52,937] INFO [LogLoader partition=__consumer_offsets-5, dir=/var/lib/kafka/data] Producer state recovery took 0ms for snapshot load and 0ms for segment recovery from offset 98 (org.apache.kafka.storage.internals.log.UnifiedLog)
kafka-2-1  | 2026-09-25T22:50:52.939322446Z [2026-09-25 22:50:52,938] INFO Completed load of Log(dir=/var/lib/kafka/data/__consumer_offsets-5, topicId=z0JJoNscSBKv29UaLoZ9NQ, topic=__consumer_offsets, partition=5, highWatermark=0, lastStableOffset=0, logStartOffset=0, logEndOffset=98) with 1 segments, local-log-start-offset 0 and log-end-offset 98 in 15ms (37/56 completed in /var/lib/kafka/data) (kafka.log.LogManager)
kafka-2-1  | 2026-09-25T22:50:52.939365200Z [2026-09-25 22:50:52,939] INFO Completed load of Log(dir=/var/lib/kafka/data/__consumer_offsets-41, topicId=z0JJoNscSBKv29UaLoZ9NQ, topic=__consumer_offsets, partition=41, highWatermark=0, lastStableOffset=0, logStartOffset=0, logEndOffset=0) with 1 segments, local-log-start-offset 0 and log-end-offset 0 in 6ms (36/56 completed in /var/lib/kafka/data) (kafka.log.LogManager)
kafka-2-1  | 2026-09-25T22:50:52.942750121Z [2026-09-25 22:50:52,942] INFO [LogLoader partition=__consumer_offsets-49, dir=/var/lib/kafka/data] Recovering unflushed segment 0. 0 recovered for __consumer_offsets-49. (org.apache.kafka.storage.internals.log.LogLoader)
kafka-2-1  | 2026-09-25T22:50:52.942778715Z [2026-09-25 22:50:52,942] INFO [LogLoader partition=__consumer_offsets-26, dir=/var/lib/kafka/data] Recovering unflushed segment 0. 0 recovered for __consumer_offsets-26. (org.apache.kafka.storage.internals.log.LogLoader)
kafka-2-1  | 2026-09-25T22:50:52.943526675Z [2026-09-25 22:50:52,943] INFO [LogLoader partition=__consumer_offsets-49, dir=/var/lib/kafka/data] Loading producer state till offset 0 (org.apache.kafka.storage.internals.log.UnifiedLog)
kafka-2-1  | 2026-09-25T22:50:52.943554211Z [2026-09-25 22:50:52,943] INFO [LogLoader partition=__consumer_offsets-26, dir=/var/lib/kafka/data] Loading producer state till offset 0 (org.apache.kafka.storage.internals.log.UnifiedLog)
kafka-2-1  | 2026-09-25T22:50:52.943791492Z [2026-09-25 22:50:52,943] INFO [LogLoader partition=__consumer_offsets-49, dir=/var/lib/kafka/data] Reloading from producer snapshot and rebuilding producer state from offset 0 (org.apache.kafka.storage.internals.log.UnifiedLog)
kafka-2-1  | 2026-09-25T22:50:52.943983579Z [2026-09-25 22:50:52,943] INFO [LogLoader partition=__consumer_offsets-26, dir=/var/lib/kafka/data] Reloading from producer snapshot and rebuilding producer state from offset 0 (org.apache.kafka.storage.internals.log.UnifiedLog)
kafka-2-1  | 2026-09-25T22:50:52.943997659Z [2026-09-25 22:50:52,943] INFO [LogLoader partition=__consumer_offsets-49, dir=/var/lib/kafka/data] Producer state recovery took 0ms for snapshot load and 0ms for segment recovery from offset 0 (org.apache.kafka.storage.internals.log.UnifiedLog)
kafka-2-1  | 2026-09-25T22:50:52.944227485Z [2026-09-25 22:50:52,943] INFO [LogLoader partition=__consumer_offsets-26, dir=/var/lib/kafka/data] Producer state recovery took 0ms for snapshot load and 0ms for segment recovery from offset 0 (org.apache.kafka.storage.internals.log.UnifiedLog)
kafka-2-1  | 2026-09-25T22:50:52.945044905Z [2026-09-25 22:50:52,944] INFO [LogLoader partition=__consumer_offsets-49, dir=/var/lib/kafka/data] Loading producer state till offset 0 (org.apache.kafka.storage.internals.log.UnifiedLog)
kafka-2-1  | 2026-09-25T22:50:52.945065647Z [2026-09-25 22:50:52,944] INFO [LogLoader partition=__consumer_offsets-49, dir=/var/lib/kafka/data] Reloading from producer snapshot and rebuilding producer state from offset 0 (org.apache.kafka.storage.internals.log.UnifiedLog)
kafka-2-1  | 2026-09-25T22:50:52.945068527Z [2026-09-25 22:50:52,944] INFO [LogLoader partition=__consumer_offsets-49, dir=/var/lib/kafka/data] Producer state recovery took 0ms for snapshot load and 0ms for segment recovery from offset 0 (org.apache.kafka.storage.internals.log.UnifiedLog)
kafka-2-1  | 2026-09-25T22:50:52.945357898Z [2026-09-25 22:50:52,945] INFO [LogLoader partition=__consumer_offsets-26, dir=/var/lib/kafka/data] Loading producer state till offset 0 (org.apache.kafka.storage.internals.log.UnifiedLog)
kafka-2-1  | 2026-09-25T22:50:52.945656059Z [2026-09-25 22:50:52,945] INFO [LogLoader partition=__consumer_offsets-26, dir=/var/lib/kafka/data] Reloading from producer snapshot and rebuilding producer state from offset 0 (org.apache.kafka.storage.internals.log.UnifiedLog)
kafka-2-1  | 2026-09-25T22:50:52.945767166Z [2026-09-25 22:50:52,945] INFO [LogLoader partition=__consumer_offsets-26, dir=/var/lib/kafka/data] Producer state recovery took 0ms for snapshot load and 0ms for segment recovery from offset 0 (org.apache.kafka.storage.internals.log.UnifiedLog)
kafka-2-1  | 2026-09-25T22:50:52.946013835Z [2026-09-25 22:50:52,945] INFO Completed load of Log(dir=/var/lib/kafka/data/__consumer_offsets-49, topicId=z0JJoNscSBKv29UaLoZ9NQ, topic=__consumer_offsets, partition=49, highWatermark=0, lastStableOffset=0, logStartOffset=0, logEndOffset=0) with 1 segments, local-log-start-offset 0 and log-end-offset 0 in 7ms (38/56 completed in /var/lib/kafka/data) (kafka.log.LogManager)
kafka-2-1  | 2026-09-25T22:50:52.947089944Z [2026-09-25 22:50:52,946] INFO [LogLoader partition=__consumer_offsets-42, dir=/var/lib/kafka/data] Recovering unflushed segment 0. 0 recovered for __consumer_offsets-42. (org.apache.kafka.storage.internals.log.LogLoader)
kafka-2-1  | 2026-09-25T22:50:52.947112657Z [2026-09-25 22:50:52,946] INFO Completed load of Log(dir=/var/lib/kafka/data/__consumer_offsets-26, topicId=z0JJoNscSBKv29UaLoZ9NQ, topic=__consumer_offsets, partition=26, highWatermark=0, lastStableOffset=0, logStartOffset=0, logEndOffset=0) with 1 segments, local-log-start-offset 0 and log-end-offset 0 in 8ms (39/56 completed in /var/lib/kafka/data) (kafka.log.LogManager)
kafka-2-1  | 2026-09-25T22:50:52.947348355Z [2026-09-25 22:50:52,947] INFO [LogLoader partition=__consumer_offsets-42, dir=/var/lib/kafka/data] Loading producer state till offset 0 (org.apache.kafka.storage.internals.log.UnifiedLog)
kafka-2-1  | 2026-09-25T22:50:52.947364559Z [2026-09-25 22:50:52,947] INFO [LogLoader partition=__consumer_offsets-42, dir=/var/lib/kafka/data] Reloading from producer snapshot and rebuilding producer state from offset 0 (org.apache.kafka.storage.internals.log.UnifiedLog)
kafka-2-1  | 2026-09-25T22:50:52.947369368Z [2026-09-25 22:50:52,947] INFO [LogLoader partition=__consumer_offsets-42, dir=/var/lib/kafka/data] Producer state recovery took 0ms for snapshot load and 0ms for segment recovery from offset 0 (org.apache.kafka.storage.internals.log.UnifiedLog)
kafka-2-1  | 2026-09-25T22:50:52.948103155Z [2026-09-25 22:50:52,947] INFO [LogLoader partition=__consumer_offsets-42, dir=/var/lib/kafka/data] Loading producer state till offset 0 (org.apache.kafka.storage.internals.log.UnifiedLog)
kafka-2-1  | 2026-09-25T22:50:52.948132632Z [2026-09-25 22:50:52,947] INFO [LogLoader partition=__consumer_offsets-42, dir=/var/lib/kafka/data] Reloading from producer snapshot and rebuilding producer state from offset 0 (org.apache.kafka.storage.internals.log.UnifiedLog)
kafka-2-1  | 2026-09-25T22:50:52.948135375Z [2026-09-25 22:50:52,948] INFO [LogLoader partition=__consumer_offsets-42, dir=/var/lib/kafka/data] Producer state recovery took 0ms for snapshot load and 0ms for segment recovery from offset 0 (org.apache.kafka.storage.internals.log.UnifiedLog)
kafka-2-1  | 2026-09-25T22:50:52.948794449Z [2026-09-25 22:50:52,948] INFO [LogLoader partition=__consumer_offsets-35, dir=/var/lib/kafka/data] Recovering unflushed segment 0. 0 recovered for __consumer_offsets-35. (org.apache.kafka.storage.internals.log.LogLoader)
kafka-2-1  | 2026-09-25T22:50:52.949058815Z [2026-09-25 22:50:52,948] INFO Completed load of Log(dir=/var/lib/kafka/data/__consumer_offsets-42, topicId=z0JJoNscSBKv29UaLoZ9NQ, topic=__consumer_offsets, partition=42, highWatermark=0, lastStableOffset=0, logStartOffset=0, logEndOffset=0) with 1 segments, local-log-start-offset 0 and log-end-offset 0 in 3ms (40/56 completed in /var/lib/kafka/data) (kafka.log.LogManager)
kafka-2-1  | 2026-09-25T22:50:52.949077272Z [2026-09-25 22:50:52,948] INFO [LogLoader partition=__consumer_offsets-35, dir=/var/lib/kafka/data] Loading producer state till offset 0 (org.apache.kafka.storage.internals.log.UnifiedLog)
kafka-2-1  | 2026-09-25T22:50:52.949097284Z [2026-09-25 22:50:52,948] INFO [LogLoader partition=__consumer_offsets-35, dir=/var/lib/kafka/data] Reloading from producer snapshot and rebuilding producer state from offset 0 (org.apache.kafka.storage.internals.log.UnifiedLog)
kafka-2-1  | 2026-09-25T22:50:52.949100848Z [2026-09-25 22:50:52,948] INFO [LogLoader partition=__consumer_offsets-35, dir=/var/lib/kafka/data] Producer state recovery took 0ms for snapshot load and 0ms for segment recovery from offset 0 (org.apache.kafka.storage.internals.log.UnifiedLog)
kafka-2-1  | 2026-09-25T22:50:52.949786298Z [2026-09-25 22:50:52,949] INFO [LogLoader partition=__consumer_offsets-35, dir=/var/lib/kafka/data] Loading producer state till offset 0 (org.apache.kafka.storage.internals.log.UnifiedLog)
kafka-2-1  | 2026-09-25T22:50:52.949806899Z [2026-09-25 22:50:52,949] INFO [LogLoader partition=__consumer_offsets-35, dir=/var/lib/kafka/data] Reloading from producer snapshot and rebuilding producer state from offset 0 (org.apache.kafka.storage.internals.log.UnifiedLog)
kafka-2-1  | 2026-09-25T22:50:52.949811507Z [2026-09-25 22:50:52,949] INFO [LogLoader partition=__consumer_offsets-35, dir=/var/lib/kafka/data] Producer state recovery took 0ms for snapshot load and 0ms for segment recovery from offset 0 (org.apache.kafka.storage.internals.log.UnifiedLog)
kafka-2-1  | 2026-09-25T22:50:52.949958364Z [2026-09-25 22:50:52,949] INFO [LogLoader partition=__consumer_offsets-22, dir=/var/lib/kafka/data] Recovering unflushed segment 0. 0 recovered for __consumer_offsets-22. (org.apache.kafka.storage.internals.log.LogLoader)
kafka-2-1  | 2026-09-25T22:50:52.950204531Z [2026-09-25 22:50:52,949] INFO [LogLoader partition=__consumer_offsets-22, dir=/var/lib/kafka/data] Loading producer state till offset 0 (org.apache.kafka.storage.internals.log.UnifiedLog)
kafka-2-1  | 2026-09-25T22:50:52.950220802Z [2026-09-25 22:50:52,950] INFO [LogLoader partition=__consumer_offsets-22, dir=/var/lib/kafka/data] Reloading from producer snapshot and rebuilding producer state from offset 0 (org.apache.kafka.storage.internals.log.UnifiedLog)
kafka-2-1  | 2026-09-25T22:50:52.950225152Z [2026-09-25 22:50:52,950] INFO [LogLoader partition=__consumer_offsets-22, dir=/var/lib/kafka/data] Producer state recovery took 0ms for snapshot load and 0ms for segment recovery from offset 0 (org.apache.kafka.storage.internals.log.UnifiedLog)
kafka-2-1  | 2026-09-25T22:50:52.950752596Z [2026-09-25 22:50:52,950] INFO Completed load of Log(dir=/var/lib/kafka/data/__consumer_offsets-35, topicId=z0JJoNscSBKv29UaLoZ9NQ, topic=__consumer_offsets, partition=35, highWatermark=0, lastStableOffset=0, logStartOffset=0, logEndOffset=0) with 1 segments, local-log-start-offset 0 and log-end-offset 0 in 3ms (41/56 completed in /var/lib/kafka/data) (kafka.log.LogManager)
kafka-2-1  | 2026-09-25T22:50:52.950969202Z [2026-09-25 22:50:52,950] INFO [LogLoader partition=__consumer_offsets-22, dir=/var/lib/kafka/data] Loading producer state till offset 0 (org.apache.kafka.storage.internals.log.UnifiedLog)
kafka-2-1  | 2026-09-25T22:50:52.950985094Z [2026-09-25 22:50:52,950] INFO [LogLoader partition=__consumer_offsets-22, dir=/var/lib/kafka/data] Reloading from producer snapshot and rebuilding producer state from offset 0 (org.apache.kafka.storage.internals.log.UnifiedLog)
kafka-2-1  | 2026-09-25T22:50:52.950989867Z [2026-09-25 22:50:52,950] INFO [LogLoader partition=__consumer_offsets-22, dir=/var/lib/kafka/data] Producer state recovery took 0ms for snapshot load and 0ms for segment recovery from offset 0 (org.apache.kafka.storage.internals.log.UnifiedLog)
kafka-2-1  | 2026-09-25T22:50:52.951965708Z [2026-09-25 22:50:52,951] INFO Completed load of Log(dir=/var/lib/kafka/data/__consumer_offsets-22, topicId=z0JJoNscSBKv29UaLoZ9NQ, topic=__consumer_offsets, partition=22, highWatermark=0, lastStableOffset=0, logStartOffset=0, logEndOffset=0) with 1 segments, local-log-start-offset 0 and log-end-offset 0 in 3ms (42/56 completed in /var/lib/kafka/data) (kafka.log.LogManager)
kafka-2-1  | 2026-09-25T22:50:52.952189471Z [2026-09-25 22:50:52,951] INFO [LogLoader partition=__consumer_offsets-27, dir=/var/lib/kafka/data] Recovering unflushed segment 0. 0 recovered for __consumer_offsets-27. (org.apache.kafka.storage.internals.log.LogLoader)
kafka-2-1  | 2026-09-25T22:50:52.952442606Z [2026-09-25 22:50:52,952] INFO [LogLoader partition=__consumer_offsets-27, dir=/var/lib/kafka/data] Loading producer state till offset 0 (org.apache.kafka.storage.internals.log.UnifiedLog)
kafka-2-1  | 2026-09-25T22:50:52.952456811Z [2026-09-25 22:50:52,952] INFO [LogLoader partition=__consumer_offsets-27, dir=/var/lib/kafka/data] Reloading from producer snapshot and rebuilding producer state from offset 0 (org.apache.kafka.storage.internals.log.UnifiedLog)
kafka-2-1  | 2026-09-25T22:50:52.952550258Z [2026-09-25 22:50:52,952] INFO [LogLoader partition=__consumer_offsets-27, dir=/var/lib/kafka/data] Producer state recovery took 0ms for snapshot load and 0ms for segment recovery from offset 0 (org.apache.kafka.storage.internals.log.UnifiedLog)
kafka-2-1  | 2026-09-25T22:50:52.952906850Z [2026-09-25 22:50:52,952] INFO [LogLoader partition=__consumer_offsets-13, dir=/var/lib/kafka/data] Recovering unflushed segment 0. 0 recovered for __consumer_offsets-13. (org.apache.kafka.storage.internals.log.LogLoader)
kafka-2-1  | 2026-09-25T22:50:52.953131982Z [2026-09-25 22:50:52,952] INFO [LogLoader partition=__consumer_offsets-13, dir=/var/lib/kafka/data] Loading producer state till offset 0 (org.apache.kafka.storage.internals.log.UnifiedLog)
kafka-2-1  | 2026-09-25T22:50:52.953144433Z [2026-09-25 22:50:52,952] INFO [LogLoader partition=__consumer_offsets-13, dir=/var/lib/kafka/data] Reloading from producer snapshot and rebuilding producer state from offset 0 (org.apache.kafka.storage.internals.log.UnifiedLog)
kafka-2-1  | 2026-09-25T22:50:52.953147254Z [2026-09-25 22:50:52,953] INFO [LogLoader partition=__consumer_offsets-13, dir=/var/lib/kafka/data] Producer state recovery took 0ms for snapshot load and 0ms for segment recovery from offset 0 (org.apache.kafka.storage.internals.log.UnifiedLog)
kafka-2-1  | 2026-09-25T22:50:52.953149431Z [2026-09-25 22:50:52,953] INFO [LogLoader partition=__consumer_offsets-27, dir=/var/lib/kafka/data] Loading producer state till offset 0 (org.apache.kafka.storage.internals.log.UnifiedLog)
kafka-2-1  | 2026-09-25T22:50:52.953151467Z [2026-09-25 22:50:52,953] INFO [LogLoader partition=__consumer_offsets-27, dir=/var/lib/kafka/data] Reloading from producer snapshot and rebuilding producer state from offset 0 (org.apache.kafka.storage.internals.log.UnifiedLog)
kafka-2-1  | 2026-09-25T22:50:52.953306676Z [2026-09-25 22:50:52,953] INFO [LogLoader partition=__consumer_offsets-27, dir=/var/lib/kafka/data] Producer state recovery took 0ms for snapshot load and 0ms for segment recovery from offset 0 (org.apache.kafka.storage.internals.log.UnifiedLog)
kafka-2-1  | 2026-09-25T22:50:52.954264527Z [2026-09-25 22:50:52,954] INFO Completed load of Log(dir=/var/lib/kafka/data/__consumer_offsets-27, topicId=z0JJoNscSBKv29UaLoZ9NQ, topic=__consumer_offsets, partition=27, highWatermark=0, lastStableOffset=0, logStartOffset=0, logEndOffset=0) with 1 segments, local-log-start-offset 0 and log-end-offset 0 in 3ms (43/56 completed in /var/lib/kafka/data) (kafka.log.LogManager)
kafka-2-1  | 2026-09-25T22:50:52.955783039Z [2026-09-25 22:50:52,955] INFO [LogLoader partition=__consumer_offsets-13, dir=/var/lib/kafka/data] Loading producer state till offset 0 (org.apache.kafka.storage.internals.log.UnifiedLog)
kafka-2-1  | 2026-09-25T22:50:52.955956453Z [2026-09-25 22:50:52,955] INFO [LogLoader partition=__consumer_offsets-13, dir=/var/lib/kafka/data] Reloading from producer snapshot and rebuilding producer state from offset 0 (org.apache.kafka.storage.internals.log.UnifiedLog)
kafka-2-1  | 2026-09-25T22:50:52.956144130Z [2026-09-25 22:50:52,955] INFO [LogLoader partition=__consumer_offsets-13, dir=/var/lib/kafka/data] Producer state recovery took 0ms for snapshot load and 0ms for segment recovery from offset 0 (org.apache.kafka.storage.internals.log.UnifiedLog)
kafka-2-1  | 2026-09-25T22:50:52.956367909Z [2026-09-25 22:50:52,956] INFO [LogLoader partition=__consumer_offsets-31, dir=/var/lib/kafka/data] Recovering unflushed segment 0. 0 recovered for __consumer_offsets-31. (org.apache.kafka.storage.internals.log.LogLoader)
kafka-2-1  | 2026-09-25T22:50:52.956699384Z [2026-09-25 22:50:52,956] INFO [LogLoader partition=__consumer_offsets-31, dir=/var/lib/kafka/data] Loading producer state till offset 0 (org.apache.kafka.storage.internals.log.UnifiedLog)
kafka-2-1  | 2026-09-25T22:50:52.956714299Z [2026-09-25 22:50:52,956] INFO [LogLoader partition=__consumer_offsets-31, dir=/var/lib/kafka/data] Reloading from producer snapshot and rebuilding producer state from offset 0 (org.apache.kafka.storage.internals.log.UnifiedLog)
kafka-2-1  | 2026-09-25T22:50:52.956718207Z [2026-09-25 22:50:52,956] INFO [LogLoader partition=__consumer_offsets-31, dir=/var/lib/kafka/data] Producer state recovery took 0ms for snapshot load and 0ms for segment recovery from offset 0 (org.apache.kafka.storage.internals.log.UnifiedLog)
kafka-2-1  | 2026-09-25T22:50:52.957717328Z [2026-09-25 22:50:52,957] INFO Completed load of Log(dir=/var/lib/kafka/data/__consumer_offsets-13, topicId=z0JJoNscSBKv29UaLoZ9NQ, topic=__consumer_offsets, partition=13, highWatermark=0, lastStableOffset=0, logStartOffset=0, logEndOffset=0) with 1 segments, local-log-start-offset 0 and log-end-offset 0 in 5ms (44/56 completed in /var/lib/kafka/data) (kafka.log.LogManager)
kafka-2-1  | 2026-09-25T22:50:52.957985469Z [2026-09-25 22:50:52,957] INFO [LogLoader partition=__consumer_offsets-31, dir=/var/lib/kafka/data] Loading producer state till offset 0 (org.apache.kafka.storage.internals.log.UnifiedLog)
kafka-2-1  | 2026-09-25T22:50:52.958002632Z [2026-09-25 22:50:52,957] INFO [LogLoader partition=__consumer_offsets-31, dir=/var/lib/kafka/data] Reloading from producer snapshot and rebuilding producer state from offset 0 (org.apache.kafka.storage.internals.log.UnifiedLog)
kafka-2-1  | 2026-09-25T22:50:52.958236296Z [2026-09-25 22:50:52,957] INFO [LogLoader partition=__consumer_offsets-31, dir=/var/lib/kafka/data] Producer state recovery took 0ms for snapshot load and 0ms for segment recovery from offset 0 (org.apache.kafka.storage.internals.log.UnifiedLog)
kafka-2-1  | 2026-09-25T22:50:52.958843696Z [2026-09-25 22:50:52,958] INFO [LogLoader partition=__consumer_offsets-48, dir=/var/lib/kafka/data] Recovering unflushed segment 0. 0 recovered for __consumer_offsets-48. (org.apache.kafka.storage.internals.log.LogLoader)
kafka-2-1  | 2026-09-25T22:50:52.959085023Z [2026-09-25 22:50:52,958] INFO [LogLoader partition=__consumer_offsets-48, dir=/var/lib/kafka/data] Loading producer state till offset 0 (org.apache.kafka.storage.internals.log.UnifiedLog)
kafka-2-1  | 2026-09-25T22:50:52.959598804Z [2026-09-25 22:50:52,959] INFO Completed load of Log(dir=/var/lib/kafka/data/__consumer_offsets-31, topicId=z0JJoNscSBKv29UaLoZ9NQ, topic=__consumer_offsets, partition=31, highWatermark=0, lastStableOffset=0, logStartOffset=0, logEndOffset=0) with 1 segments, local-log-start-offset 0 and log-end-offset 0 in 4ms (45/56 completed in /var/lib/kafka/data) (kafka.log.LogManager)
kafka-2-1  | 2026-09-25T22:50:52.960064962Z [2026-09-25 22:50:52,959] INFO [LogLoader partition=__consumer_offsets-48, dir=/var/lib/kafka/data] Reloading from producer snapshot and rebuilding producer state from offset 0 (org.apache.kafka.storage.internals.log.UnifiedLog)
kafka-2-1  | 2026-09-25T22:50:52.960212112Z [2026-09-25 22:50:52,960] INFO [LogLoader partition=__consumer_offsets-48, dir=/var/lib/kafka/data] Producer state recovery took 0ms for snapshot load and 0ms for segment recovery from offset 0 (org.apache.kafka.storage.internals.log.UnifiedLog)
kafka-2-1  | 2026-09-25T22:50:52.960940072Z [2026-09-25 22:50:52,960] INFO [LogLoader partition=__consumer_offsets-48, dir=/var/lib/kafka/data] Loading producer state till offset 0 (org.apache.kafka.storage.internals.log.UnifiedLog)
kafka-2-1  | 2026-09-25T22:50:52.960958360Z [2026-09-25 22:50:52,960] INFO [LogLoader partition=__consumer_offsets-48, dir=/var/lib/kafka/data] Reloading from producer snapshot and rebuilding producer state from offset 0 (org.apache.kafka.storage.internals.log.UnifiedLog)
kafka-2-1  | 2026-09-25T22:50:52.960962409Z [2026-09-25 22:50:52,960] INFO [LogLoader partition=__consumer_offsets-48, dir=/var/lib/kafka/data] Producer state recovery took 0ms for snapshot load and 0ms for segment recovery from offset 0 (org.apache.kafka.storage.internals.log.UnifiedLog)
kafka-2-1  | 2026-09-25T22:50:52.961976118Z [2026-09-25 22:50:52,961] INFO Completed load of Log(dir=/var/lib/kafka/data/__consumer_offsets-48, topicId=z0JJoNscSBKv29UaLoZ9NQ, topic=__consumer_offsets, partition=48, highWatermark=0, lastStableOffset=0, logStartOffset=0, logEndOffset=0) with 1 segments, local-log-start-offset 0 and log-end-offset 0 in 4ms (46/56 completed in /var/lib/kafka/data) (kafka.log.LogManager)
kafka-2-1  | 2026-09-25T22:50:52.962162472Z [2026-09-25 22:50:52,962] INFO [LogLoader partition=dados-sensores-3, dir=/var/lib/kafka/data] Recovering unflushed segment 0. 0 recovered for dados-sensores-3. (org.apache.kafka.storage.internals.log.LogLoader)
kafka-2-1  | 2026-09-25T22:50:52.962850046Z [2026-09-25 22:50:52,962] INFO [LogLoader partition=dados-sensores-3, dir=/var/lib/kafka/data] Loading producer state till offset 0 (org.apache.kafka.storage.internals.log.UnifiedLog)
kafka-2-1  | 2026-09-25T22:50:52.962870223Z [2026-09-25 22:50:52,962] INFO [LogLoader partition=dados-sensores-3, dir=/var/lib/kafka/data] Reloading from producer snapshot and rebuilding producer state from offset 0 (org.apache.kafka.storage.internals.log.UnifiedLog)
kafka-2-1  | 2026-09-25T22:50:52.962889685Z [2026-09-25 22:50:52,962] INFO [LogLoader partition=dados-sensores-3, dir=/var/lib/kafka/data] Producer state recovery took 0ms for snapshot load and 0ms for segment recovery from offset 0 (org.apache.kafka.storage.internals.log.UnifiedLog)
kafka-2-1  | 2026-09-25T22:50:52.963571719Z [2026-09-25 22:50:52,963] INFO [LogLoader partition=__consumer_offsets-45, dir=/var/lib/kafka/data] Recovering unflushed segment 0. 0 recovered for __consumer_offsets-45. (org.apache.kafka.storage.internals.log.LogLoader)
kafka-2-1  | 2026-09-25T22:50:52.963755523Z [2026-09-25 22:50:52,963] INFO [LogLoader partition=__consumer_offsets-45, dir=/var/lib/kafka/data] Loading producer state till offset 0 (org.apache.kafka.storage.internals.log.UnifiedLog)
kafka-2-1  | 2026-09-25T22:50:52.963766485Z [2026-09-25 22:50:52,963] INFO [LogLoader partition=__consumer_offsets-45, dir=/var/lib/kafka/data] Reloading from producer snapshot and rebuilding producer state from offset 0 (org.apache.kafka.storage.internals.log.UnifiedLog)
kafka-2-1  | 2026-09-25T22:50:52.963867738Z [2026-09-25 22:50:52,963] INFO [LogLoader partition=__consumer_offsets-45, dir=/var/lib/kafka/data] Producer state recovery took 0ms for snapshot load and 0ms for segment recovery from offset 0 (org.apache.kafka.storage.internals.log.UnifiedLog)
kafka-2-1  | 2026-09-25T22:50:52.964905965Z [2026-09-25 22:50:52,964] INFO [LogLoader partition=__consumer_offsets-45, dir=/var/lib/kafka/data] Loading producer state till offset 0 (org.apache.kafka.storage.internals.log.UnifiedLog)
kafka-2-1  | 2026-09-25T22:50:52.964934969Z [2026-09-25 22:50:52,964] INFO [LogLoader partition=__consumer_offsets-45, dir=/var/lib/kafka/data] Reloading from producer snapshot and rebuilding producer state from offset 0 (org.apache.kafka.storage.internals.log.UnifiedLog)
kafka-2-1  | 2026-09-25T22:50:52.964946210Z [2026-09-25 22:50:52,964] INFO [LogLoader partition=__consumer_offsets-45, dir=/var/lib/kafka/data] Producer state recovery took 0ms for snapshot load and 0ms for segment recovery from offset 0 (org.apache.kafka.storage.internals.log.UnifiedLog)
kafka-2-1  | 2026-09-25T22:50:52.966626529Z [2026-09-25 22:50:52,966] INFO Completed load of Log(dir=/var/lib/kafka/data/__consumer_offsets-45, topicId=z0JJoNscSBKv29UaLoZ9NQ, topic=__consumer_offsets, partition=45, highWatermark=0, lastStableOffset=0, logStartOffset=0, logEndOffset=0) with 1 segments, local-log-start-offset 0 and log-end-offset 0 in 4ms (47/56 completed in /var/lib/kafka/data) (kafka.log.LogManager)
kafka-2-1  | 2026-09-25T22:50:52.967932188Z [2026-09-25 22:50:52,967] INFO [LogLoader partition=__consumer_offsets-24, dir=/var/lib/kafka/data] Recovering unflushed segment 0. 0 recovered for __consumer_offsets-24. (org.apache.kafka.storage.internals.log.LogLoader)
kafka-2-1  | 2026-09-25T22:50:52.968194697Z [2026-09-25 22:50:52,967] INFO [LogLoader partition=__consumer_offsets-24, dir=/var/lib/kafka/data] Loading producer state till offset 0 (org.apache.kafka.storage.internals.log.UnifiedLog)
kafka-2-1  | 2026-09-25T22:50:52.969123205Z [2026-09-25 22:50:52,968] INFO [LogLoader partition=__consumer_offsets-24, dir=/var/lib/kafka/data] Reloading from producer snapshot and rebuilding producer state from offset 0 (org.apache.kafka.storage.internals.log.UnifiedLog)
kafka-2-1  | 2026-09-25T22:50:52.969153434Z [2026-09-25 22:50:52,968] INFO [LogLoader partition=__consumer_offsets-24, dir=/var/lib/kafka/data] Producer state recovery took 0ms for snapshot load and 0ms for segment recovery from offset 0 (org.apache.kafka.storage.internals.log.UnifiedLog)
kafka-2-1  | 2026-09-25T22:50:52.970588379Z [2026-09-25 22:50:52,970] INFO [LogLoader partition=__consumer_offsets-24, dir=/var/lib/kafka/data] Loading producer state till offset 0 (org.apache.kafka.storage.internals.log.UnifiedLog)
kafka-2-1  | 2026-09-25T22:50:52.970614589Z [2026-09-25 22:50:52,970] INFO [LogLoader partition=__consumer_offsets-24, dir=/var/lib/kafka/data] Reloading from producer snapshot and rebuilding producer state from offset 0 (org.apache.kafka.storage.internals.log.UnifiedLog)
kafka-2-1  | 2026-09-25T22:50:52.970721391Z [2026-09-25 22:50:52,970] INFO [LogLoader partition=__consumer_offsets-24, dir=/var/lib/kafka/data] Producer state recovery took 0ms for snapshot load and 0ms for segment recovery from offset 0 (org.apache.kafka.storage.internals.log.UnifiedLog)
kafka-2-1  | 2026-09-25T22:50:52.971063436Z [2026-09-25 22:50:52,970] INFO [ProducerStateManager partition=dados-sensores-3] Wrote producer snapshot at offset 288 with 2 producer ids in 4 ms. (org.apache.kafka.storage.internals.log.ProducerStateManager)
kafka-2-1  | 2026-09-25T22:50:52.972172083Z [2026-09-25 22:50:52,971] INFO [LogLoader partition=dados-sensores-3, dir=/var/lib/kafka/data] Loading producer state till offset 288 (org.apache.kafka.storage.internals.log.UnifiedLog)
kafka-2-1  | 2026-09-25T22:50:52.972213339Z [2026-09-25 22:50:52,971] INFO Completed load of Log(dir=/var/lib/kafka/data/__consumer_offsets-24, topicId=z0JJoNscSBKv29UaLoZ9NQ, topic=__consumer_offsets, partition=24, highWatermark=0, lastStableOffset=0, logStartOffset=0, logEndOffset=0) with 1 segments, local-log-start-offset 0 and log-end-offset 0 in 6ms (48/56 completed in /var/lib/kafka/data) (kafka.log.LogManager)
kafka-2-1  | 2026-09-25T22:50:52.972218965Z [2026-09-25 22:50:52,972] INFO [LogLoader partition=dados-sensores-3, dir=/var/lib/kafka/data] Reloading from producer snapshot and rebuilding producer state from offset 288 (org.apache.kafka.storage.internals.log.UnifiedLog)
kafka-2-1  | 2026-09-25T22:50:52.972372971Z [2026-09-25 22:50:52,972] INFO [ProducerStateManager partition=dados-sensores-3] Loading producer state from snapshot file 'SnapshotFile(offset=288, file=/var/lib/kafka/data/dados-sensores-3/00000000000000000288.snapshot)' (org.apache.kafka.storage.internals.log.ProducerStateManager)
kafka-2-1  | 2026-09-25T22:50:52.972744578Z [2026-09-25 22:50:52,972] INFO [LogLoader partition=dados-sensores-3, dir=/var/lib/kafka/data] Producer state recovery took 0ms for snapshot load and 0ms for segment recovery from offset 288 (org.apache.kafka.storage.internals.log.UnifiedLog)
kafka-2-1  | 2026-09-25T22:50:52.973687330Z [2026-09-25 22:50:52,973] INFO [LogLoader partition=__consumer_offsets-17, dir=/var/lib/kafka/data] Recovering unflushed segment 0. 0 recovered for __consumer_offsets-17. (org.apache.kafka.storage.internals.log.LogLoader)
kafka-2-1  | 2026-09-25T22:50:52.974210464Z [2026-09-25 22:50:52,973] INFO [LogLoader partition=__consumer_offsets-17, dir=/var/lib/kafka/data] Loading producer state till offset 0 (org.apache.kafka.storage.internals.log.UnifiedLog)
kafka-2-1  | 2026-09-25T22:50:52.974233459Z [2026-09-25 22:50:52,974] INFO [LogLoader partition=__consumer_offsets-17, dir=/var/lib/kafka/data] Reloading from producer snapshot and rebuilding producer state from offset 0 (org.apache.kafka.storage.internals.log.UnifiedLog)
kafka-2-1  | 2026-09-25T22:50:52.974237955Z [2026-09-25 22:50:52,974] INFO [LogLoader partition=__consumer_offsets-17, dir=/var/lib/kafka/data] Producer state recovery took 0ms for snapshot load and 0ms for segment recovery from offset 0 (org.apache.kafka.storage.internals.log.UnifiedLog)
kafka-2-1  | 2026-09-25T22:50:52.975017591Z [2026-09-25 22:50:52,974] INFO [LogLoader partition=__consumer_offsets-17, dir=/var/lib/kafka/data] Loading producer state till offset 0 (org.apache.kafka.storage.internals.log.UnifiedLog)
kafka-2-1  | 2026-09-25T22:50:52.975035407Z [2026-09-25 22:50:52,974] INFO [LogLoader partition=__consumer_offsets-17, dir=/var/lib/kafka/data] Reloading from producer snapshot and rebuilding producer state from offset 0 (org.apache.kafka.storage.internals.log.UnifiedLog)
kafka-2-1  | 2026-09-25T22:50:52.975038294Z [2026-09-25 22:50:52,974] INFO Completed load of Log(dir=/var/lib/kafka/data/dados-sensores-3, topicId=bpNag2Q4SrSHzixJwrCS8Q, topic=dados-sensores, partition=3, highWatermark=0, lastStableOffset=0, logStartOffset=0, logEndOffset=288) with 1 segments, local-log-start-offset 0 and log-end-offset 288 in 15ms (49/56 completed in /var/lib/kafka/data) (kafka.log.LogManager)
kafka-2-1  | 2026-09-25T22:50:52.975040725Z [2026-09-25 22:50:52,974] INFO [LogLoader partition=__consumer_offsets-17, dir=/var/lib/kafka/data] Producer state recovery took 0ms for snapshot load and 0ms for segment recovery from offset 0 (org.apache.kafka.storage.internals.log.UnifiedLog)
kafka-2-1  | 2026-09-25T22:50:52.976159828Z [2026-09-25 22:50:52,975] INFO Completed load of Log(dir=/var/lib/kafka/data/__consumer_offsets-17, topicId=z0JJoNscSBKv29UaLoZ9NQ, topic=__consumer_offsets, partition=17, highWatermark=0, lastStableOffset=0, logStartOffset=0, logEndOffset=0) with 1 segments, local-log-start-offset 0 and log-end-offset 0 in 4ms (50/56 completed in /var/lib/kafka/data) (kafka.log.LogManager)
kafka-2-1  | 2026-09-25T22:50:52.976858996Z [2026-09-25 22:50:52,976] INFO [LogLoader partition=__consumer_offsets-10, dir=/var/lib/kafka/data] Recovering unflushed segment 0. 0 recovered for __consumer_offsets-10. (org.apache.kafka.storage.internals.log.LogLoader)
kafka-2-1  | 2026-09-25T22:50:52.977063493Z [2026-09-25 22:50:52,976] INFO [LogLoader partition=__consumer_offsets-10, dir=/var/lib/kafka/data] Loading producer state till offset 0 (org.apache.kafka.storage.internals.log.UnifiedLog)
kafka-2-1  | 2026-09-25T22:50:52.977079163Z [2026-09-25 22:50:52,976] INFO [LogLoader partition=__consumer_offsets-10, dir=/var/lib/kafka/data] Reloading from producer snapshot and rebuilding producer state from offset 0 (org.apache.kafka.storage.internals.log.UnifiedLog)
kafka-2-1  | 2026-09-25T22:50:52.977081910Z [2026-09-25 22:50:52,977] INFO [LogLoader partition=__consumer_offsets-10, dir=/var/lib/kafka/data] Producer state recovery took 0ms for snapshot load and 0ms for segment recovery from offset 0 (org.apache.kafka.storage.internals.log.UnifiedLog)
kafka-2-1  | 2026-09-25T22:50:52.977891056Z [2026-09-25 22:50:52,977] INFO [LogLoader partition=__consumer_offsets-10, dir=/var/lib/kafka/data] Loading producer state till offset 0 (org.apache.kafka.storage.internals.log.UnifiedLog)
kafka-2-1  | 2026-09-25T22:50:52.977909305Z [2026-09-25 22:50:52,977] INFO [LogLoader partition=__consumer_offsets-10, dir=/var/lib/kafka/data] Reloading from producer snapshot and rebuilding producer state from offset 0 (org.apache.kafka.storage.internals.log.UnifiedLog)
kafka-2-1  | 2026-09-25T22:50:52.977913112Z [2026-09-25 22:50:52,977] INFO [LogLoader partition=__consumer_offsets-10, dir=/var/lib/kafka/data] Producer state recovery took 0ms for snapshot load and 0ms for segment recovery from offset 0 (org.apache.kafka.storage.internals.log.UnifiedLog)
kafka-2-1  | 2026-09-25T22:50:52.978531807Z [2026-09-25 22:50:52,978] INFO [LogLoader partition=__consumer_offsets-6, dir=/var/lib/kafka/data] Recovering unflushed segment 0. 0 recovered for __consumer_offsets-6. (org.apache.kafka.storage.internals.log.LogLoader)
kafka-2-1  | 2026-09-25T22:50:52.978759675Z [2026-09-25 22:50:52,978] INFO Completed load of Log(dir=/var/lib/kafka/data/__consumer_offsets-10, topicId=z0JJoNscSBKv29UaLoZ9NQ, topic=__consumer_offsets, partition=10, highWatermark=0, lastStableOffset=0, logStartOffset=0, logEndOffset=0) with 1 segments, local-log-start-offset 0 and log-end-offset 0 in 4ms (51/56 completed in /var/lib/kafka/data) (kafka.log.LogManager)
kafka-2-1  | 2026-09-25T22:50:52.978996801Z [2026-09-25 22:50:52,978] INFO [LogLoader partition=__consumer_offsets-6, dir=/var/lib/kafka/data] Loading producer state till offset 0 (org.apache.kafka.storage.internals.log.UnifiedLog)
kafka-2-1  | 2026-09-25T22:50:52.979114077Z [2026-09-25 22:50:52,978] INFO [LogLoader partition=__consumer_offsets-6, dir=/var/lib/kafka/data] Reloading from producer snapshot and rebuilding producer state from offset 0 (org.apache.kafka.storage.internals.log.UnifiedLog)
kafka-2-1  | 2026-09-25T22:50:52.979166239Z [2026-09-25 22:50:52,979] INFO [LogLoader partition=__consumer_offsets-6, dir=/var/lib/kafka/data] Producer state recovery took 0ms for snapshot load and 0ms for segment recovery from offset 0 (org.apache.kafka.storage.internals.log.UnifiedLog)
kafka-2-1  | 2026-09-25T22:50:52.980026638Z [2026-09-25 22:50:52,979] INFO [LogLoader partition=__consumer_offsets-36, dir=/var/lib/kafka/data] Recovering unflushed segment 0. 0 recovered for __consumer_offsets-36. (org.apache.kafka.storage.internals.log.LogLoader)
kafka-2-1  | 2026-09-25T22:50:52.980294282Z [2026-09-25 22:50:52,980] INFO [LogLoader partition=__consumer_offsets-36, dir=/var/lib/kafka/data] Loading producer state till offset 0 (org.apache.kafka.storage.internals.log.UnifiedLog)
kafka-2-1  | 2026-09-25T22:50:52.980318349Z [2026-09-25 22:50:52,980] INFO [LogLoader partition=__consumer_offsets-6, dir=/var/lib/kafka/data] Loading producer state till offset 0 (org.apache.kafka.storage.internals.log.UnifiedLog)
kafka-2-1  | 2026-09-25T22:50:52.980320438Z [2026-09-25 22:50:52,980] INFO [LogLoader partition=__consumer_offsets-36, dir=/var/lib/kafka/data] Reloading from producer snapshot and rebuilding producer state from offset 0 (org.apache.kafka.storage.internals.log.UnifiedLog)
kafka-2-1  | 2026-09-25T22:50:52.980465024Z [2026-09-25 22:50:52,980] INFO [LogLoader partition=__consumer_offsets-6, dir=/var/lib/kafka/data] Reloading from producer snapshot and rebuilding producer state from offset 0 (org.apache.kafka.storage.internals.log.UnifiedLog)
kafka-2-1  | 2026-09-25T22:50:52.980470523Z [2026-09-25 22:50:52,980] INFO [LogLoader partition=__consumer_offsets-36, dir=/var/lib/kafka/data] Producer state recovery took 0ms for snapshot load and 0ms for segment recovery from offset 0 (org.apache.kafka.storage.internals.log.UnifiedLog)
kafka-2-1  | 2026-09-25T22:50:52.980528736Z [2026-09-25 22:50:52,980] INFO [LogLoader partition=__consumer_offsets-6, dir=/var/lib/kafka/data] Producer state recovery took 0ms for snapshot load and 0ms for segment recovery from offset 0 (org.apache.kafka.storage.internals.log.UnifiedLog)
kafka-2-1  | 2026-09-25T22:50:52.982782191Z [2026-09-25 22:50:52,982] INFO Completed load of Log(dir=/var/lib/kafka/data/__consumer_offsets-6, topicId=z0JJoNscSBKv29UaLoZ9NQ, topic=__consumer_offsets, partition=6, highWatermark=0, lastStableOffset=0, logStartOffset=0, logEndOffset=0) with 1 segments, local-log-start-offset 0 and log-end-offset 0 in 5ms (52/56 completed in /var/lib/kafka/data) (kafka.log.LogManager)
kafka-2-1  | 2026-09-25T22:50:52.984258879Z [2026-09-25 22:50:52,983] INFO [LogLoader partition=__consumer_offsets-36, dir=/var/lib/kafka/data] Loading producer state till offset 0 (org.apache.kafka.storage.internals.log.UnifiedLog)
kafka-2-1  | 2026-09-25T22:50:52.986094362Z [2026-09-25 22:50:52,985] INFO [LogLoader partition=__consumer_offsets-36, dir=/var/lib/kafka/data] Reloading from producer snapshot and rebuilding producer state from offset 0 (org.apache.kafka.storage.internals.log.UnifiedLog)
kafka-2-1  | 2026-09-25T22:50:52.986122992Z [2026-09-25 22:50:52,985] INFO [LogLoader partition=__consumer_offsets-36, dir=/var/lib/kafka/data] Producer state recovery took 0ms for snapshot load and 0ms for segment recovery from offset 0 (org.apache.kafka.storage.internals.log.UnifiedLog)
kafka-2-1  | 2026-09-25T22:50:52.987737928Z [2026-09-25 22:50:52,987] INFO [LogLoader partition=__consumer_offsets-29, dir=/var/lib/kafka/data] Recovering unflushed segment 0. 0 recovered for __consumer_offsets-29. (org.apache.kafka.storage.internals.log.LogLoader)
kafka-2-1  | 2026-09-25T22:50:52.987986241Z [2026-09-25 22:50:52,987] INFO Completed load of Log(dir=/var/lib/kafka/data/__consumer_offsets-36, topicId=z0JJoNscSBKv29UaLoZ9NQ, topic=__consumer_offsets, partition=36, highWatermark=0, lastStableOffset=0, logStartOffset=0, logEndOffset=0) with 1 segments, local-log-start-offset 0 and log-end-offset 0 in 9ms (53/56 completed in /var/lib/kafka/data) (kafka.log.LogManager)
kafka-2-1  | 2026-09-25T22:50:52.988366198Z [2026-09-25 22:50:52,988] INFO [LogLoader partition=__consumer_offsets-29, dir=/var/lib/kafka/data] Loading producer state till offset 0 (org.apache.kafka.storage.internals.log.UnifiedLog)
kafka-2-1  | 2026-09-25T22:50:52.989528048Z [2026-09-25 22:50:52,989] INFO [LogLoader partition=__consumer_offsets-29, dir=/var/lib/kafka/data] Reloading from producer snapshot and rebuilding producer state from offset 0 (org.apache.kafka.storage.internals.log.UnifiedLog)
kafka-2-1  | 2026-09-25T22:50:52.989915237Z [2026-09-25 22:50:52,989] INFO [LogLoader partition=__consumer_offsets-29, dir=/var/lib/kafka/data] Producer state recovery took 0ms for snapshot load and 0ms for segment recovery from offset 0 (org.apache.kafka.storage.internals.log.UnifiedLog)
kafka-2-1  | 2026-09-25T22:50:52.990692072Z [2026-09-25 22:50:52,990] INFO [LogLoader partition=__consumer_offsets-16, dir=/var/lib/kafka/data] Recovering unflushed segment 0. 0 recovered for __consumer_offsets-16. (org.apache.kafka.storage.internals.log.LogLoader)
kafka-2-1  | 2026-09-25T22:50:52.991085424Z [2026-09-25 22:50:52,990] INFO [LogLoader partition=__consumer_offsets-29, dir=/var/lib/kafka/data] Loading producer state till offset 0 (org.apache.kafka.storage.internals.log.UnifiedLog)
kafka-2-1  | 2026-09-25T22:50:52.991102628Z [2026-09-25 22:50:52,990] INFO [LogLoader partition=__consumer_offsets-16, dir=/var/lib/kafka/data] Loading producer state till offset 0 (org.apache.kafka.storage.internals.log.UnifiedLog)
kafka-2-1  | 2026-09-25T22:50:52.991317384Z [2026-09-25 22:50:52,991] INFO [LogLoader partition=__consumer_offsets-29, dir=/var/lib/kafka/data] Reloading from producer snapshot and rebuilding producer state from offset 0 (org.apache.kafka.storage.internals.log.UnifiedLog)
kafka-2-1  | 2026-09-25T22:50:52.991386051Z [2026-09-25 22:50:52,991] INFO [LogLoader partition=__consumer_offsets-16, dir=/var/lib/kafka/data] Reloading from producer snapshot and rebuilding producer state from offset 0 (org.apache.kafka.storage.internals.log.UnifiedLog)
kafka-2-1  | 2026-09-25T22:50:52.991402204Z [2026-09-25 22:50:52,991] INFO [LogLoader partition=__consumer_offsets-16, dir=/var/lib/kafka/data] Producer state recovery took 0ms for snapshot load and 0ms for segment recovery from offset 0 (org.apache.kafka.storage.internals.log.UnifiedLog)
kafka-2-1  | 2026-09-25T22:50:52.991503298Z [2026-09-25 22:50:52,991] INFO [LogLoader partition=__consumer_offsets-29, dir=/var/lib/kafka/data] Producer state recovery took 0ms for snapshot load and 0ms for segment recovery from offset 0 (org.apache.kafka.storage.internals.log.UnifiedLog)
kafka-2-1  | 2026-09-25T22:50:52.992289437Z [2026-09-25 22:50:52,991] INFO [LogLoader partition=__consumer_offsets-16, dir=/var/lib/kafka/data] Loading producer state till offset 0 (org.apache.kafka.storage.internals.log.UnifiedLog)
kafka-2-1  | 2026-09-25T22:50:52.992313584Z [2026-09-25 22:50:52,992] INFO [LogLoader partition=__consumer_offsets-16, dir=/var/lib/kafka/data] Reloading from producer snapshot and rebuilding producer state from offset 0 (org.apache.kafka.storage.internals.log.UnifiedLog)
kafka-2-1  | 2026-09-25T22:50:52.992317380Z [2026-09-25 22:50:52,992] INFO [LogLoader partition=__consumer_offsets-16, dir=/var/lib/kafka/data] Producer state recovery took 0ms for snapshot load and 0ms for segment recovery from offset 0 (org.apache.kafka.storage.internals.log.UnifiedLog)
kafka-2-1  | 2026-09-25T22:50:52.993153079Z [2026-09-25 22:50:52,992] INFO Completed load of Log(dir=/var/lib/kafka/data/__consumer_offsets-29, topicId=z0JJoNscSBKv29UaLoZ9NQ, topic=__consumer_offsets, partition=29, highWatermark=0, lastStableOffset=0, logStartOffset=0, logEndOffset=0) with 1 segments, local-log-start-offset 0 and log-end-offset 0 in 10ms (54/56 completed in /var/lib/kafka/data) (kafka.log.LogManager)
kafka-2-1  | 2026-09-25T22:50:52.993185412Z [2026-09-25 22:50:52,992] INFO Completed load of Log(dir=/var/lib/kafka/data/__consumer_offsets-16, topicId=z0JJoNscSBKv29UaLoZ9NQ, topic=__consumer_offsets, partition=16, highWatermark=0, lastStableOffset=0, logStartOffset=0, logEndOffset=0) with 1 segments, local-log-start-offset 0 and log-end-offset 0 in 5ms (55/56 completed in /var/lib/kafka/data) (kafka.log.LogManager)
kafka-2-1  | 2026-09-25T22:50:52.995000768Z [2026-09-25 22:50:52,994] INFO [LogLoader partition=dados-sensores-5, dir=/var/lib/kafka/data] Recovering unflushed segment 0. 0 recovered for dados-sensores-5. (org.apache.kafka.storage.internals.log.LogLoader)
kafka-2-1  | 2026-09-25T22:50:52.996004212Z [2026-09-25 22:50:52,995] INFO [LogLoader partition=dados-sensores-5, dir=/var/lib/kafka/data] Loading producer state till offset 0 (org.apache.kafka.storage.internals.log.UnifiedLog)
kafka-2-1  | 2026-09-25T22:50:52.996022498Z [2026-09-25 22:50:52,995] INFO [LogLoader partition=dados-sensores-5, dir=/var/lib/kafka/data] Reloading from producer snapshot and rebuilding producer state from offset 0 (org.apache.kafka.storage.internals.log.UnifiedLog)
kafka-2-1  | 2026-09-25T22:50:52.996026575Z [2026-09-25 22:50:52,995] INFO [LogLoader partition=dados-sensores-5, dir=/var/lib/kafka/data] Producer state recovery took 0ms for snapshot load and 0ms for segment recovery from offset 0 (org.apache.kafka.storage.internals.log.UnifiedLog)
kafka-2-1  | 2026-09-25T22:50:53.001307179Z [2026-09-25 22:50:53,001] INFO [ProducerStateManager partition=dados-sensores-5] Wrote producer snapshot at offset 216 with 1 producer ids in 3 ms. (org.apache.kafka.storage.internals.log.ProducerStateManager)
kafka-2-1  | 2026-09-25T22:50:53.002079535Z [2026-09-25 22:50:53,001] INFO [LogLoader partition=dados-sensores-5, dir=/var/lib/kafka/data] Loading producer state till offset 216 (org.apache.kafka.storage.internals.log.UnifiedLog)
kafka-2-1  | 2026-09-25T22:50:53.002096934Z [2026-09-25 22:50:53,001] INFO [LogLoader partition=dados-sensores-5, dir=/var/lib/kafka/data] Reloading from producer snapshot and rebuilding producer state from offset 216 (org.apache.kafka.storage.internals.log.UnifiedLog)
kafka-2-1  | 2026-09-25T22:50:53.002101312Z [2026-09-25 22:50:53,001] INFO [ProducerStateManager partition=dados-sensores-5] Loading producer state from snapshot file 'SnapshotFile(offset=216, file=/var/lib/kafka/data/dados-sensores-5/00000000000000000216.snapshot)' (org.apache.kafka.storage.internals.log.ProducerStateManager)
kafka-2-1  | 2026-09-25T22:50:53.002301377Z [2026-09-25 22:50:53,002] INFO [LogLoader partition=dados-sensores-5, dir=/var/lib/kafka/data] Producer state recovery took 1ms for snapshot load and 0ms for segment recovery from offset 216 (org.apache.kafka.storage.internals.log.UnifiedLog)
kafka-2-1  | 2026-09-25T22:50:53.007525494Z [2026-09-25 22:50:53,007] INFO Completed load of Log(dir=/var/lib/kafka/data/dados-sensores-5, topicId=bpNag2Q4SrSHzixJwrCS8Q, topic=dados-sensores, partition=5, highWatermark=0, lastStableOffset=0, logStartOffset=0, logEndOffset=216) with 1 segments, local-log-start-offset 0 and log-end-offset 216 in 14ms (56/56 completed in /var/lib/kafka/data) (kafka.log.LogManager)
kafka-2-1  | 2026-09-25T22:50:53.013811889Z [2026-09-25 22:50:53,013] INFO Loaded 56 logs in 222ms (unclean log dirs = ArrayBuffer(/var/lib/kafka/data)) (kafka.log.LogManager)
kafka-2-1  | 2026-09-25T22:50:53.014210157Z [2026-09-25 22:50:53,014] INFO Starting log cleanup with a period of 300000 ms. (kafka.log.LogManager)
kafka-2-1  | 2026-09-25T22:50:53.014782884Z [2026-09-25 22:50:53,014] INFO Starting log flusher with a default period of 9223372036854775807 ms. (kafka.log.LogManager)
kafka-2-1  | 2026-09-25T22:50:53.061406291Z [2026-09-25 22:50:53,061] INFO [kafka-log-cleaner-thread-0]: Starting (kafka.log.LogCleaner$CleanerThread)
kafka-2-1  | 2026-09-25T22:50:53.064151956Z [2026-09-25 22:50:53,063] INFO [LogDirFailureHandler]: Starting (kafka.server.ReplicaManager$LogDirFailureHandler)
kafka-2-1  | 2026-09-25T22:50:53.065350019Z [2026-09-25 22:50:53,065] INFO [AddPartitionsToTxnSenderThread-2]: Starting (kafka.server.AddPartitionsToTxnManager)
kafka-2-1  | 2026-09-25T22:50:53.066743120Z [2026-09-25 22:50:53,066] INFO [GroupCoordinator id=2] Starting up. (org.apache.kafka.coordinator.group.GroupCoordinatorService)
kafka-2-1  | 2026-09-25T22:50:53.068463633Z [2026-09-25 22:50:53,068] INFO [GroupCoordinator id=2] Startup complete. (org.apache.kafka.coordinator.group.GroupCoordinatorService)
kafka-2-1  | 2026-09-25T22:50:53.068994708Z [2026-09-25 22:50:53,068] INFO [TransactionCoordinator id=2] Starting up. (kafka.coordinator.transaction.TransactionCoordinator)
kafka-2-1  | 2026-09-25T22:50:53.070605547Z [2026-09-25 22:50:53,070] INFO [TxnMarkerSenderThread-2]: Starting (kafka.coordinator.transaction.TransactionMarkerChannelManager)
kafka-2-1  | 2026-09-25T22:50:53.070633983Z [2026-09-25 22:50:53,070] INFO [TransactionCoordinator id=2] Startup complete. (kafka.coordinator.transaction.TransactionCoordinator)
kafka-2-1  | 2026-09-25T22:50:53.146115632Z [2026-09-25 22:50:53,143] INFO [Partition __consumer_offsets-13 broker=2] Log loaded for partition __consumer_offsets-13 with initial high watermark 0 (kafka.cluster.Partition)
kafka-2-1  | 2026-09-25T22:50:53.151028359Z [2026-09-25 22:50:53,150] INFO [Partition __consumer_offsets-46 broker=2] Log loaded for partition __consumer_offsets-46 with initial high watermark 0 (kafka.cluster.Partition)
kafka-2-1  | 2026-09-25T22:50:53.152449302Z [2026-09-25 22:50:53,151] INFO [Partition __consumer_offsets-9 broker=2] Log loaded for partition __consumer_offsets-9 with initial high watermark 0 (kafka.cluster.Partition)
kafka-2-1  | 2026-09-25T22:50:53.153695522Z [2026-09-25 22:50:53,153] INFO [Partition __consumer_offsets-42 broker=2] Log loaded for partition __consumer_offsets-42 with initial high watermark 0 (kafka.cluster.Partition)
kafka-2-1  | 2026-09-25T22:50:53.154490770Z [2026-09-25 22:50:53,154] INFO [Partition __consumer_offsets-21 broker=2] Log loaded for partition __consumer_offsets-21 with initial high watermark 0 (kafka.cluster.Partition)
kafka-2-1  | 2026-09-25T22:50:53.155286811Z [2026-09-25 22:50:53,155] INFO [Partition __consumer_offsets-17 broker=2] Log loaded for partition __consumer_offsets-17 with initial high watermark 0 (kafka.cluster.Partition)
kafka-2-1  | 2026-09-25T22:50:53.156053486Z [2026-09-25 22:50:53,155] INFO [Partition dados-sensores-4 broker=2] Log loaded for partition dados-sensores-4 with initial high watermark 268 (kafka.cluster.Partition)
kafka-2-1  | 2026-09-25T22:50:53.157225612Z [2026-09-25 22:50:53,156] INFO [Partition __consumer_offsets-30 broker=2] Log loaded for partition __consumer_offsets-30 with initial high watermark 0 (kafka.cluster.Partition)
kafka-2-1  | 2026-09-25T22:50:53.157878954Z [2026-09-25 22:50:53,157] INFO [Partition __consumer_offsets-26 broker=2] Log loaded for partition __consumer_offsets-26 with initial high watermark 0 (kafka.cluster.Partition)
kafka-2-1  | 2026-09-25T22:50:53.158741643Z [2026-09-25 22:50:53,158] INFO [Partition __consumer_offsets-5 broker=2] Log loaded for partition __consumer_offsets-5 with initial high watermark 92 (kafka.cluster.Partition)
kafka-2-1  | 2026-09-25T22:50:53.159518747Z [2026-09-25 22:50:53,159] INFO [Partition __consumer_offsets-38 broker=2] Log loaded for partition __consumer_offsets-38 with initial high watermark 0 (kafka.cluster.Partition)
kafka-2-1  | 2026-09-25T22:50:53.160134400Z [2026-09-25 22:50:53,159] INFO [Partition dados-sensores-0 broker=2] Log loaded for partition dados-sensores-0 with initial high watermark 269 (kafka.cluster.Partition)
kafka-2-1  | 2026-09-25T22:50:53.160648473Z [2026-09-25 22:50:53,160] INFO [Partition __consumer_offsets-1 broker=2] Log loaded for partition __consumer_offsets-1 with initial high watermark 0 (kafka.cluster.Partition)
kafka-2-1  | 2026-09-25T22:50:53.161107870Z [2026-09-25 22:50:53,160] INFO [Partition __consumer_offsets-34 broker=2] Log loaded for partition __consumer_offsets-34 with initial high watermark 0 (kafka.cluster.Partition)
kafka-2-1  | 2026-09-25T22:50:53.161535680Z [2026-09-25 22:50:53,161] INFO [Partition __consumer_offsets-16 broker=2] Log loaded for partition __consumer_offsets-16 with initial high watermark 0 (kafka.cluster.Partition)
kafka-2-1  | 2026-09-25T22:50:53.161806434Z [2026-09-25 22:50:53,161] INFO [Partition __consumer_offsets-45 broker=2] Log loaded for partition __consumer_offsets-45 with initial high watermark 0 (kafka.cluster.Partition)
kafka-2-1  | 2026-09-25T22:50:53.162138271Z [2026-09-25 22:50:53,161] INFO [Partition __consumer_offsets-12 broker=2] Log loaded for partition __consumer_offsets-12 with initial high watermark 0 (kafka.cluster.Partition)
kafka-2-1  | 2026-09-25T22:50:53.162526108Z [2026-09-25 22:50:53,162] INFO [Partition __consumer_offsets-41 broker=2] Log loaded for partition __consumer_offsets-41 with initial high watermark 0 (kafka.cluster.Partition)
kafka-2-1  | 2026-09-25T22:50:53.162854497Z [2026-09-25 22:50:53,162] INFO [Partition __consumer_offsets-24 broker=2] Log loaded for partition __consumer_offsets-24 with initial high watermark 0 (kafka.cluster.Partition)
kafka-2-1  | 2026-09-25T22:50:53.163204008Z [2026-09-25 22:50:53,162] INFO [Partition __consumer_offsets-20 broker=2] Log loaded for partition __consumer_offsets-20 with initial high watermark 0 (kafka.cluster.Partition)
kafka-2-1  | 2026-09-25T22:50:53.163532700Z [2026-09-25 22:50:53,163] INFO [Partition __consumer_offsets-49 broker=2] Log loaded for partition __consumer_offsets-49 with initial high watermark 0 (kafka.cluster.Partition)
kafka-2-1  | 2026-09-25T22:50:53.164108546Z [2026-09-25 22:50:53,163] INFO [Partition dados-sensores-5 broker=2] Log loaded for partition dados-sensores-5 with initial high watermark 201 (kafka.cluster.Partition)
kafka-2-1  | 2026-09-25T22:50:53.165251189Z [2026-09-25 22:50:53,164] INFO [Partition __consumer_offsets-0 broker=2] Log loaded for partition __consumer_offsets-0 with initial high watermark 0 (kafka.cluster.Partition)
kafka-2-1  | 2026-09-25T22:50:53.166302927Z [2026-09-25 22:50:53,166] INFO [Partition __consumer_offsets-29 broker=2] Log loaded for partition __consumer_offsets-29 with initial high watermark 0 (kafka.cluster.Partition)
kafka-2-1  | 2026-09-25T22:50:53.167213084Z [2026-09-25 22:50:53,166] INFO [Partition __consumer_offsets-25 broker=2] Log loaded for partition __consumer_offsets-25 with initial high watermark 0 (kafka.cluster.Partition)
kafka-2-1  | 2026-09-25T22:50:53.167475468Z [2026-09-25 22:50:53,167] INFO [Partition __consumer_offsets-8 broker=2] Log loaded for partition __consumer_offsets-8 with initial high watermark 0 (kafka.cluster.Partition)
kafka-2-1  | 2026-09-25T22:50:53.167775870Z [2026-09-25 22:50:53,167] INFO [Partition __consumer_offsets-37 broker=2] Log loaded for partition __consumer_offsets-37 with initial high watermark 0 (kafka.cluster.Partition)
kafka-2-1  | 2026-09-25T22:50:53.168109442Z [2026-09-25 22:50:53,167] INFO [Partition dados-sensores-1 broker=2] Log loaded for partition dados-sensores-1 with initial high watermark 201 (kafka.cluster.Partition)
kafka-2-1  | 2026-09-25T22:50:53.168316037Z [2026-09-25 22:50:53,168] INFO [Partition __consumer_offsets-4 broker=2] Log loaded for partition __consumer_offsets-4 with initial high watermark 0 (kafka.cluster.Partition)
kafka-2-1  | 2026-09-25T22:50:53.168728071Z [2026-09-25 22:50:53,168] INFO [Partition __consumer_offsets-33 broker=2] Log loaded for partition __consumer_offsets-33 with initial high watermark 0 (kafka.cluster.Partition)
kafka-2-1  | 2026-09-25T22:50:53.168986608Z [2026-09-25 22:50:53,168] INFO [Partition __consumer_offsets-15 broker=2] Log loaded for partition __consumer_offsets-15 with initial high watermark 0 (kafka.cluster.Partition)
kafka-2-1  | 2026-09-25T22:50:53.169341784Z [2026-09-25 22:50:53,169] INFO [Partition __consumer_offsets-48 broker=2] Log loaded for partition __consumer_offsets-48 with initial high watermark 0 (kafka.cluster.Partition)
kafka-2-1  | 2026-09-25T22:50:53.169547307Z [2026-09-25 22:50:53,169] INFO [Partition __consumer_offsets-11 broker=2] Log loaded for partition __consumer_offsets-11 with initial high watermark 0 (kafka.cluster.Partition)
kafka-2-1  | 2026-09-25T22:50:53.169907548Z [2026-09-25 22:50:53,169] INFO [Partition __consumer_offsets-44 broker=2] Log loaded for partition __consumer_offsets-44 with initial high watermark 0 (kafka.cluster.Partition)
kafka-2-1  | 2026-09-25T22:50:53.170225955Z [2026-09-25 22:50:53,170] INFO [Partition __consumer_offsets-23 broker=2] Log loaded for partition __consumer_offsets-23 with initial high watermark 0 (kafka.cluster.Partition)
kafka-2-1  | 2026-09-25T22:50:53.170692301Z [2026-09-25 22:50:53,170] INFO [Partition __consumer_offsets-19 broker=2] Log loaded for partition __consumer_offsets-19 with initial high watermark 0 (kafka.cluster.Partition)
kafka-2-1  | 2026-09-25T22:50:53.171527758Z [2026-09-25 22:50:53,171] INFO [Partition __consumer_offsets-32 broker=2] Log loaded for partition __consumer_offsets-32 with initial high watermark 0 (kafka.cluster.Partition)
kafka-2-1  | 2026-09-25T22:50:53.172428521Z [2026-09-25 22:50:53,172] INFO [Partition __consumer_offsets-28 broker=2] Log loaded for partition __consumer_offsets-28 with initial high watermark 0 (kafka.cluster.Partition)
kafka-2-1  | 2026-09-25T22:50:53.173395757Z [2026-09-25 22:50:53,173] INFO [Partition __consumer_offsets-7 broker=2] Log loaded for partition __consumer_offsets-7 with initial high watermark 0 (kafka.cluster.Partition)
kafka-2-1  | 2026-09-25T22:50:53.173902329Z [2026-09-25 22:50:53,173] INFO [Partition __consumer_offsets-40 broker=2] Log loaded for partition __consumer_offsets-40 with initial high watermark 0 (kafka.cluster.Partition)
kafka-2-1  | 2026-09-25T22:50:53.174583937Z [2026-09-25 22:50:53,174] INFO [Partition __consumer_offsets-3 broker=2] Log loaded for partition __consumer_offsets-3 with initial high watermark 0 (kafka.cluster.Partition)
kafka-2-1  | 2026-09-25T22:50:53.174840641Z [2026-09-25 22:50:53,174] INFO [Partition __consumer_offsets-36 broker=2] Log loaded for partition __consumer_offsets-36 with initial high watermark 0 (kafka.cluster.Partition)
kafka-2-1  | 2026-09-25T22:50:53.175930261Z [2026-09-25 22:50:53,175] INFO [Partition dados-sensores-2 broker=2] Log loaded for partition dados-sensores-2 with initial high watermark 404 (kafka.cluster.Partition)
kafka-2-1  | 2026-09-25T22:50:53.177106950Z [2026-09-25 22:50:53,176] INFO [Partition __consumer_offsets-47 broker=2] Log loaded for partition __consumer_offsets-47 with initial high watermark 0 (kafka.cluster.Partition)
kafka-2-1  | 2026-09-25T22:50:53.177912574Z [2026-09-25 22:50:53,177] INFO [Partition __consumer_offsets-14 broker=2] Log loaded for partition __consumer_offsets-14 with initial high watermark 0 (kafka.cluster.Partition)
kafka-2-1  | 2026-09-25T22:50:53.178638442Z [2026-09-25 22:50:53,178] INFO [Partition __consumer_offsets-43 broker=2] Log loaded for partition __consumer_offsets-43 with initial high watermark 0 (kafka.cluster.Partition)
kafka-2-1  | 2026-09-25T22:50:53.179345539Z [2026-09-25 22:50:53,179] INFO [Partition __consumer_offsets-10 broker=2] Log loaded for partition __consumer_offsets-10 with initial high watermark 0 (kafka.cluster.Partition)
kafka-2-1  | 2026-09-25T22:50:53.180031794Z [2026-09-25 22:50:53,179] INFO [Partition __consumer_offsets-22 broker=2] Log loaded for partition __consumer_offsets-22 with initial high watermark 0 (kafka.cluster.Partition)
kafka-2-1  | 2026-09-25T22:50:53.180978045Z [2026-09-25 22:50:53,180] INFO [Partition __consumer_offsets-18 broker=2] Log loaded for partition __consumer_offsets-18 with initial high watermark 0 (kafka.cluster.Partition)
kafka-2-1  | 2026-09-25T22:50:53.181716627Z [2026-09-25 22:50:53,181] INFO [Partition __consumer_offsets-31 broker=2] Log loaded for partition __consumer_offsets-31 with initial high watermark 0 (kafka.cluster.Partition)
kafka-2-1  | 2026-09-25T22:50:53.182035263Z [2026-09-25 22:50:53,181] INFO [Partition __consumer_offsets-27 broker=2] Log loaded for partition __consumer_offsets-27 with initial high watermark 0 (kafka.cluster.Partition)
kafka-2-1  | 2026-09-25T22:50:53.182287477Z [2026-09-25 22:50:53,182] INFO [Partition __consumer_offsets-39 broker=2] Log loaded for partition __consumer_offsets-39 with initial high watermark 0 (kafka.cluster.Partition)
kafka-2-1  | 2026-09-25T22:50:53.183031890Z [2026-09-25 22:50:53,182] INFO [Partition __consumer_offsets-6 broker=2] Log loaded for partition __consumer_offsets-6 with initial high watermark 0 (kafka.cluster.Partition)
kafka-2-1  | 2026-09-25T22:50:53.183755239Z [2026-09-25 22:50:53,183] INFO [Partition __consumer_offsets-35 broker=2] Log loaded for partition __consumer_offsets-35 with initial high watermark 0 (kafka.cluster.Partition)
kafka-2-1  | 2026-09-25T22:50:53.184049175Z [2026-09-25 22:50:53,183] INFO [Partition dados-sensores-3 broker=2] Log loaded for partition dados-sensores-3 with initial high watermark 270 (kafka.cluster.Partition)
kafka-2-1  | 2026-09-25T22:50:53.184432193Z [2026-09-25 22:50:53,184] INFO [Partition __consumer_offsets-2 broker=2] Log loaded for partition __consumer_offsets-2 with initial high watermark 0 (kafka.cluster.Partition)
kafka-2-1  | 2026-09-25T22:50:53.185418644Z [2026-09-25 22:50:53,185] INFO [ReplicaFetcherManager on broker 2] Removed fetcher for partitions Set(__consumer_offsets-13, __consumer_offsets-46, __consumer_offsets-9, __consumer_offsets-42, __consumer_offsets-21, __consumer_offsets-17, dados-sensores-4, __consumer_offsets-30, __consumer_offsets-26, __consumer_offsets-5, __consumer_offsets-38, dados-sensores-0, __consumer_offsets-1, __consumer_offsets-34, __consumer_offsets-16, __consumer_offsets-45, __consumer_offsets-12, __consumer_offsets-41, __consumer_offsets-24, __consumer_offsets-20, __consumer_offsets-49, dados-sensores-5, __consumer_offsets-0, __consumer_offsets-29, __consumer_offsets-25, __consumer_offsets-8, __consumer_offsets-37, dados-sensores-1, __consumer_offsets-4, __consumer_offsets-33, __consumer_offsets-15, __consumer_offsets-48, __consumer_offsets-11, __consumer_offsets-44, __consumer_offsets-23, __consumer_offsets-19, __consumer_offsets-32, __consumer_offsets-28, __consumer_offsets-7, __consumer_offsets-40, __consumer_offsets-3, __consumer_offsets-36, dados-sensores-2, __consumer_offsets-47, __consumer_offsets-14, __consumer_offsets-43, __consumer_offsets-10, __consumer_offsets-22, __consumer_offsets-18, __consumer_offsets-31, __consumer_offsets-27, __consumer_offsets-39, __consumer_offsets-6, __consumer_offsets-35, dados-sensores-3, __consumer_offsets-2) (kafka.server.ReplicaFetcherManager)
kafka-2-1  | 2026-09-25T22:50:53.204887949Z [2026-09-25 22:50:53,204] INFO [ReplicaFetcherThread-0-3]: Starting (kafka.server.ReplicaFetcherThread)
kafka-2-1  | 2026-09-25T22:50:53.208206866Z [2026-09-25 22:50:53,207] INFO [ReplicaFetcherManager on broker 2] Added fetcher to broker 3 for partitions HashMap(__consumer_offsets-15 -> InitialFetchState(Some(z0JJoNscSBKv29UaLoZ9NQ),BrokerEndPoint(id=3, host=kafka-3:9092),0,0), __consumer_offsets-13 -> InitialFetchState(Some(z0JJoNscSBKv29UaLoZ9NQ),BrokerEndPoint(id=3, host=kafka-3:9092),1,0), __consumer_offsets-44 -> InitialFetchState(Some(z0JJoNscSBKv29UaLoZ9NQ),BrokerEndPoint(id=3, host=kafka-3:9092),1,0), __consumer_offsets-9 -> InitialFetchState(Some(z0JJoNscSBKv29UaLoZ9NQ),BrokerEndPoint(id=3, host=kafka-3:9092),1,0), __consumer_offsets-42 -> InitialFetchState(Some(z0JJoNscSBKv29UaLoZ9NQ),BrokerEndPoint(id=3, host=kafka-3:9092),0,0), __consumer_offsets-19 -> InitialFetchState(Some(z0JJoNscSBKv29UaLoZ9NQ),BrokerEndPoint(id=3, host=kafka-3:9092),0,0), __consumer_offsets-32 -> InitialFetchState(Some(z0JJoNscSBKv29UaLoZ9NQ),BrokerEndPoint(id=3, host=kafka-3:9092),0,0), __consumer_offsets-28 -> InitialFetchState(Some(z0JJoNscSBKv29UaLoZ9NQ),BrokerEndPoint(id=3, host=kafka-3:9092),0,0), __consumer_offsets-26 -> InitialFetchState(Some(z0JJoNscSBKv29UaLoZ9NQ),BrokerEndPoint(id=3, host=kafka-3:9092),0,0), __consumer_offsets-5 -> InitialFetchState(Some(z0JJoNscSBKv29UaLoZ9NQ),BrokerEndPoint(id=3, host=kafka-3:9092),0,98), __consumer_offsets-38 -> InitialFetchState(Some(z0JJoNscSBKv29UaLoZ9NQ),BrokerEndPoint(id=3, host=kafka-3:9092),0,0), dados-sensores-0 -> InitialFetchState(Some(bpNag2Q4SrSHzixJwrCS8Q),BrokerEndPoint(id=3, host=kafka-3:9092),1,288), __consumer_offsets-1 -> InitialFetchState(Some(z0JJoNscSBKv29UaLoZ9NQ),BrokerEndPoint(id=3, host=kafka-3:9092),1,0), __consumer_offsets-45 -> InitialFetchState(Some(z0JJoNscSBKv29UaLoZ9NQ),BrokerEndPoint(id=3, host=kafka-3:9092),0,0), __consumer_offsets-14 -> InitialFetchState(Some(z0JJoNscSBKv29UaLoZ9NQ),BrokerEndPoint(id=3, host=kafka-3:9092),0,0), __consumer_offsets-41 -> InitialFetchState(Some(z0JJoNscSBKv29UaLoZ9NQ),BrokerEndPoint(id=3, host=kafka-3:9092),1,0), __consumer_offsets-10 -> InitialFetchState(Some(z0JJoNscSBKv29UaLoZ9NQ),BrokerEndPoint(id=3, host=kafka-3:9092),0,0), __consumer_offsets-22 -> InitialFetchState(Some(z0JJoNscSBKv29UaLoZ9NQ),BrokerEndPoint(id=3, host=kafka-3:9092),0,0), __consumer_offsets-49 -> InitialFetchState(Some(z0JJoNscSBKv29UaLoZ9NQ),BrokerEndPoint(id=3, host=kafka-3:9092),0,0), dados-sensores-5 -> InitialFetchState(Some(bpNag2Q4SrSHzixJwrCS8Q),BrokerEndPoint(id=3, host=kafka-3:9092),1,216), __consumer_offsets-27 -> InitialFetchState(Some(z0JJoNscSBKv29UaLoZ9NQ),BrokerEndPoint(id=3, host=kafka-3:9092),1,0), __consumer_offsets-25 -> InitialFetchState(Some(z0JJoNscSBKv29UaLoZ9NQ),BrokerEndPoint(id=3, host=kafka-3:9092),1,0), __consumer_offsets-39 -> InitialFetchState(Some(z0JJoNscSBKv29UaLoZ9NQ),BrokerEndPoint(id=3, host=kafka-3:9092),0,0), __consumer_offsets-8 -> InitialFetchState(Some(z0JJoNscSBKv29UaLoZ9NQ),BrokerEndPoint(id=3, host=kafka-3:9092),1,0), __consumer_offsets-6 -> InitialFetchState(Some(z0JJoNscSBKv29UaLoZ9NQ),BrokerEndPoint(id=3, host=kafka-3:9092),0,0), dados-sensores-1 -> InitialFetchState(Some(bpNag2Q4SrSHzixJwrCS8Q),BrokerEndPoint(id=3, host=kafka-3:9092),0,216), __consumer_offsets-4 -> InitialFetchState(Some(z0JJoNscSBKv29UaLoZ9NQ),BrokerEndPoint(id=3, host=kafka-3:9092),1,0), __consumer_offsets-33 -> InitialFetchState(Some(z0JJoNscSBKv29UaLoZ9NQ),BrokerEndPoint(id=3, host=kafka-3:9092),0,0), dados-sensores-3 -> InitialFetchState(Some(bpNag2Q4SrSHzixJwrCS8Q),BrokerEndPoint(id=3, host=kafka-3:9092),0,288), __consumer_offsets-2 -> InitialFetchState(Some(z0JJoNscSBKv29UaLoZ9NQ),BrokerEndPoint(id=3, host=kafka-3:9092),0,0)) (kafka.server.ReplicaFetcherManager)
kafka-2-1  | 2026-09-25T22:50:53.210650105Z [2026-09-25 22:50:53,210] INFO [ReplicaFetcher replicaId=2, leaderId=3, fetcherId=0] Truncating partition __consumer_offsets-15 with TruncationState(offset=0, completed=true) due to local high watermark 0 (kafka.server.ReplicaFetcherThread)
kafka-2-1  | 2026-09-25T22:50:53.211908316Z [2026-09-25 22:50:53,211] INFO [ReplicaFetcherThread-0-1]: Starting (kafka.server.ReplicaFetcherThread)
kafka-2-1  | 2026-09-25T22:50:53.212531209Z [2026-09-25 22:50:53,212] INFO [ReplicaFetcherManager on broker 2] Added fetcher to broker 1 for partitions HashMap(__consumer_offsets-48 -> InitialFetchState(Some(z0JJoNscSBKv29UaLoZ9NQ),BrokerEndPoint(id=1, host=kafka-1:9092),0,0), __consumer_offsets-46 -> InitialFetchState(Some(z0JJoNscSBKv29UaLoZ9NQ),BrokerEndPoint(id=1, host=kafka-1:9092),1,0), __consumer_offsets-11 -> InitialFetchState(Some(z0JJoNscSBKv29UaLoZ9NQ),BrokerEndPoint(id=1, host=kafka-1:9092),0,0), __consumer_offsets-23 -> InitialFetchState(Some(z0JJoNscSBKv29UaLoZ9NQ),BrokerEndPoint(id=1, host=kafka-1:9092),1,0), __consumer_offsets-21 -> InitialFetchState(Some(z0JJoNscSBKv29UaLoZ9NQ),BrokerEndPoint(id=1, host=kafka-1:9092),0,0), __consumer_offsets-17 -> InitialFetchState(Some(z0JJoNscSBKv29UaLoZ9NQ),BrokerEndPoint(id=1, host=kafka-1:9092),0,0), dados-sensores-4 -> InitialFetchState(Some(bpNag2Q4SrSHzixJwrCS8Q),BrokerEndPoint(id=1, host=kafka-1:9092),0,288), __consumer_offsets-30 -> InitialFetchState(Some(z0JJoNscSBKv29UaLoZ9NQ),BrokerEndPoint(id=1, host=kafka-1:9092),1,0), __consumer_offsets-7 -> InitialFetchState(Some(z0JJoNscSBKv29UaLoZ9NQ),BrokerEndPoint(id=1, host=kafka-1:9092),0,0), __consumer_offsets-40 -> InitialFetchState(Some(z0JJoNscSBKv29UaLoZ9NQ),BrokerEndPoint(id=1, host=kafka-1:9092),0,0), __consumer_offsets-3 -> InitialFetchState(Some(z0JJoNscSBKv29UaLoZ9NQ),BrokerEndPoint(id=1, host=kafka-1:9092),0,0), __consumer_offsets-36 -> InitialFetchState(Some(z0JJoNscSBKv29UaLoZ9NQ),BrokerEndPoint(id=1, host=kafka-1:9092),1,0), __consumer_offsets-34 -> InitialFetchState(Some(z0JJoNscSBKv29UaLoZ9NQ),BrokerEndPoint(id=1, host=kafka-1:9092),1,0), dados-sensores-2 -> InitialFetchState(Some(bpNag2Q4SrSHzixJwrCS8Q),BrokerEndPoint(id=1, host=kafka-1:9092),0,432), __consumer_offsets-47 -> InitialFetchState(Some(z0JJoNscSBKv29UaLoZ9NQ),BrokerEndPoint(id=1, host=kafka-1:9092),0,0), __consumer_offsets-16 -> InitialFetchState(Some(z0JJoNscSBKv29UaLoZ9NQ),BrokerEndPoint(id=1, host=kafka-1:9092),1,0), __consumer_offsets-43 -> InitialFetchState(Some(z0JJoNscSBKv29UaLoZ9NQ),BrokerEndPoint(id=1, host=kafka-1:9092),0,0), __consumer_offsets-12 -> InitialFetchState(Some(z0JJoNscSBKv29UaLoZ9NQ),BrokerEndPoint(id=1, host=kafka-1:9092),0,0), __consumer_offsets-24 -> InitialFetchState(Some(z0JJoNscSBKv29UaLoZ9NQ),BrokerEndPoint(id=1, host=kafka-1:9092),0,0), __consumer_offsets-20 -> InitialFetchState(Some(z0JJoNscSBKv29UaLoZ9NQ),BrokerEndPoint(id=1, host=kafka-1:9092),1,0), __consumer_offsets-18 -> InitialFetchState(Some(z0JJoNscSBKv29UaLoZ9NQ),BrokerEndPoint(id=1, host=kafka-1:9092),0,0), __consumer_offsets-31 -> InitialFetchState(Some(z0JJoNscSBKv29UaLoZ9NQ),BrokerEndPoint(id=1, host=kafka-1:9092),0,0), __consumer_offsets-0 -> InitialFetchState(Some(z0JJoNscSBKv29UaLoZ9NQ),BrokerEndPoint(id=1, host=kafka-1:9092),0,0), __consumer_offsets-29 -> InitialFetchState(Some(z0JJoNscSBKv29UaLoZ9NQ),BrokerEndPoint(id=1, host=kafka-1:9092),0,0), __consumer_offsets-37 -> InitialFetchState(Some(z0JJoNscSBKv29UaLoZ9NQ),BrokerEndPoint(id=1, host=kafka-1:9092),0,0), __consumer_offsets-35 -> InitialFetchState(Some(z0JJoNscSBKv29UaLoZ9NQ),BrokerEndPoint(id=1, host=kafka-1:9092),0,0)) (kafka.server.ReplicaFetcherManager)
kafka-2-1  | 2026-09-25T22:50:53.212684278Z [2026-09-25 22:50:53,212] INFO [ReplicaFetcher replicaId=2, leaderId=1, fetcherId=0] Truncating partition __consumer_offsets-48 with TruncationState(offset=0, completed=true) due to local high watermark 0 (kafka.server.ReplicaFetcherThread)
kafka-2-1  | 2026-09-25T22:50:53.214088488Z [2026-09-25 22:50:53,213] INFO [UnifiedLog partition=__consumer_offsets-48, dir=/var/lib/kafka/data] Truncating to 0 has no effect as the largest offset in the log is -1 (kafka.log.UnifiedLog)
kafka-2-1  | 2026-09-25T22:50:53.214111262Z [2026-09-25 22:50:53,213] INFO [UnifiedLog partition=__consumer_offsets-15, dir=/var/lib/kafka/data] Truncating to 0 has no effect as the largest offset in the log is -1 (kafka.log.UnifiedLog)
kafka-2-1  | 2026-09-25T22:50:53.215063224Z [2026-09-25 22:50:53,214] INFO [ReplicaFetcher replicaId=2, leaderId=1, fetcherId=0] Truncating partition __consumer_offsets-46 with TruncationState(offset=0, completed=true) due to local high watermark 0 (kafka.server.ReplicaFetcherThread)
kafka-2-1  | 2026-09-25T22:50:53.215083743Z [2026-09-25 22:50:53,214] INFO [ReplicaFetcher replicaId=2, leaderId=3, fetcherId=0] Truncating partition __consumer_offsets-13 with TruncationState(offset=0, completed=true) due to local high watermark 0 (kafka.server.ReplicaFetcherThread)
kafka-2-1  | 2026-09-25T22:50:53.215285376Z [2026-09-25 22:50:53,215] INFO [UnifiedLog partition=__consumer_offsets-46, dir=/var/lib/kafka/data] Truncating to 0 has no effect as the largest offset in the log is -1 (kafka.log.UnifiedLog)
kafka-2-1  | 2026-09-25T22:50:53.215427790Z [2026-09-25 22:50:53,215] INFO [ReplicaFetcher replicaId=2, leaderId=1, fetcherId=0] Truncating partition __consumer_offsets-11 with TruncationState(offset=0, completed=true) due to local high watermark 0 (kafka.server.ReplicaFetcherThread)
kafka-2-1  | 2026-09-25T22:50:53.215443015Z [2026-09-25 22:50:53,215] INFO [UnifiedLog partition=__consumer_offsets-11, dir=/var/lib/kafka/data] Truncating to 0 has no effect as the largest offset in the log is -1 (kafka.log.UnifiedLog)
kafka-2-1  | 2026-09-25T22:50:53.215533448Z [2026-09-25 22:50:53,215] INFO [UnifiedLog partition=__consumer_offsets-13, dir=/var/lib/kafka/data] Truncating to 0 has no effect as the largest offset in the log is -1 (kafka.log.UnifiedLog)
kafka-2-1  | 2026-09-25T22:50:53.215548182Z [2026-09-25 22:50:53,215] INFO [ReplicaFetcher replicaId=2, leaderId=1, fetcherId=0] Truncating partition __consumer_offsets-23 with TruncationState(offset=0, completed=true) due to local high watermark 0 (kafka.server.ReplicaFetcherThread)
kafka-2-1  | 2026-09-25T22:50:53.216374931Z [2026-09-25 22:50:53,215] INFO [UnifiedLog partition=__consumer_offsets-23, dir=/var/lib/kafka/data] Truncating to 0 has no effect as the largest offset in the log is -1 (kafka.log.UnifiedLog)
kafka-2-1  | 2026-09-25T22:50:53.216390521Z [2026-09-25 22:50:53,215] INFO [ReplicaFetcher replicaId=2, leaderId=1, fetcherId=0] Truncating partition __consumer_offsets-21 with TruncationState(offset=0, completed=true) due to local high watermark 0 (kafka.server.ReplicaFetcherThread)
kafka-2-1  | 2026-09-25T22:50:53.216394261Z [2026-09-25 22:50:53,215] INFO [ReplicaFetcher replicaId=2, leaderId=3, fetcherId=0] Truncating partition __consumer_offsets-44 with TruncationState(offset=0, completed=true) due to local high watermark 0 (kafka.server.ReplicaFetcherThread)
kafka-2-1  | 2026-09-25T22:50:53.216396992Z [2026-09-25 22:50:53,215] INFO [UnifiedLog partition=__consumer_offsets-21, dir=/var/lib/kafka/data] Truncating to 0 has no effect as the largest offset in the log is -1 (kafka.log.UnifiedLog)
kafka-2-1  | 2026-09-25T22:50:53.216409369Z [2026-09-25 22:50:53,215] INFO [UnifiedLog partition=__consumer_offsets-44, dir=/var/lib/kafka/data] Truncating to 0 has no effect as the largest offset in the log is -1 (kafka.log.UnifiedLog)
kafka-2-1  | 2026-09-25T22:50:53.216412638Z [2026-09-25 22:50:53,215] INFO [ReplicaFetcher replicaId=2, leaderId=1, fetcherId=0] Truncating partition __consumer_offsets-17 with TruncationState(offset=0, completed=true) due to local high watermark 0 (kafka.server.ReplicaFetcherThread)
kafka-2-1  | 2026-09-25T22:50:53.216415360Z [2026-09-25 22:50:53,216] INFO [UnifiedLog partition=__consumer_offsets-17, dir=/var/lib/kafka/data] Truncating to 0 has no effect as the largest offset in the log is -1 (kafka.log.UnifiedLog)
kafka-2-1  | 2026-09-25T22:50:53.216417969Z [2026-09-25 22:50:53,216] INFO [ReplicaFetcher replicaId=2, leaderId=3, fetcherId=0] Truncating partition __consumer_offsets-9 with TruncationState(offset=0, completed=true) due to local high watermark 0 (kafka.server.ReplicaFetcherThread)
kafka-2-1  | 2026-09-25T22:50:53.216420591Z [2026-09-25 22:50:53,216] INFO [ReplicaFetcher replicaId=2, leaderId=1, fetcherId=0] Truncating partition __consumer_offsets-30 with TruncationState(offset=0, completed=true) due to local high watermark 0 (kafka.server.ReplicaFetcherThread)
kafka-2-1  | 2026-09-25T22:50:53.216423863Z [2026-09-25 22:50:53,216] INFO [UnifiedLog partition=__consumer_offsets-9, dir=/var/lib/kafka/data] Truncating to 0 has no effect as the largest offset in the log is -1 (kafka.log.UnifiedLog)
kafka-2-1  | 2026-09-25T22:50:53.216426528Z [2026-09-25 22:50:53,216] INFO [UnifiedLog partition=__consumer_offsets-30, dir=/var/lib/kafka/data] Truncating to 0 has no effect as the largest offset in the log is -1 (kafka.log.UnifiedLog)
kafka-2-1  | 2026-09-25T22:50:53.216616657Z [2026-09-25 22:50:53,216] INFO [ReplicaFetcher replicaId=2, leaderId=1, fetcherId=0] Truncating partition __consumer_offsets-7 with TruncationState(offset=0, completed=true) due to local high watermark 0 (kafka.server.ReplicaFetcherThread)
kafka-2-1  | 2026-09-25T22:50:53.216629787Z [2026-09-25 22:50:53,216] INFO [UnifiedLog partition=__consumer_offsets-7, dir=/var/lib/kafka/data] Truncating to 0 has no effect as the largest offset in the log is -1 (kafka.log.UnifiedLog)
kafka-2-1  | 2026-09-25T22:50:53.216840339Z [2026-09-25 22:50:53,216] INFO [ReplicaFetcher replicaId=2, leaderId=3, fetcherId=0] Truncating partition __consumer_offsets-42 with TruncationState(offset=0, completed=true) due to local high watermark 0 (kafka.server.ReplicaFetcherThread)
kafka-2-1  | 2026-09-25T22:50:53.217024304Z [2026-09-25 22:50:53,216] INFO [ReplicaFetcher replicaId=2, leaderId=1, fetcherId=0] Truncating partition __consumer_offsets-40 with TruncationState(offset=0, completed=true) due to local high watermark 0 (kafka.server.ReplicaFetcherThread)
kafka-2-1  | 2026-09-25T22:50:53.217201260Z [2026-09-25 22:50:53,217] INFO [UnifiedLog partition=__consumer_offsets-40, dir=/var/lib/kafka/data] Truncating to 0 has no effect as the largest offset in the log is -1 (kafka.log.UnifiedLog)
kafka-2-1  | 2026-09-25T22:50:53.217216107Z [2026-09-25 22:50:53,217] INFO [UnifiedLog partition=__consumer_offsets-42, dir=/var/lib/kafka/data] Truncating to 0 has no effect as the largest offset in the log is -1 (kafka.log.UnifiedLog)
kafka-2-1  | 2026-09-25T22:50:53.217445190Z [2026-09-25 22:50:53,217] INFO [ReplicaFetcher replicaId=2, leaderId=1, fetcherId=0] Truncating partition __consumer_offsets-3 with TruncationState(offset=0, completed=true) due to local high watermark 0 (kafka.server.ReplicaFetcherThread)
kafka-2-1  | 2026-09-25T22:50:53.217469246Z [2026-09-25 22:50:53,217] INFO [ReplicaFetcher replicaId=2, leaderId=3, fetcherId=0] Truncating partition __consumer_offsets-19 with TruncationState(offset=0, completed=true) due to local high watermark 0 (kafka.server.ReplicaFetcherThread)
kafka-2-1  | 2026-09-25T22:50:53.217641281Z [2026-09-25 22:50:53,217] INFO [UnifiedLog partition=__consumer_offsets-3, dir=/var/lib/kafka/data] Truncating to 0 has no effect as the largest offset in the log is -1 (kafka.log.UnifiedLog)
kafka-2-1  | 2026-09-25T22:50:53.217691802Z [2026-09-25 22:50:53,217] INFO [UnifiedLog partition=__consumer_offsets-19, dir=/var/lib/kafka/data] Truncating to 0 has no effect as the largest offset in the log is -1 (kafka.log.UnifiedLog)
kafka-2-1  | 2026-09-25T22:50:53.217899603Z [2026-09-25 22:50:53,217] INFO [ReplicaFetcher replicaId=2, leaderId=1, fetcherId=0] Truncating partition __consumer_offsets-36 with TruncationState(offset=0, completed=true) due to local high watermark 0 (kafka.server.ReplicaFetcherThread)
kafka-2-1  | 2026-09-25T22:50:53.217914143Z [2026-09-25 22:50:53,217] INFO [ReplicaFetcher replicaId=2, leaderId=3, fetcherId=0] Truncating partition __consumer_offsets-32 with TruncationState(offset=0, completed=true) due to local high watermark 0 (kafka.server.ReplicaFetcherThread)
kafka-2-1  | 2026-09-25T22:50:53.218090632Z [2026-09-25 22:50:53,217] INFO [UnifiedLog partition=__consumer_offsets-32, dir=/var/lib/kafka/data] Truncating to 0 has no effect as the largest offset in the log is -1 (kafka.log.UnifiedLog)
kafka-2-1  | 2026-09-25T22:50:53.218220187Z [2026-09-25 22:50:53,217] INFO [UnifiedLog partition=__consumer_offsets-36, dir=/var/lib/kafka/data] Truncating to 0 has no effect as the largest offset in the log is -1 (kafka.log.UnifiedLog)
kafka-2-1  | 2026-09-25T22:50:53.218361623Z [2026-09-25 22:50:53,218] INFO [ReplicaFetcher replicaId=2, leaderId=3, fetcherId=0] Truncating partition __consumer_offsets-28 with TruncationState(offset=0, completed=true) due to local high watermark 0 (kafka.server.ReplicaFetcherThread)
kafka-2-1  | 2026-09-25T22:50:53.218372742Z [2026-09-25 22:50:53,218] INFO [ReplicaFetcher replicaId=2, leaderId=1, fetcherId=0] Truncating partition __consumer_offsets-34 with TruncationState(offset=0, completed=true) due to local high watermark 0 (kafka.server.ReplicaFetcherThread)
kafka-2-1  | 2026-09-25T22:50:53.218506826Z [2026-09-25 22:50:53,218] INFO [UnifiedLog partition=__consumer_offsets-34, dir=/var/lib/kafka/data] Truncating to 0 has no effect as the largest offset in the log is -1 (kafka.log.UnifiedLog)
kafka-2-1  | 2026-09-25T22:50:53.218517410Z [2026-09-25 22:50:53,218] INFO [ReplicaFetcher replicaId=2, leaderId=1, fetcherId=0] Truncating partition __consumer_offsets-47 with TruncationState(offset=0, completed=true) due to local high watermark 0 (kafka.server.ReplicaFetcherThread)
kafka-2-1  | 2026-09-25T22:50:53.218521109Z [2026-09-25 22:50:53,218] INFO [UnifiedLog partition=__consumer_offsets-47, dir=/var/lib/kafka/data] Truncating to 0 has no effect as the largest offset in the log is -1 (kafka.log.UnifiedLog)
kafka-2-1  | 2026-09-25T22:50:53.218723040Z [2026-09-25 22:50:53,218] INFO [UnifiedLog partition=__consumer_offsets-28, dir=/var/lib/kafka/data] Truncating to 0 has no effect as the largest offset in the log is -1 (kafka.log.UnifiedLog)
kafka-2-1  | 2026-09-25T22:50:53.218736451Z [2026-09-25 22:50:53,218] INFO [ReplicaFetcher replicaId=2, leaderId=1, fetcherId=0] Truncating partition __consumer_offsets-16 with TruncationState(offset=0, completed=true) due to local high watermark 0 (kafka.server.ReplicaFetcherThread)
kafka-2-1  | 2026-09-25T22:50:53.218750428Z [2026-09-25 22:50:53,218] INFO [UnifiedLog partition=__consumer_offsets-16, dir=/var/lib/kafka/data] Truncating to 0 has no effect as the largest offset in the log is -1 (kafka.log.UnifiedLog)
kafka-2-1  | 2026-09-25T22:50:53.218954366Z [2026-09-25 22:50:53,218] INFO [ReplicaFetcher replicaId=2, leaderId=1, fetcherId=0] Truncating partition __consumer_offsets-43 with TruncationState(offset=0, completed=true) due to local high watermark 0 (kafka.server.ReplicaFetcherThread)
kafka-2-1  | 2026-09-25T22:50:53.219513299Z [2026-09-25 22:50:53,219] INFO [UnifiedLog partition=__consumer_offsets-43, dir=/var/lib/kafka/data] Truncating to 0 has no effect as the largest offset in the log is -1 (kafka.log.UnifiedLog)
kafka-2-1  | 2026-09-25T22:50:53.219522934Z [2026-09-25 22:50:53,219] INFO [ReplicaFetcher replicaId=2, leaderId=3, fetcherId=0] Truncating partition __consumer_offsets-26 with TruncationState(offset=0, completed=true) due to local high watermark 0 (kafka.server.ReplicaFetcherThread)
kafka-2-1  | 2026-09-25T22:50:53.219524595Z [2026-09-25 22:50:53,219] INFO [ReplicaFetcher replicaId=2, leaderId=1, fetcherId=0] Truncating partition __consumer_offsets-12 with TruncationState(offset=0, completed=true) due to local high watermark 0 (kafka.server.ReplicaFetcherThread)
kafka-2-1  | 2026-09-25T22:50:53.219526146Z [2026-09-25 22:50:53,219] INFO [UnifiedLog partition=__consumer_offsets-12, dir=/var/lib/kafka/data] Truncating to 0 has no effect as the largest offset in the log is -1 (kafka.log.UnifiedLog)
kafka-2-1  | 2026-09-25T22:50:53.219527481Z [2026-09-25 22:50:53,219] INFO [UnifiedLog partition=__consumer_offsets-26, dir=/var/lib/kafka/data] Truncating to 0 has no effect as the largest offset in the log is -1 (kafka.log.UnifiedLog)
kafka-2-1  | 2026-09-25T22:50:53.219528910Z [2026-09-25 22:50:53,219] INFO [ReplicaFetcher replicaId=2, leaderId=1, fetcherId=0] Truncating partition __consumer_offsets-24 with TruncationState(offset=0, completed=true) due to local high watermark 0 (kafka.server.ReplicaFetcherThread)
kafka-2-1  | 2026-09-25T22:50:53.219530534Z [2026-09-25 22:50:53,219] INFO [UnifiedLog partition=__consumer_offsets-24, dir=/var/lib/kafka/data] Truncating to 0 has no effect as the largest offset in the log is -1 (kafka.log.UnifiedLog)
kafka-2-1  | 2026-09-25T22:50:53.219917419Z [2026-09-25 22:50:53,219] INFO [ReplicaFetcher replicaId=2, leaderId=1, fetcherId=0] Truncating partition __consumer_offsets-20 with TruncationState(offset=0, completed=true) due to local high watermark 0 (kafka.server.ReplicaFetcherThread)
kafka-2-1  | 2026-09-25T22:50:53.219925339Z [2026-09-25 22:50:53,219] INFO [UnifiedLog partition=__consumer_offsets-20, dir=/var/lib/kafka/data] Truncating to 0 has no effect as the largest offset in the log is -1 (kafka.log.UnifiedLog)
kafka-2-1  | 2026-09-25T22:50:53.219926889Z [2026-09-25 22:50:53,219] INFO [ReplicaFetcher replicaId=2, leaderId=1, fetcherId=0] Truncating partition __consumer_offsets-18 with TruncationState(offset=0, completed=true) due to local high watermark 0 (kafka.server.ReplicaFetcherThread)
kafka-2-1  | 2026-09-25T22:50:53.219928277Z [2026-09-25 22:50:53,219] INFO [ReplicaFetcher replicaId=2, leaderId=3, fetcherId=0] Truncating partition __consumer_offsets-38 with TruncationState(offset=0, completed=true) due to local high watermark 0 (kafka.server.ReplicaFetcherThread)
kafka-2-1  | 2026-09-25T22:50:53.219929661Z [2026-09-25 22:50:53,219] INFO [UnifiedLog partition=__consumer_offsets-18, dir=/var/lib/kafka/data] Truncating to 0 has no effect as the largest offset in the log is -1 (kafka.log.UnifiedLog)
kafka-2-1  | 2026-09-25T22:50:53.219945422Z [2026-09-25 22:50:53,219] INFO [ReplicaFetcher replicaId=2, leaderId=1, fetcherId=0] Truncating partition __consumer_offsets-31 with TruncationState(offset=0, completed=true) due to local high watermark 0 (kafka.server.ReplicaFetcherThread)
kafka-2-1  | 2026-09-25T22:50:53.219946985Z [2026-09-25 22:50:53,219] INFO [UnifiedLog partition=__consumer_offsets-31, dir=/var/lib/kafka/data] Truncating to 0 has no effect as the largest offset in the log is -1 (kafka.log.UnifiedLog)
kafka-2-1  | 2026-09-25T22:50:53.219948511Z [2026-09-25 22:50:53,219] INFO [UnifiedLog partition=__consumer_offsets-38, dir=/var/lib/kafka/data] Truncating to 0 has no effect as the largest offset in the log is -1 (kafka.log.UnifiedLog)
kafka-2-1  | 2026-09-25T22:50:53.219949846Z [2026-09-25 22:50:53,219] INFO [ReplicaFetcher replicaId=2, leaderId=1, fetcherId=0] Truncating partition __consumer_offsets-0 with TruncationState(offset=0, completed=true) due to local high watermark 0 (kafka.server.ReplicaFetcherThread)
kafka-2-1  | 2026-09-25T22:50:53.219951588Z [2026-09-25 22:50:53,219] INFO [UnifiedLog partition=__consumer_offsets-0, dir=/var/lib/kafka/data] Truncating to 0 has no effect as the largest offset in the log is -1 (kafka.log.UnifiedLog)
kafka-2-1  | 2026-09-25T22:50:53.219953002Z [2026-09-25 22:50:53,219] INFO [ReplicaFetcher replicaId=2, leaderId=1, fetcherId=0] Truncating partition __consumer_offsets-29 with TruncationState(offset=0, completed=true) due to local high watermark 0 (kafka.server.ReplicaFetcherThread)
kafka-2-1  | 2026-09-25T22:50:53.219954414Z [2026-09-25 22:50:53,219] INFO [UnifiedLog partition=__consumer_offsets-29, dir=/var/lib/kafka/data] Truncating to 0 has no effect as the largest offset in the log is -1 (kafka.log.UnifiedLog)
kafka-2-1  | 2026-09-25T22:50:53.219955740Z [2026-09-25 22:50:53,219] INFO [ReplicaFetcher replicaId=2, leaderId=3, fetcherId=0] Truncating partition __consumer_offsets-1 with TruncationState(offset=0, completed=true) due to local high watermark 0 (kafka.server.ReplicaFetcherThread)
kafka-2-1  | 2026-09-25T22:50:53.219957195Z [2026-09-25 22:50:53,219] INFO [ReplicaFetcher replicaId=2, leaderId=1, fetcherId=0] Truncating partition __consumer_offsets-37 with TruncationState(offset=0, completed=true) due to local high watermark 0 (kafka.server.ReplicaFetcherThread)
kafka-2-1  | 2026-09-25T22:50:53.220206050Z [2026-09-25 22:50:53,220] INFO [UnifiedLog partition=__consumer_offsets-37, dir=/var/lib/kafka/data] Truncating to 0 has no effect as the largest offset in the log is -1 (kafka.log.UnifiedLog)
kafka-2-1  | 2026-09-25T22:50:53.220216331Z [2026-09-25 22:50:53,220] INFO [UnifiedLog partition=__consumer_offsets-1, dir=/var/lib/kafka/data] Truncating to 0 has no effect as the largest offset in the log is -1 (kafka.log.UnifiedLog)
kafka-2-1  | 2026-09-25T22:50:53.220218346Z [2026-09-25 22:50:53,220] INFO [ReplicaFetcher replicaId=2, leaderId=1, fetcherId=0] Truncating partition __consumer_offsets-35 with TruncationState(offset=0, completed=true) due to local high watermark 0 (kafka.server.ReplicaFetcherThread)
kafka-2-1  | 2026-09-25T22:50:53.220219906Z [2026-09-25 22:50:53,220] INFO [UnifiedLog partition=__consumer_offsets-35, dir=/var/lib/kafka/data] Truncating to 0 has no effect as the largest offset in the log is -1 (kafka.log.UnifiedLog)
kafka-2-1  | 2026-09-25T22:50:53.220621792Z [2026-09-25 22:50:53,220] INFO [ReplicaFetcher replicaId=2, leaderId=3, fetcherId=0] Truncating partition __consumer_offsets-45 with TruncationState(offset=0, completed=true) due to local high watermark 0 (kafka.server.ReplicaFetcherThread)
kafka-2-1  | 2026-09-25T22:50:53.220888073Z [2026-09-25 22:50:53,220] INFO [UnifiedLog partition=__consumer_offsets-45, dir=/var/lib/kafka/data] Truncating to 0 has no effect as the largest offset in the log is -1 (kafka.log.UnifiedLog)
kafka-2-1  | 2026-09-25T22:50:53.220909593Z [2026-09-25 22:50:53,220] INFO [ReplicaFetcher replicaId=2, leaderId=3, fetcherId=0] Truncating partition __consumer_offsets-14 with TruncationState(offset=0, completed=true) due to local high watermark 0 (kafka.server.ReplicaFetcherThread)
kafka-2-1  | 2026-09-25T22:50:53.220913565Z [2026-09-25 22:50:53,220] INFO [UnifiedLog partition=__consumer_offsets-14, dir=/var/lib/kafka/data] Truncating to 0 has no effect as the largest offset in the log is -1 (kafka.log.UnifiedLog)
kafka-2-1  | 2026-09-25T22:50:53.221122390Z [2026-09-25 22:50:53,220] INFO [ReplicaFetcher replicaId=2, leaderId=3, fetcherId=0] Truncating partition __consumer_offsets-41 with TruncationState(offset=0, completed=true) due to local high watermark 0 (kafka.server.ReplicaFetcherThread)
kafka-2-1  | 2026-09-25T22:50:53.221135017Z [2026-09-25 22:50:53,221] INFO [UnifiedLog partition=__consumer_offsets-41, dir=/var/lib/kafka/data] Truncating to 0 has no effect as the largest offset in the log is -1 (kafka.log.UnifiedLog)
kafka-2-1  | 2026-09-25T22:50:53.221325739Z [2026-09-25 22:50:53,221] INFO [ReplicaFetcher replicaId=2, leaderId=3, fetcherId=0] Truncating partition __consumer_offsets-10 with TruncationState(offset=0, completed=true) due to local high watermark 0 (kafka.server.ReplicaFetcherThread)
kafka-2-1  | 2026-09-25T22:50:53.221689779Z [2026-09-25 22:50:53,221] INFO [UnifiedLog partition=__consumer_offsets-10, dir=/var/lib/kafka/data] Truncating to 0 has no effect as the largest offset in the log is -1 (kafka.log.UnifiedLog)
kafka-2-1  | 2026-09-25T22:50:53.221703187Z [2026-09-25 22:50:53,221] INFO [ReplicaFetcher replicaId=2, leaderId=3, fetcherId=0] Truncating partition __consumer_offsets-22 with TruncationState(offset=0, completed=true) due to local high watermark 0 (kafka.server.ReplicaFetcherThread)
kafka-2-1  | 2026-09-25T22:50:53.221707650Z [2026-09-25 22:50:53,221] INFO [UnifiedLog partition=__consumer_offsets-22, dir=/var/lib/kafka/data] Truncating to 0 has no effect as the largest offset in the log is -1 (kafka.log.UnifiedLog)
kafka-2-1  | 2026-09-25T22:50:53.221710621Z [2026-09-25 22:50:53,221] INFO [ReplicaFetcher replicaId=2, leaderId=3, fetcherId=0] Truncating partition __consumer_offsets-49 with TruncationState(offset=0, completed=true) due to local high watermark 0 (kafka.server.ReplicaFetcherThread)
kafka-2-1  | 2026-09-25T22:50:53.221784664Z [2026-09-25 22:50:53,221] INFO [UnifiedLog partition=__consumer_offsets-49, dir=/var/lib/kafka/data] Truncating to 0 has no effect as the largest offset in the log is -1 (kafka.log.UnifiedLog)
kafka-2-1  | 2026-09-25T22:50:53.221793261Z [2026-09-25 22:50:53,221] INFO [ReplicaFetcher replicaId=2, leaderId=3, fetcherId=0] Truncating partition __consumer_offsets-27 with TruncationState(offset=0, completed=true) due to local high watermark 0 (kafka.server.ReplicaFetcherThread)
kafka-2-1  | 2026-09-25T22:50:53.222096374Z [2026-09-25 22:50:53,221] INFO [UnifiedLog partition=__consumer_offsets-27, dir=/var/lib/kafka/data] Truncating to 0 has no effect as the largest offset in the log is -1 (kafka.log.UnifiedLog)
kafka-2-1  | 2026-09-25T22:50:53.222104026Z [2026-09-25 22:50:53,221] INFO [ReplicaFetcher replicaId=2, leaderId=3, fetcherId=0] Truncating partition __consumer_offsets-25 with TruncationState(offset=0, completed=true) due to local high watermark 0 (kafka.server.ReplicaFetcherThread)
kafka-2-1  | 2026-09-25T22:50:53.222219481Z [2026-09-25 22:50:53,222] INFO [UnifiedLog partition=__consumer_offsets-25, dir=/var/lib/kafka/data] Truncating to 0 has no effect as the largest offset in the log is -1 (kafka.log.UnifiedLog)
kafka-2-1  | 2026-09-25T22:50:53.222529642Z [2026-09-25 22:50:53,222] INFO [ReplicaFetcher replicaId=2, leaderId=3, fetcherId=0] Truncating partition __consumer_offsets-39 with TruncationState(offset=0, completed=true) due to local high watermark 0 (kafka.server.ReplicaFetcherThread)
kafka-2-1  | 2026-09-25T22:50:53.222679142Z [2026-09-25 22:50:53,222] INFO [UnifiedLog partition=__consumer_offsets-39, dir=/var/lib/kafka/data] Truncating to 0 has no effect as the largest offset in the log is -1 (kafka.log.UnifiedLog)
kafka-2-1  | 2026-09-25T22:50:53.222685269Z [2026-09-25 22:50:53,222] INFO [ReplicaFetcher replicaId=2, leaderId=3, fetcherId=0] Truncating partition __consumer_offsets-8 with TruncationState(offset=0, completed=true) due to local high watermark 0 (kafka.server.ReplicaFetcherThread)
kafka-2-1  | 2026-09-25T22:50:53.222687227Z [2026-09-25 22:50:53,222] INFO [UnifiedLog partition=__consumer_offsets-8, dir=/var/lib/kafka/data] Truncating to 0 has no effect as the largest offset in the log is -1 (kafka.log.UnifiedLog)
kafka-2-1  | 2026-09-25T22:50:53.222753548Z [2026-09-25 22:50:53,222] INFO [ReplicaFetcher replicaId=2, leaderId=3, fetcherId=0] Truncating partition __consumer_offsets-6 with TruncationState(offset=0, completed=true) due to local high watermark 0 (kafka.server.ReplicaFetcherThread)
kafka-2-1  | 2026-09-25T22:50:53.222908933Z [2026-09-25 22:50:53,222] INFO [UnifiedLog partition=__consumer_offsets-6, dir=/var/lib/kafka/data] Truncating to 0 has no effect as the largest offset in the log is -1 (kafka.log.UnifiedLog)
kafka-2-1  | 2026-09-25T22:50:53.223167965Z [2026-09-25 22:50:53,222] INFO [ReplicaFetcher replicaId=2, leaderId=3, fetcherId=0] Truncating partition __consumer_offsets-4 with TruncationState(offset=0, completed=true) due to local high watermark 0 (kafka.server.ReplicaFetcherThread)
kafka-2-1  | 2026-09-25T22:50:53.223182912Z [2026-09-25 22:50:53,223] INFO [UnifiedLog partition=__consumer_offsets-4, dir=/var/lib/kafka/data] Truncating to 0 has no effect as the largest offset in the log is -1 (kafka.log.UnifiedLog)
kafka-2-1  | 2026-09-25T22:50:53.223347166Z [2026-09-25 22:50:53,223] INFO [ReplicaFetcher replicaId=2, leaderId=3, fetcherId=0] Truncating partition __consumer_offsets-33 with TruncationState(offset=0, completed=true) due to local high watermark 0 (kafka.server.ReplicaFetcherThread)
kafka-2-1  | 2026-09-25T22:50:53.223471185Z [2026-09-25 22:50:53,223] INFO [UnifiedLog partition=__consumer_offsets-33, dir=/var/lib/kafka/data] Truncating to 0 has no effect as the largest offset in the log is -1 (kafka.log.UnifiedLog)
kafka-2-1  | 2026-09-25T22:50:53.223728678Z [2026-09-25 22:50:53,223] INFO [ReplicaFetcher replicaId=2, leaderId=3, fetcherId=0] Truncating partition __consumer_offsets-2 with TruncationState(offset=0, completed=true) due to local high watermark 0 (kafka.server.ReplicaFetcherThread)
kafka-2-1  | 2026-09-25T22:50:53.223742230Z [2026-09-25 22:50:53,223] INFO [UnifiedLog partition=__consumer_offsets-2, dir=/var/lib/kafka/data] Truncating to 0 has no effect as the largest offset in the log is -1 (kafka.log.UnifiedLog)
kafka-2-1  | 2026-09-25T22:50:53.237296913Z [2026-09-25 22:50:53,236] INFO [GroupCoordinator id=2] Scheduling unloading of metadata for __consumer_offsets-13 with epoch OptionalInt[1] (org.apache.kafka.coordinator.common.runtime.CoordinatorRuntime)
kafka-2-1  | 2026-09-25T22:50:53.237968662Z [2026-09-25 22:50:53,237] INFO [GroupCoordinator id=2] Scheduling unloading of metadata for __consumer_offsets-46 with epoch OptionalInt[1] (org.apache.kafka.coordinator.common.runtime.CoordinatorRuntime)
kafka-2-1  | 2026-09-25T22:50:53.238206770Z [2026-09-25 22:50:53,237] INFO [GroupCoordinator id=2] Scheduling unloading of metadata for __consumer_offsets-9 with epoch OptionalInt[1] (org.apache.kafka.coordinator.common.runtime.CoordinatorRuntime)
kafka-2-1  | 2026-09-25T22:50:53.238321911Z [2026-09-25 22:50:53,238] INFO [GroupCoordinator id=2] Ignored unloading metadata for __consumer_offsets-13 in epoch OptionalInt[1] since metadata was never loaded. (org.apache.kafka.coordinator.common.runtime.CoordinatorRuntime)
kafka-2-1  | 2026-09-25T22:50:53.238334456Z [2026-09-25 22:50:53,238] INFO [GroupCoordinator id=2] Scheduling unloading of metadata for __consumer_offsets-42 with epoch OptionalInt[0] (org.apache.kafka.coordinator.common.runtime.CoordinatorRuntime)
kafka-2-1  | 2026-09-25T22:50:53.238338722Z [2026-09-25 22:50:53,238] INFO [GroupCoordinator id=2] Ignored unloading metadata for __consumer_offsets-9 in epoch OptionalInt[1] since metadata was never loaded. (org.apache.kafka.coordinator.common.runtime.CoordinatorRuntime)
kafka-2-1  | 2026-09-25T22:50:53.238778911Z [2026-09-25 22:50:53,238] INFO [GroupCoordinator id=2] Ignored unloading metadata for __consumer_offsets-46 in epoch OptionalInt[1] since metadata was never loaded. (org.apache.kafka.coordinator.common.runtime.CoordinatorRuntime)
kafka-2-1  | 2026-09-25T22:50:53.238799355Z [2026-09-25 22:50:53,238] INFO [GroupCoordinator id=2] Scheduling unloading of metadata for __consumer_offsets-21 with epoch OptionalInt[0] (org.apache.kafka.coordinator.common.runtime.CoordinatorRuntime)
kafka-2-1  | 2026-09-25T22:50:53.238804465Z [2026-09-25 22:50:53,238] INFO [GroupCoordinator id=2] Ignored unloading metadata for __consumer_offsets-42 in epoch OptionalInt[0] since metadata was never loaded. (org.apache.kafka.coordinator.common.runtime.CoordinatorRuntime)
kafka-2-1  | 2026-09-25T22:50:53.238807597Z [2026-09-25 22:50:53,238] INFO [GroupCoordinator id=2] Scheduling unloading of metadata for __consumer_offsets-17 with epoch OptionalInt[0] (org.apache.kafka.coordinator.common.runtime.CoordinatorRuntime)
kafka-2-1  | 2026-09-25T22:50:53.238810361Z [2026-09-25 22:50:53,238] INFO [GroupCoordinator id=2] Scheduling unloading of metadata for __consumer_offsets-30 with epoch OptionalInt[1] (org.apache.kafka.coordinator.common.runtime.CoordinatorRuntime)
kafka-2-1  | 2026-09-25T22:50:53.238813072Z [2026-09-25 22:50:53,238] INFO [GroupCoordinator id=2] Ignored unloading metadata for __consumer_offsets-17 in epoch OptionalInt[0] since metadata was never loaded. (org.apache.kafka.coordinator.common.runtime.CoordinatorRuntime)
kafka-2-1  | 2026-09-25T22:50:53.239148945Z [2026-09-25 22:50:53,238] INFO [GroupCoordinator id=2] Ignored unloading metadata for __consumer_offsets-21 in epoch OptionalInt[0] since metadata was never loaded. (org.apache.kafka.coordinator.common.runtime.CoordinatorRuntime)
kafka-2-1  | 2026-09-25T22:50:53.239166405Z [2026-09-25 22:50:53,238] INFO [GroupCoordinator id=2] Scheduling unloading of metadata for __consumer_offsets-26 with epoch OptionalInt[0] (org.apache.kafka.coordinator.common.runtime.CoordinatorRuntime)
kafka-2-1  | 2026-09-25T22:50:53.239177985Z [2026-09-25 22:50:53,238] INFO [GroupCoordinator id=2] Ignored unloading metadata for __consumer_offsets-30 in epoch OptionalInt[1] since metadata was never loaded. (org.apache.kafka.coordinator.common.runtime.CoordinatorRuntime)
kafka-2-1  | 2026-09-25T22:50:53.239181177Z [2026-09-25 22:50:53,238] INFO [GroupCoordinator id=2] Scheduling unloading of metadata for __consumer_offsets-5 with epoch OptionalInt[0] (org.apache.kafka.coordinator.common.runtime.CoordinatorRuntime)
kafka-2-1  | 2026-09-25T22:50:53.239183954Z [2026-09-25 22:50:53,238] INFO [GroupCoordinator id=2] Ignored unloading metadata for __consumer_offsets-26 in epoch OptionalInt[0] since metadata was never loaded. (org.apache.kafka.coordinator.common.runtime.CoordinatorRuntime)
kafka-2-1  | 2026-09-25T22:50:53.239208900Z [2026-09-25 22:50:53,238] INFO [GroupCoordinator id=2] Scheduling unloading of metadata for __consumer_offsets-38 with epoch OptionalInt[0] (org.apache.kafka.coordinator.common.runtime.CoordinatorRuntime)
kafka-2-1  | 2026-09-25T22:50:53.239213195Z [2026-09-25 22:50:53,239] INFO [GroupCoordinator id=2] Ignored unloading metadata for __consumer_offsets-5 in epoch OptionalInt[0] since metadata was never loaded. (org.apache.kafka.coordinator.common.runtime.CoordinatorRuntime)
kafka-2-1  | 2026-09-25T22:50:53.239216066Z [2026-09-25 22:50:53,239] INFO [GroupCoordinator id=2] Scheduling unloading of metadata for __consumer_offsets-1 with epoch OptionalInt[1] (org.apache.kafka.coordinator.common.runtime.CoordinatorRuntime)
kafka-2-1  | 2026-09-25T22:50:53.239223938Z [2026-09-25 22:50:53,239] INFO [GroupCoordinator id=2] Scheduling unloading of metadata for __consumer_offsets-34 with epoch OptionalInt[1] (org.apache.kafka.coordinator.common.runtime.CoordinatorRuntime)
kafka-2-1  | 2026-09-25T22:50:53.239344630Z [2026-09-25 22:50:53,239] INFO [GroupCoordinator id=2] Ignored unloading metadata for __consumer_offsets-38 in epoch OptionalInt[0] since metadata was never loaded. (org.apache.kafka.coordinator.common.runtime.CoordinatorRuntime)
kafka-2-1  | 2026-09-25T22:50:53.239485325Z [2026-09-25 22:50:53,239] INFO [GroupCoordinator id=2] Scheduling unloading of metadata for __consumer_offsets-16 with epoch OptionalInt[1] (org.apache.kafka.coordinator.common.runtime.CoordinatorRuntime)
kafka-2-1  | 2026-09-25T22:50:53.239499591Z [2026-09-25 22:50:53,239] INFO [GroupCoordinator id=2] Ignored unloading metadata for __consumer_offsets-34 in epoch OptionalInt[1] since metadata was never loaded. (org.apache.kafka.coordinator.common.runtime.CoordinatorRuntime)
kafka-2-1  | 2026-09-25T22:50:53.239503998Z [2026-09-25 22:50:53,239] INFO [GroupCoordinator id=2] Scheduling unloading of metadata for __consumer_offsets-45 with epoch OptionalInt[0] (org.apache.kafka.coordinator.common.runtime.CoordinatorRuntime)
kafka-2-1  | 2026-09-25T22:50:53.239613079Z [2026-09-25 22:50:53,239] INFO [GroupCoordinator id=2] Ignored unloading metadata for __consumer_offsets-16 in epoch OptionalInt[1] since metadata was never loaded. (org.apache.kafka.coordinator.common.runtime.CoordinatorRuntime)
kafka-2-1  | 2026-09-25T22:50:53.239623244Z [2026-09-25 22:50:53,239] INFO [GroupCoordinator id=2] Scheduling unloading of metadata for __consumer_offsets-12 with epoch OptionalInt[0] (org.apache.kafka.coordinator.common.runtime.CoordinatorRuntime)
kafka-2-1  | 2026-09-25T22:50:53.239627461Z [2026-09-25 22:50:53,239] INFO [GroupCoordinator id=2] Ignored unloading metadata for __consumer_offsets-45 in epoch OptionalInt[0] since metadata was never loaded. (org.apache.kafka.coordinator.common.runtime.CoordinatorRuntime)
kafka-2-1  | 2026-09-25T22:50:53.239630306Z [2026-09-25 22:50:53,239] INFO [GroupCoordinator id=2] Scheduling unloading of metadata for __consumer_offsets-41 with epoch OptionalInt[1] (org.apache.kafka.coordinator.common.runtime.CoordinatorRuntime)
kafka-2-1  | 2026-09-25T22:50:53.239751839Z [2026-09-25 22:50:53,239] INFO [GroupCoordinator id=2] Scheduling unloading of metadata for __consumer_offsets-24 with epoch OptionalInt[0] (org.apache.kafka.coordinator.common.runtime.CoordinatorRuntime)
kafka-2-1  | 2026-09-25T22:50:53.239760182Z [2026-09-25 22:50:53,239] INFO [GroupCoordinator id=2] Ignored unloading metadata for __consumer_offsets-1 in epoch OptionalInt[1] since metadata was never loaded. (org.apache.kafka.coordinator.common.runtime.CoordinatorRuntime)
kafka-2-1  | 2026-09-25T22:50:53.239769510Z [2026-09-25 22:50:53,239] INFO [GroupCoordinator id=2] Scheduling unloading of metadata for __consumer_offsets-20 with epoch OptionalInt[1] (org.apache.kafka.coordinator.common.runtime.CoordinatorRuntime)
kafka-2-1  | 2026-09-25T22:50:53.239771032Z [2026-09-25 22:50:53,239] INFO [GroupCoordinator id=2] Scheduling unloading of metadata for __consumer_offsets-49 with epoch OptionalInt[0] (org.apache.kafka.coordinator.common.runtime.CoordinatorRuntime)
kafka-2-1  | 2026-09-25T22:50:53.239772490Z [2026-09-25 22:50:53,239] INFO [GroupCoordinator id=2] Scheduling unloading of metadata for __consumer_offsets-0 with epoch OptionalInt[0] (org.apache.kafka.coordinator.common.runtime.CoordinatorRuntime)
kafka-2-1  | 2026-09-25T22:50:53.239773871Z [2026-09-25 22:50:53,239] INFO [GroupCoordinator id=2] Ignored unloading metadata for __consumer_offsets-12 in epoch OptionalInt[0] since metadata was never loaded. (org.apache.kafka.coordinator.common.runtime.CoordinatorRuntime)
kafka-2-1  | 2026-09-25T22:50:53.239775243Z [2026-09-25 22:50:53,239] INFO [GroupCoordinator id=2] Scheduling unloading of metadata for __consumer_offsets-29 with epoch OptionalInt[0] (org.apache.kafka.coordinator.common.runtime.CoordinatorRuntime)
kafka-2-1  | 2026-09-25T22:50:53.240047696Z [2026-09-25 22:50:53,239] INFO [GroupCoordinator id=2] Ignored unloading metadata for __consumer_offsets-24 in epoch OptionalInt[0] since metadata was never loaded. (org.apache.kafka.coordinator.common.runtime.CoordinatorRuntime)
kafka-2-1  | 2026-09-25T22:50:53.240062388Z [2026-09-25 22:50:53,239] INFO [GroupCoordinator id=2] Scheduling unloading of metadata for __consumer_offsets-25 with epoch OptionalInt[1] (org.apache.kafka.coordinator.common.runtime.CoordinatorRuntime)
kafka-2-1  | 2026-09-25T22:50:53.240066500Z [2026-09-25 22:50:53,239] INFO [GroupCoordinator id=2] Scheduling unloading of metadata for __consumer_offsets-8 with epoch OptionalInt[1] (org.apache.kafka.coordinator.common.runtime.CoordinatorRuntime)
kafka-2-1  | 2026-09-25T22:50:53.240069477Z [2026-09-25 22:50:53,239] INFO [GroupCoordinator id=2] Ignored unloading metadata for __consumer_offsets-0 in epoch OptionalInt[0] since metadata was never loaded. (org.apache.kafka.coordinator.common.runtime.CoordinatorRuntime)
kafka-2-1  | 2026-09-25T22:50:53.240079313Z [2026-09-25 22:50:53,239] INFO [GroupCoordinator id=2] Scheduling unloading of metadata for __consumer_offsets-37 with epoch OptionalInt[0] (org.apache.kafka.coordinator.common.runtime.CoordinatorRuntime)
kafka-2-1  | 2026-09-25T22:50:53.240082734Z [2026-09-25 22:50:53,240] INFO [GroupCoordinator id=2] Ignored unloading metadata for __consumer_offsets-25 in epoch OptionalInt[1] since metadata was never loaded. (org.apache.kafka.coordinator.common.runtime.CoordinatorRuntime)
kafka-2-1  | 2026-09-25T22:50:53.240182318Z [2026-09-25 22:50:53,240] INFO [GroupCoordinator id=2] Scheduling unloading of metadata for __consumer_offsets-4 with epoch OptionalInt[1] (org.apache.kafka.coordinator.common.runtime.CoordinatorRuntime)
kafka-2-1  | 2026-09-25T22:50:53.240336044Z [2026-09-25 22:50:53,240] INFO [GroupCoordinator id=2] Ignored unloading metadata for __consumer_offsets-49 in epoch OptionalInt[0] since metadata was never loaded. (org.apache.kafka.coordinator.common.runtime.CoordinatorRuntime)
kafka-2-1  | 2026-09-25T22:50:53.240351045Z [2026-09-25 22:50:53,240] INFO [GroupCoordinator id=2] Scheduling unloading of metadata for __consumer_offsets-33 with epoch OptionalInt[0] (org.apache.kafka.coordinator.common.runtime.CoordinatorRuntime)
kafka-2-1  | 2026-09-25T22:50:53.240441100Z [2026-09-25 22:50:53,240] INFO [GroupCoordinator id=2] Scheduling unloading of metadata for __consumer_offsets-15 with epoch OptionalInt[0] (org.apache.kafka.coordinator.common.runtime.CoordinatorRuntime)
kafka-2-1  | 2026-09-25T22:50:53.240466942Z [2026-09-25 22:50:53,240] INFO [GroupCoordinator id=2] Ignored unloading metadata for __consumer_offsets-20 in epoch OptionalInt[1] since metadata was never loaded. (org.apache.kafka.coordinator.common.runtime.CoordinatorRuntime)
kafka-2-1  | 2026-09-25T22:50:53.240706788Z [2026-09-25 22:50:53,240] INFO [GroupCoordinator id=2] Ignored unloading metadata for __consumer_offsets-37 in epoch OptionalInt[0] since metadata was never loaded. (org.apache.kafka.coordinator.common.runtime.CoordinatorRuntime)
kafka-2-1  | 2026-09-25T22:50:53.240717898Z [2026-09-25 22:50:53,240] INFO [GroupCoordinator id=2] Ignored unloading metadata for __consumer_offsets-41 in epoch OptionalInt[1] since metadata was never loaded. (org.apache.kafka.coordinator.common.runtime.CoordinatorRuntime)
kafka-2-1  | 2026-09-25T22:50:53.240848819Z [2026-09-25 22:50:53,240] INFO [GroupCoordinator id=2] Ignored unloading metadata for __consumer_offsets-4 in epoch OptionalInt[1] since metadata was never loaded. (org.apache.kafka.coordinator.common.runtime.CoordinatorRuntime)
kafka-2-1  | 2026-09-25T22:50:53.240858719Z [2026-09-25 22:50:53,240] INFO [GroupCoordinator id=2] Ignored unloading metadata for __consumer_offsets-8 in epoch OptionalInt[1] since metadata was never loaded. (org.apache.kafka.coordinator.common.runtime.CoordinatorRuntime)
kafka-2-1  | 2026-09-25T22:50:53.240967293Z [2026-09-25 22:50:53,240] INFO [GroupCoordinator id=2] Ignored unloading metadata for __consumer_offsets-29 in epoch OptionalInt[0] since metadata was never loaded. (org.apache.kafka.coordinator.common.runtime.CoordinatorRuntime)
kafka-2-1  | 2026-09-25T22:50:53.241079451Z [2026-09-25 22:50:53,240] INFO [GroupCoordinator id=2] Ignored unloading metadata for __consumer_offsets-33 in epoch OptionalInt[0] since metadata was never loaded. (org.apache.kafka.coordinator.common.runtime.CoordinatorRuntime)
kafka-2-1  | 2026-09-25T22:50:53.241321952Z [2026-09-25 22:50:53,241] INFO [GroupCoordinator id=2] Scheduling unloading of metadata for __consumer_offsets-48 with epoch OptionalInt[0] (org.apache.kafka.coordinator.common.runtime.CoordinatorRuntime)
kafka-2-1  | 2026-09-25T22:50:53.241379189Z [2026-09-25 22:50:53,241] INFO [GroupCoordinator id=2] Ignored unloading metadata for __consumer_offsets-15 in epoch OptionalInt[0] since metadata was never loaded. (org.apache.kafka.coordinator.common.runtime.CoordinatorRuntime)
kafka-2-1  | 2026-09-25T22:50:53.241558092Z [2026-09-25 22:50:53,241] INFO [GroupCoordinator id=2] Scheduling unloading of metadata for __consumer_offsets-11 with epoch OptionalInt[0] (org.apache.kafka.coordinator.common.runtime.CoordinatorRuntime)
kafka-2-1  | 2026-09-25T22:50:53.241566747Z [2026-09-25 22:50:53,241] INFO [GroupCoordinator id=2] Ignored unloading metadata for __consumer_offsets-48 in epoch OptionalInt[0] since metadata was never loaded. (org.apache.kafka.coordinator.common.runtime.CoordinatorRuntime)
kafka-2-1  | 2026-09-25T22:50:53.241666323Z [2026-09-25 22:50:53,241] INFO [GroupCoordinator id=2] Scheduling unloading of metadata for __consumer_offsets-44 with epoch OptionalInt[1] (org.apache.kafka.coordinator.common.runtime.CoordinatorRuntime)
kafka-2-1  | 2026-09-25T22:50:53.242031529Z [2026-09-25 22:50:53,241] INFO [GroupCoordinator id=2] Scheduling unloading of metadata for __consumer_offsets-23 with epoch OptionalInt[1] (org.apache.kafka.coordinator.common.runtime.CoordinatorRuntime)
kafka-2-1  | 2026-09-25T22:50:53.242040508Z [2026-09-25 22:50:53,241] INFO [GroupCoordinator id=2] Scheduling unloading of metadata for __consumer_offsets-19 with epoch OptionalInt[0] (org.apache.kafka.coordinator.common.runtime.CoordinatorRuntime)
kafka-2-1  | 2026-09-25T22:50:53.242058158Z [2026-09-25 22:50:53,241] INFO [GroupCoordinator id=2] Ignored unloading metadata for __consumer_offsets-11 in epoch OptionalInt[0] since metadata was never loaded. (org.apache.kafka.coordinator.common.runtime.CoordinatorRuntime)
kafka-2-1  | 2026-09-25T22:50:53.242060256Z [2026-09-25 22:50:53,241] INFO [GroupCoordinator id=2] Scheduling unloading of metadata for __consumer_offsets-32 with epoch OptionalInt[0] (org.apache.kafka.coordinator.common.runtime.CoordinatorRuntime)
kafka-2-1  | 2026-09-25T22:50:53.242062368Z [2026-09-25 22:50:53,241] INFO [GroupCoordinator id=2] Ignored unloading metadata for __consumer_offsets-23 in epoch OptionalInt[1] since metadata was never loaded. (org.apache.kafka.coordinator.common.runtime.CoordinatorRuntime)
kafka-2-1  | 2026-09-25T22:50:53.242064430Z [2026-09-25 22:50:53,241] INFO [GroupCoordinator id=2] Ignored unloading metadata for __consumer_offsets-44 in epoch OptionalInt[1] since metadata was never loaded. (org.apache.kafka.coordinator.common.runtime.CoordinatorRuntime)
kafka-2-1  | 2026-09-25T22:50:53.242066446Z [2026-09-25 22:50:53,241] INFO [GroupCoordinator id=2] Ignored unloading metadata for __consumer_offsets-19 in epoch OptionalInt[0] since metadata was never loaded. (org.apache.kafka.coordinator.common.runtime.CoordinatorRuntime)
kafka-2-1  | 2026-09-25T22:50:53.242068376Z [2026-09-25 22:50:53,241] INFO [GroupCoordinator id=2] Ignored unloading metadata for __consumer_offsets-32 in epoch OptionalInt[0] since metadata was never loaded. (org.apache.kafka.coordinator.common.runtime.CoordinatorRuntime)
kafka-2-1  | 2026-09-25T22:50:53.242070221Z [2026-09-25 22:50:53,241] INFO [GroupCoordinator id=2] Scheduling unloading of metadata for __consumer_offsets-28 with epoch OptionalInt[0] (org.apache.kafka.coordinator.common.runtime.CoordinatorRuntime)
kafka-2-1  | 2026-09-25T22:50:53.242072642Z [2026-09-25 22:50:53,241] INFO [GroupCoordinator id=2] Scheduling unloading of metadata for __consumer_offsets-7 with epoch OptionalInt[0] (org.apache.kafka.coordinator.common.runtime.CoordinatorRuntime)
kafka-2-1  | 2026-09-25T22:50:53.242221053Z [2026-09-25 22:50:53,241] INFO [GroupCoordinator id=2] Ignored unloading metadata for __consumer_offsets-28 in epoch OptionalInt[0] since metadata was never loaded. (org.apache.kafka.coordinator.common.runtime.CoordinatorRuntime)
kafka-2-1  | 2026-09-25T22:50:53.242234794Z [2026-09-25 22:50:53,242] INFO [GroupCoordinator id=2] Ignored unloading metadata for __consumer_offsets-7 in epoch OptionalInt[0] since metadata was never loaded. (org.apache.kafka.coordinator.common.runtime.CoordinatorRuntime)
kafka-2-1  | 2026-09-25T22:50:53.242238742Z [2026-09-25 22:50:53,242] INFO [GroupCoordinator id=2] Scheduling unloading of metadata for __consumer_offsets-40 with epoch OptionalInt[0] (org.apache.kafka.coordinator.common.runtime.CoordinatorRuntime)
kafka-2-1  | 2026-09-25T22:50:53.242406160Z [2026-09-25 22:50:53,242] INFO [GroupCoordinator id=2] Scheduling unloading of metadata for __consumer_offsets-3 with epoch OptionalInt[0] (org.apache.kafka.coordinator.common.runtime.CoordinatorRuntime)
kafka-2-1  | 2026-09-25T22:50:53.242665325Z [2026-09-25 22:50:53,242] INFO [GroupCoordinator id=2] Ignored unloading metadata for __consumer_offsets-40 in epoch OptionalInt[0] since metadata was never loaded. (org.apache.kafka.coordinator.common.runtime.CoordinatorRuntime)
kafka-2-1  | 2026-09-25T22:50:53.242679448Z [2026-09-25 22:50:53,242] INFO [GroupCoordinator id=2] Scheduling unloading of metadata for __consumer_offsets-36 with epoch OptionalInt[1] (org.apache.kafka.coordinator.common.runtime.CoordinatorRuntime)
kafka-2-1  | 2026-09-25T22:50:53.242694569Z [2026-09-25 22:50:53,242] INFO [GroupCoordinator id=2] Ignored unloading metadata for __consumer_offsets-3 in epoch OptionalInt[0] since metadata was never loaded. (org.apache.kafka.coordinator.common.runtime.CoordinatorRuntime)
kafka-2-1  | 2026-09-25T22:50:53.242785016Z [2026-09-25 22:50:53,242] INFO [GroupCoordinator id=2] Scheduling unloading of metadata for __consumer_offsets-47 with epoch OptionalInt[0] (org.apache.kafka.coordinator.common.runtime.CoordinatorRuntime)
kafka-2-1  | 2026-09-25T22:50:53.242899760Z [2026-09-25 22:50:53,242] INFO [GroupCoordinator id=2] Ignored unloading metadata for __consumer_offsets-36 in epoch OptionalInt[1] since metadata was never loaded. (org.apache.kafka.coordinator.common.runtime.CoordinatorRuntime)
kafka-2-1  | 2026-09-25T22:50:53.242903691Z [2026-09-25 22:50:53,242] INFO [GroupCoordinator id=2] Scheduling unloading of metadata for __consumer_offsets-14 with epoch OptionalInt[0] (org.apache.kafka.coordinator.common.runtime.CoordinatorRuntime)
kafka-2-1  | 2026-09-25T22:50:53.242981588Z [2026-09-25 22:50:53,242] INFO [GroupCoordinator id=2] Ignored unloading metadata for __consumer_offsets-47 in epoch OptionalInt[0] since metadata was never loaded. (org.apache.kafka.coordinator.common.runtime.CoordinatorRuntime)
kafka-2-1  | 2026-09-25T22:50:53.243174829Z [2026-09-25 22:50:53,242] INFO [GroupCoordinator id=2] Scheduling unloading of metadata for __consumer_offsets-43 with epoch OptionalInt[0] (org.apache.kafka.coordinator.common.runtime.CoordinatorRuntime)
kafka-2-1  | 2026-09-25T22:50:53.243190282Z [2026-09-25 22:50:53,242] INFO [GroupCoordinator id=2] Ignored unloading metadata for __consumer_offsets-14 in epoch OptionalInt[0] since metadata was never loaded. (org.apache.kafka.coordinator.common.runtime.CoordinatorRuntime)
kafka-2-1  | 2026-09-25T22:50:53.243483558Z [2026-09-25 22:50:53,243] INFO [GroupCoordinator id=2] Scheduling unloading of metadata for __consumer_offsets-10 with epoch OptionalInt[0] (org.apache.kafka.coordinator.common.runtime.CoordinatorRuntime)
kafka-2-1  | 2026-09-25T22:50:53.243500068Z [2026-09-25 22:50:53,243] INFO [GroupCoordinator id=2] Ignored unloading metadata for __consumer_offsets-43 in epoch OptionalInt[0] since metadata was never loaded. (org.apache.kafka.coordinator.common.runtime.CoordinatorRuntime)
kafka-2-1  | 2026-09-25T22:50:53.243504578Z [2026-09-25 22:50:53,243] INFO [GroupCoordinator id=2] Ignored unloading metadata for __consumer_offsets-10 in epoch OptionalInt[0] since metadata was never loaded. (org.apache.kafka.coordinator.common.runtime.CoordinatorRuntime)
kafka-2-1  | 2026-09-25T22:50:53.243507661Z [2026-09-25 22:50:53,243] INFO [GroupCoordinator id=2] Scheduling unloading of metadata for __consumer_offsets-22 with epoch OptionalInt[0] (org.apache.kafka.coordinator.common.runtime.CoordinatorRuntime)
kafka-2-1  | 2026-09-25T22:50:53.243738832Z [2026-09-25 22:50:53,243] INFO [GroupCoordinator id=2] Scheduling unloading of metadata for __consumer_offsets-18 with epoch OptionalInt[0] (org.apache.kafka.coordinator.common.runtime.CoordinatorRuntime)
kafka-2-1  | 2026-09-25T22:50:53.243755207Z [2026-09-25 22:50:53,243] INFO [GroupCoordinator id=2] Ignored unloading metadata for __consumer_offsets-22 in epoch OptionalInt[0] since metadata was never loaded. (org.apache.kafka.coordinator.common.runtime.CoordinatorRuntime)
kafka-2-1  | 2026-09-25T22:50:53.243759332Z [2026-09-25 22:50:53,243] INFO [GroupCoordinator id=2] Scheduling unloading of metadata for __consumer_offsets-31 with epoch OptionalInt[0] (org.apache.kafka.coordinator.common.runtime.CoordinatorRuntime)
kafka-2-1  | 2026-09-25T22:50:53.243934283Z [2026-09-25 22:50:53,243] INFO [GroupCoordinator id=2] Scheduling unloading of metadata for __consumer_offsets-27 with epoch OptionalInt[1] (org.apache.kafka.coordinator.common.runtime.CoordinatorRuntime)
kafka-2-1  | 2026-09-25T22:50:53.243946839Z [2026-09-25 22:50:53,243] INFO [GroupCoordinator id=2] Ignored unloading metadata for __consumer_offsets-31 in epoch OptionalInt[0] since metadata was never loaded. (org.apache.kafka.coordinator.common.runtime.CoordinatorRuntime)
kafka-2-1  | 2026-09-25T22:50:53.244082551Z [2026-09-25 22:50:53,243] INFO [GroupCoordinator id=2] Ignored unloading metadata for __consumer_offsets-27 in epoch OptionalInt[1] since metadata was never loaded. (org.apache.kafka.coordinator.common.runtime.CoordinatorRuntime)
kafka-2-1  | 2026-09-25T22:50:53.244098119Z [2026-09-25 22:50:53,243] INFO [GroupCoordinator id=2] Scheduling unloading of metadata for __consumer_offsets-39 with epoch OptionalInt[0] (org.apache.kafka.coordinator.common.runtime.CoordinatorRuntime)
kafka-2-1  | 2026-09-25T22:50:53.244302931Z [2026-09-25 22:50:53,243] INFO [GroupCoordinator id=2] Ignored unloading metadata for __consumer_offsets-18 in epoch OptionalInt[0] since metadata was never loaded. (org.apache.kafka.coordinator.common.runtime.CoordinatorRuntime)
kafka-2-1  | 2026-09-25T22:50:53.244463597Z [2026-09-25 22:50:53,244] INFO [GroupCoordinator id=2] Scheduling unloading of metadata for __consumer_offsets-6 with epoch OptionalInt[0] (org.apache.kafka.coordinator.common.runtime.CoordinatorRuntime)
kafka-2-1  | 2026-09-25T22:50:53.244554349Z [2026-09-25 22:50:53,244] INFO [GroupCoordinator id=2] Scheduling unloading of metadata for __consumer_offsets-35 with epoch OptionalInt[0] (org.apache.kafka.coordinator.common.runtime.CoordinatorRuntime)
kafka-2-1  | 2026-09-25T22:50:53.244565346Z [2026-09-25 22:50:53,244] INFO [GroupCoordinator id=2] Ignored unloading metadata for __consumer_offsets-39 in epoch OptionalInt[0] since metadata was never loaded. (org.apache.kafka.coordinator.common.runtime.CoordinatorRuntime)
kafka-2-1  | 2026-09-25T22:50:53.244689644Z [2026-09-25 22:50:53,244] INFO [GroupCoordinator id=2] Scheduling unloading of metadata for __consumer_offsets-2 with epoch OptionalInt[0] (org.apache.kafka.coordinator.common.runtime.CoordinatorRuntime)
kafka-2-1  | 2026-09-25T22:50:53.244825101Z [2026-09-25 22:50:53,244] INFO [GroupCoordinator id=2] Ignored unloading metadata for __consumer_offsets-6 in epoch OptionalInt[0] since metadata was never loaded. (org.apache.kafka.coordinator.common.runtime.CoordinatorRuntime)
kafka-2-1  | 2026-09-25T22:50:53.245370540Z [2026-09-25 22:50:53,244] INFO [GroupCoordinator id=2] Ignored unloading metadata for __consumer_offsets-2 in epoch OptionalInt[0] since metadata was never loaded. (org.apache.kafka.coordinator.common.runtime.CoordinatorRuntime)
kafka-2-1  | 2026-09-25T22:50:53.245394118Z [2026-09-25 22:50:53,245] INFO [GroupCoordinator id=2] Ignored unloading metadata for __consumer_offsets-35 in epoch OptionalInt[0] since metadata was never loaded. (org.apache.kafka.coordinator.common.runtime.CoordinatorRuntime)
kafka-2-1  | 2026-09-25T22:50:53.248876144Z [2026-09-25 22:50:53,248] INFO [DynamicConfigPublisher broker id=2] Updating topic dados-sensores with new configuration : min.insync.replicas -> 2 (kafka.server.metadata.DynamicConfigPublisher)
kafka-2-1  | 2026-09-25T22:50:53.259657482Z [2026-09-25 22:50:53,259] INFO [DynamicConfigPublisher broker id=2] Updating topic __consumer_offsets with new configuration : compression.type -> producer,cleanup.policy -> compact,segment.bytes -> 104857600 (kafka.server.metadata.DynamicConfigPublisher)
kafka-2-1  | 2026-09-25T22:50:53.261629224Z [2026-09-25 22:50:53,261] INFO [MetadataLoader id=2] InitializeNewPublishers: initializing BrokerRegistrationTracker(id=2) with a snapshot at offset 385 (org.apache.kafka.image.loader.MetadataLoader)
kafka-2-1  | 2026-09-25T22:50:53.262561371Z [2026-09-25 22:50:53,262] INFO [ControllerRegistrationManager id=2 incarnation=89GjpPsjRgSAu_T-xeYLxw] Our registration has been persisted to the metadata log. (kafka.server.ControllerRegistrationManager)
kafka-2-1  | 2026-09-25T22:50:53.274213350Z [2026-09-25 22:50:53,273] INFO [BrokerLifecycleManager id=2] The broker has caught up. Transitioning from STARTING to RECOVERY. (kafka.server.BrokerLifecycleManager)
kafka-2-1  | 2026-09-25T22:50:53.276399159Z [2026-09-25 22:50:53,276] INFO [BrokerServer id=2] Finished waiting for the controller to acknowledge that we are caught up (kafka.server.BrokerServer)
kafka-2-1  | 2026-09-25T22:50:53.276412193Z [2026-09-25 22:50:53,276] INFO [BrokerServer id=2] Waiting for the initial broker metadata update to be published (kafka.server.BrokerServer)
kafka-2-1  | 2026-09-25T22:50:53.276414156Z [2026-09-25 22:50:53,276] INFO [BrokerServer id=2] Finished waiting for the initial broker metadata update to be published (kafka.server.BrokerServer)
kafka-2-1  | 2026-09-25T22:50:53.277537284Z [2026-09-25 22:50:53,277] INFO KafkaConfig values: 
kafka-2-1  | 2026-09-25T22:50:53.277555877Z 	add.partitions.to.txn.retry.backoff.max.ms = 100
kafka-2-1  | 2026-09-25T22:50:53.277560908Z 	add.partitions.to.txn.retry.backoff.ms = 20
kafka-2-1  | 2026-09-25T22:50:53.277564631Z 	advertised.listeners = PLAINTEXT://kafka-2:9092
kafka-2-1  | 2026-09-25T22:50:53.277567417Z 	alter.config.policy.class.name = null
kafka-2-1  | 2026-09-25T22:50:53.277570175Z 	alter.log.dirs.replication.quota.window.num = 11
kafka-2-1  | 2026-09-25T22:50:53.277572772Z 	alter.log.dirs.replication.quota.window.size.seconds = 1
kafka-2-1  | 2026-09-25T22:50:53.277575367Z 	authorizer.class.name = 
kafka-2-1  | 2026-09-25T22:50:53.277578029Z 	auto.create.topics.enable = false
kafka-2-1  | 2026-09-25T22:50:53.277580693Z 	auto.leader.rebalance.enable = true
kafka-2-1  | 2026-09-25T22:50:53.277583276Z 	background.threads = 10
kafka-2-1  | 2026-09-25T22:50:53.277586409Z 	broker.heartbeat.interval.ms = 1000
kafka-2-1  | 2026-09-25T22:50:53.277589006Z 	broker.id = 2
kafka-2-1  | 2026-09-25T22:50:53.277591531Z 	broker.rack = null
kafka-2-1  | 2026-09-25T22:50:53.277594045Z 	broker.session.timeout.ms = 4000
kafka-2-1  | 2026-09-25T22:50:53.277596610Z 	client.quota.callback.class = null
kafka-2-1  | 2026-09-25T22:50:53.277599265Z 	compression.gzip.level = -1
kafka-2-1  | 2026-09-25T22:50:53.277601799Z 	compression.lz4.level = 9
kafka-2-1  | 2026-09-25T22:50:53.277604301Z 	compression.type = producer
kafka-2-1  | 2026-09-25T22:50:53.277606840Z 	compression.zstd.level = 3
kafka-2-1  | 2026-09-25T22:50:53.277609354Z 	connection.failed.authentication.delay.ms = 100
kafka-2-1  | 2026-09-25T22:50:53.277612123Z 	connections.max.idle.ms = 600000
kafka-2-1  | 2026-09-25T22:50:53.277614703Z 	connections.max.reauth.ms = 0
kafka-2-1  | 2026-09-25T22:50:53.277617240Z 	controlled.shutdown.enable = true
kafka-2-1  | 2026-09-25T22:50:53.277631162Z 	controller.listener.names = CONTROLLER
kafka-2-1  | 2026-09-25T22:50:53.277634193Z 	controller.performance.always.log.threshold.ms = 2000
kafka-2-1  | 2026-09-25T22:50:53.277636863Z 	controller.performance.sample.period.ms = 60000
kafka-2-1  | 2026-09-25T22:50:53.277639632Z 	controller.quorum.append.linger.ms = 25
kafka-2-1  | 2026-09-25T22:50:53.277642190Z 	controller.quorum.bootstrap.servers = []
kafka-2-1  | 2026-09-25T22:50:53.277644727Z 	controller.quorum.election.backoff.max.ms = 1000
kafka-2-1  | 2026-09-25T22:50:53.277647260Z 	controller.quorum.election.timeout.ms = 1000
kafka-2-1  | 2026-09-25T22:50:53.277649805Z 	controller.quorum.fetch.timeout.ms = 2000
kafka-2-1  | 2026-09-25T22:50:53.277652336Z 	controller.quorum.request.timeout.ms = 2000
kafka-2-1  | 2026-09-25T22:50:53.277654853Z 	controller.quorum.retry.backoff.ms = 20
kafka-2-1  | 2026-09-25T22:50:53.277657406Z 	controller.quorum.voters = [1@kafka-1:9093, 2@kafka-2:9093, 3@kafka-3:9093]
kafka-2-1  | 2026-09-25T22:50:53.277660109Z 	controller.quota.window.num = 11
kafka-2-1  | 2026-09-25T22:50:53.277662642Z 	controller.quota.window.size.seconds = 1
kafka-2-1  | 2026-09-25T22:50:53.277665137Z 	controller.socket.timeout.ms = 30000
kafka-2-1  | 2026-09-25T22:50:53.277667633Z 	create.topic.policy.class.name = null
kafka-2-1  | 2026-09-25T22:50:53.277670144Z 	default.replication.factor = 3
kafka-2-1  | 2026-09-25T22:50:53.277672658Z 	delegation.token.expiry.check.interval.ms = 3600000
kafka-2-1  | 2026-09-25T22:50:53.277675356Z 	delegation.token.expiry.time.ms = 86400000
kafka-2-1  | 2026-09-25T22:50:53.277677895Z 	delegation.token.max.lifetime.ms = 604800000
kafka-2-1  | 2026-09-25T22:50:53.277680452Z 	delegation.token.secret.key = null
kafka-2-1  | 2026-09-25T22:50:53.277682934Z 	delete.records.purgatory.purge.interval.requests = 1
kafka-2-1  | 2026-09-25T22:50:53.277685610Z 	delete.topic.enable = true
kafka-2-1  | 2026-09-25T22:50:53.277688166Z 	early.start.listeners = null
kafka-2-1  | 2026-09-25T22:50:53.277690835Z 	fetch.max.bytes = 57671680
kafka-2-1  | 2026-09-25T22:50:53.277693357Z 	fetch.purgatory.purge.interval.requests = 1000
kafka-2-1  | 2026-09-25T22:50:53.277695873Z 	group.consumer.assignors = [uniform, range]
kafka-2-1  | 2026-09-25T22:50:53.277698423Z 	group.consumer.heartbeat.interval.ms = 5000
kafka-2-1  | 2026-09-25T22:50:53.277701534Z 	group.consumer.max.heartbeat.interval.ms = 15000
kafka-2-1  | 2026-09-25T22:50:53.277704311Z 	group.consumer.max.session.timeout.ms = 60000
kafka-2-1  | 2026-09-25T22:50:53.277706849Z 	group.consumer.max.size = 2147483647
kafka-2-1  | 2026-09-25T22:50:53.277709351Z 	group.consumer.migration.policy = bidirectional
kafka-2-1  | 2026-09-25T22:50:53.277711952Z 	group.consumer.min.heartbeat.interval.ms = 5000
kafka-2-1  | 2026-09-25T22:50:53.277714460Z 	group.consumer.min.session.timeout.ms = 45000
kafka-2-1  | 2026-09-25T22:50:53.277716988Z 	group.consumer.session.timeout.ms = 45000
kafka-2-1  | 2026-09-25T22:50:53.277723091Z 	group.coordinator.append.linger.ms = 5
kafka-2-1  | 2026-09-25T22:50:53.277725818Z 	group.coordinator.new.enable = true
kafka-2-1  | 2026-09-25T22:50:53.277728323Z 	group.coordinator.rebalance.protocols = [classic, consumer]
kafka-2-1  | 2026-09-25T22:50:53.277730930Z 	group.coordinator.threads = 4
kafka-2-1  | 2026-09-25T22:50:53.277733456Z 	group.initial.rebalance.delay.ms = 0
kafka-2-1  | 2026-09-25T22:50:53.277736011Z 	group.max.session.timeout.ms = 1800000
kafka-2-1  | 2026-09-25T22:50:53.277738476Z 	group.max.size = 2147483647
kafka-2-1  | 2026-09-25T22:50:53.277740976Z 	group.min.session.timeout.ms = 6000
kafka-2-1  | 2026-09-25T22:50:53.277743467Z 	group.share.delivery.count.limit = 5
kafka-2-1  | 2026-09-25T22:50:53.277746012Z 	group.share.enable = false
kafka-2-1  | 2026-09-25T22:50:53.277748477Z 	group.share.heartbeat.interval.ms = 5000
kafka-2-1  | 2026-09-25T22:50:53.277750976Z 	group.share.max.groups = 10
kafka-2-1  | 2026-09-25T22:50:53.277753497Z 	group.share.max.heartbeat.interval.ms = 15000
kafka-2-1  | 2026-09-25T22:50:53.277755989Z 	group.share.max.record.lock.duration.ms = 60000
kafka-2-1  | 2026-09-25T22:50:53.277758547Z 	group.share.max.session.timeout.ms = 60000
kafka-2-1  | 2026-09-25T22:50:53.277761149Z 	group.share.max.size = 200
kafka-2-1  | 2026-09-25T22:50:53.277763636Z 	group.share.min.heartbeat.interval.ms = 5000
kafka-2-1  | 2026-09-25T22:50:53.277766662Z 	group.share.min.record.lock.duration.ms = 15000
kafka-2-1  | 2026-09-25T22:50:53.277769238Z 	group.share.min.session.timeout.ms = 45000
kafka-2-1  | 2026-09-25T22:50:53.277771768Z 	group.share.partition.max.record.locks = 200
kafka-2-1  | 2026-09-25T22:50:53.277774534Z 	group.share.persister.class.name = org.apache.kafka.server.share.persister.DefaultStatePersister
kafka-2-1  | 2026-09-25T22:50:53.277777220Z 	group.share.record.lock.duration.ms = 30000
kafka-2-1  | 2026-09-25T22:50:53.277779708Z 	group.share.session.timeout.ms = 45000
kafka-2-1  | 2026-09-25T22:50:53.277782192Z 	initial.broker.registration.timeout.ms = 60000
kafka-2-1  | 2026-09-25T22:50:53.277784785Z 	inter.broker.listener.name = PLAINTEXT
kafka-2-1  | 2026-09-25T22:50:53.277787293Z 	kafka.metrics.polling.interval.secs = 10
kafka-2-1  | 2026-09-25T22:50:53.277789759Z 	kafka.metrics.reporters = []
kafka-2-1  | 2026-09-25T22:50:53.277792245Z 	leader.imbalance.check.interval.seconds = 300
kafka-2-1  | 2026-09-25T22:50:53.277794720Z 	listener.security.protocol.map = PLAINTEXT:PLAINTEXT,CONTROLLER:PLAINTEXT
kafka-2-1  | 2026-09-25T22:50:53.277797283Z 	listeners = PLAINTEXT://0.0.0.0:9092,CONTROLLER://0.0.0.0:9093
kafka-2-1  | 2026-09-25T22:50:53.277799808Z 	log.cleaner.backoff.ms = 15000
kafka-2-1  | 2026-09-25T22:50:53.277802365Z 	log.cleaner.dedupe.buffer.size = 134217728
kafka-2-1  | 2026-09-25T22:50:53.277804874Z 	log.cleaner.delete.retention.ms = 86400000
kafka-2-1  | 2026-09-25T22:50:53.277807405Z 	log.cleaner.enable = true
kafka-2-1  | 2026-09-25T22:50:53.277809901Z 	log.cleaner.io.buffer.load.factor = 0.9
kafka-2-1  | 2026-09-25T22:50:53.277815031Z 	log.cleaner.io.buffer.size = 524288
kafka-2-1  | 2026-09-25T22:50:53.277817639Z 	log.cleaner.io.max.bytes.per.second = 1.7976931348623157E308
kafka-2-1  | 2026-09-25T22:50:53.277820428Z 	log.cleaner.max.compaction.lag.ms = 9223372036854775807
kafka-2-1  | 2026-09-25T22:50:53.277823215Z 	log.cleaner.min.cleanable.ratio = 0.5
kafka-2-1  | 2026-09-25T22:50:53.277826256Z 	log.cleaner.min.compaction.lag.ms = 0
kafka-2-1  | 2026-09-25T22:50:53.277828889Z 	log.cleaner.threads = 1
kafka-2-1  | 2026-09-25T22:50:53.277831399Z 	log.cleanup.policy = [delete]
kafka-2-1  | 2026-09-25T22:50:53.277833882Z 	log.dir = /tmp/kafka-logs
kafka-2-1  | 2026-09-25T22:50:53.277836364Z 	log.dir.failure.timeout.ms = 30000
kafka-2-1  | 2026-09-25T22:50:53.277838836Z 	log.dirs = /var/lib/kafka/data
kafka-2-1  | 2026-09-25T22:50:53.277841256Z 	log.flush.interval.messages = 9223372036854775807
kafka-2-1  | 2026-09-25T22:50:53.277843914Z 	log.flush.interval.ms = null
kafka-2-1  | 2026-09-25T22:50:53.277846418Z 	log.flush.offset.checkpoint.interval.ms = 60000
kafka-2-1  | 2026-09-25T22:50:53.277848977Z 	log.flush.scheduler.interval.ms = 9223372036854775807
kafka-2-1  | 2026-09-25T22:50:53.277851525Z 	log.flush.start.offset.checkpoint.interval.ms = 60000
kafka-2-1  | 2026-09-25T22:50:53.277857590Z 	log.index.interval.bytes = 4096
kafka-2-1  | 2026-09-25T22:50:53.277860100Z 	log.index.size.max.bytes = 10485760
kafka-2-1  | 2026-09-25T22:50:53.277862682Z 	log.initial.task.delay.ms = 30000
kafka-2-1  | 2026-09-25T22:50:53.277865287Z 	log.local.retention.bytes = -2
kafka-2-1  | 2026-09-25T22:50:53.277867866Z 	log.local.retention.ms = -2
kafka-2-1  | 2026-09-25T22:50:53.277870329Z 	log.message.timestamp.after.max.ms = 3600000
kafka-2-1  | 2026-09-25T22:50:53.277872813Z 	log.message.timestamp.before.max.ms = 9223372036854775807
kafka-2-1  | 2026-09-25T22:50:53.277875364Z 	log.message.timestamp.type = CreateTime
kafka-2-1  | 2026-09-25T22:50:53.277877832Z 	log.preallocate = false
kafka-2-1  | 2026-09-25T22:50:53.277880321Z 	log.retention.bytes = -1
kafka-2-1  | 2026-09-25T22:50:53.277882802Z 	log.retention.check.interval.ms = 300000
kafka-2-1  | 2026-09-25T22:50:53.277885325Z 	log.retention.hours = 168
kafka-2-1  | 2026-09-25T22:50:53.277887788Z 	log.retention.minutes = null
kafka-2-1  | 2026-09-25T22:50:53.277890358Z 	log.retention.ms = null
kafka-2-1  | 2026-09-25T22:50:53.277892782Z 	log.roll.hours = 168
kafka-2-1  | 2026-09-25T22:50:53.277895342Z 	log.roll.jitter.hours = 0
kafka-2-1  | 2026-09-25T22:50:53.277897846Z 	log.roll.jitter.ms = null
kafka-2-1  | 2026-09-25T22:50:53.277900433Z 	log.roll.ms = null
kafka-2-1  | 2026-09-25T22:50:53.277902896Z 	log.segment.bytes = 1073741824
kafka-2-1  | 2026-09-25T22:50:53.277905569Z 	log.segment.delete.delay.ms = 60000
kafka-2-1  | 2026-09-25T22:50:53.277908095Z 	max.connection.creation.rate = 2147483647
kafka-2-1  | 2026-09-25T22:50:53.277913387Z 	max.connections = 2147483647
kafka-2-1  | 2026-09-25T22:50:53.277916228Z 	max.connections.per.ip = 2147483647
kafka-2-1  | 2026-09-25T22:50:53.277918813Z 	max.connections.per.ip.overrides = 
kafka-2-1  | 2026-09-25T22:50:53.277921415Z 	max.incremental.fetch.session.cache.slots = 1000
kafka-2-1  | 2026-09-25T22:50:53.277923979Z 	max.request.partition.size.limit = 2000
kafka-2-1  | 2026-09-25T22:50:53.277926651Z 	message.max.bytes = 1048588
kafka-2-1  | 2026-09-25T22:50:53.277929193Z 	metadata.log.dir = null
kafka-2-1  | 2026-09-25T22:50:53.277931671Z 	metadata.log.max.record.bytes.between.snapshots = 20971520
kafka-2-1  | 2026-09-25T22:50:53.277934231Z 	metadata.log.max.snapshot.interval.ms = 3600000
kafka-2-1  | 2026-09-25T22:50:53.277936806Z 	metadata.log.segment.bytes = 1073741824
kafka-2-1  | 2026-09-25T22:50:53.277939301Z 	metadata.log.segment.min.bytes = 8388608
kafka-2-1  | 2026-09-25T22:50:53.277941753Z 	metadata.log.segment.ms = 604800000
kafka-2-1  | 2026-09-25T22:50:53.277944229Z 	metadata.max.idle.interval.ms = 500
kafka-2-1  | 2026-09-25T22:50:53.277946670Z 	metadata.max.retention.bytes = 104857600
kafka-2-1  | 2026-09-25T22:50:53.277949186Z 	metadata.max.retention.ms = 604800000
kafka-2-1  | 2026-09-25T22:50:53.277951711Z 	metric.reporters = [org.apache.kafka.common.metrics.JmxReporter]
kafka-2-1  | 2026-09-25T22:50:53.277954363Z 	metrics.num.samples = 2
kafka-2-1  | 2026-09-25T22:50:53.277956888Z 	metrics.recording.level = INFO
kafka-2-1  | 2026-09-25T22:50:53.277959393Z 	metrics.sample.window.ms = 30000
kafka-2-1  | 2026-09-25T22:50:53.277962053Z 	min.insync.replicas = 2
kafka-2-1  | 2026-09-25T22:50:53.277964529Z 	node.id = 2
kafka-2-1  | 2026-09-25T22:50:53.277967077Z 	num.io.threads = 8
kafka-2-1  | 2026-09-25T22:50:53.277969538Z 	num.network.threads = 3
kafka-2-1  | 2026-09-25T22:50:53.277972075Z 	num.partitions = 1
kafka-2-1  | 2026-09-25T22:50:53.277974725Z 	num.recovery.threads.per.data.dir = 2
kafka-2-1  | 2026-09-25T22:50:53.277977232Z 	num.replica.alter.log.dirs.threads = null
kafka-2-1  | 2026-09-25T22:50:53.277980315Z 	num.replica.fetchers = 1
kafka-2-1  | 2026-09-25T22:50:53.277982901Z 	offset.metadata.max.bytes = 4096
kafka-2-1  | 2026-09-25T22:50:53.277985601Z 	offsets.commit.timeout.ms = 5000
kafka-2-1  | 2026-09-25T22:50:53.277988132Z 	offsets.load.buffer.size = 5242880
kafka-2-1  | 2026-09-25T22:50:53.277990777Z 	offsets.retention.check.interval.ms = 600000
kafka-2-1  | 2026-09-25T22:50:53.277993364Z 	offsets.retention.minutes = 10080
kafka-2-1  | 2026-09-25T22:50:53.277995923Z 	offsets.topic.compression.codec = 0
kafka-2-1  | 2026-09-25T22:50:53.277998400Z 	offsets.topic.num.partitions = 50
kafka-2-1  | 2026-09-25T22:50:53.278001001Z 	offsets.topic.replication.factor = 3
kafka-2-1  | 2026-09-25T22:50:53.278003489Z 	offsets.topic.segment.bytes = 104857600
kafka-2-1  | 2026-09-25T22:50:53.278006057Z 	principal.builder.class = class org.apache.kafka.common.security.authenticator.DefaultKafkaPrincipalBuilder
kafka-2-1  | 2026-09-25T22:50:53.278011576Z 	process.roles = [broker, controller]
kafka-2-1  | 2026-09-25T22:50:53.278014472Z 	producer.id.expiration.check.interval.ms = 600000
kafka-2-1  | 2026-09-25T22:50:53.278017117Z 	producer.id.expiration.ms = 86400000
kafka-2-1  | 2026-09-25T22:50:53.278019687Z 	producer.purgatory.purge.interval.requests = 1000
kafka-2-1  | 2026-09-25T22:50:53.278022231Z 	queued.max.request.bytes = -1
kafka-2-1  | 2026-09-25T22:50:53.278024720Z 	queued.max.requests = 500
kafka-2-1  | 2026-09-25T22:50:53.278027338Z 	quota.window.num = 11
kafka-2-1  | 2026-09-25T22:50:53.278029860Z 	quota.window.size.seconds = 1
kafka-2-1  | 2026-09-25T22:50:53.278032435Z 	remote.fetch.max.wait.ms = 500
kafka-2-1  | 2026-09-25T22:50:53.278035303Z 	remote.list.offsets.request.timeout.ms = 30000
kafka-2-1  | 2026-09-25T22:50:53.278037916Z 	remote.log.index.file.cache.total.size.bytes = 1073741824
kafka-2-1  | 2026-09-25T22:50:53.278044205Z 	remote.log.manager.copier.thread.pool.size = 10
kafka-2-1  | 2026-09-25T22:50:53.278046653Z 	remote.log.manager.copy.max.bytes.per.second = 9223372036854775807
kafka-2-1  | 2026-09-25T22:50:53.278049157Z 	remote.log.manager.copy.quota.window.num = 11
kafka-2-1  | 2026-09-25T22:50:53.278051628Z 	remote.log.manager.copy.quota.window.size.seconds = 1
kafka-2-1  | 2026-09-25T22:50:53.278054032Z 	remote.log.manager.expiration.thread.pool.size = 10
kafka-2-1  | 2026-09-25T22:50:53.278056487Z 	remote.log.manager.fetch.max.bytes.per.second = 9223372036854775807
kafka-2-1  | 2026-09-25T22:50:53.278058900Z 	remote.log.manager.fetch.quota.window.num = 11
kafka-2-1  | 2026-09-25T22:50:53.278061404Z 	remote.log.manager.fetch.quota.window.size.seconds = 1
kafka-2-1  | 2026-09-25T22:50:53.278063915Z 	remote.log.manager.task.interval.ms = 30000
kafka-2-1  | 2026-09-25T22:50:53.278066351Z 	remote.log.manager.task.retry.backoff.max.ms = 30000
kafka-2-1  | 2026-09-25T22:50:53.278068765Z 	remote.log.manager.task.retry.backoff.ms = 500
kafka-2-1  | 2026-09-25T22:50:53.278071426Z 	remote.log.manager.task.retry.jitter = 0.2
kafka-2-1  | 2026-09-25T22:50:53.278073851Z 	remote.log.manager.thread.pool.size = 2
kafka-2-1  | 2026-09-25T22:50:53.278076433Z 	remote.log.metadata.custom.metadata.max.bytes = 128
kafka-2-1  | 2026-09-25T22:50:53.278079042Z 	remote.log.metadata.manager.class.name = org.apache.kafka.server.log.remote.metadata.storage.TopicBasedRemoteLogMetadataManager
kafka-2-1  | 2026-09-25T22:50:53.278081692Z 	remote.log.metadata.manager.class.path = null
kafka-2-1  | 2026-09-25T22:50:53.278084124Z 	remote.log.metadata.manager.impl.prefix = rlmm.config.
kafka-2-1  | 2026-09-25T22:50:53.278086636Z 	remote.log.metadata.manager.listener.name = null
kafka-2-1  | 2026-09-25T22:50:53.278089110Z 	remote.log.reader.max.pending.tasks = 100
kafka-2-1  | 2026-09-25T22:50:53.278091791Z 	remote.log.reader.threads = 10
kafka-2-1  | 2026-09-25T22:50:53.278094201Z 	remote.log.storage.manager.class.name = null
kafka-2-1  | 2026-09-25T22:50:53.278097008Z 	remote.log.storage.manager.class.path = null
kafka-2-1  | 2026-09-25T22:50:53.278102677Z 	remote.log.storage.manager.impl.prefix = rsm.config.
kafka-2-1  | 2026-09-25T22:50:53.278105547Z 	remote.log.storage.system.enable = false
kafka-2-1  | 2026-09-25T22:50:53.278108165Z 	replica.fetch.backoff.ms = 1000
kafka-2-1  | 2026-09-25T22:50:53.278110797Z 	replica.fetch.max.bytes = 1048576
kafka-2-1  | 2026-09-25T22:50:53.278113310Z 	replica.fetch.min.bytes = 1
kafka-2-1  | 2026-09-25T22:50:53.278115830Z 	replica.fetch.response.max.bytes = 10485760
kafka-2-1  | 2026-09-25T22:50:53.278118451Z 	replica.fetch.wait.max.ms = 500
kafka-2-1  | 2026-09-25T22:50:53.278121034Z 	replica.high.watermark.checkpoint.interval.ms = 5000
kafka-2-1  | 2026-09-25T22:50:53.278123502Z 	replica.lag.time.max.ms = 30000
kafka-2-1  | 2026-09-25T22:50:53.278125935Z 	replica.selector.class = null
kafka-2-1  | 2026-09-25T22:50:53.278128471Z 	replica.socket.receive.buffer.bytes = 65536
kafka-2-1  | 2026-09-25T22:50:53.278131000Z 	replica.socket.timeout.ms = 30000
kafka-2-1  | 2026-09-25T22:50:53.278133559Z 	replication.quota.window.num = 11
kafka-2-1  | 2026-09-25T22:50:53.278135987Z 	replication.quota.window.size.seconds = 1
kafka-2-1  | 2026-09-25T22:50:53.278138546Z 	request.timeout.ms = 30000
kafka-2-1  | 2026-09-25T22:50:53.278141031Z 	sasl.client.callback.handler.class = null
kafka-2-1  | 2026-09-25T22:50:53.278143649Z 	sasl.enabled.mechanisms = [GSSAPI]
kafka-2-1  | 2026-09-25T22:50:53.278146454Z 	sasl.jaas.config = null
kafka-2-1  | 2026-09-25T22:50:53.278148950Z 	sasl.kerberos.kinit.cmd = /usr/bin/kinit
kafka-2-1  | 2026-09-25T22:50:53.278152138Z 	sasl.kerberos.min.time.before.relogin = 60000
kafka-2-1  | 2026-09-25T22:50:53.278154628Z 	sasl.kerberos.principal.to.local.rules = [DEFAULT]
kafka-2-1  | 2026-09-25T22:50:53.278157200Z 	sasl.kerberos.service.name = null
kafka-2-1  | 2026-09-25T22:50:53.278159747Z 	sasl.kerberos.ticket.renew.jitter = 0.05
kafka-2-1  | 2026-09-25T22:50:53.278162244Z 	sasl.kerberos.ticket.renew.window.factor = 0.8
kafka-2-1  | 2026-09-25T22:50:53.278164732Z 	sasl.login.callback.handler.class = null
kafka-2-1  | 2026-09-25T22:50:53.278167224Z 	sasl.login.class = null
kafka-2-1  | 2026-09-25T22:50:53.278169689Z 	sasl.login.connect.timeout.ms = null
kafka-2-1  | 2026-09-25T22:50:53.278172156Z 	sasl.login.read.timeout.ms = null
kafka-2-1  | 2026-09-25T22:50:53.278174613Z 	sasl.login.refresh.buffer.seconds = 300
kafka-2-1  | 2026-09-25T22:50:53.278177292Z 	sasl.login.refresh.min.period.seconds = 60
kafka-2-1  | 2026-09-25T22:50:53.278179736Z 	sasl.login.refresh.window.factor = 0.8
kafka-2-1  | 2026-09-25T22:50:53.278182206Z 	sasl.login.refresh.window.jitter = 0.05
kafka-2-1  | 2026-09-25T22:50:53.278184610Z 	sasl.login.retry.backoff.max.ms = 10000
kafka-2-1  | 2026-09-25T22:50:53.278187074Z 	sasl.login.retry.backoff.ms = 100
kafka-2-1  | 2026-09-25T22:50:53.278189817Z 	sasl.mechanism.controller.protocol = GSSAPI
kafka-2-1  | 2026-09-25T22:50:53.278192329Z 	sasl.mechanism.inter.broker.protocol = GSSAPI
kafka-2-1  | 2026-09-25T22:50:53.278197972Z 	sasl.oauthbearer.clock.skew.seconds = 30
kafka-2-1  | 2026-09-25T22:50:53.278200785Z 	sasl.oauthbearer.expected.audience = null
kafka-2-1  | 2026-09-25T22:50:53.278203351Z 	sasl.oauthbearer.expected.issuer = null
kafka-2-1  | 2026-09-25T22:50:53.278205885Z 	sasl.oauthbearer.jwks.endpoint.refresh.ms = 3600000
kafka-2-1  | 2026-09-25T22:50:53.278208363Z 	sasl.oauthbearer.jwks.endpoint.retry.backoff.max.ms = 10000
kafka-2-1  | 2026-09-25T22:50:53.278210914Z 	sasl.oauthbearer.jwks.endpoint.retry.backoff.ms = 100
kafka-2-1  | 2026-09-25T22:50:53.278213443Z 	sasl.oauthbearer.jwks.endpoint.url = null
kafka-2-1  | 2026-09-25T22:50:53.278215933Z 	sasl.oauthbearer.scope.claim.name = scope
kafka-2-1  | 2026-09-25T22:50:53.278218397Z 	sasl.oauthbearer.sub.claim.name = sub
kafka-2-1  | 2026-09-25T22:50:53.278220860Z 	sasl.oauthbearer.token.endpoint.url = null
kafka-2-1  | 2026-09-25T22:50:53.278223398Z 	sasl.server.callback.handler.class = null
kafka-2-1  | 2026-09-25T22:50:53.278226112Z 	sasl.server.max.receive.size = 524288
kafka-2-1  | 2026-09-25T22:50:53.278228569Z 	security.inter.broker.protocol = PLAINTEXT
kafka-2-1  | 2026-09-25T22:50:53.278231462Z 	security.providers = null
kafka-2-1  | 2026-09-25T22:50:53.278234085Z 	server.max.startup.time.ms = 9223372036854775807
kafka-2-1  | 2026-09-25T22:50:53.278236846Z 	share.coordinator.append.linger.ms = 10
kafka-2-1  | 2026-09-25T22:50:53.278239544Z 	share.coordinator.load.buffer.size = 5242880
kafka-2-1  | 2026-09-25T22:50:53.278242021Z 	share.coordinator.snapshot.update.records.per.snapshot = 500
kafka-2-1  | 2026-09-25T22:50:53.278244873Z 	share.coordinator.state.topic.compression.codec = 0
kafka-2-1  | 2026-09-25T22:50:53.278247402Z 	share.coordinator.state.topic.min.isr = 2
kafka-2-1  | 2026-09-25T22:50:53.278249966Z 	share.coordinator.state.topic.num.partitions = 50
kafka-2-1  | 2026-09-25T22:50:53.278252387Z 	share.coordinator.state.topic.prune.interval.ms = 300000
kafka-2-1  | 2026-09-25T22:50:53.278254861Z 	share.coordinator.state.topic.replication.factor = 3
kafka-2-1  | 2026-09-25T22:50:53.278257395Z 	share.coordinator.state.topic.segment.bytes = 104857600
kafka-2-1  | 2026-09-25T22:50:53.278260074Z 	share.coordinator.threads = 1
kafka-2-1  | 2026-09-25T22:50:53.278262555Z 	share.coordinator.write.timeout.ms = 5000
kafka-2-1  | 2026-09-25T22:50:53.278265044Z 	share.fetch.max.fetch.records = 2147483647
kafka-2-1  | 2026-09-25T22:50:53.278267523Z 	share.fetch.purgatory.purge.interval.requests = 1000
kafka-2-1  | 2026-09-25T22:50:53.278270106Z 	socket.connection.setup.timeout.max.ms = 30000
kafka-2-1  | 2026-09-25T22:50:53.278272693Z 	socket.connection.setup.timeout.ms = 10000
kafka-2-1  | 2026-09-25T22:50:53.278275137Z 	socket.listen.backlog.size = 50
kafka-2-1  | 2026-09-25T22:50:53.278277704Z 	socket.receive.buffer.bytes = 102400
kafka-2-1  | 2026-09-25T22:50:53.278280128Z 	socket.request.max.bytes = 104857600
kafka-2-1  | 2026-09-25T22:50:53.278282608Z 	socket.send.buffer.bytes = 102400
kafka-2-1  | 2026-09-25T22:50:53.278289039Z 	ssl.allow.dn.changes = false
kafka-2-1  | 2026-09-25T22:50:53.278291638Z 	ssl.allow.san.changes = false
kafka-2-1  | 2026-09-25T22:50:53.278294119Z 	ssl.cipher.suites = []
kafka-2-1  | 2026-09-25T22:50:53.278296697Z 	ssl.client.auth = none
kafka-2-1  | 2026-09-25T22:50:53.278299172Z 	ssl.enabled.protocols = [TLSv1.2, TLSv1.3]
kafka-2-1  | 2026-09-25T22:50:53.278301623Z 	ssl.endpoint.identification.algorithm = https
kafka-2-1  | 2026-09-25T22:50:53.278304201Z 	ssl.engine.factory.class = null
kafka-2-1  | 2026-09-25T22:50:53.278306821Z 	ssl.key.password = null
kafka-2-1  | 2026-09-25T22:50:53.278310690Z 	ssl.keymanager.algorithm = SunX509
kafka-2-1  | 2026-09-25T22:50:53.278313270Z 	ssl.keystore.certificate.chain = null
kafka-2-1  | 2026-09-25T22:50:53.278315781Z 	ssl.keystore.key = null
kafka-2-1  | 2026-09-25T22:50:53.278318179Z 	ssl.keystore.location = null
kafka-2-1  | 2026-09-25T22:50:53.278320597Z 	ssl.keystore.password = null
kafka-2-1  | 2026-09-25T22:50:53.278323013Z 	ssl.keystore.type = JKS
kafka-2-1  | 2026-09-25T22:50:53.278325417Z 	ssl.principal.mapping.rules = DEFAULT
kafka-2-1  | 2026-09-25T22:50:53.278327941Z 	ssl.protocol = TLSv1.3
kafka-2-1  | 2026-09-25T22:50:53.278330352Z 	ssl.provider = null
kafka-2-1  | 2026-09-25T22:50:53.278332769Z 	ssl.secure.random.implementation = null
kafka-2-1  | 2026-09-25T22:50:53.278335224Z 	ssl.trustmanager.algorithm = PKIX
kafka-2-1  | 2026-09-25T22:50:53.278337635Z 	ssl.truststore.certificates = null
kafka-2-1  | 2026-09-25T22:50:53.278340075Z 	ssl.truststore.location = null
kafka-2-1  | 2026-09-25T22:50:53.278342513Z 	ssl.truststore.password = null
kafka-2-1  | 2026-09-25T22:50:53.278345191Z 	ssl.truststore.type = JKS
kafka-2-1  | 2026-09-25T22:50:53.278347701Z 	telemetry.max.bytes = 1048576
kafka-2-1  | 2026-09-25T22:50:53.278350179Z 	transaction.abort.timed.out.transaction.cleanup.interval.ms = 10000
kafka-2-1  | 2026-09-25T22:50:53.278352848Z 	transaction.max.timeout.ms = 900000
kafka-2-1  | 2026-09-25T22:50:53.278355354Z 	transaction.partition.verification.enable = true
kafka-2-1  | 2026-09-25T22:50:53.278357950Z 	transaction.remove.expired.transaction.cleanup.interval.ms = 3600000
kafka-2-1  | 2026-09-25T22:50:53.278360573Z 	transaction.state.log.load.buffer.size = 5242880
kafka-2-1  | 2026-09-25T22:50:53.278363150Z 	transaction.state.log.min.isr = 2
kafka-2-1  | 2026-09-25T22:50:53.278366076Z 	transaction.state.log.num.partitions = 50
kafka-2-1  | 2026-09-25T22:50:53.278368639Z 	transaction.state.log.replication.factor = 3
kafka-2-1  | 2026-09-25T22:50:53.278371260Z 	transaction.state.log.segment.bytes = 104857600
kafka-2-1  | 2026-09-25T22:50:53.278373764Z 	transactional.id.expiration.ms = 604800000
kafka-2-1  | 2026-09-25T22:50:53.278376237Z 	unclean.leader.election.enable = false
kafka-2-1  | 2026-09-25T22:50:53.278378685Z 	unclean.leader.election.interval.ms = 300000
kafka-2-1  | 2026-09-25T22:50:53.278502614Z 	unstable.api.versions.enable = false
kafka-2-1  | 2026-09-25T22:50:53.278511901Z 	unstable.feature.versions.enable = false
kafka-2-1  | 2026-09-25T22:50:53.278515579Z  (org.apache.kafka.common.config.AbstractConfig)
kafka-2-1  | 2026-09-25T22:50:53.280090462Z [2026-09-25 22:50:53,279] INFO [BrokerServer id=2] Waiting for the broker to be unfenced (kafka.server.BrokerServer)
kafka-2-1  | 2026-09-25T22:50:53.314867532Z [2026-09-25 22:50:53,314] INFO [BrokerLifecycleManager id=2] The broker has been unfenced. Transitioning from RECOVERY to RUNNING. (kafka.server.BrokerLifecycleManager)
kafka-2-1  | 2026-09-25T22:50:53.314896864Z [2026-09-25 22:50:53,314] INFO [BrokerServer id=2] Finished waiting for the broker to be unfenced (kafka.server.BrokerServer)
kafka-2-1  | 2026-09-25T22:50:53.315836581Z [2026-09-25 22:50:53,315] INFO authorizerStart completed for endpoint PLAINTEXT. Endpoint is now READY. (org.apache.kafka.server.network.EndpointReadyFutures)
kafka-2-1  | 2026-09-25T22:50:53.315865736Z [2026-09-25 22:50:53,315] INFO [SocketServer listenerType=BROKER, nodeId=2] Enabling request processing. (kafka.network.SocketServer)
kafka-2-1  | 2026-09-25T22:50:53.316230006Z [2026-09-25 22:50:53,316] INFO Awaiting socket connections on 0.0.0.0:9092. (kafka.network.DataPlaneAcceptor)
kafka-2-1  | 2026-09-25T22:50:53.318122880Z [2026-09-25 22:50:53,317] INFO [BrokerServer id=2] Waiting for all of the authorizer futures to be completed (kafka.server.BrokerServer)
kafka-2-1  | 2026-09-25T22:50:53.318149393Z [2026-09-25 22:50:53,317] INFO [BrokerServer id=2] Finished waiting for all of the authorizer futures to be completed (kafka.server.BrokerServer)
kafka-2-1  | 2026-09-25T22:50:53.318153363Z [2026-09-25 22:50:53,318] INFO [BrokerServer id=2] Waiting for all of the SocketServer Acceptors to be started (kafka.server.BrokerServer)
kafka-2-1  | 2026-09-25T22:50:53.318156500Z [2026-09-25 22:50:53,318] INFO [BrokerServer id=2] Finished waiting for all of the SocketServer Acceptors to be started (kafka.server.BrokerServer)
kafka-2-1  | 2026-09-25T22:50:53.318389553Z [2026-09-25 22:50:53,318] INFO [BrokerServer id=2] Transition from STARTING to STARTED (kafka.server.BrokerServer)
kafka-2-1  | 2026-09-25T22:50:53.318857158Z [2026-09-25 22:50:53,318] INFO Kafka version: 4.0.0 (org.apache.kafka.common.utils.AppInfoParser)
kafka-2-1  | 2026-09-25T22:50:53.318868472Z [2026-09-25 22:50:53,318] INFO Kafka commitId: 985bc99521dd22bb (org.apache.kafka.common.utils.AppInfoParser)
kafka-2-1  | 2026-09-25T22:50:53.318871724Z [2026-09-25 22:50:53,318] INFO Kafka startTimeMs: 1790376653318 (org.apache.kafka.common.utils.AppInfoParser)
kafka-2-1  | 2026-09-25T22:50:53.320101689Z [2026-09-25 22:50:53,319] INFO [KafkaRaftServer nodeId=2] Kafka Server started (kafka.server.KafkaRaftServer)
kafka-2-1  | 2026-09-25T22:50:53.837319648Z [2026-09-25 22:50:53,836] INFO [GroupCoordinator id=2] Scheduling unloading of metadata for __consumer_offsets-48 with epoch OptionalInt[0] (org.apache.kafka.coordinator.common.runtime.CoordinatorRuntime)
kafka-2-1  | 2026-09-25T22:50:53.837348709Z [2026-09-25 22:50:53,837] INFO [GroupCoordinator id=2] Ignored unloading metadata for __consumer_offsets-48 in epoch OptionalInt[0] since metadata was never loaded. (org.apache.kafka.coordinator.common.runtime.CoordinatorRuntime)
kafka-2-1  | 2026-09-25T22:50:53.873407975Z [2026-09-25 22:50:53,873] INFO [GroupCoordinator id=2] Scheduling unloading of metadata for __consumer_offsets-15 with epoch OptionalInt[0] (org.apache.kafka.coordinator.common.runtime.CoordinatorRuntime)
kafka-2-1  | 2026-09-25T22:50:53.873437906Z [2026-09-25 22:50:53,873] INFO [GroupCoordinator id=2] Scheduling unloading of metadata for __consumer_offsets-47 with epoch OptionalInt[0] (org.apache.kafka.coordinator.common.runtime.CoordinatorRuntime)
kafka-2-1  | 2026-09-25T22:50:53.873463958Z [2026-09-25 22:50:53,873] INFO [GroupCoordinator id=2] Ignored unloading metadata for __consumer_offsets-15 in epoch OptionalInt[0] since metadata was never loaded. (org.apache.kafka.coordinator.common.runtime.CoordinatorRuntime)
kafka-2-1  | 2026-09-25T22:50:53.873499477Z [2026-09-25 22:50:53,873] INFO [GroupCoordinator id=2] Scheduling unloading of metadata for __consumer_offsets-16 with epoch OptionalInt[1] (org.apache.kafka.coordinator.common.runtime.CoordinatorRuntime)
kafka-2-1  | 2026-09-25T22:50:53.873518145Z [2026-09-25 22:50:53,873] INFO [GroupCoordinator id=2] Ignored unloading metadata for __consumer_offsets-47 in epoch OptionalInt[0] since metadata was never loaded. (org.apache.kafka.coordinator.common.runtime.CoordinatorRuntime)
kafka-2-1  | 2026-09-25T22:50:53.873522427Z [2026-09-25 22:50:53,873] INFO [GroupCoordinator id=2] Scheduling unloading of metadata for __consumer_offsets-46 with epoch OptionalInt[1] (org.apache.kafka.coordinator.common.runtime.CoordinatorRuntime)
kafka-2-1  | 2026-09-25T22:50:53.873536959Z [2026-09-25 22:50:53,873] INFO [GroupCoordinator id=2] Scheduling unloading of metadata for __consumer_offsets-43 with epoch OptionalInt[0] (org.apache.kafka.coordinator.common.runtime.CoordinatorRuntime)
kafka-2-1  | 2026-09-25T22:50:53.873552594Z [2026-09-25 22:50:53,873] INFO [GroupCoordinator id=2] Scheduling unloading of metadata for __consumer_offsets-11 with epoch OptionalInt[0] (org.apache.kafka.coordinator.common.runtime.CoordinatorRuntime)
kafka-2-1  | 2026-09-25T22:50:53.873568286Z [2026-09-25 22:50:53,873] INFO [GroupCoordinator id=2] Scheduling unloading of metadata for __consumer_offsets-12 with epoch OptionalInt[0] (org.apache.kafka.coordinator.common.runtime.CoordinatorRuntime)
kafka-2-1  | 2026-09-25T22:50:53.873572255Z [2026-09-25 22:50:53,873] INFO [GroupCoordinator id=2] Ignored unloading metadata for __consumer_offsets-46 in epoch OptionalInt[1] since metadata was never loaded. (org.apache.kafka.coordinator.common.runtime.CoordinatorRuntime)
kafka-2-1  | 2026-09-25T22:50:53.873591235Z [2026-09-25 22:50:53,873] INFO [GroupCoordinator id=2] Scheduling unloading of metadata for __consumer_offsets-23 with epoch OptionalInt[1] (org.apache.kafka.coordinator.common.runtime.CoordinatorRuntime)
kafka-2-1  | 2026-09-25T22:50:53.873622209Z [2026-09-25 22:50:53,873] INFO [GroupCoordinator id=2] Ignored unloading metadata for __consumer_offsets-16 in epoch OptionalInt[1] since metadata was never loaded. (org.apache.kafka.coordinator.common.runtime.CoordinatorRuntime)
kafka-2-1  | 2026-09-25T22:50:53.873637179Z [2026-09-25 22:50:53,873] INFO [GroupCoordinator id=2] Ignored unloading metadata for __consumer_offsets-11 in epoch OptionalInt[0] since metadata was never loaded. (org.apache.kafka.coordinator.common.runtime.CoordinatorRuntime)
kafka-2-1  | 2026-09-25T22:50:53.874043834Z [2026-09-25 22:50:53,873] INFO [GroupCoordinator id=2] Ignored unloading metadata for __consumer_offsets-12 in epoch OptionalInt[0] since metadata was never loaded. (org.apache.kafka.coordinator.common.runtime.CoordinatorRuntime)
kafka-2-1  | 2026-09-25T22:50:53.874050100Z [2026-09-25 22:50:53,873] INFO [GroupCoordinator id=2] Ignored unloading metadata for __consumer_offsets-43 in epoch OptionalInt[0] since metadata was never loaded. (org.apache.kafka.coordinator.common.runtime.CoordinatorRuntime)
kafka-2-1  | 2026-09-25T22:50:53.874057727Z [2026-09-25 22:50:53,873] INFO [GroupCoordinator id=2] Ignored unloading metadata for __consumer_offsets-23 in epoch OptionalInt[1] since metadata was never loaded. (org.apache.kafka.coordinator.common.runtime.CoordinatorRuntime)
kafka-2-1  | 2026-09-25T22:50:53.874059197Z [2026-09-25 22:50:53,873] INFO [GroupCoordinator id=2] Scheduling unloading of metadata for __consumer_offsets-24 with epoch OptionalInt[0] (org.apache.kafka.coordinator.common.runtime.CoordinatorRuntime)
kafka-2-1  | 2026-09-25T22:50:53.874060675Z [2026-09-25 22:50:53,873] INFO [GroupCoordinator id=2] Scheduling unloading of metadata for __consumer_offsets-21 with epoch OptionalInt[0] (org.apache.kafka.coordinator.common.runtime.CoordinatorRuntime)
kafka-2-1  | 2026-09-25T22:50:53.874061951Z [2026-09-25 22:50:53,873] INFO [GroupCoordinator id=2] Ignored unloading metadata for __consumer_offsets-24 in epoch OptionalInt[0] since metadata was never loaded. (org.apache.kafka.coordinator.common.runtime.CoordinatorRuntime)
kafka-2-1  | 2026-09-25T22:50:53.874063309Z [2026-09-25 22:50:53,873] INFO [GroupCoordinator id=2] Scheduling unloading of metadata for __consumer_offsets-20 with epoch OptionalInt[1] (org.apache.kafka.coordinator.common.runtime.CoordinatorRuntime)
kafka-2-1  | 2026-09-25T22:50:53.874064571Z [2026-09-25 22:50:53,873] INFO [GroupCoordinator id=2] Ignored unloading metadata for __consumer_offsets-21 in epoch OptionalInt[0] since metadata was never loaded. (org.apache.kafka.coordinator.common.runtime.CoordinatorRuntime)
kafka-2-1  | 2026-09-25T22:50:53.874065853Z [2026-09-25 22:50:53,873] INFO [GroupCoordinator id=2] Scheduling unloading of metadata for __consumer_offsets-17 with epoch OptionalInt[0] (org.apache.kafka.coordinator.common.runtime.CoordinatorRuntime)
kafka-2-1  | 2026-09-25T22:50:53.874067436Z [2026-09-25 22:50:53,873] INFO [GroupCoordinator id=2] Ignored unloading metadata for __consumer_offsets-20 in epoch OptionalInt[1] since metadata was never loaded. (org.apache.kafka.coordinator.common.runtime.CoordinatorRuntime)
kafka-2-1  | 2026-09-25T22:50:53.874068743Z [2026-09-25 22:50:53,873] INFO [GroupCoordinator id=2] Ignored unloading metadata for __consumer_offsets-17 in epoch OptionalInt[0] since metadata was never loaded. (org.apache.kafka.coordinator.common.runtime.CoordinatorRuntime)
kafka-2-1  | 2026-09-25T22:50:53.874070024Z [2026-09-25 22:50:53,873] INFO [GroupCoordinator id=2] Scheduling unloading of metadata for __consumer_offsets-18 with epoch OptionalInt[0] (org.apache.kafka.coordinator.common.runtime.CoordinatorRuntime)
kafka-2-1  | 2026-09-25T22:50:53.875017723Z [2026-09-25 22:50:53,874] INFO [GroupCoordinator id=2] Scheduling unloading of metadata for __consumer_offsets-31 with epoch OptionalInt[0] (org.apache.kafka.coordinator.common.runtime.CoordinatorRuntime)
kafka-2-1  | 2026-09-25T22:50:53.875029461Z [2026-09-25 22:50:53,874] INFO [GroupCoordinator id=2] Scheduling unloading of metadata for __consumer_offsets-0 with epoch OptionalInt[0] (org.apache.kafka.coordinator.common.runtime.CoordinatorRuntime)
kafka-2-1  | 2026-09-25T22:50:53.875032145Z [2026-09-25 22:50:53,874] INFO [GroupCoordinator id=2] Ignored unloading metadata for __consumer_offsets-31 in epoch OptionalInt[0] since metadata was never loaded. (org.apache.kafka.coordinator.common.runtime.CoordinatorRuntime)
kafka-2-1  | 2026-09-25T22:50:53.875034022Z [2026-09-25 22:50:53,874] INFO [GroupCoordinator id=2] Scheduling unloading of metadata for __consumer_offsets-29 with epoch OptionalInt[0] (org.apache.kafka.coordinator.common.runtime.CoordinatorRuntime)
kafka-2-1  | 2026-09-25T22:50:53.875035980Z [2026-09-25 22:50:53,874] INFO [GroupCoordinator id=2] Ignored unloading metadata for __consumer_offsets-18 in epoch OptionalInt[0] since metadata was never loaded. (org.apache.kafka.coordinator.common.runtime.CoordinatorRuntime)
kafka-2-1  | 2026-09-25T22:50:53.875045504Z [2026-09-25 22:50:53,874] INFO [GroupCoordinator id=2] Scheduling unloading of metadata for __consumer_offsets-30 with epoch OptionalInt[1] (org.apache.kafka.coordinator.common.runtime.CoordinatorRuntime)
kafka-2-1  | 2026-09-25T22:50:53.875047746Z [2026-09-25 22:50:53,874] INFO [GroupCoordinator id=2] Ignored unloading metadata for __consumer_offsets-0 in epoch OptionalInt[0] since metadata was never loaded. (org.apache.kafka.coordinator.common.runtime.CoordinatorRuntime)
kafka-2-1  | 2026-09-25T22:50:53.875049713Z [2026-09-25 22:50:53,874] INFO [GroupCoordinator id=2] Ignored unloading metadata for __consumer_offsets-30 in epoch OptionalInt[1] since metadata was never loaded. (org.apache.kafka.coordinator.common.runtime.CoordinatorRuntime)
kafka-2-1  | 2026-09-25T22:50:53.875051696Z [2026-09-25 22:50:53,874] INFO [GroupCoordinator id=2] Scheduling unloading of metadata for __consumer_offsets-7 with epoch OptionalInt[0] (org.apache.kafka.coordinator.common.runtime.CoordinatorRuntime)
kafka-2-1  | 2026-09-25T22:50:53.875054103Z [2026-09-25 22:50:53,874] INFO [GroupCoordinator id=2] Ignored unloading metadata for __consumer_offsets-29 in epoch OptionalInt[0] since metadata was never loaded. (org.apache.kafka.coordinator.common.runtime.CoordinatorRuntime)
kafka-2-1  | 2026-09-25T22:50:53.875056150Z [2026-09-25 22:50:53,874] INFO [GroupCoordinator id=2] Ignored unloading metadata for __consumer_offsets-7 in epoch OptionalInt[0] since metadata was never loaded. (org.apache.kafka.coordinator.common.runtime.CoordinatorRuntime)
kafka-2-1  | 2026-09-25T22:50:53.875057967Z [2026-09-25 22:50:53,874] INFO [GroupCoordinator id=2] Scheduling unloading of metadata for __consumer_offsets-40 with epoch OptionalInt[0] (org.apache.kafka.coordinator.common.runtime.CoordinatorRuntime)
kafka-2-1  | 2026-09-25T22:50:53.875059740Z [2026-09-25 22:50:53,874] INFO [GroupCoordinator id=2] Scheduling unloading of metadata for __consumer_offsets-37 with epoch OptionalInt[0] (org.apache.kafka.coordinator.common.runtime.CoordinatorRuntime)
kafka-2-1  | 2026-09-25T22:50:53.875061531Z [2026-09-25 22:50:53,874] INFO [GroupCoordinator id=2] Scheduling unloading of metadata for __consumer_offsets-35 with epoch OptionalInt[0] (org.apache.kafka.coordinator.common.runtime.CoordinatorRuntime)
kafka-2-1  | 2026-09-25T22:50:53.875063977Z [2026-09-25 22:50:53,874] INFO [GroupCoordinator id=2] Scheduling unloading of metadata for __consumer_offsets-3 with epoch OptionalInt[0] (org.apache.kafka.coordinator.common.runtime.CoordinatorRuntime)
kafka-2-1  | 2026-09-25T22:50:53.875065924Z [2026-09-25 22:50:53,874] INFO [GroupCoordinator id=2] Ignored unloading metadata for __consumer_offsets-37 in epoch OptionalInt[0] since metadata was never loaded. (org.apache.kafka.coordinator.common.runtime.CoordinatorRuntime)
kafka-2-1  | 2026-09-25T22:50:53.875067887Z [2026-09-25 22:50:53,874] INFO [GroupCoordinator id=2] Scheduling unloading of metadata for __consumer_offsets-36 with epoch OptionalInt[1] (org.apache.kafka.coordinator.common.runtime.CoordinatorRuntime)
kafka-2-1  | 2026-09-25T22:50:53.875069653Z [2026-09-25 22:50:53,874] INFO [GroupCoordinator id=2] Ignored unloading metadata for __consumer_offsets-40 in epoch OptionalInt[0] since metadata was never loaded. (org.apache.kafka.coordinator.common.runtime.CoordinatorRuntime)
kafka-2-1  | 2026-09-25T22:50:53.875071571Z [2026-09-25 22:50:53,874] INFO [GroupCoordinator id=2] Scheduling unloading of metadata for __consumer_offsets-34 with epoch OptionalInt[1] (org.apache.kafka.coordinator.common.runtime.CoordinatorRuntime)
kafka-2-1  | 2026-09-25T22:50:53.875077603Z [2026-09-25 22:50:53,874] INFO [GroupCoordinator id=2] Ignored unloading metadata for __consumer_offsets-35 in epoch OptionalInt[0] since metadata was never loaded. (org.apache.kafka.coordinator.common.runtime.CoordinatorRuntime)
kafka-2-1  | 2026-09-25T22:50:53.875079643Z [2026-09-25 22:50:53,874] INFO [GroupCoordinator id=2] Ignored unloading metadata for __consumer_offsets-34 in epoch OptionalInt[1] since metadata was never loaded. (org.apache.kafka.coordinator.common.runtime.CoordinatorRuntime)
kafka-2-1  | 2026-09-25T22:50:53.875081374Z [2026-09-25 22:50:53,874] INFO [GroupCoordinator id=2] Ignored unloading metadata for __consumer_offsets-36 in epoch OptionalInt[1] since metadata was never loaded. (org.apache.kafka.coordinator.common.runtime.CoordinatorRuntime)
kafka-2-1  | 2026-09-25T22:50:53.875083062Z [2026-09-25 22:50:53,874] INFO [GroupCoordinator id=2] Ignored unloading metadata for __consumer_offsets-3 in epoch OptionalInt[0] since metadata was never loaded. (org.apache.kafka.coordinator.common.runtime.CoordinatorRuntime)
kafka-2-1  | 2026-09-25T22:50:53.967331571Z [2026-09-25 22:50:53,967] INFO [GroupCoordinator id=2] Scheduling unloading of metadata for __consumer_offsets-13 with epoch OptionalInt[1] (org.apache.kafka.coordinator.common.runtime.CoordinatorRuntime)
kafka-2-1  | 2026-09-25T22:50:53.967596851Z [2026-09-25 22:50:53,967] INFO [GroupCoordinator id=2] Scheduling unloading of metadata for __consumer_offsets-44 with epoch OptionalInt[1] (org.apache.kafka.coordinator.common.runtime.CoordinatorRuntime)
kafka-2-1  | 2026-09-25T22:50:53.967612186Z [2026-09-25 22:50:53,967] INFO [GroupCoordinator id=2] Ignored unloading metadata for __consumer_offsets-13 in epoch OptionalInt[1] since metadata was never loaded. (org.apache.kafka.coordinator.common.runtime.CoordinatorRuntime)
kafka-2-1  | 2026-09-25T22:50:53.967616172Z [2026-09-25 22:50:53,967] INFO [GroupCoordinator id=2] Scheduling unloading of metadata for __consumer_offsets-9 with epoch OptionalInt[1] (org.apache.kafka.coordinator.common.runtime.CoordinatorRuntime)
kafka-2-1  | 2026-09-25T22:50:53.968065648Z [2026-09-25 22:50:53,967] INFO [GroupCoordinator id=2] Ignored unloading metadata for __consumer_offsets-44 in epoch OptionalInt[1] since metadata was never loaded. (org.apache.kafka.coordinator.common.runtime.CoordinatorRuntime)
kafka-2-1  | 2026-09-25T22:50:53.968080338Z [2026-09-25 22:50:53,967] INFO [GroupCoordinator id=2] Scheduling unloading of metadata for __consumer_offsets-42 with epoch OptionalInt[0] (org.apache.kafka.coordinator.common.runtime.CoordinatorRuntime)
kafka-2-1  | 2026-09-25T22:50:53.968084227Z [2026-09-25 22:50:53,967] INFO [GroupCoordinator id=2] Ignored unloading metadata for __consumer_offsets-9 in epoch OptionalInt[1] since metadata was never loaded. (org.apache.kafka.coordinator.common.runtime.CoordinatorRuntime)
kafka-2-1  | 2026-09-25T22:50:53.968087136Z [2026-09-25 22:50:53,967] INFO [GroupCoordinator id=2] Scheduling unloading of metadata for __consumer_offsets-19 with epoch OptionalInt[0] (org.apache.kafka.coordinator.common.runtime.CoordinatorRuntime)
kafka-2-1  | 2026-09-25T22:50:53.968089785Z [2026-09-25 22:50:53,967] INFO [GroupCoordinator id=2] Ignored unloading metadata for __consumer_offsets-42 in epoch OptionalInt[0] since metadata was never loaded. (org.apache.kafka.coordinator.common.runtime.CoordinatorRuntime)
kafka-2-1  | 2026-09-25T22:50:53.968092342Z [2026-09-25 22:50:53,967] INFO [GroupCoordinator id=2] Scheduling unloading of metadata for __consumer_offsets-32 with epoch OptionalInt[0] (org.apache.kafka.coordinator.common.runtime.CoordinatorRuntime)
kafka-2-1  | 2026-09-25T22:50:53.968103331Z [2026-09-25 22:50:53,967] INFO [GroupCoordinator id=2] Scheduling unloading of metadata for __consumer_offsets-28 with epoch OptionalInt[0] (org.apache.kafka.coordinator.common.runtime.CoordinatorRuntime)
kafka-2-1  | 2026-09-25T22:50:53.968106254Z [2026-09-25 22:50:53,967] INFO [GroupCoordinator id=2] Ignored unloading metadata for __consumer_offsets-19 in epoch OptionalInt[0] since metadata was never loaded. (org.apache.kafka.coordinator.common.runtime.CoordinatorRuntime)
kafka-2-1  | 2026-09-25T22:50:53.968108809Z [2026-09-25 22:50:53,967] INFO [GroupCoordinator id=2] Scheduling unloading of metadata for __consumer_offsets-26 with epoch OptionalInt[0] (org.apache.kafka.coordinator.common.runtime.CoordinatorRuntime)
kafka-2-1  | 2026-09-25T22:50:53.968111814Z [2026-09-25 22:50:53,967] INFO [GroupCoordinator id=2] Ignored unloading metadata for __consumer_offsets-28 in epoch OptionalInt[0] since metadata was never loaded. (org.apache.kafka.coordinator.common.runtime.CoordinatorRuntime)
kafka-2-1  | 2026-09-25T22:50:53.968114482Z [2026-09-25 22:50:53,967] INFO [GroupCoordinator id=2] Scheduling unloading of metadata for __consumer_offsets-5 with epoch OptionalInt[0] (org.apache.kafka.coordinator.common.runtime.CoordinatorRuntime)
kafka-2-1  | 2026-09-25T22:50:53.968117074Z [2026-09-25 22:50:53,967] INFO [GroupCoordinator id=2] Ignored unloading metadata for __consumer_offsets-32 in epoch OptionalInt[0] since metadata was never loaded. (org.apache.kafka.coordinator.common.runtime.CoordinatorRuntime)
kafka-2-1  | 2026-09-25T22:50:53.968119594Z [2026-09-25 22:50:53,967] INFO [GroupCoordinator id=2] Scheduling unloading of metadata for __consumer_offsets-38 with epoch OptionalInt[0] (org.apache.kafka.coordinator.common.runtime.CoordinatorRuntime)
kafka-2-1  | 2026-09-25T22:50:53.968122066Z [2026-09-25 22:50:53,967] INFO [GroupCoordinator id=2] Ignored unloading metadata for __consumer_offsets-5 in epoch OptionalInt[0] since metadata was never loaded. (org.apache.kafka.coordinator.common.runtime.CoordinatorRuntime)
kafka-2-1  | 2026-09-25T22:50:53.968124574Z [2026-09-25 22:50:53,967] INFO [GroupCoordinator id=2] Scheduling unloading of metadata for __consumer_offsets-1 with epoch OptionalInt[1] (org.apache.kafka.coordinator.common.runtime.CoordinatorRuntime)
kafka-2-1  | 2026-09-25T22:50:53.968127159Z [2026-09-25 22:50:53,967] INFO [GroupCoordinator id=2] Ignored unloading metadata for __consumer_offsets-38 in epoch OptionalInt[0] since metadata was never loaded. (org.apache.kafka.coordinator.common.runtime.CoordinatorRuntime)
kafka-2-1  | 2026-09-25T22:50:53.968129722Z [2026-09-25 22:50:53,967] INFO [GroupCoordinator id=2] Scheduling unloading of metadata for __consumer_offsets-45 with epoch OptionalInt[0] (org.apache.kafka.coordinator.common.runtime.CoordinatorRuntime)
kafka-2-1  | 2026-09-25T22:50:53.968132193Z [2026-09-25 22:50:53,967] INFO [GroupCoordinator id=2] Ignored unloading metadata for __consumer_offsets-26 in epoch OptionalInt[0] since metadata was never loaded. (org.apache.kafka.coordinator.common.runtime.CoordinatorRuntime)
kafka-2-1  | 2026-09-25T22:50:53.968135065Z [2026-09-25 22:50:53,967] INFO [GroupCoordinator id=2] Scheduling unloading of metadata for __consumer_offsets-14 with epoch OptionalInt[0] (org.apache.kafka.coordinator.common.runtime.CoordinatorRuntime)
kafka-2-1  | 2026-09-25T22:50:53.968143946Z [2026-09-25 22:50:53,968] INFO [GroupCoordinator id=2] Ignored unloading metadata for __consumer_offsets-1 in epoch OptionalInt[1] since metadata was never loaded. (org.apache.kafka.coordinator.common.runtime.CoordinatorRuntime)
kafka-2-1  | 2026-09-25T22:50:53.968273205Z [2026-09-25 22:50:53,968] INFO [GroupCoordinator id=2] Scheduling unloading of metadata for __consumer_offsets-41 with epoch OptionalInt[1] (org.apache.kafka.coordinator.common.runtime.CoordinatorRuntime)
kafka-2-1  | 2026-09-25T22:50:53.968283023Z [2026-09-25 22:50:53,968] INFO [GroupCoordinator id=2] Ignored unloading metadata for __consumer_offsets-14 in epoch OptionalInt[0] since metadata was never loaded. (org.apache.kafka.coordinator.common.runtime.CoordinatorRuntime)
kafka-2-1  | 2026-09-25T22:50:53.968286921Z [2026-09-25 22:50:53,968] INFO [GroupCoordinator id=2] Ignored unloading metadata for __consumer_offsets-45 in epoch OptionalInt[0] since metadata was never loaded. (org.apache.kafka.coordinator.common.runtime.CoordinatorRuntime)
kafka-2-1  | 2026-09-25T22:50:53.968425138Z [2026-09-25 22:50:53,968] INFO [GroupCoordinator id=2] Scheduling unloading of metadata for __consumer_offsets-10 with epoch OptionalInt[0] (org.apache.kafka.coordinator.common.runtime.CoordinatorRuntime)
kafka-2-1  | 2026-09-25T22:50:53.968446747Z [2026-09-25 22:50:53,968] INFO [GroupCoordinator id=2] Ignored unloading metadata for __consumer_offsets-41 in epoch OptionalInt[1] since metadata was never loaded. (org.apache.kafka.coordinator.common.runtime.CoordinatorRuntime)
kafka-2-1  | 2026-09-25T22:50:53.968685360Z [2026-09-25 22:50:53,968] INFO [GroupCoordinator id=2] Ignored unloading metadata for __consumer_offsets-10 in epoch OptionalInt[0] since metadata was never loaded. (org.apache.kafka.coordinator.common.runtime.CoordinatorRuntime)
kafka-2-1  | 2026-09-25T22:50:53.968699111Z [2026-09-25 22:50:53,968] INFO [GroupCoordinator id=2] Scheduling unloading of metadata for __consumer_offsets-22 with epoch OptionalInt[0] (org.apache.kafka.coordinator.common.runtime.CoordinatorRuntime)
kafka-2-1  | 2026-09-25T22:50:53.968703328Z [2026-09-25 22:50:53,968] INFO [GroupCoordinator id=2] Scheduling unloading of metadata for __consumer_offsets-49 with epoch OptionalInt[0] (org.apache.kafka.coordinator.common.runtime.CoordinatorRuntime)
kafka-2-1  | 2026-09-25T22:50:53.968706300Z [2026-09-25 22:50:53,968] INFO [GroupCoordinator id=2] Scheduling unloading of metadata for __consumer_offsets-27 with epoch OptionalInt[1] (org.apache.kafka.coordinator.common.runtime.CoordinatorRuntime)
kafka-2-1  | 2026-09-25T22:50:53.968709098Z [2026-09-25 22:50:53,968] INFO [GroupCoordinator id=2] Scheduling unloading of metadata for __consumer_offsets-25 with epoch OptionalInt[1] (org.apache.kafka.coordinator.common.runtime.CoordinatorRuntime)
kafka-2-1  | 2026-09-25T22:50:53.968711750Z [2026-09-25 22:50:53,968] INFO [GroupCoordinator id=2] Scheduling unloading of metadata for __consumer_offsets-39 with epoch OptionalInt[0] (org.apache.kafka.coordinator.common.runtime.CoordinatorRuntime)
kafka-2-1  | 2026-09-25T22:50:53.969103779Z [2026-09-25 22:50:53,968] INFO [GroupCoordinator id=2] Ignored unloading metadata for __consumer_offsets-22 in epoch OptionalInt[0] since metadata was never loaded. (org.apache.kafka.coordinator.common.runtime.CoordinatorRuntime)
kafka-2-1  | 2026-09-25T22:50:53.969118050Z [2026-09-25 22:50:53,968] INFO [GroupCoordinator id=2] Ignored unloading metadata for __consumer_offsets-27 in epoch OptionalInt[1] since metadata was never loaded. (org.apache.kafka.coordinator.common.runtime.CoordinatorRuntime)
kafka-2-1  | 2026-09-25T22:50:53.969121897Z [2026-09-25 22:50:53,968] INFO [GroupCoordinator id=2] Ignored unloading metadata for __consumer_offsets-49 in epoch OptionalInt[0] since metadata was never loaded. (org.apache.kafka.coordinator.common.runtime.CoordinatorRuntime)
kafka-2-1  | 2026-09-25T22:50:53.969124741Z [2026-09-25 22:50:53,968] INFO [GroupCoordinator id=2] Ignored unloading metadata for __consumer_offsets-25 in epoch OptionalInt[1] since metadata was never loaded. (org.apache.kafka.coordinator.common.runtime.CoordinatorRuntime)
kafka-2-1  | 2026-09-25T22:50:53.969143068Z [2026-09-25 22:50:53,969] INFO [GroupCoordinator id=2] Scheduling unloading of metadata for __consumer_offsets-8 with epoch OptionalInt[1] (org.apache.kafka.coordinator.common.runtime.CoordinatorRuntime)
kafka-2-1  | 2026-09-25T22:50:53.969264951Z [2026-09-25 22:50:53,969] INFO [GroupCoordinator id=2] Scheduling unloading of metadata for __consumer_offsets-6 with epoch OptionalInt[0] (org.apache.kafka.coordinator.common.runtime.CoordinatorRuntime)
kafka-2-1  | 2026-09-25T22:50:53.969276803Z [2026-09-25 22:50:53,969] INFO [GroupCoordinator id=2] Ignored unloading metadata for __consumer_offsets-39 in epoch OptionalInt[0] since metadata was never loaded. (org.apache.kafka.coordinator.common.runtime.CoordinatorRuntime)
kafka-2-1  | 2026-09-25T22:50:53.969397709Z [2026-09-25 22:50:53,969] INFO [GroupCoordinator id=2] Ignored unloading metadata for __consumer_offsets-8 in epoch OptionalInt[1] since metadata was never loaded. (org.apache.kafka.coordinator.common.runtime.CoordinatorRuntime)
kafka-2-1  | 2026-09-25T22:50:53.969411114Z [2026-09-25 22:50:53,969] INFO [GroupCoordinator id=2] Ignored unloading metadata for __consumer_offsets-6 in epoch OptionalInt[0] since metadata was never loaded. (org.apache.kafka.coordinator.common.runtime.CoordinatorRuntime)
kafka-2-1  | 2026-09-25T22:50:53.969488987Z [2026-09-25 22:50:53,969] INFO [GroupCoordinator id=2] Scheduling unloading of metadata for __consumer_offsets-4 with epoch OptionalInt[1] (org.apache.kafka.coordinator.common.runtime.CoordinatorRuntime)
kafka-2-1  | 2026-09-25T22:50:53.969634598Z [2026-09-25 22:50:53,969] INFO [GroupCoordinator id=2] Scheduling unloading of metadata for __consumer_offsets-33 with epoch OptionalInt[0] (org.apache.kafka.coordinator.common.runtime.CoordinatorRuntime)
kafka-2-1  | 2026-09-25T22:50:53.969649394Z [2026-09-25 22:50:53,969] INFO [GroupCoordinator id=2] Scheduling unloading of metadata for __consumer_offsets-2 with epoch OptionalInt[0] (org.apache.kafka.coordinator.common.runtime.CoordinatorRuntime)
kafka-2-1  | 2026-09-25T22:50:53.969653397Z [2026-09-25 22:50:53,969] INFO [GroupCoordinator id=2] Ignored unloading metadata for __consumer_offsets-4 in epoch OptionalInt[1] since metadata was never loaded. (org.apache.kafka.coordinator.common.runtime.CoordinatorRuntime)
kafka-2-1  | 2026-09-25T22:50:53.969717520Z [2026-09-25 22:50:53,969] INFO [GroupCoordinator id=2] Ignored unloading metadata for __consumer_offsets-33 in epoch OptionalInt[0] since metadata was never loaded. (org.apache.kafka.coordinator.common.runtime.CoordinatorRuntime)
kafka-2-1  | 2026-09-25T22:50:53.969924259Z [2026-09-25 22:50:53,969] INFO [GroupCoordinator id=2] Ignored unloading metadata for __consumer_offsets-2 in epoch OptionalInt[0] since metadata was never loaded. (org.apache.kafka.coordinator.common.runtime.CoordinatorRuntime)
kafka-2-1  | 2026-09-25T22:51:19.013303760Z [2026-09-25 22:51:19,012] INFO [ReplicaFetcher replicaId=2, leaderId=1, fetcherId=0] Node 1 disconnected. (org.apache.kafka.clients.NetworkClient)
kafka-2-1  | 2026-09-25T22:51:19.013330824Z [2026-09-25 22:51:19,012] INFO [NodeToControllerChannelManager id=2 name=forwarding] Node 1 disconnected. (org.apache.kafka.clients.NetworkClient)
kafka-2-1  | 2026-09-25T22:51:19.013823865Z [2026-09-25 22:51:19,013] INFO [ReplicaFetcher replicaId=2, leaderId=1, fetcherId=0] Cancelled in-flight FETCH request with correlation id 181 due to node 1 being disconnected (elapsed time since creation: 23ms, elapsed time since send: 23ms, throttle time: 0ms, request timeout: 30000ms) (org.apache.kafka.clients.NetworkClient)
kafka-2-1  | 2026-09-25T22:51:19.014087678Z [2026-09-25 22:51:19,014] INFO [NodeToControllerChannelManager id=2 name=heartbeat] Node 1 disconnected. (org.apache.kafka.clients.NetworkClient)
kafka-2-1  | 2026-09-25T22:51:19.014190755Z [2026-09-25 22:51:19,014] INFO [NodeToControllerChannelManager id=2 name=registration] Node 1 disconnected. (org.apache.kafka.clients.NetworkClient)
kafka-2-1  | 2026-09-25T22:51:19.014273338Z [2026-09-25 22:51:19,014] INFO [RaftManager id=2] Node 1 disconnected. (org.apache.kafka.clients.NetworkClient)
kafka-2-1  | 2026-09-25T22:51:19.014520485Z [2026-09-25 22:51:19,014] INFO [RaftManager id=2] Cancelled in-flight FETCH request with correlation id 61 due to node 1 being disconnected (elapsed time since creation: 35ms, elapsed time since send: 35ms, throttle time: 0ms, request timeout: 2000ms) (org.apache.kafka.clients.NetworkClient)
kafka-2-1  | 2026-09-25T22:51:19.014576681Z [2026-09-25 22:51:19,014] INFO [ReplicaFetcher replicaId=2, leaderId=1, fetcherId=0] Client requested connection close from node 1 (org.apache.kafka.clients.NetworkClient)
kafka-2-1  | 2026-09-25T22:51:19.024345554Z [2026-09-25 22:51:19,014] INFO [ReplicaFetcher replicaId=2, leaderId=1, fetcherId=0] Error sending fetch request (sessionId=771336213, epoch=181) to node 1: (org.apache.kafka.clients.FetchSessionHandler)
kafka-2-1  | 2026-09-25T22:51:19.024367750Z java.io.IOException: Connection to 1 was disconnected before the response was read
kafka-2-1  | 2026-09-25T22:51:19.024369610Z 	at org.apache.kafka.clients.NetworkClientUtils.sendAndReceive(NetworkClientUtils.java:111) ~[kafka-clients-4.0.0.jar:?]
kafka-2-1  | 2026-09-25T22:51:19.024371164Z 	at kafka.server.BrokerBlockingSender.sendRequest(BrokerBlockingSender.scala:112) ~[kafka_2.13-4.0.0.jar:?]
kafka-2-1  | 2026-09-25T22:51:19.024372458Z 	at kafka.server.RemoteLeaderEndPoint.fetch(RemoteLeaderEndPoint.scala:76) ~[kafka_2.13-4.0.0.jar:?]
kafka-2-1  | 2026-09-25T22:51:19.024373673Z 	at kafka.server.AbstractFetcherThread.processFetchRequest(AbstractFetcherThread.scala:315) ~[kafka_2.13-4.0.0.jar:?]
kafka-2-1  | 2026-09-25T22:51:19.024375065Z 	at kafka.server.AbstractFetcherThread.$anonfun$maybeFetch$3(AbstractFetcherThread.scala:129) ~[kafka_2.13-4.0.0.jar:?]
kafka-2-1  | 2026-09-25T22:51:19.024376250Z 	at kafka.server.AbstractFetcherThread.$anonfun$maybeFetch$3$adapted(AbstractFetcherThread.scala:128) ~[kafka_2.13-4.0.0.jar:?]
kafka-2-1  | 2026-09-25T22:51:19.024377451Z 	at scala.Option.foreach(Option.scala:437) [scala-library-2.13.15.jar:?]
kafka-2-1  | 2026-09-25T22:51:19.024378575Z 	at kafka.server.AbstractFetcherThread.maybeFetch(AbstractFetcherThread.scala:128) [kafka_2.13-4.0.0.jar:?]
kafka-2-1  | 2026-09-25T22:51:19.024379730Z 	at kafka.server.AbstractFetcherThread.doWork(AbstractFetcherThread.scala:111) [kafka_2.13-4.0.0.jar:?]
kafka-2-1  | 2026-09-25T22:51:19.024380892Z 	at kafka.server.ReplicaFetcherThread.doWork(ReplicaFetcherThread.scala:96) [kafka_2.13-4.0.0.jar:?]
kafka-2-1  | 2026-09-25T22:51:19.024382068Z 	at org.apache.kafka.server.util.ShutdownableThread.run(ShutdownableThread.java:136) [kafka-server-common-4.0.0.jar:?]
kafka-2-1  | 2026-09-25T22:51:19.033831936Z [2026-09-25 22:51:19,033] WARN [ReplicaFetcher replicaId=2, leaderId=1, fetcherId=0] Error in response for fetch request (type=FetchRequest, replicaId=2, maxWait=500, minBytes=1, maxBytes=10485760, fetchData={dados-sensores-2=PartitionData(topicId=bpNag2Q4SrSHzixJwrCS8Q, fetchOffset=863, logStartOffset=0, maxBytes=1048576, currentLeaderEpoch=Optional[0], lastFetchedEpoch=Optional[0])}, isolationLevel=read_uncommitted, removed=, replaced=, metadata=(sessionId=771336213, epoch=181), rackId=) (kafka.server.ReplicaFetcherThread)
kafka-2-1  | 2026-09-25T22:51:19.033864691Z java.io.IOException: Connection to 1 was disconnected before the response was read
kafka-2-1  | 2026-09-25T22:51:19.033866492Z 	at org.apache.kafka.clients.NetworkClientUtils.sendAndReceive(NetworkClientUtils.java:111) ~[kafka-clients-4.0.0.jar:?]
kafka-2-1  | 2026-09-25T22:51:19.033868050Z 	at kafka.server.BrokerBlockingSender.sendRequest(BrokerBlockingSender.scala:112) ~[kafka_2.13-4.0.0.jar:?]
kafka-2-1  | 2026-09-25T22:51:19.033869283Z 	at kafka.server.RemoteLeaderEndPoint.fetch(RemoteLeaderEndPoint.scala:76) ~[kafka_2.13-4.0.0.jar:?]
kafka-2-1  | 2026-09-25T22:51:19.033870459Z 	at kafka.server.AbstractFetcherThread.processFetchRequest(AbstractFetcherThread.scala:315) ~[kafka_2.13-4.0.0.jar:?]
kafka-2-1  | 2026-09-25T22:51:19.033871634Z 	at kafka.server.AbstractFetcherThread.$anonfun$maybeFetch$3(AbstractFetcherThread.scala:129) ~[kafka_2.13-4.0.0.jar:?]
kafka-2-1  | 2026-09-25T22:51:19.033872820Z 	at kafka.server.AbstractFetcherThread.$anonfun$maybeFetch$3$adapted(AbstractFetcherThread.scala:128) ~[kafka_2.13-4.0.0.jar:?]
kafka-2-1  | 2026-09-25T22:51:19.033874113Z 	at scala.Option.foreach(Option.scala:437) [scala-library-2.13.15.jar:?]
kafka-2-1  | 2026-09-25T22:51:19.033875259Z 	at kafka.server.AbstractFetcherThread.maybeFetch(AbstractFetcherThread.scala:128) [kafka_2.13-4.0.0.jar:?]
kafka-2-1  | 2026-09-25T22:51:19.033876421Z 	at kafka.server.AbstractFetcherThread.doWork(AbstractFetcherThread.scala:111) [kafka_2.13-4.0.0.jar:?]
kafka-2-1  | 2026-09-25T22:51:19.033920538Z 	at kafka.server.ReplicaFetcherThread.doWork(ReplicaFetcherThread.scala:96) [kafka_2.13-4.0.0.jar:?]
kafka-2-1  | 2026-09-25T22:51:19.033927393Z 	at org.apache.kafka.server.util.ShutdownableThread.run(ShutdownableThread.java:136) [kafka-server-common-4.0.0.jar:?]
kafka-2-1  | 2026-09-25T22:51:20.974846300Z [2026-09-25 22:51:20,972] INFO [RaftManager id=2] Transitioning to Prospective state due to fetch timeout (org.apache.kafka.raft.KafkaRaftClient)
kafka-2-1  | 2026-09-25T22:51:20.974854612Z [2026-09-25 22:51:20,973] INFO [RaftManager id=2] Completed transition to ProspectiveState(epoch=2, leaderId=OptionalInt[1], retries=1, votedKey=Optional.empty, epochElection=EpochElection(voterStates={1=VoterState(replicaKey=ReplicaKey(id=1, directoryId=<undefined>), state=UNRECORDED), 2=VoterState(replicaKey=ReplicaKey(id=2, directoryId=<undefined>), state=GRANTED), 3=VoterState(replicaKey=ReplicaKey(id=3, directoryId=<undefined>), state=UNRECORDED)}), electionTimeoutMs=1891, highWatermark=Optional[LogOffsetMetadata(offset=497, metadata=Optional.empty)]) from FollowerState(fetchTimeoutMs=2000, epoch=2, leader=1, leaderEndpoints=Endpoints(endpoints={ListenerName(CONTROLLER)=kafka-1/172.18.0.4:9093}), votedKey=Optional.empty, voters=[1, 2, 3], highWatermark=Optional[LogOffsetMetadata(offset=497, metadata=Optional.empty)], fetchingSnapshot=Optional.empty) (org.apache.kafka.raft.QuorumState)
kafka-2-1  | 2026-09-25T22:51:20.982530301Z [2026-09-25 22:51:20,980] INFO [RaftManager id=2] Vote request VoteRequestData(clusterId='5L6g3nShT-eMCtK--X86sw', voterId=2, topics=[TopicData(topicName='__cluster_metadata', partitions=[PartitionData(partitionIndex=0, replicaEpoch=2, replicaId=3, replicaDirectoryId=8UF3920IgitHE0H0GuJcUw, voterDirectoryId=AAAAAAAAAAAAAAAAAAAAAA, lastOffsetEpoch=2, lastOffset=498, preVote=true)])]) with epoch 2 is granted (org.apache.kafka.raft.KafkaRaftClient)
kafka-2-1  | 2026-09-25T22:51:20.982556494Z [2026-09-25 22:51:20,981] INFO [RaftManager id=2] Attempting durable transition to CandidateState(localId=2, localDirectoryId=zeqLTh4jufRaNO71n4EJ_g, epoch=3, retries=1, epochElection=EpochElection(voterStates={1=VoterState(replicaKey=ReplicaKey(id=1, directoryId=<undefined>), state=UNRECORDED), 2=VoterState(replicaKey=ReplicaKey(id=2, directoryId=<undefined>), state=GRANTED), 3=VoterState(replicaKey=ReplicaKey(id=3, directoryId=<undefined>), state=UNRECORDED)}), highWatermark=Optional[LogOffsetMetadata(offset=497, metadata=Optional.empty)], electionTimeoutMs=1946) from ProspectiveState(epoch=2, leaderId=OptionalInt[1], retries=1, votedKey=Optional.empty, epochElection=EpochElection(voterStates={1=VoterState(replicaKey=ReplicaKey(id=1, directoryId=<undefined>), state=UNRECORDED), 2=VoterState(replicaKey=ReplicaKey(id=2, directoryId=<undefined>), state=GRANTED), 3=VoterState(replicaKey=ReplicaKey(id=3, directoryId=<undefined>), state=GRANTED)}), electionTimeoutMs=1891, highWatermark=Optional[LogOffsetMetadata(offset=497, metadata=Optional.empty)]) (org.apache.kafka.raft.QuorumState)
kafka-2-1  | 2026-09-25T22:51:20.992531054Z [2026-09-25 22:51:20,992] INFO [RaftManager id=2] Completed transition to CandidateState(localId=2, localDirectoryId=zeqLTh4jufRaNO71n4EJ_g, epoch=3, retries=1, epochElection=EpochElection(voterStates={1=VoterState(replicaKey=ReplicaKey(id=1, directoryId=<undefined>), state=UNRECORDED), 2=VoterState(replicaKey=ReplicaKey(id=2, directoryId=<undefined>), state=GRANTED), 3=VoterState(replicaKey=ReplicaKey(id=3, directoryId=<undefined>), state=UNRECORDED)}), highWatermark=Optional[LogOffsetMetadata(offset=497, metadata=Optional.empty)], electionTimeoutMs=1946) from ProspectiveState(epoch=2, leaderId=OptionalInt[1], retries=1, votedKey=Optional.empty, epochElection=EpochElection(voterStates={1=VoterState(replicaKey=ReplicaKey(id=1, directoryId=<undefined>), state=UNRECORDED), 2=VoterState(replicaKey=ReplicaKey(id=2, directoryId=<undefined>), state=GRANTED), 3=VoterState(replicaKey=ReplicaKey(id=3, directoryId=<undefined>), state=GRANTED)}), electionTimeoutMs=1891, highWatermark=Optional[LogOffsetMetadata(offset=497, metadata=Optional.empty)]) (org.apache.kafka.raft.QuorumState)
kafka-2-1  | 2026-09-25T22:51:20.995822197Z [2026-09-25 22:51:20,995] INFO [RaftManager id=2] Vote request VoteRequestData(clusterId='5L6g3nShT-eMCtK--X86sw', voterId=2, topics=[TopicData(topicName='__cluster_metadata', partitions=[PartitionData(partitionIndex=0, replicaEpoch=3, replicaId=3, replicaDirectoryId=8UF3920IgitHE0H0GuJcUw, voterDirectoryId=AAAAAAAAAAAAAAAAAAAAAA, lastOffsetEpoch=2, lastOffset=498, preVote=false)])]) with epoch 3 is rejected (org.apache.kafka.raft.KafkaRaftClient)
kafka-2-1  | 2026-09-25T22:51:21.360232759Z [2026-09-25 22:51:21,359] INFO [BrokerLifecycleManager id=2] Unable to send a heartbeat because the RPC got timed out before it could be sent. (kafka.server.BrokerLifecycleManager)
kafka-2-1  | 2026-09-25T22:51:22.136471856Z [2026-09-25 22:51:22,136] INFO [RaftManager id=2] Vote request VoteRequestData(clusterId='5L6g3nShT-eMCtK--X86sw', voterId=2, topics=[TopicData(topicName='__cluster_metadata', partitions=[PartitionData(partitionIndex=0, replicaEpoch=3, replicaId=3, replicaDirectoryId=8UF3920IgitHE0H0GuJcUw, voterDirectoryId=AAAAAAAAAAAAAAAAAAAAAA, lastOffsetEpoch=2, lastOffset=498, preVote=true)])]) with epoch 3 is granted (org.apache.kafka.raft.KafkaRaftClient)
kafka-2-1  | 2026-09-25T22:51:22.145679348Z [2026-09-25 22:51:22,145] INFO [RaftManager id=2] Attempting durable transition to UnattachedState(epoch=4, leaderId=OptionalInt.empty, votedKey=Optional.empty, voters=[1, 2, 3], electionTimeoutMs=782, highWatermark=Optional[LogOffsetMetadata(offset=497, metadata=Optional.empty)]) from CandidateState(localId=2, localDirectoryId=zeqLTh4jufRaNO71n4EJ_g, epoch=3, retries=1, epochElection=EpochElection(voterStates={1=VoterState(replicaKey=ReplicaKey(id=1, directoryId=<undefined>), state=UNRECORDED), 2=VoterState(replicaKey=ReplicaKey(id=2, directoryId=<undefined>), state=GRANTED), 3=VoterState(replicaKey=ReplicaKey(id=3, directoryId=<undefined>), state=REJECTED)}), highWatermark=Optional[LogOffsetMetadata(offset=497, metadata=Optional.empty)], electionTimeoutMs=1946) (org.apache.kafka.raft.QuorumState)
kafka-2-1  | 2026-09-25T22:51:22.148955230Z [2026-09-25 22:51:22,148] INFO [RaftManager id=2] Completed transition to UnattachedState(epoch=4, leaderId=OptionalInt.empty, votedKey=Optional.empty, voters=[1, 2, 3], electionTimeoutMs=782, highWatermark=Optional[LogOffsetMetadata(offset=497, metadata=Optional.empty)]) from CandidateState(localId=2, localDirectoryId=zeqLTh4jufRaNO71n4EJ_g, epoch=3, retries=1, epochElection=EpochElection(voterStates={1=VoterState(replicaKey=ReplicaKey(id=1, directoryId=<undefined>), state=UNRECORDED), 2=VoterState(replicaKey=ReplicaKey(id=2, directoryId=<undefined>), state=GRANTED), 3=VoterState(replicaKey=ReplicaKey(id=3, directoryId=<undefined>), state=REJECTED)}), highWatermark=Optional[LogOffsetMetadata(offset=497, metadata=Optional.empty)], electionTimeoutMs=1946) (org.apache.kafka.raft.QuorumState)
kafka-2-1  | 2026-09-25T22:51:22.149708053Z [2026-09-25 22:51:22,149] INFO [RaftManager id=2] Attempting durable transition to UnattachedState(epoch=4, leaderId=OptionalInt.empty, votedKey=Optional[ReplicaKey(id=3, directoryId=8UF3920IgitHE0H0GuJcUw)], voters=[1, 2, 3], electionTimeoutMs=1083, highWatermark=Optional[LogOffsetMetadata(offset=497, metadata=Optional.empty)]) from UnattachedState(epoch=4, leaderId=OptionalInt.empty, votedKey=Optional.empty, voters=[1, 2, 3], electionTimeoutMs=782, highWatermark=Optional[LogOffsetMetadata(offset=497, metadata=Optional.empty)]) (org.apache.kafka.raft.QuorumState)
kafka-2-1  | 2026-09-25T22:51:22.154110478Z [2026-09-25 22:51:22,153] INFO [RaftManager id=2] Completed transition to UnattachedState(epoch=4, leaderId=OptionalInt.empty, votedKey=Optional[ReplicaKey(id=3, directoryId=8UF3920IgitHE0H0GuJcUw)], voters=[1, 2, 3], electionTimeoutMs=1083, highWatermark=Optional[LogOffsetMetadata(offset=497, metadata=Optional.empty)]) from UnattachedState(epoch=4, leaderId=OptionalInt.empty, votedKey=Optional.empty, voters=[1, 2, 3], electionTimeoutMs=782, highWatermark=Optional[LogOffsetMetadata(offset=497, metadata=Optional.empty)]) (org.apache.kafka.raft.QuorumState)
kafka-2-1  | 2026-09-25T22:51:22.154227321Z [2026-09-25 22:51:22,154] INFO [RaftManager id=2] Vote request VoteRequestData(clusterId='5L6g3nShT-eMCtK--X86sw', voterId=2, topics=[TopicData(topicName='__cluster_metadata', partitions=[PartitionData(partitionIndex=0, replicaEpoch=4, replicaId=3, replicaDirectoryId=8UF3920IgitHE0H0GuJcUw, voterDirectoryId=AAAAAAAAAAAAAAAAAAAAAA, lastOffsetEpoch=2, lastOffset=498, preVote=false)])]) with epoch 4 is granted (org.apache.kafka.raft.KafkaRaftClient)
kafka-2-1  | 2026-09-25T22:51:22.170012075Z [2026-09-25 22:51:22,169] INFO [RaftManager id=2] Attempting durable transition to FollowerState(fetchTimeoutMs=2000, epoch=4, leader=3, leaderEndpoints=Endpoints(endpoints={ListenerName(CONTROLLER)=kafka-3/<unresolved>:9093}), votedKey=Optional[ReplicaKey(id=3, directoryId=8UF3920IgitHE0H0GuJcUw)], voters=[1, 2, 3], highWatermark=Optional[LogOffsetMetadata(offset=497, metadata=Optional.empty)], fetchingSnapshot=Optional.empty) from UnattachedState(epoch=4, leaderId=OptionalInt.empty, votedKey=Optional[ReplicaKey(id=3, directoryId=8UF3920IgitHE0H0GuJcUw)], voters=[1, 2, 3], electionTimeoutMs=1083, highWatermark=Optional[LogOffsetMetadata(offset=497, metadata=Optional.empty)]) (org.apache.kafka.raft.QuorumState)
kafka-2-1  | 2026-09-25T22:51:22.173027578Z [2026-09-25 22:51:22,172] INFO [RaftManager id=2] Completed transition to FollowerState(fetchTimeoutMs=2000, epoch=4, leader=3, leaderEndpoints=Endpoints(endpoints={ListenerName(CONTROLLER)=kafka-3/<unresolved>:9093}), votedKey=Optional[ReplicaKey(id=3, directoryId=8UF3920IgitHE0H0GuJcUw)], voters=[1, 2, 3], highWatermark=Optional[LogOffsetMetadata(offset=497, metadata=Optional.empty)], fetchingSnapshot=Optional.empty) from UnattachedState(epoch=4, leaderId=OptionalInt.empty, votedKey=Optional[ReplicaKey(id=3, directoryId=8UF3920IgitHE0H0GuJcUw)], voters=[1, 2, 3], electionTimeoutMs=1083, highWatermark=Optional[LogOffsetMetadata(offset=497, metadata=Optional.empty)]) (org.apache.kafka.raft.QuorumState)
kafka-2-1  | 2026-09-25T22:51:22.264983069Z [2026-09-25 22:51:22,264] INFO [broker-2-to-controller-heartbeat-channel-manager]: Recorded new KRaft controller, from now on will use node kafka-3:9093 (id: 3 rack: null isFenced: false) (kafka.server.NodeToControllerRequestThread)
kafka-2-1  | 2026-09-25T22:51:26.722275696Z [2026-09-25 22:51:26,721] INFO [ReplicaFetcherManager on broker 2] Removed fetcher for partitions Set(__consumer_offsets-16, __consumer_offsets-46, __consumer_offsets-11, __consumer_offsets-43, __consumer_offsets-12, __consumer_offsets-23, __consumer_offsets-24, __consumer_offsets-20, dados-sensores-4, __consumer_offsets-0, __consumer_offsets-29, __consumer_offsets-30, __consumer_offsets-7, __consumer_offsets-40, __consumer_offsets-3, __consumer_offsets-36, dados-sensores-2, __consumer_offsets-34) (kafka.server.ReplicaFetcherManager)
kafka-2-1  | 2026-09-25T22:51:26.802251021Z [2026-09-25 22:51:26,801] INFO [ReplicaFetcherManager on broker 2] Removed fetcher for partitions Set(__consumer_offsets-31, __consumer_offsets-47, __consumer_offsets-48, __consumer_offsets-37, __consumer_offsets-21, __consumer_offsets-35, __consumer_offsets-17, __consumer_offsets-18) (kafka.server.ReplicaFetcherManager)
kafka-2-1  | 2026-09-25T22:51:26.802719095Z [2026-09-25 22:51:26,802] INFO [ReplicaFetcherManager on broker 2] Added fetcher to broker 3 for partitions HashMap(__consumer_offsets-31 -> InitialFetchState(Some(z0JJoNscSBKv29UaLoZ9NQ),BrokerEndPoint(id=3, host=kafka-3:9092),1,0), __consumer_offsets-47 -> InitialFetchState(Some(z0JJoNscSBKv29UaLoZ9NQ),BrokerEndPoint(id=3, host=kafka-3:9092),1,0), __consumer_offsets-48 -> InitialFetchState(Some(z0JJoNscSBKv29UaLoZ9NQ),BrokerEndPoint(id=3, host=kafka-3:9092),1,0), __consumer_offsets-37 -> InitialFetchState(Some(z0JJoNscSBKv29UaLoZ9NQ),BrokerEndPoint(id=3, host=kafka-3:9092),1,0), __consumer_offsets-21 -> InitialFetchState(Some(z0JJoNscSBKv29UaLoZ9NQ),BrokerEndPoint(id=3, host=kafka-3:9092),1,0), __consumer_offsets-35 -> InitialFetchState(Some(z0JJoNscSBKv29UaLoZ9NQ),BrokerEndPoint(id=3, host=kafka-3:9092),1,0), __consumer_offsets-17 -> InitialFetchState(Some(z0JJoNscSBKv29UaLoZ9NQ),BrokerEndPoint(id=3, host=kafka-3:9092),1,0), __consumer_offsets-18 -> InitialFetchState(Some(z0JJoNscSBKv29UaLoZ9NQ),BrokerEndPoint(id=3, host=kafka-3:9092),1,0)) (kafka.server.ReplicaFetcherManager)
kafka-2-1  | 2026-09-25T22:51:26.804147044Z [2026-09-25 22:51:26,803] INFO [ReplicaFetcherThread-0-1]: Shutting down (kafka.server.ReplicaFetcherThread)
kafka-2-1  | 2026-09-25T22:51:26.804978605Z [2026-09-25 22:51:26,804] INFO [ReplicaFetcher replicaId=2, leaderId=1, fetcherId=0] Client requested connection close from node 1 (org.apache.kafka.clients.NetworkClient)
kafka-2-1  | 2026-09-25T22:51:26.805215198Z [2026-09-25 22:51:26,805] INFO [ReplicaFetcher replicaId=2, leaderId=1, fetcherId=0] Error sending fetch request (sessionId=771336213, epoch=INITIAL) to node 1: (org.apache.kafka.clients.FetchSessionHandler)
kafka-2-1  | 2026-09-25T22:51:26.805219724Z org.apache.kafka.common.errors.DisconnectException: NetworkClient is no longer active, state is CLOSING
kafka-2-1  | 2026-09-25T22:51:26.805334373Z [2026-09-25 22:51:26,805] INFO [ReplicaFetcherThread-0-1]: Stopped (kafka.server.ReplicaFetcherThread)
kafka-2-1  | 2026-09-25T22:51:26.805347203Z [2026-09-25 22:51:26,805] INFO [ReplicaFetcherThread-0-1]: Shutdown completed (kafka.server.ReplicaFetcherThread)
kafka-2-1  | 2026-09-25T22:51:26.807152350Z [2026-09-25 22:51:26,806] INFO [GroupCoordinator id=2] Scheduling loading of metadata from __consumer_offsets-16 with epoch 2 (org.apache.kafka.coordinator.common.runtime.CoordinatorRuntime)
kafka-2-1  | 2026-09-25T22:51:26.808006087Z [2026-09-25 22:51:26,807] INFO [GroupCoordinator id=2] Scheduling loading of metadata from __consumer_offsets-46 with epoch 2 (org.apache.kafka.coordinator.common.runtime.CoordinatorRuntime)
kafka-2-1  | 2026-09-25T22:51:26.808293299Z [2026-09-25 22:51:26,808] INFO [GroupCoordinator id=2] Scheduling loading of metadata from __consumer_offsets-11 with epoch 1 (org.apache.kafka.coordinator.common.runtime.CoordinatorRuntime)
kafka-2-1  | 2026-09-25T22:51:26.808565200Z [2026-09-25 22:51:26,808] INFO [GroupCoordinator id=2] Scheduling loading of metadata from __consumer_offsets-43 with epoch 1 (org.apache.kafka.coordinator.common.runtime.CoordinatorRuntime)
kafka-2-1  | 2026-09-25T22:51:26.808852403Z [2026-09-25 22:51:26,808] INFO [GroupCoordinator id=2] Scheduling loading of metadata from __consumer_offsets-12 with epoch 1 (org.apache.kafka.coordinator.common.runtime.CoordinatorRuntime)
kafka-2-1  | 2026-09-25T22:51:26.809278597Z [2026-09-25 22:51:26,809] INFO [GroupCoordinator id=2] Scheduling loading of metadata from __consumer_offsets-23 with epoch 2 (org.apache.kafka.coordinator.common.runtime.CoordinatorRuntime)
kafka-2-1  | 2026-09-25T22:51:26.810363237Z [2026-09-25 22:51:26,809] INFO [GroupCoordinator id=2] Scheduling loading of metadata from __consumer_offsets-24 with epoch 1 (org.apache.kafka.coordinator.common.runtime.CoordinatorRuntime)
kafka-2-1  | 2026-09-25T22:51:26.810624865Z [2026-09-25 22:51:26,810] INFO [GroupCoordinator id=2] Scheduling loading of metadata from __consumer_offsets-20 with epoch 2 (org.apache.kafka.coordinator.common.runtime.CoordinatorRuntime)
kafka-2-1  | 2026-09-25T22:51:26.810997867Z [2026-09-25 22:51:26,810] INFO [GroupCoordinator id=2] Scheduling loading of metadata from __consumer_offsets-0 with epoch 1 (org.apache.kafka.coordinator.common.runtime.CoordinatorRuntime)
kafka-2-1  | 2026-09-25T22:51:26.811445944Z [2026-09-25 22:51:26,811] INFO [GroupCoordinator id=2] Scheduling loading of metadata from __consumer_offsets-29 with epoch 1 (org.apache.kafka.coordinator.common.runtime.CoordinatorRuntime)
kafka-2-1  | 2026-09-25T22:51:26.811988898Z [2026-09-25 22:51:26,811] INFO [GroupCoordinator id=2] Scheduling loading of metadata from __consumer_offsets-30 with epoch 2 (org.apache.kafka.coordinator.common.runtime.CoordinatorRuntime)
kafka-2-1  | 2026-09-25T22:51:26.812144980Z [2026-09-25 22:51:26,811] INFO [GroupCoordinator id=2] Scheduling loading of metadata from __consumer_offsets-7 with epoch 1 (org.apache.kafka.coordinator.common.runtime.CoordinatorRuntime)
kafka-2-1  | 2026-09-25T22:51:26.812152281Z [2026-09-25 22:51:26,812] INFO [GroupCoordinator id=2] Scheduling loading of metadata from __consumer_offsets-40 with epoch 1 (org.apache.kafka.coordinator.common.runtime.CoordinatorRuntime)
kafka-2-1  | 2026-09-25T22:51:26.812459163Z [2026-09-25 22:51:26,812] INFO [GroupCoordinator id=2] Scheduling loading of metadata from __consumer_offsets-3 with epoch 1 (org.apache.kafka.coordinator.common.runtime.CoordinatorRuntime)
kafka-2-1  | 2026-09-25T22:51:26.812887146Z [2026-09-25 22:51:26,812] INFO [GroupCoordinator id=2] Scheduling loading of metadata from __consumer_offsets-36 with epoch 2 (org.apache.kafka.coordinator.common.runtime.CoordinatorRuntime)
kafka-2-1  | 2026-09-25T22:51:26.812901488Z [2026-09-25 22:51:26,812] INFO [GroupCoordinator id=2] Finished loading of metadata from __consumer_offsets-16 with epoch 2 in 2ms where 1ms was spent in the scheduler. Loaded 0 records which total to 0 bytes. (org.apache.kafka.coordinator.common.runtime.CoordinatorRuntime)
kafka-2-1  | 2026-09-25T22:51:26.812905853Z [2026-09-25 22:51:26,812] INFO [GroupCoordinator id=2] Finished loading of metadata from __consumer_offsets-23 with epoch 2 in 1ms where 1ms was spent in the scheduler. Loaded 0 records which total to 0 bytes. (org.apache.kafka.coordinator.common.runtime.CoordinatorRuntime)
kafka-2-1  | 2026-09-25T22:51:26.812908865Z [2026-09-25 22:51:26,812] INFO [GroupCoordinator id=2] Finished loading of metadata from __consumer_offsets-46 with epoch 2 in 1ms where 1ms was spent in the scheduler. Loaded 0 records which total to 0 bytes. (org.apache.kafka.coordinator.common.runtime.CoordinatorRuntime)
kafka-2-1  | 2026-09-25T22:51:26.812911791Z [2026-09-25 22:51:26,812] INFO [GroupCoordinator id=2] Finished loading of metadata from __consumer_offsets-12 with epoch 1 in 1ms where 1ms was spent in the scheduler. Loaded 0 records which total to 0 bytes. (org.apache.kafka.coordinator.common.runtime.CoordinatorRuntime)
kafka-2-1  | 2026-09-25T22:51:26.813140990Z [2026-09-25 22:51:26,812] INFO [GroupCoordinator id=2] Finished loading of metadata from __consumer_offsets-29 with epoch 1 in 0ms where 0ms was spent in the scheduler. Loaded 0 records which total to 0 bytes. (org.apache.kafka.coordinator.common.runtime.CoordinatorRuntime)
kafka-2-1  | 2026-09-25T22:51:26.813155139Z [2026-09-25 22:51:26,812] INFO [GroupCoordinator id=2] Finished loading of metadata from __consumer_offsets-11 with epoch 1 in 2ms where 2ms was spent in the scheduler. Loaded 0 records which total to 0 bytes. (org.apache.kafka.coordinator.common.runtime.CoordinatorRuntime)
kafka-2-1  | 2026-09-25T22:51:26.813158861Z [2026-09-25 22:51:26,813] INFO [GroupCoordinator id=2] Finished loading of metadata from __consumer_offsets-43 with epoch 1 in 2ms where 2ms was spent in the scheduler. Loaded 0 records which total to 0 bytes. (org.apache.kafka.coordinator.common.runtime.CoordinatorRuntime)
kafka-2-1  | 2026-09-25T22:51:26.813161876Z [2026-09-25 22:51:26,813] INFO [GroupCoordinator id=2] Finished loading of metadata from __consumer_offsets-24 with epoch 1 in 1ms where 1ms was spent in the scheduler. Loaded 0 records which total to 0 bytes. (org.apache.kafka.coordinator.common.runtime.CoordinatorRuntime)
kafka-2-1  | 2026-09-25T22:51:26.813164721Z [2026-09-25 22:51:26,813] INFO [GroupCoordinator id=2] Finished loading of metadata from __consumer_offsets-0 with epoch 1 in 0ms where 0ms was spent in the scheduler. Loaded 0 records which total to 0 bytes. (org.apache.kafka.coordinator.common.runtime.CoordinatorRuntime)
kafka-2-1  | 2026-09-25T22:51:26.813167559Z [2026-09-25 22:51:26,813] INFO [GroupCoordinator id=2] Finished loading of metadata from __consumer_offsets-20 with epoch 2 in 1ms where 1ms was spent in the scheduler. Loaded 0 records which total to 0 bytes. (org.apache.kafka.coordinator.common.runtime.CoordinatorRuntime)
kafka-2-1  | 2026-09-25T22:51:26.813500320Z [2026-09-25 22:51:26,813] INFO [GroupCoordinator id=2] Scheduling loading of metadata from __consumer_offsets-34 with epoch 2 (org.apache.kafka.coordinator.common.runtime.CoordinatorRuntime)
kafka-2-1  | 2026-09-25T22:51:26.813520181Z [2026-09-25 22:51:26,813] INFO [GroupCoordinator id=2] Scheduling unloading of metadata for __consumer_offsets-15 with epoch OptionalInt[0] (org.apache.kafka.coordinator.common.runtime.CoordinatorRuntime)
kafka-2-1  | 2026-09-25T22:51:26.813533564Z [2026-09-25 22:51:26,813] INFO [GroupCoordinator id=2] Scheduling unloading of metadata for __consumer_offsets-48 with epoch OptionalInt[1] (org.apache.kafka.coordinator.common.runtime.CoordinatorRuntime)
kafka-2-1  | 2026-09-25T22:51:26.813536781Z [2026-09-25 22:51:26,813] INFO [GroupCoordinator id=2] Scheduling unloading of metadata for __consumer_offsets-13 with epoch OptionalInt[1] (org.apache.kafka.coordinator.common.runtime.CoordinatorRuntime)
kafka-2-1  | 2026-09-25T22:51:26.813609652Z [2026-09-25 22:51:26,813] INFO [GroupCoordinator id=2] Scheduling unloading of metadata for __consumer_offsets-44 with epoch OptionalInt[1] (org.apache.kafka.coordinator.common.runtime.CoordinatorRuntime)
kafka-2-1  | 2026-09-25T22:51:26.813622856Z [2026-09-25 22:51:26,813] INFO [GroupCoordinator id=2] Scheduling unloading of metadata for __consumer_offsets-9 with epoch OptionalInt[1] (org.apache.kafka.coordinator.common.runtime.CoordinatorRuntime)
kafka-2-1  | 2026-09-25T22:51:26.813625669Z [2026-09-25 22:51:26,813] INFO [GroupCoordinator id=2] Scheduling unloading of metadata for __consumer_offsets-42 with epoch OptionalInt[0] (org.apache.kafka.coordinator.common.runtime.CoordinatorRuntime)
kafka-2-1  | 2026-09-25T22:51:26.813627838Z [2026-09-25 22:51:26,813] INFO [GroupCoordinator id=2] Scheduling unloading of metadata for __consumer_offsets-21 with epoch OptionalInt[1] (org.apache.kafka.coordinator.common.runtime.CoordinatorRuntime)
kafka-2-1  | 2026-09-25T22:51:26.813663906Z [2026-09-25 22:51:26,813] INFO [GroupCoordinator id=2] Scheduling unloading of metadata for __consumer_offsets-19 with epoch OptionalInt[0] (org.apache.kafka.coordinator.common.runtime.CoordinatorRuntime)
kafka-2-1  | 2026-09-25T22:51:26.813671169Z [2026-09-25 22:51:26,813] INFO [GroupCoordinator id=2] Finished loading of metadata from __consumer_offsets-40 with epoch 1 in 0ms where 0ms was spent in the scheduler. Loaded 0 records which total to 0 bytes. (org.apache.kafka.coordinator.common.runtime.CoordinatorRuntime)
kafka-2-1  | 2026-09-25T22:51:26.813673611Z [2026-09-25 22:51:26,813] INFO [GroupCoordinator id=2] Scheduling unloading of metadata for __consumer_offsets-17 with epoch OptionalInt[1] (org.apache.kafka.coordinator.common.runtime.CoordinatorRuntime)
kafka-2-1  | 2026-09-25T22:51:26.813776800Z [2026-09-25 22:51:26,813] INFO [GroupCoordinator id=2] Ignored unloading metadata for __consumer_offsets-42 in epoch OptionalInt[0] since metadata was never loaded. (org.apache.kafka.coordinator.common.runtime.CoordinatorRuntime)
kafka-2-1  | 2026-09-25T22:51:26.813783474Z [2026-09-25 22:51:26,813] INFO [GroupCoordinator id=2] Scheduling unloading of metadata for __consumer_offsets-32 with epoch OptionalInt[0] (org.apache.kafka.coordinator.common.runtime.CoordinatorRuntime)
kafka-2-1  | 2026-09-25T22:51:26.813812879Z [2026-09-25 22:51:26,813] INFO [GroupCoordinator id=2] Ignored unloading metadata for __consumer_offsets-15 in epoch OptionalInt[0] since metadata was never loaded. (org.apache.kafka.coordinator.common.runtime.CoordinatorRuntime)
kafka-2-1  | 2026-09-25T22:51:26.813815908Z [2026-09-25 22:51:26,813] INFO [GroupCoordinator id=2] Finished loading of metadata from __consumer_offsets-30 with epoch 2 in 0ms where 0ms was spent in the scheduler. Loaded 0 records which total to 0 bytes. (org.apache.kafka.coordinator.common.runtime.CoordinatorRuntime)
kafka-2-1  | 2026-09-25T22:51:26.813818122Z [2026-09-25 22:51:26,813] INFO [GroupCoordinator id=2] Scheduling unloading of metadata for __consumer_offsets-28 with epoch OptionalInt[0] (org.apache.kafka.coordinator.common.runtime.CoordinatorRuntime)
kafka-2-1  | 2026-09-25T22:51:26.813997246Z [2026-09-25 22:51:26,813] INFO [GroupCoordinator id=2] Ignored unloading metadata for __consumer_offsets-13 in epoch OptionalInt[1] since metadata was never loaded. (org.apache.kafka.coordinator.common.runtime.CoordinatorRuntime)
kafka-2-1  | 2026-09-25T22:51:26.814009877Z [2026-09-25 22:51:26,813] INFO [GroupCoordinator id=2] Ignored unloading metadata for __consumer_offsets-21 in epoch OptionalInt[1] since metadata was never loaded. (org.apache.kafka.coordinator.common.runtime.CoordinatorRuntime)
kafka-2-1  | 2026-09-25T22:51:26.814013657Z [2026-09-25 22:51:26,813] INFO [GroupCoordinator id=2] Ignored unloading metadata for __consumer_offsets-48 in epoch OptionalInt[1] since metadata was never loaded. (org.apache.kafka.coordinator.common.runtime.CoordinatorRuntime)
kafka-2-1  | 2026-09-25T22:51:26.814114517Z [2026-09-25 22:51:26,813] INFO [GroupCoordinator id=2] Finished loading of metadata from __consumer_offsets-7 with epoch 1 in 0ms where 0ms was spent in the scheduler. Loaded 0 records which total to 0 bytes. (org.apache.kafka.coordinator.common.runtime.CoordinatorRuntime)
kafka-2-1  | 2026-09-25T22:51:26.814128527Z [2026-09-25 22:51:26,813] INFO [GroupCoordinator id=2] Ignored unloading metadata for __consumer_offsets-19 in epoch OptionalInt[0] since metadata was never loaded. (org.apache.kafka.coordinator.common.runtime.CoordinatorRuntime)
kafka-2-1  | 2026-09-25T22:51:26.814132330Z [2026-09-25 22:51:26,814] INFO [GroupCoordinator id=2] Ignored unloading metadata for __consumer_offsets-32 in epoch OptionalInt[0] since metadata was never loaded. (org.apache.kafka.coordinator.common.runtime.CoordinatorRuntime)
kafka-2-1  | 2026-09-25T22:51:26.814135432Z [2026-09-25 22:51:26,814] INFO [GroupCoordinator id=2] Scheduling unloading of metadata for __consumer_offsets-26 with epoch OptionalInt[0] (org.apache.kafka.coordinator.common.runtime.CoordinatorRuntime)
kafka-2-1  | 2026-09-25T22:51:26.814197058Z [2026-09-25 22:51:26,814] INFO [GroupCoordinator id=2] Ignored unloading metadata for __consumer_offsets-9 in epoch OptionalInt[1] since metadata was never loaded. (org.apache.kafka.coordinator.common.runtime.CoordinatorRuntime)
kafka-2-1  | 2026-09-25T22:51:26.814202518Z [2026-09-25 22:51:26,814] INFO [GroupCoordinator id=2] Ignored unloading metadata for __consumer_offsets-44 in epoch OptionalInt[1] since metadata was never loaded. (org.apache.kafka.coordinator.common.runtime.CoordinatorRuntime)
kafka-2-1  | 2026-09-25T22:51:26.814276015Z [2026-09-25 22:51:26,814] INFO [GroupCoordinator id=2] Finished loading of metadata from __consumer_offsets-34 with epoch 2 in 0ms where 0ms was spent in the scheduler. Loaded 0 records which total to 0 bytes. (org.apache.kafka.coordinator.common.runtime.CoordinatorRuntime)
kafka-2-1  | 2026-09-25T22:51:26.814283718Z [2026-09-25 22:51:26,814] INFO [GroupCoordinator id=2] Ignored unloading metadata for __consumer_offsets-28 in epoch OptionalInt[0] since metadata was never loaded. (org.apache.kafka.coordinator.common.runtime.CoordinatorRuntime)
kafka-2-1  | 2026-09-25T22:51:26.814285722Z [2026-09-25 22:51:26,814] INFO [GroupCoordinator id=2] Ignored unloading metadata for __consumer_offsets-26 in epoch OptionalInt[0] since metadata was never loaded. (org.apache.kafka.coordinator.common.runtime.CoordinatorRuntime)
kafka-2-1  | 2026-09-25T22:51:26.814287647Z [2026-09-25 22:51:26,814] INFO [GroupCoordinator id=2] Finished loading of metadata from __consumer_offsets-36 with epoch 2 in 0ms where 0ms was spent in the scheduler. Loaded 0 records which total to 0 bytes. (org.apache.kafka.coordinator.common.runtime.CoordinatorRuntime)
kafka-2-1  | 2026-09-25T22:51:26.814295813Z [2026-09-25 22:51:26,814] INFO [GroupCoordinator id=2] Scheduling unloading of metadata for __consumer_offsets-5 with epoch OptionalInt[0] (org.apache.kafka.coordinator.common.runtime.CoordinatorRuntime)
kafka-2-1  | 2026-09-25T22:51:26.814425338Z [2026-09-25 22:51:26,814] INFO [GroupCoordinator id=2] Ignored unloading metadata for __consumer_offsets-17 in epoch OptionalInt[1] since metadata was never loaded. (org.apache.kafka.coordinator.common.runtime.CoordinatorRuntime)
kafka-2-1  | 2026-09-25T22:51:26.814429628Z [2026-09-25 22:51:26,814] INFO [GroupCoordinator id=2] Finished loading of metadata from __consumer_offsets-3 with epoch 1 in 0ms where 0ms was spent in the scheduler. Loaded 0 records which total to 0 bytes. (org.apache.kafka.coordinator.common.runtime.CoordinatorRuntime)
kafka-2-1  | 2026-09-25T22:51:26.814643425Z [2026-09-25 22:51:26,814] INFO [GroupCoordinator id=2] Scheduling unloading of metadata for __consumer_offsets-38 with epoch OptionalInt[0] (org.apache.kafka.coordinator.common.runtime.CoordinatorRuntime)
kafka-2-1  | 2026-09-25T22:51:26.814654626Z [2026-09-25 22:51:26,814] INFO [GroupCoordinator id=2] Ignored unloading metadata for __consumer_offsets-5 in epoch OptionalInt[0] since metadata was never loaded. (org.apache.kafka.coordinator.common.runtime.CoordinatorRuntime)
kafka-2-1  | 2026-09-25T22:51:26.814658094Z [2026-09-25 22:51:26,814] INFO [GroupCoordinator id=2] Ignored unloading metadata for __consumer_offsets-38 in epoch OptionalInt[0] since metadata was never loaded. (org.apache.kafka.coordinator.common.runtime.CoordinatorRuntime)
kafka-2-1  | 2026-09-25T22:51:26.814660770Z [2026-09-25 22:51:26,814] INFO [GroupCoordinator id=2] Scheduling unloading of metadata for __consumer_offsets-1 with epoch OptionalInt[1] (org.apache.kafka.coordinator.common.runtime.CoordinatorRuntime)
kafka-2-1  | 2026-09-25T22:51:26.814846985Z [2026-09-25 22:51:26,814] INFO [GroupCoordinator id=2] Scheduling unloading of metadata for __consumer_offsets-47 with epoch OptionalInt[1] (org.apache.kafka.coordinator.common.runtime.CoordinatorRuntime)
kafka-2-1  | 2026-09-25T22:51:26.814854744Z [2026-09-25 22:51:26,814] INFO [GroupCoordinator id=2] Ignored unloading metadata for __consumer_offsets-1 in epoch OptionalInt[1] since metadata was never loaded. (org.apache.kafka.coordinator.common.runtime.CoordinatorRuntime)
kafka-2-1  | 2026-09-25T22:51:26.814896320Z [2026-09-25 22:51:26,814] INFO [GroupCoordinator id=2] Scheduling unloading of metadata for __consumer_offsets-45 with epoch OptionalInt[0] (org.apache.kafka.coordinator.common.runtime.CoordinatorRuntime)
kafka-2-1  | 2026-09-25T22:51:26.815153120Z [2026-09-25 22:51:26,814] INFO [GroupCoordinator id=2] Scheduling unloading of metadata for __consumer_offsets-14 with epoch OptionalInt[0] (org.apache.kafka.coordinator.common.runtime.CoordinatorRuntime)
kafka-2-1  | 2026-09-25T22:51:26.815165370Z [2026-09-25 22:51:26,814] INFO [GroupCoordinator id=2] Ignored unloading metadata for __consumer_offsets-45 in epoch OptionalInt[0] since metadata was never loaded. (org.apache.kafka.coordinator.common.runtime.CoordinatorRuntime)
kafka-2-1  | 2026-09-25T22:51:26.815169280Z [2026-09-25 22:51:26,814] INFO [GroupCoordinator id=2] Ignored unloading metadata for __consumer_offsets-47 in epoch OptionalInt[1] since metadata was never loaded. (org.apache.kafka.coordinator.common.runtime.CoordinatorRuntime)
kafka-2-1  | 2026-09-25T22:51:26.815172122Z [2026-09-25 22:51:26,815] INFO [GroupCoordinator id=2] Scheduling unloading of metadata for __consumer_offsets-41 with epoch OptionalInt[1] (org.apache.kafka.coordinator.common.runtime.CoordinatorRuntime)
kafka-2-1  | 2026-09-25T22:51:26.815336683Z [2026-09-25 22:51:26,815] INFO [GroupCoordinator id=2] Ignored unloading metadata for __consumer_offsets-14 in epoch OptionalInt[0] since metadata was never loaded. (org.apache.kafka.coordinator.common.runtime.CoordinatorRuntime)
kafka-2-1  | 2026-09-25T22:51:26.815348801Z [2026-09-25 22:51:26,815] INFO [GroupCoordinator id=2] Scheduling unloading of metadata for __consumer_offsets-10 with epoch OptionalInt[0] (org.apache.kafka.coordinator.common.runtime.CoordinatorRuntime)
kafka-2-1  | 2026-09-25T22:51:26.815352872Z [2026-09-25 22:51:26,815] INFO [GroupCoordinator id=2] Scheduling unloading of metadata for __consumer_offsets-22 with epoch OptionalInt[0] (org.apache.kafka.coordinator.common.runtime.CoordinatorRuntime)
kafka-2-1  | 2026-09-25T22:51:26.815355836Z [2026-09-25 22:51:26,815] INFO [GroupCoordinator id=2] Ignored unloading metadata for __consumer_offsets-41 in epoch OptionalInt[1] since metadata was never loaded. (org.apache.kafka.coordinator.common.runtime.CoordinatorRuntime)
kafka-2-1  | 2026-09-25T22:51:26.815394558Z [2026-09-25 22:51:26,815] INFO [GroupCoordinator id=2] Scheduling unloading of metadata for __consumer_offsets-49 with epoch OptionalInt[0] (org.apache.kafka.coordinator.common.runtime.CoordinatorRuntime)
kafka-2-1  | 2026-09-25T22:51:26.815402845Z [2026-09-25 22:51:26,815] INFO [GroupCoordinator id=2] Scheduling unloading of metadata for __consumer_offsets-18 with epoch OptionalInt[1] (org.apache.kafka.coordinator.common.runtime.CoordinatorRuntime)
kafka-2-1  | 2026-09-25T22:51:26.815407166Z [2026-09-25 22:51:26,815] INFO [GroupCoordinator id=2] Ignored unloading metadata for __consumer_offsets-10 in epoch OptionalInt[0] since metadata was never loaded. (org.apache.kafka.coordinator.common.runtime.CoordinatorRuntime)
kafka-2-1  | 2026-09-25T22:51:26.815529524Z [2026-09-25 22:51:26,815] INFO [GroupCoordinator id=2] Scheduling unloading of metadata for __consumer_offsets-31 with epoch OptionalInt[1] (org.apache.kafka.coordinator.common.runtime.CoordinatorRuntime)
kafka-2-1  | 2026-09-25T22:51:26.815535389Z [2026-09-25 22:51:26,815] INFO [GroupCoordinator id=2] Scheduling unloading of metadata for __consumer_offsets-27 with epoch OptionalInt[1] (org.apache.kafka.coordinator.common.runtime.CoordinatorRuntime)
kafka-2-1  | 2026-09-25T22:51:26.815537062Z [2026-09-25 22:51:26,815] INFO [GroupCoordinator id=2] Ignored unloading metadata for __consumer_offsets-22 in epoch OptionalInt[0] since metadata was never loaded. (org.apache.kafka.coordinator.common.runtime.CoordinatorRuntime)
kafka-2-1  | 2026-09-25T22:51:26.815538463Z [2026-09-25 22:51:26,815] INFO [GroupCoordinator id=2] Scheduling unloading of metadata for __consumer_offsets-25 with epoch OptionalInt[1] (org.apache.kafka.coordinator.common.runtime.CoordinatorRuntime)
kafka-2-1  | 2026-09-25T22:51:26.815539743Z [2026-09-25 22:51:26,815] INFO [GroupCoordinator id=2] Scheduling unloading of metadata for __consumer_offsets-39 with epoch OptionalInt[0] (org.apache.kafka.coordinator.common.runtime.CoordinatorRuntime)
kafka-2-1  | 2026-09-25T22:51:26.815541043Z [2026-09-25 22:51:26,815] INFO [GroupCoordinator id=2] Ignored unloading metadata for __consumer_offsets-49 in epoch OptionalInt[0] since metadata was never loaded. (org.apache.kafka.coordinator.common.runtime.CoordinatorRuntime)
kafka-2-1  | 2026-09-25T22:51:26.815542443Z [2026-09-25 22:51:26,815] INFO [GroupCoordinator id=2] Scheduling unloading of metadata for __consumer_offsets-8 with epoch OptionalInt[1] (org.apache.kafka.coordinator.common.runtime.CoordinatorRuntime)
kafka-2-1  | 2026-09-25T22:51:26.815751702Z [2026-09-25 22:51:26,815] INFO [GroupCoordinator id=2] Ignored unloading metadata for __consumer_offsets-18 in epoch OptionalInt[1] since metadata was never loaded. (org.apache.kafka.coordinator.common.runtime.CoordinatorRuntime)
kafka-2-1  | 2026-09-25T22:51:26.815772573Z [2026-09-25 22:51:26,815] INFO [GroupCoordinator id=2] Scheduling unloading of metadata for __consumer_offsets-37 with epoch OptionalInt[1] (org.apache.kafka.coordinator.common.runtime.CoordinatorRuntime)
kafka-2-1  | 2026-09-25T22:51:26.815776602Z [2026-09-25 22:51:26,815] INFO [GroupCoordinator id=2] Ignored unloading metadata for __consumer_offsets-25 in epoch OptionalInt[1] since metadata was never loaded. (org.apache.kafka.coordinator.common.runtime.CoordinatorRuntime)
kafka-2-1  | 2026-09-25T22:51:26.815779403Z [2026-09-25 22:51:26,815] INFO [GroupCoordinator id=2] Ignored unloading metadata for __consumer_offsets-39 in epoch OptionalInt[0] since metadata was never loaded. (org.apache.kafka.coordinator.common.runtime.CoordinatorRuntime)
kafka-2-1  | 2026-09-25T22:51:26.815788287Z [2026-09-25 22:51:26,815] INFO [GroupCoordinator id=2] Scheduling unloading of metadata for __consumer_offsets-6 with epoch OptionalInt[0] (org.apache.kafka.coordinator.common.runtime.CoordinatorRuntime)
kafka-2-1  | 2026-09-25T22:51:26.815791815Z [2026-09-25 22:51:26,815] INFO [GroupCoordinator id=2] Ignored unloading metadata for __consumer_offsets-31 in epoch OptionalInt[1] since metadata was never loaded. (org.apache.kafka.coordinator.common.runtime.CoordinatorRuntime)
kafka-2-1  | 2026-09-25T22:51:26.815926088Z [2026-09-25 22:51:26,815] INFO [GroupCoordinator id=2] Ignored unloading metadata for __consumer_offsets-8 in epoch OptionalInt[1] since metadata was never loaded. (org.apache.kafka.coordinator.common.runtime.CoordinatorRuntime)
kafka-2-1  | 2026-09-25T22:51:26.815933874Z [2026-09-25 22:51:26,815] INFO [GroupCoordinator id=2] Ignored unloading metadata for __consumer_offsets-37 in epoch OptionalInt[1] since metadata was never loaded. (org.apache.kafka.coordinator.common.runtime.CoordinatorRuntime)
kafka-2-1  | 2026-09-25T22:51:26.815935594Z [2026-09-25 22:51:26,815] INFO [GroupCoordinator id=2] Ignored unloading metadata for __consumer_offsets-6 in epoch OptionalInt[0] since metadata was never loaded. (org.apache.kafka.coordinator.common.runtime.CoordinatorRuntime)
kafka-2-1  | 2026-09-25T22:51:26.816111363Z [2026-09-25 22:51:26,815] INFO [GroupCoordinator id=2] Scheduling unloading of metadata for __consumer_offsets-35 with epoch OptionalInt[1] (org.apache.kafka.coordinator.common.runtime.CoordinatorRuntime)
kafka-2-1  | 2026-09-25T22:51:26.816123094Z [2026-09-25 22:51:26,815] INFO [GroupCoordinator id=2] Ignored unloading metadata for __consumer_offsets-27 in epoch OptionalInt[1] since metadata was never loaded. (org.apache.kafka.coordinator.common.runtime.CoordinatorRuntime)
kafka-2-1  | 2026-09-25T22:51:26.816242529Z [2026-09-25 22:51:26,816] INFO [GroupCoordinator id=2] Scheduling unloading of metadata for __consumer_offsets-4 with epoch OptionalInt[1] (org.apache.kafka.coordinator.common.runtime.CoordinatorRuntime)
kafka-2-1  | 2026-09-25T22:51:26.816253557Z [2026-09-25 22:51:26,816] INFO [GroupCoordinator id=2] Ignored unloading metadata for __consumer_offsets-35 in epoch OptionalInt[1] since metadata was never loaded. (org.apache.kafka.coordinator.common.runtime.CoordinatorRuntime)
kafka-2-1  | 2026-09-25T22:51:26.816262758Z [2026-09-25 22:51:26,816] INFO [GroupCoordinator id=2] Scheduling unloading of metadata for __consumer_offsets-33 with epoch OptionalInt[0] (org.apache.kafka.coordinator.common.runtime.CoordinatorRuntime)
kafka-2-1  | 2026-09-25T22:51:26.816265948Z [2026-09-25 22:51:26,816] INFO [GroupCoordinator id=2] Scheduling unloading of metadata for __consumer_offsets-2 with epoch OptionalInt[0] (org.apache.kafka.coordinator.common.runtime.CoordinatorRuntime)
kafka-2-1  | 2026-09-25T22:51:26.816523442Z [2026-09-25 22:51:26,816] INFO [GroupCoordinator id=2] Ignored unloading metadata for __consumer_offsets-4 in epoch OptionalInt[1] since metadata was never loaded. (org.apache.kafka.coordinator.common.runtime.CoordinatorRuntime)
kafka-2-1  | 2026-09-25T22:51:26.816536704Z [2026-09-25 22:51:26,816] INFO [GroupCoordinator id=2] Ignored unloading metadata for __consumer_offsets-2 in epoch OptionalInt[0] since metadata was never loaded. (org.apache.kafka.coordinator.common.runtime.CoordinatorRuntime)
kafka-2-1  | 2026-09-25T22:51:26.816540419Z [2026-09-25 22:51:26,816] INFO [GroupCoordinator id=2] Ignored unloading metadata for __consumer_offsets-33 in epoch OptionalInt[0] since metadata was never loaded. (org.apache.kafka.coordinator.common.runtime.CoordinatorRuntime)
kafka-2-1  | 2026-09-25T22:51:26.910002755Z [2026-09-25 22:51:26,909] INFO [ReplicaFetcher replicaId=2, leaderId=3, fetcherId=0] Truncating partition __consumer_offsets-31 with TruncationState(offset=0, completed=true) due to local high watermark 0 (kafka.server.ReplicaFetcherThread)
kafka-2-1  | 2026-09-25T22:51:26.910018981Z [2026-09-25 22:51:26,909] INFO [UnifiedLog partition=__consumer_offsets-31, dir=/var/lib/kafka/data] Truncating to 0 has no effect as the largest offset in the log is -1 (kafka.log.UnifiedLog)
kafka-2-1  | 2026-09-25T22:51:26.910020546Z [2026-09-25 22:51:26,909] INFO [ReplicaFetcher replicaId=2, leaderId=3, fetcherId=0] Truncating partition __consumer_offsets-47 with TruncationState(offset=0, completed=true) due to local high watermark 0 (kafka.server.ReplicaFetcherThread)
kafka-2-1  | 2026-09-25T22:51:26.910234013Z [2026-09-25 22:51:26,909] INFO [UnifiedLog partition=__consumer_offsets-47, dir=/var/lib/kafka/data] Truncating to 0 has no effect as the largest offset in the log is -1 (kafka.log.UnifiedLog)
kafka-2-1  | 2026-09-25T22:51:26.910245680Z [2026-09-25 22:51:26,909] INFO [ReplicaFetcher replicaId=2, leaderId=3, fetcherId=0] Truncating partition __consumer_offsets-48 with TruncationState(offset=0, completed=true) due to local high watermark 0 (kafka.server.ReplicaFetcherThread)
kafka-2-1  | 2026-09-25T22:51:26.910249101Z [2026-09-25 22:51:26,909] INFO [UnifiedLog partition=__consumer_offsets-48, dir=/var/lib/kafka/data] Truncating to 0 has no effect as the largest offset in the log is -1 (kafka.log.UnifiedLog)
kafka-2-1  | 2026-09-25T22:51:26.910251681Z [2026-09-25 22:51:26,910] INFO [ReplicaFetcher replicaId=2, leaderId=3, fetcherId=0] Truncating partition __consumer_offsets-37 with TruncationState(offset=0, completed=true) due to local high watermark 0 (kafka.server.ReplicaFetcherThread)
kafka-2-1  | 2026-09-25T22:51:26.910254144Z [2026-09-25 22:51:26,910] INFO [UnifiedLog partition=__consumer_offsets-37, dir=/var/lib/kafka/data] Truncating to 0 has no effect as the largest offset in the log is -1 (kafka.log.UnifiedLog)
kafka-2-1  | 2026-09-25T22:51:26.910256568Z [2026-09-25 22:51:26,910] INFO [ReplicaFetcher replicaId=2, leaderId=3, fetcherId=0] Truncating partition __consumer_offsets-21 with TruncationState(offset=0, completed=true) due to local high watermark 0 (kafka.server.ReplicaFetcherThread)
kafka-2-1  | 2026-09-25T22:51:26.910259020Z [2026-09-25 22:51:26,910] INFO [UnifiedLog partition=__consumer_offsets-21, dir=/var/lib/kafka/data] Truncating to 0 has no effect as the largest offset in the log is -1 (kafka.log.UnifiedLog)
kafka-2-1  | 2026-09-25T22:51:26.910261394Z [2026-09-25 22:51:26,910] INFO [ReplicaFetcher replicaId=2, leaderId=3, fetcherId=0] Truncating partition __consumer_offsets-35 with TruncationState(offset=0, completed=true) due to local high watermark 0 (kafka.server.ReplicaFetcherThread)
kafka-2-1  | 2026-09-25T22:51:26.910273934Z [2026-09-25 22:51:26,910] INFO [UnifiedLog partition=__consumer_offsets-35, dir=/var/lib/kafka/data] Truncating to 0 has no effect as the largest offset in the log is -1 (kafka.log.UnifiedLog)
kafka-2-1  | 2026-09-25T22:51:26.910276968Z [2026-09-25 22:51:26,910] INFO [ReplicaFetcher replicaId=2, leaderId=3, fetcherId=0] Truncating partition __consumer_offsets-17 with TruncationState(offset=0, completed=true) due to local high watermark 0 (kafka.server.ReplicaFetcherThread)
kafka-2-1  | 2026-09-25T22:51:26.910362640Z [2026-09-25 22:51:26,910] INFO [UnifiedLog partition=__consumer_offsets-17, dir=/var/lib/kafka/data] Truncating to 0 has no effect as the largest offset in the log is -1 (kafka.log.UnifiedLog)
kafka-2-1  | 2026-09-25T22:51:26.910371689Z [2026-09-25 22:51:26,910] INFO [ReplicaFetcher replicaId=2, leaderId=3, fetcherId=0] Truncating partition __consumer_offsets-18 with TruncationState(offset=0, completed=true) due to local high watermark 0 (kafka.server.ReplicaFetcherThread)
kafka-2-1  | 2026-09-25T22:51:26.910428883Z [2026-09-25 22:51:26,910] INFO [UnifiedLog partition=__consumer_offsets-18, dir=/var/lib/kafka/data] Truncating to 0 has no effect as the largest offset in the log is -1 (kafka.log.UnifiedLog)
kafka-2-1  | 2026-09-25T22:51:30.714398815Z [2026-09-25 22:51:30,714] INFO [RaftManager id=2] Disconnecting from node 1 due to socket connection setup timeout. The timeout value is 11367 ms. (org.apache.kafka.clients.NetworkClient)
kafka-2-1  | 2026-09-25T22:51:31.279808993Z [2026-09-25 22:51:31,279] INFO [NodeToControllerChannelManager id=2 name=heartbeat] Disconnecting from node 1 due to socket connection setup timeout. The timeout value is 11088 ms. (org.apache.kafka.clients.NetworkClient)
kafka-2-1  | 2026-09-25T22:51:51.313961736Z [2026-09-25 22:51:51,312] WARN [NodeToControllerChannelManager id=2 name=forwarding] Error connecting to node kafka-1:9093 (id: 1 rack: null isFenced: false) (org.apache.kafka.clients.NetworkClient)
kafka-2-1  | 2026-09-25T22:51:51.313988546Z java.net.UnknownHostException: kafka-1: Try again
kafka-2-1  | 2026-09-25T22:51:51.313992117Z 	at java.base/java.net.Inet6AddressImpl.lookupAllHostAddr(Native Method) ~[?:?]
kafka-2-1  | 2026-09-25T22:51:51.313994821Z 	at java.base/java.net.Inet6AddressImpl.lookupAllHostAddr(Unknown Source) ~[?:?]
kafka-2-1  | 2026-09-25T22:51:51.313997110Z 	at java.base/java.net.InetAddress$PlatformResolver.lookupByName(Unknown Source) ~[?:?]
kafka-2-1  | 2026-09-25T22:51:51.313999383Z 	at java.base/java.net.InetAddress.getAddressesFromNameService(Unknown Source) ~[?:?]
kafka-2-1  | 2026-09-25T22:51:51.314001562Z 	at java.base/java.net.InetAddress$NameServiceAddresses.get(Unknown Source) ~[?:?]
kafka-2-1  | 2026-09-25T22:51:51.314003734Z 	at java.base/java.net.InetAddress.getAllByName0(Unknown Source) ~[?:?]
kafka-2-1  | 2026-09-25T22:51:51.314005882Z 	at java.base/java.net.InetAddress.getAllByName(Unknown Source) ~[?:?]
kafka-2-1  | 2026-09-25T22:51:51.314008487Z 	at org.apache.kafka.clients.DefaultHostResolver.resolve(DefaultHostResolver.java:27) ~[kafka-clients-4.0.0.jar:?]
kafka-2-1  | 2026-09-25T22:51:51.314010700Z 	at org.apache.kafka.clients.ClientUtils.resolve(ClientUtils.java:125) ~[kafka-clients-4.0.0.jar:?]
kafka-2-1  | 2026-09-25T22:51:51.314012953Z 	at org.apache.kafka.clients.ClusterConnectionStates$NodeConnectionState.resolveAddresses(ClusterConnectionStates.java:536) ~[kafka-clients-4.0.0.jar:?]
kafka-2-1  | 2026-09-25T22:51:51.314026372Z 	at org.apache.kafka.clients.ClusterConnectionStates$NodeConnectionState.currentAddress(ClusterConnectionStates.java:511) ~[kafka-clients-4.0.0.jar:?]
kafka-2-1  | 2026-09-25T22:51:51.314028974Z 	at org.apache.kafka.clients.ClusterConnectionStates.currentAddress(ClusterConnectionStates.java:173) ~[kafka-clients-4.0.0.jar:?]
kafka-2-1  | 2026-09-25T22:51:51.314031276Z 	at org.apache.kafka.clients.NetworkClient.initiateConnect(NetworkClient.java:1140) [kafka-clients-4.0.0.jar:?]
kafka-2-1  | 2026-09-25T22:51:51.314033492Z 	at org.apache.kafka.clients.NetworkClient.ready(NetworkClient.java:368) [kafka-clients-4.0.0.jar:?]
kafka-2-1  | 2026-09-25T22:51:51.314035662Z 	at org.apache.kafka.server.util.InterBrokerSendThread.sendRequests(InterBrokerSendThread.java:146) [kafka-server-common-4.0.0.jar:?]
kafka-2-1  | 2026-09-25T22:51:51.314037926Z 	at org.apache.kafka.server.util.InterBrokerSendThread.pollOnce(InterBrokerSendThread.java:109) [kafka-server-common-4.0.0.jar:?]
kafka-2-1  | 2026-09-25T22:51:51.314041062Z 	at kafka.server.NodeToControllerRequestThread.doWork(NodeToControllerChannelManager.scala:321) [kafka_2.13-4.0.0.jar:?]
kafka-2-1  | 2026-09-25T22:51:51.314043375Z 	at org.apache.kafka.server.util.ShutdownableThread.run(ShutdownableThread.java:136) [kafka-server-common-4.0.0.jar:?]
kafka-2-1  | 2026-09-25T22:51:51.364484314Z [2026-09-25 22:51:51,364] INFO [broker-2-to-controller-forwarding-channel-manager]: Recorded new KRaft controller, from now on will use node kafka-3:9093 (id: 3 rack: null isFenced: false) (kafka.server.NodeToControllerRequestThread)
kafka-2-1  | 2026-09-25T22:52:11.065788921Z [2026-09-25 22:52:11,065] INFO [GroupCoordinator id=2] Scheduling unloading of metadata for __consumer_offsets-15 with epoch OptionalInt[0] (org.apache.kafka.coordinator.common.runtime.CoordinatorRuntime)
kafka-2-1  | 2026-09-25T22:52:11.066027740Z [2026-09-25 22:52:11,065] INFO [GroupCoordinator id=2] Ignored unloading metadata for __consumer_offsets-15 in epoch OptionalInt[0] since metadata was never loaded. (org.apache.kafka.coordinator.common.runtime.CoordinatorRuntime)
kafka-2-1  | 2026-09-25T22:52:11.106785161Z [2026-09-25 22:52:11,106] INFO [NodeToControllerChannelManager id=2 name=alter-partition] Client requested disconnect from node 1 (org.apache.kafka.clients.NetworkClient)
kafka-2-1  | 2026-09-25T22:52:11.107081538Z [2026-09-25 22:52:11,106] INFO [broker-2-to-controller-alter-partition-channel-manager]: Recorded new KRaft controller, from now on will use node kafka-3:9093 (id: 3 rack: null isFenced: false) (kafka.server.NodeToControllerRequestThread)
kafka-2-1  | 2026-09-25T22:52:11.143946142Z [2026-09-25 22:52:11,143] INFO [Partition __consumer_offsets-16 broker=2] ISR updated to 3,2,1  and version updated to 4 (kafka.cluster.Partition)
kafka-2-1  | 2026-09-25T22:52:11.145964503Z [2026-09-25 22:52:11,145] INFO [GroupCoordinator id=2] Scheduling unloading of metadata for __consumer_offsets-48 with epoch OptionalInt[1] (org.apache.kafka.coordinator.common.runtime.CoordinatorRuntime)
kafka-2-1  | 2026-09-25T22:52:11.146492314Z [2026-09-25 22:52:11,145] INFO [GroupCoordinator id=2] Ignored unloading metadata for __consumer_offsets-48 in epoch OptionalInt[1] since metadata was never loaded. (org.apache.kafka.coordinator.common.runtime.CoordinatorRuntime)
kafka-2-1  | 2026-09-25T22:52:11.146496919Z [2026-09-25 22:52:11,146] INFO [GroupCoordinator id=2] Scheduling unloading of metadata for __consumer_offsets-13 with epoch OptionalInt[1] (org.apache.kafka.coordinator.common.runtime.CoordinatorRuntime)
kafka-2-1  | 2026-09-25T22:52:11.146503640Z [2026-09-25 22:52:11,146] INFO [GroupCoordinator id=2] Scheduling unloading of metadata for __consumer_offsets-44 with epoch OptionalInt[1] (org.apache.kafka.coordinator.common.runtime.CoordinatorRuntime)
kafka-2-1  | 2026-09-25T22:52:11.146506278Z [2026-09-25 22:52:11,146] INFO [GroupCoordinator id=2] Scheduling unloading of metadata for __consumer_offsets-9 with epoch OptionalInt[1] (org.apache.kafka.coordinator.common.runtime.CoordinatorRuntime)
kafka-2-1  | 2026-09-25T22:52:11.146508751Z [2026-09-25 22:52:11,146] INFO [GroupCoordinator id=2] Scheduling unloading of metadata for __consumer_offsets-42 with epoch OptionalInt[0] (org.apache.kafka.coordinator.common.runtime.CoordinatorRuntime)
kafka-2-1  | 2026-09-25T22:52:11.146511218Z [2026-09-25 22:52:11,146] INFO [GroupCoordinator id=2] Scheduling unloading of metadata for __consumer_offsets-21 with epoch OptionalInt[1] (org.apache.kafka.coordinator.common.runtime.CoordinatorRuntime)
kafka-2-1  | 2026-09-25T22:52:11.146513700Z [2026-09-25 22:52:11,146] INFO [GroupCoordinator id=2] Scheduling unloading of metadata for __consumer_offsets-19 with epoch OptionalInt[0] (org.apache.kafka.coordinator.common.runtime.CoordinatorRuntime)
kafka-2-1  | 2026-09-25T22:52:11.146516219Z [2026-09-25 22:52:11,146] INFO [GroupCoordinator id=2] Scheduling unloading of metadata for __consumer_offsets-17 with epoch OptionalInt[1] (org.apache.kafka.coordinator.common.runtime.CoordinatorRuntime)
kafka-2-1  | 2026-09-25T22:52:11.146518654Z [2026-09-25 22:52:11,146] INFO [GroupCoordinator id=2] Scheduling unloading of metadata for __consumer_offsets-32 with epoch OptionalInt[0] (org.apache.kafka.coordinator.common.runtime.CoordinatorRuntime)
kafka-2-1  | 2026-09-25T22:52:11.146521416Z [2026-09-25 22:52:11,146] INFO [GroupCoordinator id=2] Scheduling unloading of metadata for __consumer_offsets-28 with epoch OptionalInt[0] (org.apache.kafka.coordinator.common.runtime.CoordinatorRuntime)
kafka-2-1  | 2026-09-25T22:52:11.146524029Z [2026-09-25 22:52:11,146] INFO [GroupCoordinator id=2] Scheduling unloading of metadata for __consumer_offsets-26 with epoch OptionalInt[0] (org.apache.kafka.coordinator.common.runtime.CoordinatorRuntime)
kafka-2-1  | 2026-09-25T22:52:11.146526477Z [2026-09-25 22:52:11,146] INFO [GroupCoordinator id=2] Scheduling unloading of metadata for __consumer_offsets-5 with epoch OptionalInt[0] (org.apache.kafka.coordinator.common.runtime.CoordinatorRuntime)
kafka-2-1  | 2026-09-25T22:52:11.146529036Z [2026-09-25 22:52:11,146] INFO [GroupCoordinator id=2] Scheduling unloading of metadata for __consumer_offsets-38 with epoch OptionalInt[0] (org.apache.kafka.coordinator.common.runtime.CoordinatorRuntime)
kafka-2-1  | 2026-09-25T22:52:11.146531459Z [2026-09-25 22:52:11,146] INFO [GroupCoordinator id=2] Scheduling unloading of metadata for __consumer_offsets-1 with epoch OptionalInt[1] (org.apache.kafka.coordinator.common.runtime.CoordinatorRuntime)
kafka-2-1  | 2026-09-25T22:52:11.146533901Z [2026-09-25 22:52:11,146] INFO [GroupCoordinator id=2] Scheduling unloading of metadata for __consumer_offsets-47 with epoch OptionalInt[1] (org.apache.kafka.coordinator.common.runtime.CoordinatorRuntime)
kafka-2-1  | 2026-09-25T22:52:11.146536345Z [2026-09-25 22:52:11,146] INFO [GroupCoordinator id=2] Scheduling unloading of metadata for __consumer_offsets-45 with epoch OptionalInt[0] (org.apache.kafka.coordinator.common.runtime.CoordinatorRuntime)
kafka-2-1  | 2026-09-25T22:52:11.146538871Z [2026-09-25 22:52:11,146] INFO [GroupCoordinator id=2] Scheduling unloading of metadata for __consumer_offsets-14 with epoch OptionalInt[0] (org.apache.kafka.coordinator.common.runtime.CoordinatorRuntime)
kafka-2-1  | 2026-09-25T22:52:11.146543731Z [2026-09-25 22:52:11,146] INFO [GroupCoordinator id=2] Scheduling unloading of metadata for __consumer_offsets-41 with epoch OptionalInt[1] (org.apache.kafka.coordinator.common.runtime.CoordinatorRuntime)
kafka-2-1  | 2026-09-25T22:52:11.146546360Z [2026-09-25 22:52:11,146] INFO [GroupCoordinator id=2] Scheduling unloading of metadata for __consumer_offsets-10 with epoch OptionalInt[0] (org.apache.kafka.coordinator.common.runtime.CoordinatorRuntime)
kafka-2-1  | 2026-09-25T22:52:11.146549087Z [2026-09-25 22:52:11,146] INFO [GroupCoordinator id=2] Scheduling unloading of metadata for __consumer_offsets-22 with epoch OptionalInt[0] (org.apache.kafka.coordinator.common.runtime.CoordinatorRuntime)
kafka-2-1  | 2026-09-25T22:52:11.146551651Z [2026-09-25 22:52:11,146] INFO [GroupCoordinator id=2] Scheduling unloading of metadata for __consumer_offsets-49 with epoch OptionalInt[0] (org.apache.kafka.coordinator.common.runtime.CoordinatorRuntime)
kafka-2-1  | 2026-09-25T22:52:11.146554121Z [2026-09-25 22:52:11,146] INFO [GroupCoordinator id=2] Scheduling unloading of metadata for __consumer_offsets-18 with epoch OptionalInt[1] (org.apache.kafka.coordinator.common.runtime.CoordinatorRuntime)
kafka-2-1  | 2026-09-25T22:52:11.146556554Z [2026-09-25 22:52:11,146] INFO [GroupCoordinator id=2] Scheduling unloading of metadata for __consumer_offsets-31 with epoch OptionalInt[1] (org.apache.kafka.coordinator.common.runtime.CoordinatorRuntime)
kafka-2-1  | 2026-09-25T22:52:11.146559018Z [2026-09-25 22:52:11,146] INFO [GroupCoordinator id=2] Scheduling unloading of metadata for __consumer_offsets-27 with epoch OptionalInt[1] (org.apache.kafka.coordinator.common.runtime.CoordinatorRuntime)
kafka-2-1  | 2026-09-25T22:52:11.146561501Z [2026-09-25 22:52:11,146] INFO [GroupCoordinator id=2] Scheduling unloading of metadata for __consumer_offsets-25 with epoch OptionalInt[1] (org.apache.kafka.coordinator.common.runtime.CoordinatorRuntime)
kafka-2-1  | 2026-09-25T22:52:11.146564050Z [2026-09-25 22:52:11,146] INFO [GroupCoordinator id=2] Ignored unloading metadata for __consumer_offsets-47 in epoch OptionalInt[1] since metadata was never loaded. (org.apache.kafka.coordinator.common.runtime.CoordinatorRuntime)
kafka-2-1  | 2026-09-25T22:52:11.146566566Z [2026-09-25 22:52:11,146] INFO [GroupCoordinator id=2] Ignored unloading metadata for __consumer_offsets-49 in epoch OptionalInt[0] since metadata was never loaded. (org.apache.kafka.coordinator.common.runtime.CoordinatorRuntime)
kafka-2-1  | 2026-09-25T22:52:11.146569064Z [2026-09-25 22:52:11,146] INFO [GroupCoordinator id=2] Ignored unloading metadata for __consumer_offsets-31 in epoch OptionalInt[1] since metadata was never loaded. (org.apache.kafka.coordinator.common.runtime.CoordinatorRuntime)
kafka-2-1  | 2026-09-25T22:52:11.146571550Z [2026-09-25 22:52:11,146] INFO [GroupCoordinator id=2] Ignored unloading metadata for __consumer_offsets-21 in epoch OptionalInt[1] since metadata was never loaded. (org.apache.kafka.coordinator.common.runtime.CoordinatorRuntime)
kafka-2-1  | 2026-09-25T22:52:11.146574400Z [2026-09-25 22:52:11,146] INFO [GroupCoordinator id=2] Ignored unloading metadata for __consumer_offsets-28 in epoch OptionalInt[0] since metadata was never loaded. (org.apache.kafka.coordinator.common.runtime.CoordinatorRuntime)
kafka-2-1  | 2026-09-25T22:52:11.146577034Z [2026-09-25 22:52:11,146] INFO [GroupCoordinator id=2] Ignored unloading metadata for __consumer_offsets-18 in epoch OptionalInt[1] since metadata was never loaded. (org.apache.kafka.coordinator.common.runtime.CoordinatorRuntime)
kafka-2-1  | 2026-09-25T22:52:11.146579622Z [2026-09-25 22:52:11,146] INFO [GroupCoordinator id=2] Ignored unloading metadata for __consumer_offsets-10 in epoch OptionalInt[0] since metadata was never loaded. (org.apache.kafka.coordinator.common.runtime.CoordinatorRuntime)
kafka-2-1  | 2026-09-25T22:52:11.146584428Z [2026-09-25 22:52:11,146] INFO [GroupCoordinator id=2] Ignored unloading metadata for __consumer_offsets-26 in epoch OptionalInt[0] since metadata was never loaded. (org.apache.kafka.coordinator.common.runtime.CoordinatorRuntime)
kafka-2-1  | 2026-09-25T22:52:11.146587054Z [2026-09-25 22:52:11,146] INFO [GroupCoordinator id=2] Ignored unloading metadata for __consumer_offsets-45 in epoch OptionalInt[0] since metadata was never loaded. (org.apache.kafka.coordinator.common.runtime.CoordinatorRuntime)
kafka-2-1  | 2026-09-25T22:52:11.146589554Z [2026-09-25 22:52:11,146] INFO [GroupCoordinator id=2] Ignored unloading metadata for __consumer_offsets-5 in epoch OptionalInt[0] since metadata was never loaded. (org.apache.kafka.coordinator.common.runtime.CoordinatorRuntime)
kafka-2-1  | 2026-09-25T22:52:11.146592174Z [2026-09-25 22:52:11,146] INFO [GroupCoordinator id=2] Ignored unloading metadata for __consumer_offsets-13 in epoch OptionalInt[1] since metadata was never loaded. (org.apache.kafka.coordinator.common.runtime.CoordinatorRuntime)
kafka-2-1  | 2026-09-25T22:52:11.146917796Z [2026-09-25 22:52:11,146] INFO [GroupCoordinator id=2] Ignored unloading metadata for __consumer_offsets-17 in epoch OptionalInt[1] since metadata was never loaded. (org.apache.kafka.coordinator.common.runtime.CoordinatorRuntime)
kafka-2-1  | 2026-09-25T22:52:11.146922681Z [2026-09-25 22:52:11,146] INFO [GroupCoordinator id=2] Ignored unloading metadata for __consumer_offsets-38 in epoch OptionalInt[0] since metadata was never loaded. (org.apache.kafka.coordinator.common.runtime.CoordinatorRuntime)
kafka-2-1  | 2026-09-25T22:52:11.146925655Z [2026-09-25 22:52:11,146] INFO [GroupCoordinator id=2] Ignored unloading metadata for __consumer_offsets-32 in epoch OptionalInt[0] since metadata was never loaded. (org.apache.kafka.coordinator.common.runtime.CoordinatorRuntime)
kafka-2-1  | 2026-09-25T22:52:11.146928221Z [2026-09-25 22:52:11,146] INFO [GroupCoordinator id=2] Ignored unloading metadata for __consumer_offsets-25 in epoch OptionalInt[1] since metadata was never loaded. (org.apache.kafka.coordinator.common.runtime.CoordinatorRuntime)
kafka-2-1  | 2026-09-25T22:52:11.146930780Z [2026-09-25 22:52:11,146] INFO [GroupCoordinator id=2] Ignored unloading metadata for __consumer_offsets-1 in epoch OptionalInt[1] since metadata was never loaded. (org.apache.kafka.coordinator.common.runtime.CoordinatorRuntime)
kafka-2-1  | 2026-09-25T22:52:11.146933662Z [2026-09-25 22:52:11,146] INFO [GroupCoordinator id=2] Ignored unloading metadata for __consumer_offsets-14 in epoch OptionalInt[0] since metadata was never loaded. (org.apache.kafka.coordinator.common.runtime.CoordinatorRuntime)
kafka-2-1  | 2026-09-25T22:52:11.146936328Z [2026-09-25 22:52:11,146] INFO [GroupCoordinator id=2] Ignored unloading metadata for __consumer_offsets-9 in epoch OptionalInt[1] since metadata was never loaded. (org.apache.kafka.coordinator.common.runtime.CoordinatorRuntime)
kafka-2-1  | 2026-09-25T22:52:11.146938908Z [2026-09-25 22:52:11,146] INFO [GroupCoordinator id=2] Ignored unloading metadata for __consumer_offsets-27 in epoch OptionalInt[1] since metadata was never loaded. (org.apache.kafka.coordinator.common.runtime.CoordinatorRuntime)
kafka-2-1  | 2026-09-25T22:52:11.146941916Z [2026-09-25 22:52:11,146] INFO [GroupCoordinator id=2] Ignored unloading metadata for __consumer_offsets-19 in epoch OptionalInt[0] since metadata was never loaded. (org.apache.kafka.coordinator.common.runtime.CoordinatorRuntime)
kafka-2-1  | 2026-09-25T22:52:11.146949884Z [2026-09-25 22:52:11,146] INFO [GroupCoordinator id=2] Ignored unloading metadata for __consumer_offsets-41 in epoch OptionalInt[1] since metadata was never loaded. (org.apache.kafka.coordinator.common.runtime.CoordinatorRuntime)
kafka-2-1  | 2026-09-25T22:52:11.146952930Z [2026-09-25 22:52:11,146] INFO [GroupCoordinator id=2] Ignored unloading metadata for __consumer_offsets-42 in epoch OptionalInt[0] since metadata was never loaded. (org.apache.kafka.coordinator.common.runtime.CoordinatorRuntime)
kafka-2-1  | 2026-09-25T22:52:11.146955502Z [2026-09-25 22:52:11,146] INFO [GroupCoordinator id=2] Ignored unloading metadata for __consumer_offsets-22 in epoch OptionalInt[0] since metadata was never loaded. (org.apache.kafka.coordinator.common.runtime.CoordinatorRuntime)
kafka-2-1  | 2026-09-25T22:52:11.146958275Z [2026-09-25 22:52:11,146] INFO [GroupCoordinator id=2] Scheduling unloading of metadata for __consumer_offsets-39 with epoch OptionalInt[0] (org.apache.kafka.coordinator.common.runtime.CoordinatorRuntime)
kafka-2-1  | 2026-09-25T22:52:11.146962978Z [2026-09-25 22:52:11,146] INFO [GroupCoordinator id=2] Scheduling unloading of metadata for __consumer_offsets-8 with epoch OptionalInt[1] (org.apache.kafka.coordinator.common.runtime.CoordinatorRuntime)
kafka-2-1  | 2026-09-25T22:52:11.146965545Z [2026-09-25 22:52:11,146] INFO [GroupCoordinator id=2] Scheduling unloading of metadata for __consumer_offsets-37 with epoch OptionalInt[1] (org.apache.kafka.coordinator.common.runtime.CoordinatorRuntime)
kafka-2-1  | 2026-09-25T22:52:11.146968238Z [2026-09-25 22:52:11,146] INFO [GroupCoordinator id=2] Scheduling unloading of metadata for __consumer_offsets-6 with epoch OptionalInt[0] (org.apache.kafka.coordinator.common.runtime.CoordinatorRuntime)
kafka-2-1  | 2026-09-25T22:52:11.146970849Z [2026-09-25 22:52:11,146] INFO [GroupCoordinator id=2] Scheduling unloading of metadata for __consumer_offsets-35 with epoch OptionalInt[1] (org.apache.kafka.coordinator.common.runtime.CoordinatorRuntime)
kafka-2-1  | 2026-09-25T22:52:11.146973524Z [2026-09-25 22:52:11,146] INFO [GroupCoordinator id=2] Scheduling unloading of metadata for __consumer_offsets-4 with epoch OptionalInt[1] (org.apache.kafka.coordinator.common.runtime.CoordinatorRuntime)
kafka-2-1  | 2026-09-25T22:52:11.146976440Z [2026-09-25 22:52:11,146] INFO [GroupCoordinator id=2] Scheduling unloading of metadata for __consumer_offsets-33 with epoch OptionalInt[0] (org.apache.kafka.coordinator.common.runtime.CoordinatorRuntime)
kafka-2-1  | 2026-09-25T22:52:11.146979098Z [2026-09-25 22:52:11,146] INFO [GroupCoordinator id=2] Scheduling unloading of metadata for __consumer_offsets-2 with epoch OptionalInt[0] (org.apache.kafka.coordinator.common.runtime.CoordinatorRuntime)
kafka-2-1  | 2026-09-25T22:52:11.146993193Z [2026-09-25 22:52:11,146] INFO [GroupCoordinator id=2] Ignored unloading metadata for __consumer_offsets-6 in epoch OptionalInt[0] since metadata was never loaded. (org.apache.kafka.coordinator.common.runtime.CoordinatorRuntime)
kafka-2-1  | 2026-09-25T22:52:11.146996657Z [2026-09-25 22:52:11,146] INFO [GroupCoordinator id=2] Ignored unloading metadata for __consumer_offsets-33 in epoch OptionalInt[0] since metadata was never loaded. (org.apache.kafka.coordinator.common.runtime.CoordinatorRuntime)
kafka-2-1  | 2026-09-25T22:52:11.146999343Z [2026-09-25 22:52:11,146] INFO [GroupCoordinator id=2] Ignored unloading metadata for __consumer_offsets-37 in epoch OptionalInt[1] since metadata was never loaded. (org.apache.kafka.coordinator.common.runtime.CoordinatorRuntime)
kafka-2-1  | 2026-09-25T22:52:11.147006468Z [2026-09-25 22:52:11,146] INFO [GroupCoordinator id=2] Ignored unloading metadata for __consumer_offsets-35 in epoch OptionalInt[1] since metadata was never loaded. (org.apache.kafka.coordinator.common.runtime.CoordinatorRuntime)
kafka-2-1  | 2026-09-25T22:52:11.147012335Z [2026-09-25 22:52:11,146] INFO [GroupCoordinator id=2] Ignored unloading metadata for __consumer_offsets-2 in epoch OptionalInt[0] since metadata was never loaded. (org.apache.kafka.coordinator.common.runtime.CoordinatorRuntime)
kafka-2-1  | 2026-09-25T22:52:11.147018519Z [2026-09-25 22:52:11,147] INFO [GroupCoordinator id=2] Ignored unloading metadata for __consumer_offsets-39 in epoch OptionalInt[0] since metadata was never loaded. (org.apache.kafka.coordinator.common.runtime.CoordinatorRuntime)
kafka-2-1  | 2026-09-25T22:52:11.147024316Z [2026-09-25 22:52:11,147] INFO [GroupCoordinator id=2] Ignored unloading metadata for __consumer_offsets-8 in epoch OptionalInt[1] since metadata was never loaded. (org.apache.kafka.coordinator.common.runtime.CoordinatorRuntime)
kafka-2-1  | 2026-09-25T22:52:11.147117860Z [2026-09-25 22:52:11,147] INFO [GroupCoordinator id=2] Ignored unloading metadata for __consumer_offsets-4 in epoch OptionalInt[1] since metadata was never loaded. (org.apache.kafka.coordinator.common.runtime.CoordinatorRuntime)
kafka-2-1  | 2026-09-25T22:52:11.147247366Z [2026-09-25 22:52:11,146] INFO [GroupCoordinator id=2] Ignored unloading metadata for __consumer_offsets-44 in epoch OptionalInt[1] since metadata was never loaded. (org.apache.kafka.coordinator.common.runtime.CoordinatorRuntime)
kafka-2-1  | 2026-09-25T22:52:11.176572656Z [2026-09-25 22:52:11,176] INFO [ReplicaFetcherManager on broker 2] Removed fetcher for partitions Set(__consumer_offsets-16) (kafka.server.ReplicaFetcherManager)
kafka-2-1  | 2026-09-25T22:52:11.177334670Z [2026-09-25 22:52:11,177] INFO [Partition __consumer_offsets-12 broker=2] ISR updated to 3,2,1  and version updated to 4 (kafka.cluster.Partition)
kafka-2-1  | 2026-09-25T22:52:11.177466933Z [2026-09-25 22:52:11,177] INFO [Partition __consumer_offsets-46 broker=2] ISR updated to 3,2,1  and version updated to 4 (kafka.cluster.Partition)
kafka-2-1  | 2026-09-25T22:52:11.177633674Z [2026-09-25 22:52:11,177] INFO [Partition __consumer_offsets-20 broker=2] ISR updated to 3,2,1  and version updated to 4 (kafka.cluster.Partition)
kafka-2-1  | 2026-09-25T22:52:11.177835774Z [2026-09-25 22:52:11,177] INFO [Partition __consumer_offsets-23 broker=2] ISR updated to 3,2,1  and version updated to 4 (kafka.cluster.Partition)
kafka-2-1  | 2026-09-25T22:52:11.177843003Z [2026-09-25 22:52:11,177] INFO [Partition __consumer_offsets-24 broker=2] ISR updated to 3,2,1  and version updated to 4 (kafka.cluster.Partition)
kafka-2-1  | 2026-09-25T22:52:11.198609808Z [2026-09-25 22:52:11,198] INFO [Partition __consumer_offsets-29 broker=2] ISR updated to 3,2,1  and version updated to 4 (kafka.cluster.Partition)
kafka-2-1  | 2026-09-25T22:52:11.198779043Z [2026-09-25 22:52:11,198] INFO [Partition __consumer_offsets-30 broker=2] ISR updated to 3,2,1  and version updated to 4 (kafka.cluster.Partition)
kafka-2-1  | 2026-09-25T22:52:11.198822693Z [2026-09-25 22:52:11,198] INFO [Partition dados-sensores-2 broker=2] ISR updated to 3,2,1  and version updated to 4 (kafka.cluster.Partition)
kafka-2-1  | 2026-09-25T22:52:11.198829960Z [2026-09-25 22:52:11,198] INFO [Partition __consumer_offsets-0 broker=2] ISR updated to 3,2,1  and version updated to 4 (kafka.cluster.Partition)
kafka-2-1  | 2026-09-25T22:52:11.198834024Z [2026-09-25 22:52:11,198] INFO [Partition __consumer_offsets-3 broker=2] ISR updated to 3,2,1  and version updated to 4 (kafka.cluster.Partition)
kafka-2-1  | 2026-09-25T22:52:11.198952328Z [2026-09-25 22:52:11,198] INFO [Partition dados-sensores-4 broker=2] ISR updated to 3,2,1  and version updated to 4 (kafka.cluster.Partition)
kafka-2-1  | 2026-09-25T22:52:11.198962950Z [2026-09-25 22:52:11,198] INFO [Partition __consumer_offsets-34 broker=2] ISR updated to 3,2,1  and version updated to 4 (kafka.cluster.Partition)
kafka-2-1  | 2026-09-25T22:52:11.198966869Z [2026-09-25 22:52:11,198] INFO [Partition __consumer_offsets-36 broker=2] ISR updated to 3,2,1  and version updated to 4 (kafka.cluster.Partition)
kafka-2-1  | 2026-09-25T22:52:11.198969724Z [2026-09-25 22:52:11,198] INFO [Partition __consumer_offsets-7 broker=2] ISR updated to 3,2,1  and version updated to 4 (kafka.cluster.Partition)
kafka-2-1  | 2026-09-25T22:52:11.198972273Z [2026-09-25 22:52:11,198] INFO [Partition __consumer_offsets-40 broker=2] ISR updated to 3,2,1  and version updated to 4 (kafka.cluster.Partition)
kafka-2-1  | 2026-09-25T22:52:11.198974679Z [2026-09-25 22:52:11,198] INFO [Partition __consumer_offsets-43 broker=2] ISR updated to 3,2,1  and version updated to 4 (kafka.cluster.Partition)
kafka-2-1  | 2026-09-25T22:52:11.198977208Z [2026-09-25 22:52:11,198] INFO [Partition __consumer_offsets-11 broker=2] ISR updated to 3,2,1  and version updated to 4 (kafka.cluster.Partition)
kafka-2-1  | 2026-09-25T22:52:11.236518207Z [2026-09-25 22:52:11,235] INFO [ReplicaFetcherManager on broker 2] Removed fetcher for partitions Set(__consumer_offsets-46, __consumer_offsets-43, __consumer_offsets-11, __consumer_offsets-12, __consumer_offsets-23, __consumer_offsets-24, __consumer_offsets-20, dados-sensores-4, __consumer_offsets-0, __consumer_offsets-29, __consumer_offsets-30, __consumer_offsets-7, __consumer_offsets-40, __consumer_offsets-3, __consumer_offsets-36, dados-sensores-2, __consumer_offsets-34) (kafka.server.ReplicaFetcherManager)
kafka-2-1  | 2026-09-25T22:56:22.236679218Z [2026-09-25 22:56:22,236] INFO [ReplicaFetcher replicaId=2, leaderId=3, fetcherId=0] Partition __consumer_offsets-13 has an older epoch (1) than the current leader. Will await the new LeaderAndIsr state before resuming fetching. (kafka.server.ReplicaFetcherThread)
kafka-2-1  | 2026-09-25T22:56:22.239792899Z [2026-09-25 22:56:22,239] WARN [ReplicaFetcher replicaId=2, leaderId=3, fetcherId=0] Partition __consumer_offsets-13 marked as failed (kafka.server.ReplicaFetcherThread)
kafka-2-1  | 2026-09-25T22:56:22.239973974Z [2026-09-25 22:56:22,239] INFO [ReplicaFetcher replicaId=2, leaderId=3, fetcherId=0] Partition __consumer_offsets-44 has an older epoch (1) than the current leader. Will await the new LeaderAndIsr state before resuming fetching. (kafka.server.ReplicaFetcherThread)
kafka-2-1  | 2026-09-25T22:56:22.240211837Z [2026-09-25 22:56:22,240] WARN [ReplicaFetcher replicaId=2, leaderId=3, fetcherId=0] Partition __consumer_offsets-44 marked as failed (kafka.server.ReplicaFetcherThread)
kafka-2-1  | 2026-09-25T22:56:22.240312219Z [2026-09-25 22:56:22,240] INFO [ReplicaFetcher replicaId=2, leaderId=3, fetcherId=0] Partition __consumer_offsets-9 has an older epoch (1) than the current leader. Will await the new LeaderAndIsr state before resuming fetching. (kafka.server.ReplicaFetcherThread)
kafka-2-1  | 2026-09-25T22:56:22.240590813Z [2026-09-25 22:56:22,240] WARN [ReplicaFetcher replicaId=2, leaderId=3, fetcherId=0] Partition __consumer_offsets-9 marked as failed (kafka.server.ReplicaFetcherThread)
kafka-2-1  | 2026-09-25T22:56:22.240594916Z [2026-09-25 22:56:22,240] INFO [ReplicaFetcher replicaId=2, leaderId=3, fetcherId=0] Partition __consumer_offsets-1 has an older epoch (1) than the current leader. Will await the new LeaderAndIsr state before resuming fetching. (kafka.server.ReplicaFetcherThread)
kafka-2-1  | 2026-09-25T22:56:22.240939518Z [2026-09-25 22:56:22,240] WARN [ReplicaFetcher replicaId=2, leaderId=3, fetcherId=0] Partition __consumer_offsets-1 marked as failed (kafka.server.ReplicaFetcherThread)
kafka-2-1  | 2026-09-25T22:56:22.240952997Z [2026-09-25 22:56:22,240] INFO [ReplicaFetcher replicaId=2, leaderId=3, fetcherId=0] Partition __consumer_offsets-41 has an older epoch (1) than the current leader. Will await the new LeaderAndIsr state before resuming fetching. (kafka.server.ReplicaFetcherThread)
kafka-2-1  | 2026-09-25T22:56:22.240956854Z [2026-09-25 22:56:22,240] WARN [ReplicaFetcher replicaId=2, leaderId=3, fetcherId=0] Partition __consumer_offsets-41 marked as failed (kafka.server.ReplicaFetcherThread)
kafka-2-1  | 2026-09-25T22:56:22.240959736Z [2026-09-25 22:56:22,240] INFO [ReplicaFetcher replicaId=2, leaderId=3, fetcherId=0] Partition __consumer_offsets-27 has an older epoch (1) than the current leader. Will await the new LeaderAndIsr state before resuming fetching. (kafka.server.ReplicaFetcherThread)
kafka-2-1  | 2026-09-25T22:56:22.240962558Z [2026-09-25 22:56:22,240] WARN [ReplicaFetcher replicaId=2, leaderId=3, fetcherId=0] Partition __consumer_offsets-27 marked as failed (kafka.server.ReplicaFetcherThread)
kafka-2-1  | 2026-09-25T22:56:22.241259535Z [2026-09-25 22:56:22,240] INFO [ReplicaFetcher replicaId=2, leaderId=3, fetcherId=0] Partition __consumer_offsets-25 has an older epoch (1) than the current leader. Will await the new LeaderAndIsr state before resuming fetching. (kafka.server.ReplicaFetcherThread)
kafka-2-1  | 2026-09-25T22:56:22.241270408Z [2026-09-25 22:56:22,241] WARN [ReplicaFetcher replicaId=2, leaderId=3, fetcherId=0] Partition __consumer_offsets-25 marked as failed (kafka.server.ReplicaFetcherThread)
kafka-2-1  | 2026-09-25T22:56:22.241273598Z [2026-09-25 22:56:22,241] INFO [ReplicaFetcher replicaId=2, leaderId=3, fetcherId=0] Partition __consumer_offsets-8 has an older epoch (1) than the current leader. Will await the new LeaderAndIsr state before resuming fetching. (kafka.server.ReplicaFetcherThread)
kafka-2-1  | 2026-09-25T22:56:22.241276503Z [2026-09-25 22:56:22,241] WARN [ReplicaFetcher replicaId=2, leaderId=3, fetcherId=0] Partition __consumer_offsets-8 marked as failed (kafka.server.ReplicaFetcherThread)
kafka-2-1  | 2026-09-25T22:56:22.241278953Z [2026-09-25 22:56:22,241] INFO [ReplicaFetcher replicaId=2, leaderId=3, fetcherId=0] Partition __consumer_offsets-4 has an older epoch (1) than the current leader. Will await the new LeaderAndIsr state before resuming fetching. (kafka.server.ReplicaFetcherThread)
kafka-2-1  | 2026-09-25T22:56:22.241581931Z [2026-09-25 22:56:22,241] WARN [ReplicaFetcher replicaId=2, leaderId=3, fetcherId=0] Partition __consumer_offsets-4 marked as failed (kafka.server.ReplicaFetcherThread)
kafka-2-1  | 2026-09-25T22:56:22.241598828Z [2026-09-25 22:56:22,241] INFO [ReplicaFetcher replicaId=2, leaderId=3, fetcherId=0] Partition __consumer_offsets-48 has an older epoch (1) than the current leader. Will await the new LeaderAndIsr state before resuming fetching. (kafka.server.ReplicaFetcherThread)
kafka-2-1  | 2026-09-25T22:56:22.241602968Z [2026-09-25 22:56:22,241] WARN [ReplicaFetcher replicaId=2, leaderId=3, fetcherId=0] Partition __consumer_offsets-48 marked as failed (kafka.server.ReplicaFetcherThread)
kafka-2-1  | 2026-09-25T22:56:22.241754904Z [2026-09-25 22:56:22,241] INFO [ReplicaFetcher replicaId=2, leaderId=3, fetcherId=0] Partition __consumer_offsets-21 has an older epoch (1) than the current leader. Will await the new LeaderAndIsr state before resuming fetching. (kafka.server.ReplicaFetcherThread)
kafka-2-1  | 2026-09-25T22:56:22.241849077Z [2026-09-25 22:56:22,241] WARN [ReplicaFetcher replicaId=2, leaderId=3, fetcherId=0] Partition __consumer_offsets-21 marked as failed (kafka.server.ReplicaFetcherThread)
kafka-2-1  | 2026-09-25T22:56:22.241863601Z [2026-09-25 22:56:22,241] INFO [ReplicaFetcher replicaId=2, leaderId=3, fetcherId=0] Partition __consumer_offsets-17 has an older epoch (1) than the current leader. Will await the new LeaderAndIsr state before resuming fetching. (kafka.server.ReplicaFetcherThread)
kafka-2-1  | 2026-09-25T22:56:22.241917878Z [2026-09-25 22:56:22,241] WARN [ReplicaFetcher replicaId=2, leaderId=3, fetcherId=0] Partition __consumer_offsets-17 marked as failed (kafka.server.ReplicaFetcherThread)
kafka-2-1  | 2026-09-25T22:56:22.241926425Z [2026-09-25 22:56:22,241] INFO [ReplicaFetcher replicaId=2, leaderId=3, fetcherId=0] Partition __consumer_offsets-47 has an older epoch (1) than the current leader. Will await the new LeaderAndIsr state before resuming fetching. (kafka.server.ReplicaFetcherThread)
kafka-2-1  | 2026-09-25T22:56:22.242008414Z [2026-09-25 22:56:22,241] WARN [ReplicaFetcher replicaId=2, leaderId=3, fetcherId=0] Partition __consumer_offsets-47 marked as failed (kafka.server.ReplicaFetcherThread)
kafka-2-1  | 2026-09-25T22:56:22.242022897Z [2026-09-25 22:56:22,241] INFO [ReplicaFetcher replicaId=2, leaderId=3, fetcherId=0] Partition __consumer_offsets-18 has an older epoch (1) than the current leader. Will await the new LeaderAndIsr state before resuming fetching. (kafka.server.ReplicaFetcherThread)
kafka-2-1  | 2026-09-25T22:56:22.242057911Z [2026-09-25 22:56:22,242] WARN [ReplicaFetcher replicaId=2, leaderId=3, fetcherId=0] Partition __consumer_offsets-18 marked as failed (kafka.server.ReplicaFetcherThread)
kafka-2-1  | 2026-09-25T22:56:22.242062028Z [2026-09-25 22:56:22,242] INFO [ReplicaFetcher replicaId=2, leaderId=3, fetcherId=0] Partition __consumer_offsets-31 has an older epoch (1) than the current leader. Will await the new LeaderAndIsr state before resuming fetching. (kafka.server.ReplicaFetcherThread)
kafka-2-1  | 2026-09-25T22:56:22.242172524Z [2026-09-25 22:56:22,242] WARN [ReplicaFetcher replicaId=2, leaderId=3, fetcherId=0] Partition __consumer_offsets-31 marked as failed (kafka.server.ReplicaFetcherThread)
kafka-2-1  | 2026-09-25T22:56:22.242184499Z [2026-09-25 22:56:22,242] INFO [ReplicaFetcher replicaId=2, leaderId=3, fetcherId=0] Partition __consumer_offsets-37 has an older epoch (1) than the current leader. Will await the new LeaderAndIsr state before resuming fetching. (kafka.server.ReplicaFetcherThread)
kafka-2-1  | 2026-09-25T22:56:22.242188182Z [2026-09-25 22:56:22,242] WARN [ReplicaFetcher replicaId=2, leaderId=3, fetcherId=0] Partition __consumer_offsets-37 marked as failed (kafka.server.ReplicaFetcherThread)
kafka-2-1  | 2026-09-25T22:56:22.242190874Z [2026-09-25 22:56:22,242] INFO [ReplicaFetcher replicaId=2, leaderId=3, fetcherId=0] Partition __consumer_offsets-35 has an older epoch (1) than the current leader. Will await the new LeaderAndIsr state before resuming fetching. (kafka.server.ReplicaFetcherThread)
kafka-2-1  | 2026-09-25T22:56:22.242565117Z [2026-09-25 22:56:22,242] WARN [ReplicaFetcher replicaId=2, leaderId=3, fetcherId=0] Partition __consumer_offsets-35 marked as failed (kafka.server.ReplicaFetcherThread)
kafka-2-1  | 2026-09-25T22:56:22.242582523Z [2026-09-25 22:56:22,242] INFO [ReplicaFetcher replicaId=2, leaderId=3, fetcherId=0] Partition dados-sensores-5 has an older epoch (1) than the current leader. Will await the new LeaderAndIsr state before resuming fetching. (kafka.server.ReplicaFetcherThread)
kafka-2-1  | 2026-09-25T22:56:22.242585062Z [2026-09-25 22:56:22,242] WARN [ReplicaFetcher replicaId=2, leaderId=3, fetcherId=0] Partition dados-sensores-5 marked as failed (kafka.server.ReplicaFetcherThread)
kafka-2-1  | 2026-09-25T22:56:22.242597068Z [2026-09-25 22:56:22,242] INFO [ReplicaFetcher replicaId=2, leaderId=3, fetcherId=0] Partition dados-sensores-0 has an older epoch (1) than the current leader. Will await the new LeaderAndIsr state before resuming fetching. (kafka.server.ReplicaFetcherThread)
kafka-2-1  | 2026-09-25T22:56:22.242598877Z [2026-09-25 22:56:22,242] WARN [ReplicaFetcher replicaId=2, leaderId=3, fetcherId=0] Partition dados-sensores-0 marked as failed (kafka.server.ReplicaFetcherThread)
kafka-2-1  | 2026-09-25T22:56:22.356203353Z [2026-09-25 22:56:22,355] INFO [ReplicaFetcherManager on broker 2] Removed fetcher for partitions Set(dados-sensores-5, __consumer_offsets-13, __consumer_offsets-27, __consumer_offsets-44, __consumer_offsets-9, __consumer_offsets-25, __consumer_offsets-41, __consumer_offsets-8, dados-sensores-0, __consumer_offsets-4, __consumer_offsets-1) (kafka.server.ReplicaFetcherManager)
kafka-2-1  | 2026-09-25T22:56:22.433631641Z [2026-09-25 22:56:22,433] INFO [ReplicaFetcherManager on broker 2] Removed fetcher for partitions Set(__consumer_offsets-47, __consumer_offsets-48, __consumer_offsets-43, __consumer_offsets-11, __consumer_offsets-12, __consumer_offsets-24, __consumer_offsets-21, __consumer_offsets-17, __consumer_offsets-18, __consumer_offsets-31, __consumer_offsets-0, dados-sensores-4, __consumer_offsets-29, __consumer_offsets-7, __consumer_offsets-40, __consumer_offsets-37, __consumer_offsets-35, __consumer_offsets-3, dados-sensores-2) (kafka.server.ReplicaFetcherManager)
kafka-2-1  | 2026-09-25T22:56:22.436086799Z [2026-09-25 22:56:22,435] INFO [ReplicaFetcherThread-0-1]: Starting (kafka.server.ReplicaFetcherThread)
kafka-2-1  | 2026-09-25T22:56:22.436129979Z [2026-09-25 22:56:22,435] INFO [ReplicaFetcherManager on broker 2] Added fetcher to broker 1 for partitions HashMap(__consumer_offsets-47 -> InitialFetchState(Some(z0JJoNscSBKv29UaLoZ9NQ),BrokerEndPoint(id=1, host=kafka-1:9092),2,0), __consumer_offsets-48 -> InitialFetchState(Some(z0JJoNscSBKv29UaLoZ9NQ),BrokerEndPoint(id=1, host=kafka-1:9092),2,0), __consumer_offsets-43 -> InitialFetchState(Some(z0JJoNscSBKv29UaLoZ9NQ),BrokerEndPoint(id=1, host=kafka-1:9092),2,0), __consumer_offsets-11 -> InitialFetchState(Some(z0JJoNscSBKv29UaLoZ9NQ),BrokerEndPoint(id=1, host=kafka-1:9092),2,0), __consumer_offsets-12 -> InitialFetchState(Some(z0JJoNscSBKv29UaLoZ9NQ),BrokerEndPoint(id=1, host=kafka-1:9092),2,0), __consumer_offsets-24 -> InitialFetchState(Some(z0JJoNscSBKv29UaLoZ9NQ),BrokerEndPoint(id=1, host=kafka-1:9092),2,0), __consumer_offsets-21 -> InitialFetchState(Some(z0JJoNscSBKv29UaLoZ9NQ),BrokerEndPoint(id=1, host=kafka-1:9092),2,0), __consumer_offsets-17 -> InitialFetchState(Some(z0JJoNscSBKv29UaLoZ9NQ),BrokerEndPoint(id=1, host=kafka-1:9092),2,0), __consumer_offsets-18 -> InitialFetchState(Some(z0JJoNscSBKv29UaLoZ9NQ),BrokerEndPoint(id=1, host=kafka-1:9092),2,0), __consumer_offsets-31 -> InitialFetchState(Some(z0JJoNscSBKv29UaLoZ9NQ),BrokerEndPoint(id=1, host=kafka-1:9092),2,0), __consumer_offsets-0 -> InitialFetchState(Some(z0JJoNscSBKv29UaLoZ9NQ),BrokerEndPoint(id=1, host=kafka-1:9092),2,0), dados-sensores-4 -> InitialFetchState(Some(bpNag2Q4SrSHzixJwrCS8Q),BrokerEndPoint(id=1, host=kafka-1:9092),2,1938), __consumer_offsets-29 -> InitialFetchState(Some(z0JJoNscSBKv29UaLoZ9NQ),BrokerEndPoint(id=1, host=kafka-1:9092),2,0), __consumer_offsets-7 -> InitialFetchState(Some(z0JJoNscSBKv29UaLoZ9NQ),BrokerEndPoint(id=1, host=kafka-1:9092),2,0), __consumer_offsets-40 -> InitialFetchState(Some(z0JJoNscSBKv29UaLoZ9NQ),BrokerEndPoint(id=1, host=kafka-1:9092),2,0), __consumer_offsets-37 -> InitialFetchState(Some(z0JJoNscSBKv29UaLoZ9NQ),BrokerEndPoint(id=1, host=kafka-1:9092),2,0), __consumer_offsets-35 -> InitialFetchState(Some(z0JJoNscSBKv29UaLoZ9NQ),BrokerEndPoint(id=1, host=kafka-1:9092),2,0), __consumer_offsets-3 -> InitialFetchState(Some(z0JJoNscSBKv29UaLoZ9NQ),BrokerEndPoint(id=1, host=kafka-1:9092),2,0), dados-sensores-2 -> InitialFetchState(Some(bpNag2Q4SrSHzixJwrCS8Q),BrokerEndPoint(id=1, host=kafka-1:9092),2,2907)) (kafka.server.ReplicaFetcherManager)
kafka-2-1  | 2026-09-25T22:56:22.436410552Z [2026-09-25 22:56:22,436] INFO [ReplicaFetcher replicaId=2, leaderId=1, fetcherId=0] Truncating partition __consumer_offsets-31 with TruncationState(offset=0, completed=true) due to local high watermark 0 (kafka.server.ReplicaFetcherThread)
kafka-2-1  | 2026-09-25T22:56:22.436714113Z [2026-09-25 22:56:22,436] INFO [UnifiedLog partition=__consumer_offsets-31, dir=/var/lib/kafka/data] Truncating to 0 has no effect as the largest offset in the log is -1 (kafka.log.UnifiedLog)
kafka-2-1  | 2026-09-25T22:56:22.436903081Z [2026-09-25 22:56:22,436] INFO [ReplicaFetcher replicaId=2, leaderId=1, fetcherId=0] Truncating partition __consumer_offsets-47 with TruncationState(offset=0, completed=true) due to local high watermark 0 (kafka.server.ReplicaFetcherThread)
kafka-2-1  | 2026-09-25T22:56:22.436913094Z [2026-09-25 22:56:22,436] INFO [UnifiedLog partition=__consumer_offsets-47, dir=/var/lib/kafka/data] Truncating to 0 has no effect as the largest offset in the log is -1 (kafka.log.UnifiedLog)
kafka-2-1  | 2026-09-25T22:56:22.437039301Z [2026-09-25 22:56:22,436] INFO [ReplicaFetcher replicaId=2, leaderId=1, fetcherId=0] Truncating partition __consumer_offsets-48 with TruncationState(offset=0, completed=true) due to local high watermark 0 (kafka.server.ReplicaFetcherThread)
kafka-2-1  | 2026-09-25T22:56:22.437179379Z [2026-09-25 22:56:22,436] INFO [UnifiedLog partition=__consumer_offsets-48, dir=/var/lib/kafka/data] Truncating to 0 has no effect as the largest offset in the log is -1 (kafka.log.UnifiedLog)
kafka-2-1  | 2026-09-25T22:56:22.437189402Z [2026-09-25 22:56:22,437] INFO [ReplicaFetcher replicaId=2, leaderId=1, fetcherId=0] Truncating partition __consumer_offsets-37 with TruncationState(offset=0, completed=true) due to local high watermark 0 (kafka.server.ReplicaFetcherThread)
kafka-2-1  | 2026-09-25T22:56:22.437240367Z [2026-09-25 22:56:22,437] INFO [UnifiedLog partition=__consumer_offsets-37, dir=/var/lib/kafka/data] Truncating to 0 has no effect as the largest offset in the log is -1 (kafka.log.UnifiedLog)
kafka-2-1  | 2026-09-25T22:56:22.437364840Z [2026-09-25 22:56:22,437] INFO [ReplicaFetcher replicaId=2, leaderId=1, fetcherId=0] Truncating partition __consumer_offsets-21 with TruncationState(offset=0, completed=true) due to local high watermark 0 (kafka.server.ReplicaFetcherThread)
kafka-2-1  | 2026-09-25T22:56:22.437553858Z [2026-09-25 22:56:22,437] INFO [UnifiedLog partition=__consumer_offsets-21, dir=/var/lib/kafka/data] Truncating to 0 has no effect as the largest offset in the log is -1 (kafka.log.UnifiedLog)
kafka-2-1  | 2026-09-25T22:56:22.437567196Z [2026-09-25 22:56:22,437] INFO [ReplicaFetcher replicaId=2, leaderId=1, fetcherId=0] Truncating partition __consumer_offsets-35 with TruncationState(offset=0, completed=true) due to local high watermark 0 (kafka.server.ReplicaFetcherThread)
kafka-2-1  | 2026-09-25T22:56:22.437571426Z [2026-09-25 22:56:22,437] INFO [UnifiedLog partition=__consumer_offsets-35, dir=/var/lib/kafka/data] Truncating to 0 has no effect as the largest offset in the log is -1 (kafka.log.UnifiedLog)
kafka-2-1  | 2026-09-25T22:56:22.437772971Z [2026-09-25 22:56:22,437] INFO [ReplicaFetcher replicaId=2, leaderId=1, fetcherId=0] Truncating partition __consumer_offsets-17 with TruncationState(offset=0, completed=true) due to local high watermark 0 (kafka.server.ReplicaFetcherThread)
kafka-2-1  | 2026-09-25T22:56:22.437798679Z [2026-09-25 22:56:22,437] INFO [UnifiedLog partition=__consumer_offsets-17, dir=/var/lib/kafka/data] Truncating to 0 has no effect as the largest offset in the log is -1 (kafka.log.UnifiedLog)
kafka-2-1  | 2026-09-25T22:56:22.437986425Z [2026-09-25 22:56:22,437] INFO [ReplicaFetcher replicaId=2, leaderId=1, fetcherId=0] Truncating partition __consumer_offsets-18 with TruncationState(offset=0, completed=true) due to local high watermark 0 (kafka.server.ReplicaFetcherThread)
kafka-2-1  | 2026-09-25T22:56:22.437998093Z [2026-09-25 22:56:22,437] INFO [UnifiedLog partition=__consumer_offsets-18, dir=/var/lib/kafka/data] Truncating to 0 has no effect as the largest offset in the log is -1 (kafka.log.UnifiedLog)
kafka-2-1  | 2026-09-25T22:56:22.447817606Z [2026-09-25 22:56:22,447] INFO [GroupCoordinator id=2] Scheduling loading of metadata from __consumer_offsets-13 with epoch 2 (org.apache.kafka.coordinator.common.runtime.CoordinatorRuntime)
kafka-2-1  | 2026-09-25T22:56:22.448374006Z [2026-09-25 22:56:22,448] INFO [GroupCoordinator id=2] Scheduling loading of metadata from __consumer_offsets-27 with epoch 2 (org.apache.kafka.coordinator.common.runtime.CoordinatorRuntime)
kafka-2-1  | 2026-09-25T22:56:22.448701678Z [2026-09-25 22:56:22,448] INFO [GroupCoordinator id=2] Scheduling loading of metadata from __consumer_offsets-44 with epoch 2 (org.apache.kafka.coordinator.common.runtime.CoordinatorRuntime)
kafka-2-1  | 2026-09-25T22:56:22.448931265Z [2026-09-25 22:56:22,448] INFO [GroupCoordinator id=2] Scheduling loading of metadata from __consumer_offsets-9 with epoch 2 (org.apache.kafka.coordinator.common.runtime.CoordinatorRuntime)
kafka-2-1  | 2026-09-25T22:56:22.449282297Z [2026-09-25 22:56:22,449] INFO [GroupCoordinator id=2] Scheduling loading of metadata from __consumer_offsets-25 with epoch 2 (org.apache.kafka.coordinator.common.runtime.CoordinatorRuntime)
kafka-2-1  | 2026-09-25T22:56:22.449430209Z [2026-09-25 22:56:22,449] INFO [GroupCoordinator id=2] Finished loading of metadata from __consumer_offsets-13 with epoch 2 in 0ms where 0ms was spent in the scheduler. Loaded 0 records which total to 0 bytes. (org.apache.kafka.coordinator.common.runtime.CoordinatorRuntime)
kafka-2-1  | 2026-09-25T22:56:22.449643187Z [2026-09-25 22:56:22,449] INFO [GroupCoordinator id=2] Finished loading of metadata from __consumer_offsets-27 with epoch 2 in 0ms where 0ms was spent in the scheduler. Loaded 0 records which total to 0 bytes. (org.apache.kafka.coordinator.common.runtime.CoordinatorRuntime)
kafka-2-1  | 2026-09-25T22:56:22.449746642Z [2026-09-25 22:56:22,449] INFO [GroupCoordinator id=2] Finished loading of metadata from __consumer_offsets-44 with epoch 2 in 0ms where 0ms was spent in the scheduler. Loaded 0 records which total to 0 bytes. (org.apache.kafka.coordinator.common.runtime.CoordinatorRuntime)
kafka-2-1  | 2026-09-25T22:56:22.450625030Z [2026-09-25 22:56:22,449] INFO [GroupCoordinator id=2] Scheduling loading of metadata from __consumer_offsets-41 with epoch 2 (org.apache.kafka.coordinator.common.runtime.CoordinatorRuntime)
kafka-2-1  | 2026-09-25T22:56:22.450907211Z [2026-09-25 22:56:22,450] INFO [GroupCoordinator id=2] Finished loading of metadata from __consumer_offsets-25 with epoch 2 in 0ms where 0ms was spent in the scheduler. Loaded 0 records which total to 0 bytes. (org.apache.kafka.coordinator.common.runtime.CoordinatorRuntime)
kafka-2-1  | 2026-09-25T22:56:22.451075673Z [2026-09-25 22:56:22,450] INFO [GroupCoordinator id=2] Finished loading of metadata from __consumer_offsets-9 with epoch 2 in 0ms where 0ms was spent in the scheduler. Loaded 0 records which total to 0 bytes. (org.apache.kafka.coordinator.common.runtime.CoordinatorRuntime)
kafka-2-1  | 2026-09-25T22:56:22.452589649Z [2026-09-25 22:56:22,451] INFO [GroupCoordinator id=2] Scheduling loading of metadata from __consumer_offsets-8 with epoch 2 (org.apache.kafka.coordinator.common.runtime.CoordinatorRuntime)
kafka-2-1  | 2026-09-25T22:56:22.452626759Z [2026-09-25 22:56:22,452] INFO [GroupCoordinator id=2] Scheduling loading of metadata from __consumer_offsets-4 with epoch 2 (org.apache.kafka.coordinator.common.runtime.CoordinatorRuntime)
kafka-2-1  | 2026-09-25T22:56:22.452933898Z [2026-09-25 22:56:22,452] INFO [GroupCoordinator id=2] Finished loading of metadata from __consumer_offsets-41 with epoch 2 in 0ms where 0ms was spent in the scheduler. Loaded 0 records which total to 0 bytes. (org.apache.kafka.coordinator.common.runtime.CoordinatorRuntime)
kafka-2-1  | 2026-09-25T22:56:22.452953934Z [2026-09-25 22:56:22,452] INFO [GroupCoordinator id=2] Scheduling loading of metadata from __consumer_offsets-1 with epoch 2 (org.apache.kafka.coordinator.common.runtime.CoordinatorRuntime)
kafka-2-1  | 2026-09-25T22:56:22.452957773Z [2026-09-25 22:56:22,452] INFO [GroupCoordinator id=2] Finished loading of metadata from __consumer_offsets-8 with epoch 2 in 0ms where 0ms was spent in the scheduler. Loaded 0 records which total to 0 bytes. (org.apache.kafka.coordinator.common.runtime.CoordinatorRuntime)
kafka-2-1  | 2026-09-25T22:56:22.453281116Z [2026-09-25 22:56:22,452] INFO [GroupCoordinator id=2] Finished loading of metadata from __consumer_offsets-4 with epoch 2 in 0ms where 0ms was spent in the scheduler. Loaded 0 records which total to 0 bytes. (org.apache.kafka.coordinator.common.runtime.CoordinatorRuntime)
kafka-2-1  | 2026-09-25T22:56:22.454112673Z [2026-09-25 22:56:22,453] INFO [GroupCoordinator id=2] Scheduling unloading of metadata for __consumer_offsets-47 with epoch OptionalInt[2] (org.apache.kafka.coordinator.common.runtime.CoordinatorRuntime)
kafka-2-1  | 2026-09-25T22:56:22.454129332Z [2026-09-25 22:56:22,453] INFO [GroupCoordinator id=2] Finished loading of metadata from __consumer_offsets-1 with epoch 2 in 0ms where 0ms was spent in the scheduler. Loaded 0 records which total to 0 bytes. (org.apache.kafka.coordinator.common.runtime.CoordinatorRuntime)
kafka-2-1  | 2026-09-25T22:56:22.454301539Z [2026-09-25 22:56:22,454] INFO [GroupCoordinator id=2] Ignored unloading metadata for __consumer_offsets-47 in epoch OptionalInt[2] since metadata was never loaded. (org.apache.kafka.coordinator.common.runtime.CoordinatorRuntime)
kafka-2-1  | 2026-09-25T22:56:22.454310028Z [2026-09-25 22:56:22,454] INFO [GroupCoordinator id=2] Scheduling unloading of metadata for __consumer_offsets-48 with epoch OptionalInt[2] (org.apache.kafka.coordinator.common.runtime.CoordinatorRuntime)
kafka-2-1  | 2026-09-25T22:56:22.454355771Z [2026-09-25 22:56:22,454] INFO [GroupCoordinator id=2] Scheduling unloading of metadata for __consumer_offsets-11 with epoch OptionalInt[2] (org.apache.kafka.coordinator.common.runtime.CoordinatorRuntime)
kafka-2-1  | 2026-09-25T22:56:22.454459509Z [2026-09-25 22:56:22,454] INFO [GroupCoordinator id=2] Scheduling unloading of metadata for __consumer_offsets-43 with epoch OptionalInt[2] (org.apache.kafka.coordinator.common.runtime.CoordinatorRuntime)
kafka-2-1  | 2026-09-25T22:56:22.454496463Z [2026-09-25 22:56:22,454] INFO [GroupCoordinator id=2] Scheduling unloading of metadata for __consumer_offsets-12 with epoch OptionalInt[2] (org.apache.kafka.coordinator.common.runtime.CoordinatorRuntime)
kafka-2-1  | 2026-09-25T22:56:22.454502557Z [2026-09-25 22:56:22,454] INFO [GroupCoordinator id=2] Scheduling unloading of metadata for __consumer_offsets-24 with epoch OptionalInt[2] (org.apache.kafka.coordinator.common.runtime.CoordinatorRuntime)
kafka-2-1  | 2026-09-25T22:56:22.454518245Z [2026-09-25 22:56:22,454] INFO [GroupCoordinator id=2] Scheduling unloading of metadata for __consumer_offsets-21 with epoch OptionalInt[2] (org.apache.kafka.coordinator.common.runtime.CoordinatorRuntime)
kafka-2-1  | 2026-09-25T22:56:22.454526021Z [2026-09-25 22:56:22,454] INFO [GroupCoordinator id=2] Scheduling unloading of metadata for __consumer_offsets-17 with epoch OptionalInt[2] (org.apache.kafka.coordinator.common.runtime.CoordinatorRuntime)
kafka-2-1  | 2026-09-25T22:56:22.454529325Z [2026-09-25 22:56:22,454] INFO [GroupCoordinator id=2] Started unloading metadata for __consumer_offsets-11 with epoch OptionalInt[2]. (org.apache.kafka.coordinator.common.runtime.CoordinatorRuntime)
kafka-2-1  | 2026-09-25T22:56:22.454535851Z [2026-09-25 22:56:22,454] INFO [GroupCoordinator id=2] Started unloading metadata for __consumer_offsets-43 with epoch OptionalInt[2]. (org.apache.kafka.coordinator.common.runtime.CoordinatorRuntime)
kafka-2-1  | 2026-09-25T22:56:22.454542965Z [2026-09-25 22:56:22,454] INFO [GroupCoordinator id=2] Scheduling unloading of metadata for __consumer_offsets-18 with epoch OptionalInt[2] (org.apache.kafka.coordinator.common.runtime.CoordinatorRuntime)
kafka-2-1  | 2026-09-25T22:56:22.454651332Z [2026-09-25 22:56:22,454] INFO [GroupCoordinator id=2] Scheduling unloading of metadata for __consumer_offsets-31 with epoch OptionalInt[2] (org.apache.kafka.coordinator.common.runtime.CoordinatorRuntime)
kafka-2-1  | 2026-09-25T22:56:22.454663417Z [2026-09-25 22:56:22,454] INFO [GroupCoordinator id=2] Scheduling unloading of metadata for __consumer_offsets-0 with epoch OptionalInt[2] (org.apache.kafka.coordinator.common.runtime.CoordinatorRuntime)
kafka-2-1  | 2026-09-25T22:56:22.454756583Z [2026-09-25 22:56:22,454] INFO [GroupCoordinator id=2] Scheduling unloading of metadata for __consumer_offsets-29 with epoch OptionalInt[2] (org.apache.kafka.coordinator.common.runtime.CoordinatorRuntime)
kafka-2-1  | 2026-09-25T22:56:22.454767378Z [2026-09-25 22:56:22,454] INFO [GroupCoordinator id=2] Scheduling unloading of metadata for __consumer_offsets-7 with epoch OptionalInt[2] (org.apache.kafka.coordinator.common.runtime.CoordinatorRuntime)
kafka-2-1  | 2026-09-25T22:56:22.454771730Z [2026-09-25 22:56:22,454] INFO [GroupCoordinator id=2] Scheduling unloading of metadata for __consumer_offsets-40 with epoch OptionalInt[2] (org.apache.kafka.coordinator.common.runtime.CoordinatorRuntime)
kafka-2-1  | 2026-09-25T22:56:22.454774985Z [2026-09-25 22:56:22,454] INFO [GroupCoordinator id=2] Scheduling unloading of metadata for __consumer_offsets-37 with epoch OptionalInt[2] (org.apache.kafka.coordinator.common.runtime.CoordinatorRuntime)
kafka-2-1  | 2026-09-25T22:56:22.454899711Z [2026-09-25 22:56:22,454] INFO [GroupCoordinator id=2] Scheduling unloading of metadata for __consumer_offsets-3 with epoch OptionalInt[2] (org.apache.kafka.coordinator.common.runtime.CoordinatorRuntime)
kafka-2-1  | 2026-09-25T22:56:22.454952671Z [2026-09-25 22:56:22,454] INFO [GroupCoordinator id=2] Scheduling unloading of metadata for __consumer_offsets-35 with epoch OptionalInt[2] (org.apache.kafka.coordinator.common.runtime.CoordinatorRuntime)
kafka-2-1  | 2026-09-25T22:56:22.455022129Z [2026-09-25 22:56:22,454] INFO [GroupCoordinator id=2] Finished unloading metadata for __consumer_offsets-11 with epoch OptionalInt[2]. (org.apache.kafka.coordinator.common.runtime.CoordinatorRuntime)
kafka-2-1  | 2026-09-25T22:56:22.455089085Z [2026-09-25 22:56:22,454] INFO [GroupCoordinator id=2] Started unloading metadata for __consumer_offsets-40 with epoch OptionalInt[2]. (org.apache.kafka.coordinator.common.runtime.CoordinatorRuntime)
kafka-2-1  | 2026-09-25T22:56:22.455109798Z [2026-09-25 22:56:22,455] INFO [GroupCoordinator id=2] Finished unloading metadata for __consumer_offsets-40 with epoch OptionalInt[2]. (org.apache.kafka.coordinator.common.runtime.CoordinatorRuntime)
kafka-2-1  | 2026-09-25T22:56:22.455358471Z [2026-09-25 22:56:22,454] INFO [GroupCoordinator id=2] Ignored unloading metadata for __consumer_offsets-48 in epoch OptionalInt[2] since metadata was never loaded. (org.apache.kafka.coordinator.common.runtime.CoordinatorRuntime)
kafka-2-1  | 2026-09-25T22:56:22.455363366Z [2026-09-25 22:56:22,454] INFO [GroupCoordinator id=2] Finished unloading metadata for __consumer_offsets-43 with epoch OptionalInt[2]. (org.apache.kafka.coordinator.common.runtime.CoordinatorRuntime)
kafka-2-1  | 2026-09-25T22:56:22.456013207Z [2026-09-25 22:56:22,455] INFO [GroupCoordinator id=2] Ignored unloading metadata for __consumer_offsets-31 in epoch OptionalInt[2] since metadata was never loaded. (org.apache.kafka.coordinator.common.runtime.CoordinatorRuntime)
kafka-2-1  | 2026-09-25T22:56:22.456035413Z [2026-09-25 22:56:22,455] INFO [GroupCoordinator id=2] Ignored unloading metadata for __consumer_offsets-21 in epoch OptionalInt[2] since metadata was never loaded. (org.apache.kafka.coordinator.common.runtime.CoordinatorRuntime)
kafka-2-1  | 2026-09-25T22:56:22.456037264Z [2026-09-25 22:56:22,455] INFO [GroupCoordinator id=2] Started unloading metadata for __consumer_offsets-12 with epoch OptionalInt[2]. (org.apache.kafka.coordinator.common.runtime.CoordinatorRuntime)
kafka-2-1  | 2026-09-25T22:56:22.456038573Z [2026-09-25 22:56:22,455] INFO [GroupCoordinator id=2] Ignored unloading metadata for __consumer_offsets-17 in epoch OptionalInt[2] since metadata was never loaded. (org.apache.kafka.coordinator.common.runtime.CoordinatorRuntime)
kafka-2-1  | 2026-09-25T22:56:22.456039872Z [2026-09-25 22:56:22,455] INFO [GroupCoordinator id=2] Finished unloading metadata for __consumer_offsets-12 with epoch OptionalInt[2]. (org.apache.kafka.coordinator.common.runtime.CoordinatorRuntime)
kafka-2-1  | 2026-09-25T22:56:22.456041170Z [2026-09-25 22:56:22,455] INFO [GroupCoordinator id=2] Ignored unloading metadata for __consumer_offsets-18 in epoch OptionalInt[2] since metadata was never loaded. (org.apache.kafka.coordinator.common.runtime.CoordinatorRuntime)
kafka-2-1  | 2026-09-25T22:56:22.456042589Z [2026-09-25 22:56:22,455] INFO [GroupCoordinator id=2] Started unloading metadata for __consumer_offsets-7 with epoch OptionalInt[2]. (org.apache.kafka.coordinator.common.runtime.CoordinatorRuntime)
kafka-2-1  | 2026-09-25T22:56:22.456043854Z [2026-09-25 22:56:22,455] INFO [GroupCoordinator id=2] Finished unloading metadata for __consumer_offsets-7 with epoch OptionalInt[2]. (org.apache.kafka.coordinator.common.runtime.CoordinatorRuntime)
kafka-2-1  | 2026-09-25T22:56:22.456045129Z [2026-09-25 22:56:22,455] INFO [GroupCoordinator id=2] Ignored unloading metadata for __consumer_offsets-35 in epoch OptionalInt[2] since metadata was never loaded. (org.apache.kafka.coordinator.common.runtime.CoordinatorRuntime)
kafka-2-1  | 2026-09-25T22:56:22.456046752Z [2026-09-25 22:56:22,455] INFO [GroupCoordinator id=2] Ignored unloading metadata for __consumer_offsets-37 in epoch OptionalInt[2] since metadata was never loaded. (org.apache.kafka.coordinator.common.runtime.CoordinatorRuntime)
kafka-2-1  | 2026-09-25T22:56:22.456048080Z [2026-09-25 22:56:22,455] INFO [GroupCoordinator id=2] Started unloading metadata for __consumer_offsets-0 with epoch OptionalInt[2]. (org.apache.kafka.coordinator.common.runtime.CoordinatorRuntime)
kafka-2-1  | 2026-09-25T22:56:22.456056274Z [2026-09-25 22:56:22,455] INFO [GroupCoordinator id=2] Finished unloading metadata for __consumer_offsets-0 with epoch OptionalInt[2]. (org.apache.kafka.coordinator.common.runtime.CoordinatorRuntime)
kafka-2-1  | 2026-09-25T22:56:22.456057666Z [2026-09-25 22:56:22,455] INFO [GroupCoordinator id=2] Started unloading metadata for __consumer_offsets-29 with epoch OptionalInt[2]. (org.apache.kafka.coordinator.common.runtime.CoordinatorRuntime)
kafka-2-1  | 2026-09-25T22:56:22.456058958Z [2026-09-25 22:56:22,455] INFO [GroupCoordinator id=2] Finished unloading metadata for __consumer_offsets-29 with epoch OptionalInt[2]. (org.apache.kafka.coordinator.common.runtime.CoordinatorRuntime)
kafka-2-1  | 2026-09-25T22:56:22.456744798Z [2026-09-25 22:56:22,456] INFO [GroupCoordinator id=2] Started unloading metadata for __consumer_offsets-24 with epoch OptionalInt[2]. (org.apache.kafka.coordinator.common.runtime.CoordinatorRuntime)
kafka-2-1  | 2026-09-25T22:56:22.456761988Z [2026-09-25 22:56:22,456] INFO [GroupCoordinator id=2] Started unloading metadata for __consumer_offsets-3 with epoch OptionalInt[2]. (org.apache.kafka.coordinator.common.runtime.CoordinatorRuntime)
kafka-2-1  | 2026-09-25T22:56:22.456763460Z [2026-09-25 22:56:22,456] INFO [GroupCoordinator id=2] Finished unloading metadata for __consumer_offsets-3 with epoch OptionalInt[2]. (org.apache.kafka.coordinator.common.runtime.CoordinatorRuntime)
kafka-2-1  | 2026-09-25T22:56:22.456764987Z [2026-09-25 22:56:22,456] INFO [GroupCoordinator id=2] Finished unloading metadata for __consumer_offsets-24 with epoch OptionalInt[2]. (org.apache.kafka.coordinator.common.runtime.CoordinatorRuntime)
kafka-2-1  | 2026-09-25T22:56:23.489411960Z [2026-09-25 22:56:23,489] WARN [UnifiedLog partition=dados-sensores-2, dir=/var/lib/kafka/data] Non-monotonic update of high watermark from (offset=2907, segment=[0:805874]) to (offset=2906, segment=[-1:-1]) (kafka.log.UnifiedLog)
